exp,out,measure,est,lo,hi,p,n,adj,q
age,dm,OR,2.74906887051506,2.64501942380262,2.85721140148381,0.0,35801,unadjusted,0.0
men,dm,OR,1.30891887447729,1.21918447493047,1.40525790410889,1.42662726468565e-13,35801,unadjusted,3.6122079268316744e-13
bmi,dm,OR,1.73896437073969,1.67215183505083,1.80844646958161,7.77185138775614e-150,35801,"Age, years, Male sex",1.1172432892929438e-148
smoking,dm,OR,1.37556881972338,1.22810182322057,1.54074323644687,3.87249324598974e-08,35801,"Age, years, Male sex",7.994678319094881e-08
alcohol,dm,OR,0.870805792698293,0.781624526271058,0.970162402930958,0.0121438834801024,35801,"Age, years, Male sex",0.01726147013479881
wc,dm,OR,1.97785677583732,1.89407030271381,2.06534964416084,3.34993585308053e-181,35801,"Age, years, Male sex, Ever smoking (past/current), Ever alcohol (past/current)",6.343265631478294e-180
height,dm,OR,1.00331149296252,0.941721474103175,1.06892959287068,0.91853917184971,35801,"Age, years, Male sex, Ever smoking (past/current), Ever alcohol (past/current)",0.9290910290794596
weight,dm,OR,1.77793586435352,1.69811386598234,1.86150999710838,4.2014514546651705e-121,35801,"Age, years, Male sex, Ever smoking (past/current), Ever alcohol (past/current)",4.653305667714066e-120
whtr,dm,OR,1.99780335960488,1.91127138289396,2.08825303375035,1.07905191562705e-178,35801,"Age, years, Male sex, Ever smoking (past/current), Ever alcohol (past/current)",1.9691299724551656e-177
fat_kg,dm,OR,1.49891041685062,1.33899008458684,1.67793060128339,7.12721070711142e-12,35801,"Age, years, Male sex, Ever smoking (past/current), Ever alcohol (past/current)",1.6995285112015178e-11
lean_kg,dm,OR,1.5732848544215,1.31752684803945,1.87869054572616,7.81276485875734e-07,35801,"Age, years, Male sex, Ever smoking (past/current), Ever alcohol (past/current)",1.5202518139526714e-06
asmm_kg,dm,OR,1.16093175166461,0.96245177285747,1.40034292629711,0.119440835052163,35801,"Age, years, Male sex, Ever smoking (past/current), Ever alcohol (past/current)",0.14801921923072417
asmi,dm,OR,1.22328571569392,1.06072149727462,1.41076422610992,0.0058191236382637,35801,"Age, years, Male sex, Ever smoking (past/current), Ever alcohol (past/current)",0.00861856747433337
bodyfat_pct,dm,OR,1.59743603343253,1.35853859818146,1.87834330531683,2.51227622464968e-08,35801,"Age, years, Male sex, Ever smoking (past/current), Ever alcohol (past/current)",5.22636554236041e-08
asm_pct,dm,OR,0.426727356271915,0.351264803937631,0.518401600586064,1.37131403666856e-16,35801,"Age, years, Male sex, Ever smoking (past/current), Ever alcohol (past/current)",3.7615015865628256e-16
obesity,dm,OR,2.30135491958896,2.12906010392161,2.48759274393472,3.3571741039846404e-91,35801,"Age, years, Male sex, Ever smoking (past/current), Ever alcohol (past/current)",2.970846028701986e-90
overweight,dm,OR,2.33337030574712,2.13924731754981,2.54510871140342,7.735759596939e-77,35801,"Age, years, Male sex, Ever smoking (past/current), Ever alcohol (past/current)",5.974856425530517e-76
abdominal_obesity,dm,OR,2.64160544161766,2.43839266735296,2.86175372925445,2.4001448798394e-114,35801,"Age, years, Male sex, Ever smoking (past/current), Ever alcohol (past/current)",2.5158661508316568e-113
central_obesity,dm,OR,3.12822421922121,2.8269070160689,3.46165852293587,7.06869631863471e-100,35801,"Age, years, Male sex, Ever smoking (past/current), Ever alcohol (past/current)",6.7104982302510635e-99
high_bodyfat,dm,OR,1.64681424687099,1.34012594581558,2.02368827509475,2.76677615341655e-06,35801,"Age, years, Male sex, Ever smoking (past/current), Ever alcohol (past/current)",5.20266183253235e-06
sarcopenia,dm,OR,0.840899366164783,0.608994229787629,1.16111402937745,0.293057339847803,35801,"Age, years, Male sex, Ever smoking (past/current), Ever alcohol (past/current)",0.34053050179609445
sbp,dm,OR,1.09223730877801,1.04752370183181,1.13885951850106,3.61750305166624e-05,35801,"Age, years, Male sex, Body mass index, kg/m2, Ever smoking (past/current), Ever alcohol (past/current)",6.379992863279167e-05
dbp,dm,OR,0.955333317088451,0.916307867013428,0.996020856738806,0.0318469101484406,35801,"Age, years, Male sex, Body mass index, kg/m2, Ever smoking (past/current), Ever alcohol (past/current)",0.04299149771667604
tg,dm,OR,1.23717152617087,1.18747354692585,1.28894945839459,6.49148210112282e-24,35801,"Age, years, Male sex, Body mass index, kg/m2, Ever smoking (past/current), Ever alcohol (past/current)",2.136728968238745e-23
tchol,dm,OR,0.736923171232192,0.701370927258933,0.77427754586472,6.44883709585279e-33,35801,"Age, years, Male sex, Body mass index, kg/m2, Ever smoking (past/current), Ever alcohol (past/current)",2.56932174791782e-32
hdl,dm,OR,0.728497998063919,0.693994847474623,0.764716532283107,1.65079711121469e-36,35801,"Age, years, Male sex, Body mass index, kg/m2, Ever smoking (past/current), Ever alcohol (past/current)",7.013398583471819e-36
ldl,dm,OR,0.6625598234766,0.613050338077073,0.716067657775525,1.01079792495634e-24,35801,"Age, years, Male sex, Body mass index, kg/m2, Ever smoking (past/current), Ever alcohol (past/current)",3.43632267538246e-24
nonhdl,dm,OR,0.800455139936945,0.762384576379826,0.840426801515274,6.07676888353854e-19,35801,"Age, years, Male sex, Body mass index, kg/m2, Ever smoking (past/current), Ever alcohol (past/current)",1.78204662846151e-18
alt,dm,OR,1.2318652912131,1.18367146036846,1.28202136023722,3.33014149999645e-24,35801,"Age, years, Male sex, Body mass index, kg/m2, Ever smoking (past/current), Ever alcohol (past/current)",1.1096270920517973e-23
ast,dm,OR,1.11986329653725,1.07595279915647,1.16556581656228,3.16622125673656e-08,35801,"Age, years, Male sex, Body mass index, kg/m2, Ever smoking (past/current), Ever alcohol (past/current)",6.555809092431608e-08
creatinine,dm,OR,1.03825285409478,0.993229945990122,1.08531664131547,0.0970997593366945,35801,"Age, years, Male sex, Body mass index, kg/m2, Ever smoking (past/current), Ever alcohol (past/current)",0.12170297237859004
egfr,dm,OR,0.947586387553225,0.893705553382391,1.00471565660281,0.0715823248356127,35801,"Age, years, Male sex, Body mass index, kg/m2, Ever smoking (past/current), Ever alcohol (past/current)",0.09161080961883283
hemoglobin,dm,OR,1.04322707124646,0.985567059733547,1.10426044725532,0.144718859629178,35801,"Age, years, Male sex, Body mass index, kg/m2, Ever smoking (past/current), Ever alcohol (past/current)",0.17734858163325154
platelet,dm,OR,1.04013721555383,0.995292158997031,1.08700286383277,0.0802048661827754,35801,"Age, years, Male sex, Body mass index, kg/m2, Ever smoking (past/current), Ever alcohol (past/current)",0.1019788948360054
wbc,dm,OR,1.37384044934059,1.31703958538593,1.43309100287314,1.7168915598226302e-47,35801,"Age, years, Male sex, Body mass index, kg/m2, Ever smoking (past/current), Ever alcohol (past/current)",8.75092919492808e-47
fib4,dm,OR,0.985955608971005,0.927132984706186,1.04851027727101,0.652268441968378,35801,"Age, years, Male sex, Body mass index, kg/m2, Ever smoking (past/current), Ever alcohol (past/current)",0.6936260424555033
vitd,dm,OR,0.940559510728986,0.870009598321701,1.01683038316967,0.123728112312199,35801,"Age, years, Male sex, Body mass index, kg/m2, Ever smoking (past/current), Ever alcohol (past/current)",0.15306301776029677
fn_bmd,dm,OR,0.905638126647002,0.764948652136405,1.07220323108751,0.250450746279379,35801,"Age, years, Male sex, Body mass index, kg/m2, Ever smoking (past/current), Ever alcohol (past/current)",0.29422532634955734
ls_bmd,dm,OR,1.09795861628528,0.967810745885135,1.24560832600857,0.147233126720217,35801,"Age, years, Male sex, Body mass index, kg/m2, Ever smoking (past/current), Ever alcohol (past/current)",0.18030426714485545
htn,dm,OR,1.82887556875772,1.67240126262468,1.9999900267652,7.76842353131191e-39,35801,"Age, years, Male sex, Body mass index, kg/m2, Ever smoking (past/current), Ever alcohol (past/current)",3.441558198400069e-38
dyslipidemia,dm,OR,2.44239940064054,2.22795030771178,2.67749007309592,2.7510348699668502e-76,35801,"Age, years, Male sex, Body mass index, kg/m2, Ever smoking (past/current), Ever alcohol (past/current)",2.1155338017518007e-75
low_hdl,dm,OR,1.62482910536819,1.49214982761913,1.76930598575619,2.1917702705714097e-28,35801,"Age, years, Male sex, Body mass index, kg/m2, Ever smoking (past/current), Ever alcohol (past/current)",7.991112725623711e-28
high_tg,dm,OR,1.73512311388308,1.58935266709469,1.8942631693158,5.66041545219111e-34,35801,"Age, years, Male sex, Body mass index, kg/m2, Ever smoking (past/current), Ever alcohol (past/current)",2.304737944811224e-33
high_ldl,dm,OR,0.816064755240526,0.64778760217087,1.02805561964138,0.0846369194041855,35801,"Age, years, Male sex, Body mass index, kg/m2, Ever smoking (past/current), Ever alcohol (past/current)",0.10695774314371773
high_nonhdl,dm,OR,1.11410127467892,0.970885262081612,1.27844318862146,0.123886221504167,35801,"Age, years, Male sex, Body mass index, kg/m2, Ever smoking (past/current), Ever alcohol (past/current)",0.15316242388029713
atherogenic_dyslipidemia,dm,OR,1.75175055382707,1.58556424286035,1.9353552003025,1.03490819367115e-27,35801,"Age, years, Male sex, Body mass index, kg/m2, Ever smoking (past/current), Ever alcohol (past/current)",3.7269393232206446e-27
ckd,dm,OR,2.79980724270975,2.43060778284906,3.22508660247171,1.2282841252474999e-43,35801,"Age, years, Male sex, Body mass index, kg/m2, Ever smoking (past/current), Ever alcohol (past/current)",5.91794348717058e-43
high_alt,dm,OR,1.89114770006149,1.65964860816354,2.15493786206063,2.32934773158471e-21,35801,"Age, years, Male sex, Body mass index, kg/m2, Ever smoking (past/current), Ever alcohol (past/current)",7.247316882192003e-21
high_ast,dm,OR,1.99148588899005,1.69938643752698,2.33379292576796,2.69084925488266e-17,35801,"Age, years, Male sex, Body mass index, kg/m2, Ever smoking (past/current), Ever alcohol (past/current)",7.557552691943165e-17
adv_fibrosis,dm,OR,1.00476275483578,0.830465147519437,1.21564185627857,0.961017642635901,35801,"Age, years, Male sex, Body mass index, kg/m2, Ever smoking (past/current), Ever alcohol (past/current)",0.9662301277087191
anemia,dm,OR,1.35853000376079,1.19459301264981,1.54496447875954,3.14933967401025e-06,35801,"Age, years, Male sex, Body mass index, kg/m2, Ever smoking (past/current), Ever alcohol (past/current)",5.903126307538106e-06
leukocytosis,dm,OR,2.1866539543529,1.66184947141835,2.87718929922476,2.51723560662571e-08,35801,"Age, years, Male sex, Body mass index, kg/m2, Ever smoking (past/current), Ever alcohol (past/current)",5.233591385204103e-08
vitd_deficiency,dm,OR,1.19679790541068,1.01410425783831,1.41240431180969,0.0337395903877171,35801,"Age, years, Male sex, Body mass index, kg/m2, Ever smoking (past/current), Ever alcohol (past/current)",0.04538993023129856
osteoporosis,dm,OR,1.44428055587507,1.08166457566109,1.92845949753316,0.0130489899714538,35801,"Age, years, Male sex, Body mass index, kg/m2, Ever smoking (past/current), Ever alcohol (past/current)",0.018449836483123355
current_smoking,dm,OR,1.45449100094722,1.30351248259467,1.62295651179757,2.4871534781752797e-11,35801,"Age, years, Male sex, Body mass index, kg/m2, Ever alcohol (past/current)",5.859367592062432e-11
age,prediabetes,OR,1.63690681595809,1.5923074131616,1.68275541643674,8.152588382733529e-224,35801,unadjusted,2.900345079190655e-222
men,prediabetes,OR,1.32270423525056,1.25483747656654,1.39424150666653,6.28182877350052e-25,35801,unadjusted,2.145936075680779e-24
bmi,prediabetes,OR,1.35569987197563,1.31843247445684,1.39402068629408,1.9415882831898798e-94,35801,"Age, years, Male sex",1.7669958484224179e-93
smoking,prediabetes,OR,1.13595748023509,1.054861714554,1.22328773439998,0.0007522955218172,35801,"Age, years, Male sex",0.001208201015886994
alcohol,prediabetes,OR,1.20665257925932,1.10572685540478,1.31679034466443,2.57183030717657e-05,35801,"Age, years, Male sex",4.577052219239959e-05
wc,prediabetes,OR,1.36521367565224,1.32393796384241,1.40777621844052,1.71616312045727e-82,35801,"Age, years, Male sex, Ever smoking (past/current), Ever alcohol (past/current)",1.389500347184024e-81
height,prediabetes,OR,1.15278757444677,1.1000483162186,1.20805529375928,2.9851304608310204e-09,35801,"Age, years, Male sex, Ever smoking (past/current), Ever alcohol (past/current)",6.493903324920848e-09
weight,prediabetes,OR,1.44615260403012,1.39907733112678,1.49481183606825,4.3895341319406505e-98,35801,"Age, years, Male sex, Ever smoking (past/current), Ever alcohol (past/current)",4.1336735862820774e-97
whtr,prediabetes,OR,1.32827057949934,1.28791589084665,1.36988971477298,5.56297856332174e-69,35801,"Age, years, Male sex, Ever smoking (past/current), Ever alcohol (past/current)",3.887462400797454e-68
fat_kg,prediabetes,OR,1.44027903615871,1.32864575882184,1.56129178016397,1.54795721827187e-17,35801,"Age, years, Male sex, Ever smoking (past/current), Ever alcohol (past/current)",4.3685138804114787e-17
lean_kg,prediabetes,OR,1.71257561467861,1.51766847345925,1.93251377839245,4.3922125314313e-17,35801,"Age, years, Male sex, Ever smoking (past/current), Ever alcohol (past/current)",1.222875299264904e-16
asmm_kg,prediabetes,OR,1.66746848387605,1.47194898337339,1.88895890830923,7.38710981024127e-15,35801,"Age, years, Male sex, Ever smoking (past/current), Ever alcohol (past/current)",1.9387034837309802e-14
asmi,prediabetes,OR,1.61239254686495,1.44660051514251,1.79718567632995,9.23527662277054e-17,35801,"Age, years, Male sex, Ever smoking (past/current), Ever alcohol (past/current)",2.5451208345381723e-16
bodyfat_pct,prediabetes,OR,1.45177562453097,1.29050023649204,1.6332057944534,1.1895955353429e-09,35801,"Age, years, Male sex, Ever smoking (past/current), Ever alcohol (past/current)",2.6301038766338317e-09
asm_pct,prediabetes,OR,0.710919016037961,0.625735161371555,0.807699292871091,2.41930408536576e-07,35801,"Age, years, Male sex, Ever smoking (past/current), Ever alcohol (past/current)",4.824908827099777e-07
obesity,prediabetes,OR,1.70651906177545,1.61487390627767,1.80336514007814,8.65690151147663e-76,35801,"Age, years, Male sex, Ever smoking (past/current), Ever alcohol (past/current)",6.613797640655247e-75
overweight,prediabetes,OR,1.70291087852337,1.61062915744806,1.80047992226092,5.83065644992289e-74,35801,"Age, years, Male sex, Ever smoking (past/current), Ever alcohol (past/current)",4.350756783183987e-73
abdominal_obesity,prediabetes,OR,1.55129518462222,1.46094745268458,1.64723018984013,4.06430166187161e-45,35801,"Age, years, Male sex, Ever smoking (past/current), Ever alcohol (past/current)",1.9992277169150575e-44
central_obesity,prediabetes,OR,1.6965223547659,1.59562848736718,1.80379588545045,3.7187470656879004e-61,35801,"Age, years, Male sex, Ever smoking (past/current), Ever alcohol (past/current)",2.3598967865500515e-60
high_bodyfat,prediabetes,OR,1.37639425458629,1.16879729239941,1.62086373435126,0.0001453172371871,35801,"Age, years, Male sex, Ever smoking (past/current), Ever alcohol (past/current)",0.0002471305211844356
sarcopenia,prediabetes,OR,0.611418457562405,0.467250414577118,0.800068910770951,0.0003707450609274,35801,"Age, years, Male sex, Ever smoking (past/current), Ever alcohol (past/current)",0.0006087478343059687
sbp,prediabetes,OR,1.10706185352537,1.07306034129517,1.14214075422054,1.92033591573536e-10,35801,"Age, years, Male sex, Body mass index, kg/m2, Ever smoking (past/current), Ever alcohol (past/current)",4.3719606303942716e-10
dbp,prediabetes,OR,1.21475043460803,1.17877859795622,1.25181999481398,6.39493381240435e-36,35801,"Age, years, Male sex, Body mass index, kg/m2, Ever smoking (past/current), Ever alcohol (past/current)",2.694133598957909e-35
tg,prediabetes,OR,1.12523235301118,1.08561048192851,1.16630031612614,1.29532104346098e-10,35801,"Age, years, Male sex, Body mass index, kg/m2, Ever smoking (past/current), Ever alcohol (past/current)",2.9720656124231736e-10
tchol,prediabetes,OR,1.30586881580077,1.26887821662127,1.34393777254819,3.48667154760347e-70,35801,"Age, years, Male sex, Body mass index, kg/m2, Ever smoking (past/current), Ever alcohol (past/current)",2.475817981987787e-69
hdl,prediabetes,OR,0.995787756043265,0.966887243459525,1.02555211250669,0.778799439058806,35801,"Age, years, Male sex, Body mass index, kg/m2, Ever smoking (past/current), Ever alcohol (past/current)",0.8124797465536477
ldl,prediabetes,OR,1.24631443812086,1.18982930561401,1.3054811066928,3.09393509616098e-20,35801,"Age, years, Male sex, Body mass index, kg/m2, Ever smoking (past/current), Ever alcohol (past/current)",9.345488343635481e-20
nonhdl,prediabetes,OR,1.31483197680017,1.2772365520864,1.35353402186323,2.93666136959258e-72,35801,"Age, years, Male sex, Body mass index, kg/m2, Ever smoking (past/current), Ever alcohol (past/current)",2.132561101794859e-71
alt,prediabetes,OR,1.10433419602341,1.06668102528535,1.14331650005719,2.25075906580628e-08,35801,"Age, years, Male sex, Body mass index, kg/m2, Ever smoking (past/current), Ever alcohol (past/current)",4.6934123326049244e-08
ast,prediabetes,OR,1.04215567725703,1.01179323643521,1.07342925068921,0.0062343524230837,35801,"Age, years, Male sex, Body mass index, kg/m2, Ever smoking (past/current), Ever alcohol (past/current)",0.009183349742409365
creatinine,prediabetes,OR,0.922341059412038,0.881592448782824,0.964973135888201,0.0004614135643445,35801,"Age, years, Male sex, Body mass index, kg/m2, Ever smoking (past/current), Ever alcohol (past/current)",0.0007523604507506153
egfr,prediabetes,OR,1.04866177024607,1.00543614795576,1.09374574468155,0.0270215516022882,35801,"Age, years, Male sex, Body mass index, kg/m2, Ever smoking (past/current), Ever alcohol (past/current)",0.03675932975792161
hemoglobin,prediabetes,OR,1.01060739309172,0.972692463985187,1.05000022184525,0.588661279445684,35801,"Age, years, Male sex, Body mass index, kg/m2, Ever smoking (past/current), Ever alcohol (past/current)",0.6348025187408755
platelet,prediabetes,OR,1.15934096780799,1.12543412535791,1.19426934847079,3.65374166491616e-22,35801,"Age, years, Male sex, Body mass index, kg/m2, Ever smoking (past/current), Ever alcohol (past/current)",1.1687991047987934e-21
wbc,prediabetes,OR,1.03138349432136,1.00197978153675,1.06165007713733,0.0363442252187076,35801,"Age, years, Male sex, Body mass index, kg/m2, Ever smoking (past/current), Ever alcohol (past/current)",0.048707900007720004
fib4,prediabetes,OR,0.888671295775659,0.833729678366978,0.947233488775932,0.0002942235241583,35801,"Age, years, Male sex, Body mass index, kg/m2, Ever smoking (past/current), Ever alcohol (past/current)",0.00048627651435266664
vitd,prediabetes,OR,0.959644148333105,0.904925698752631,1.01767127698924,0.169337168909695,35801,"Age, years, Male sex, Body mass index, kg/m2, Ever smoking (past/current), Ever alcohol (past/current)",0.20495034670101228
fn_bmd,prediabetes,OR,1.00533564936738,0.912773862551672,1.10728386225204,0.914053374616394,35801,"Age, years, Male sex, Body mass index, kg/m2, Ever smoking (past/current), Ever alcohol (past/current)",0.9261495930376696
ls_bmd,prediabetes,OR,0.991155820335962,0.908201101765084,1.08168758909958,0.842187229598816,35801,"Age, years, Male sex, Body mass index, kg/m2, Ever smoking (past/current), Ever alcohol (past/current)",0.8670027505191237
hsi,prediabetes,OR,0.888400366713658,0.839101250954668,0.940595918167212,4.98413318036609e-05,35801,"Age, years, Male sex, Body mass index, kg/m2, Ever smoking (past/current), Ever alcohol (past/current)",8.716046207174464e-05
htn,prediabetes,OR,0.969268859882806,0.905602569861415,1.03741106088324,0.367955367981977,35801,"Age, years, Male sex, Body mass index, kg/m2, Ever smoking (past/current), Ever alcohol (past/current)",0.41858488566941954
dyslipidemia,prediabetes,OR,1.21968772646516,1.15047440315107,1.29306497042891,3.20287872789192e-11,35801,"Age, years, Male sex, Body mass index, kg/m2, Ever smoking (past/current), Ever alcohol (past/current)",7.515349020409954e-11
low_hdl,prediabetes,OR,0.959865552079151,0.903633111877121,1.01959729668859,0.183656893775971,35801,"Age, years, Male sex, Body mass index, kg/m2, Ever smoking (past/current), Ever alcohol (past/current)",0.22083973365618637
high_tg,prediabetes,OR,1.32690833677056,1.2451709265451,1.41401127881816,4.6148392551206394e-18,35801,"Age, years, Male sex, Body mass index, kg/m2, Ever smoking (past/current), Ever alcohol (past/current)",1.3224950249418138e-17
high_ldl,prediabetes,OR,1.44134092345099,1.23802844428238,1.6780419441968,2.59982836517045e-06,35801,"Age, years, Male sex, Body mass index, kg/m2, Ever smoking (past/current), Ever alcohol (past/current)",4.901817720626512e-06
high_nonhdl,prediabetes,OR,1.57457777223875,1.43146651924006,1.73199661152016,1.89317191554847e-20,35801,"Age, years, Male sex, Body mass index, kg/m2, Ever smoking (past/current), Ever alcohol (past/current)",5.743110668873136e-20
atherogenic_dyslipidemia,prediabetes,OR,1.11600935920733,1.03346951385795,1.20514139327533,0.0051477286801226,35801,"Age, years, Male sex, Body mass index, kg/m2, Ever smoking (past/current), Ever alcohol (past/current)",0.007662848863648266
ckd,prediabetes,OR,0.615950558583975,0.539793132497773,0.70285275558128,9.36643962604605e-13,35801,"Age, years, Male sex, Body mass index, kg/m2, Ever smoking (past/current), Ever alcohol (past/current)",2.3166151940262772e-12
high_alt,prediabetes,OR,1.24061086783647,1.12258373387608,1.37104723589721,2.44086868390675e-05,35801,"Age, years, Male sex, Body mass index, kg/m2, Ever smoking (past/current), Ever alcohol (past/current)",4.350576672428934e-05
high_ast,prediabetes,OR,1.14569078726449,0.999181172114946,1.31368306034466,0.0514796780340568,35801,"Age, years, Male sex, Body mass index, kg/m2, Ever smoking (past/current), Ever alcohol (past/current)",0.0671523800133141
adv_fibrosis,prediabetes,OR,0.646591256980496,0.554860145857214,0.753487625170335,2.54774198324413e-08,35801,"Age, years, Male sex, Body mass index, kg/m2, Ever smoking (past/current), Ever alcohol (past/current)",5.29389219173205e-08
anemia,prediabetes,OR,0.963394675894928,0.873086503518463,1.06304392268396,0.457787138951692,35801,"Age, years, Male sex, Body mass index, kg/m2, Ever smoking (past/current), Ever alcohol (past/current)",0.5062248990228757
leukocytosis,prediabetes,OR,1.17553885853963,0.926868399678996,1.49092536590442,0.182402557566261,35801,"Age, years, Male sex, Body mass index, kg/m2, Ever smoking (past/current), Ever alcohol (past/current)",0.21955632527285418
vitd_deficiency,prediabetes,OR,1.08146579248591,0.961331582111902,1.21661275056398,0.192635078920426,35801,"Age, years, Male sex, Body mass index, kg/m2, Ever smoking (past/current), Ever alcohol (past/current)",0.2307689618903879
osteoporosis,prediabetes,OR,0.775062253416017,0.613770905521763,0.978738958243132,0.0328407606458141,35801,"Age, years, Male sex, Body mass index, kg/m2, Ever smoking (past/current), Ever alcohol (past/current)",0.04428222013574168
current_smoking,prediabetes,OR,1.16058987210618,1.07518804342915,1.25277513962998,0.000136784726458,35801,"Age, years, Male sex, Body mass index, kg/m2, Ever alcohol (past/current)",0.00023307005640303628
age,htn,OR,3.22979246148256,3.12146984129224,3.34187414091148,0.0,37371,unadjusted,0.0
men,htn,OR,1.30919058967256,1.24438434497483,1.37737187630873,6.68452990075588e-25,37371,unadjusted,2.276877592888028e-24
bmi,htn,OR,1.83035049121623,1.77187256414941,1.89075839226833,3.2464288956621503e-240,37371,"Age, years, Male sex",1.3295258802932667e-238
smoking,htn,OR,1.08194869138591,0.987975446248242,1.18486038821815,0.0894186296736239,37371,"Age, years, Male sex",0.11267707109499227
alcohol,htn,OR,0.943547499019087,0.864729269106278,1.029549842606,0.191772719610907,37371,"Age, years, Male sex",0.22989227994200628
wc,htn,OR,1.8714972783371,1.80685696954549,1.93845009420099,1.77979045418198e-223,37371,"Age, years, Male sex, Ever smoking (past/current), Ever alcohol (past/current)",6.268421979628933e-222
height,htn,OR,0.892485113144776,0.848185454094517,0.939098487647823,1.23409561673834e-05,37371,"Age, years, Male sex, Ever smoking (past/current), Ever alcohol (past/current)",2.2289665446935554e-05
weight,htn,OR,1.81574715782298,1.74928979222593,1.88472930888537,4.6343774865258e-186,37371,"Age, years, Male sex, Ever smoking (past/current), Ever alcohol (past/current)",9.169818824462847e-185
whtr,htn,OR,1.95434702903448,1.88551344145513,2.02569349330559,1.41919849814913e-241,37371,"Age, years, Male sex, Ever smoking (past/current), Ever alcohol (past/current)",5.880490718213218e-240
fat_kg,htn,OR,1.67211874652354,1.53828714591202,1.8175937502343,1.71350904118907e-29,37371,"Age, years, Male sex, Ever smoking (past/current), Ever alcohol (past/current)",6.345929382826397e-29
lean_kg,htn,OR,1.78787005088479,1.57861806357648,2.02485920603804,1.67663770092228e-18,37371,"Age, years, Male sex, Ever smoking (past/current), Ever alcohol (past/current)",4.876232851072065e-18
asmm_kg,htn,OR,1.63230893979492,1.43565163087078,1.85590460641091,3.57467811059459e-13,37371,"Age, years, Male sex, Ever smoking (past/current), Ever alcohol (past/current)",8.967248080850531e-13
asmi,htn,OR,1.61880513259392,1.45598581355746,1.79983213635137,1.1131439938434201e-17,37371,"Age, years, Male sex, Ever smoking (past/current), Ever alcohol (past/current)",3.1565967361646745e-17
bodyfat_pct,htn,OR,1.87661548545265,1.67114784528291,2.10734537352948,7.25032804908607e-24,37371,"Age, years, Male sex, Ever smoking (past/current), Ever alcohol (past/current)",2.3842815489151392e-23
asm_pct,htn,OR,0.501083298620369,0.4385591094079,0.572521392829486,4.323837738269259e-22,37371,"Age, years, Male sex, Ever smoking (past/current), Ever alcohol (past/current)",1.3793982349804649e-21
obesity,htn,OR,2.77453784270032,2.60868775623281,2.95093202403529,2.6466706844566503e-197,37371,"Age, years, Male sex, Ever smoking (past/current), Ever alcohol (past/current)",6.214382767104215e-196
overweight,htn,OR,2.65716041267582,2.4885726828738,2.83716907578447,9.93477753357403e-165,37371,"Age, years, Male sex, Ever smoking (past/current), Ever alcohol (past/current)",1.5977299759473853e-163
abdominal_obesity,htn,OR,2.53686803605781,2.3835240152912,2.70007744460907,4.28315960785481e-165,37371,"Age, years, Male sex, Ever smoking (past/current), Ever alcohol (past/current)",6.951745686112738e-164
central_obesity,htn,OR,2.7868031094005,2.60718830315772,2.97879196571959,7.08235595599835e-174,37371,"Age, years, Male sex, Ever smoking (past/current), Ever alcohol (past/current)",1.2472028838513094e-172
high_bodyfat,htn,OR,1.77886654213484,1.53083797860415,2.06708104904224,2.77754710755619e-13,37371,"Age, years, Male sex, Ever smoking (past/current), Ever alcohol (past/current)",6.982527418139116e-13
sarcopenia,htn,OR,0.50903046080476,0.395518255148108,0.655120229355981,2.34862589768418e-07,37371,"Age, years, Male sex, Ever smoking (past/current), Ever alcohol (past/current)",4.689263271906849e-07
glucose,htn,OR,1.18432306415505,1.14585944031102,1.22407781525881,2.3730487552462e-23,37371,"Age, years, Male sex, Body mass index, kg/m2, Ever smoking (past/current), Ever alcohol (past/current)",7.731616758535722e-23
hba1c,htn,OR,1.14928170593475,1.10807203452507,1.19202398259461,1.094557770176e-13,37371,"Age, years, Male sex, Body mass index, kg/m2, Ever smoking (past/current), Ever alcohol (past/current)",2.7834169433645285e-13
homa_ir,htn,OR,1.30665841712194,1.23771026988796,1.37944740427029,2.24227983408306e-21,37371,"Age, years, Male sex, Body mass index, kg/m2, Ever smoking (past/current), Ever alcohol (past/current)",6.988769535965077e-21
tg,htn,OR,1.18481065069327,1.14203319063633,1.22919043816411,2.8276118085812203e-19,37371,"Age, years, Male sex, Body mass index, kg/m2, Ever smoking (past/current), Ever alcohol (past/current)",8.368780495649629e-19
tchol,htn,OR,0.888666896232643,0.860040162935639,0.918246480215666,1.99843423144766e-12,37371,"Age, years, Male sex, Body mass index, kg/m2, Ever smoking (past/current), Ever alcohol (past/current)",4.874297342907658e-12
hdl,htn,OR,1.00430876725116,0.969992763116932,1.03983878883431,0.808493646957831,37371,"Age, years, Male sex, Body mass index, kg/m2, Ever smoking (past/current), Ever alcohol (past/current)",0.8369086334713137
ldl,htn,OR,0.738385697353961,0.698876901986683,0.780127997515769,1.3927880366035898e-26,37371,"Age, years, Male sex, Body mass index, kg/m2, Ever smoking (past/current), Ever alcohol (past/current)",4.915229924767378e-26
nonhdl,htn,OR,0.88580303384248,0.856588683493157,0.916013753024102,1.71589406254413e-12,37371,"Age, years, Male sex, Body mass index, kg/m2, Ever smoking (past/current), Ever alcohol (past/current)",4.193878479028748e-12
alt,htn,OR,1.10267641562067,1.05932032419608,1.14780699453567,1.8789432652927e-06,37371,"Age, years, Male sex, Body mass index, kg/m2, Ever smoking (past/current), Ever alcohol (past/current)",3.5693841318019896e-06
ast,htn,OR,1.08708633328862,1.04956942402737,1.12594428626579,3.3058536439971e-06,37371,"Age, years, Male sex, Body mass index, kg/m2, Ever smoking (past/current), Ever alcohol (past/current)",6.189907779988191e-06
creatinine,htn,OR,1.16207893108807,1.09623867982342,1.23187355722233,4.77431835498699e-07,37371,"Age, years, Male sex, Body mass index, kg/m2, Ever smoking (past/current), Ever alcohol (past/current)",9.357345156518742e-07
egfr,htn,OR,0.856490850539942,0.817688242692603,0.897134798762674,6.93611712164953e-11,37371,"Age, years, Male sex, Body mass index, kg/m2, Ever smoking (past/current), Ever alcohol (past/current)",1.6040055484208564e-10
hemoglobin,htn,OR,1.16500081345257,1.11343121522304,1.21895890539883,4.5151441621047396e-11,37371,"Age, years, Male sex, Body mass index, kg/m2, Ever smoking (past/current), Ever alcohol (past/current)",1.0524379708095892e-10
platelet,htn,OR,1.12450743529175,1.08826284841186,1.16195914789499,2.77048680404428e-12,37371,"Age, years, Male sex, Body mass index, kg/m2, Ever smoking (past/current), Ever alcohol (past/current)",6.72941691299583e-12
wbc,htn,OR,1.17461399205552,1.13433682443112,1.21632129065769,2.7813901430654104e-19,37371,"Age, years, Male sex, Body mass index, kg/m2, Ever smoking (past/current), Ever alcohol (past/current)",8.238903350610912e-19
fib4,htn,OR,0.966506232967813,0.927020659885235,1.00767365689701,0.109534291114706,37371,"Age, years, Male sex, Body mass index, kg/m2, Ever smoking (past/current), Ever alcohol (past/current)",0.13617358747122998
vitd,htn,OR,0.94324113815927,0.890598842372385,0.998995060835689,0.0463541679450703,37371,"Age, years, Male sex, Body mass index, kg/m2, Ever smoking (past/current), Ever alcohol (past/current)",0.06096317382469664
fn_bmd,htn,OR,0.885969389114017,0.794501253063817,0.987967930094649,0.0299151841183801,37371,"Age, years, Male sex, Body mass index, kg/m2, Ever smoking (past/current), Ever alcohol (past/current)",0.04047686456586043
ls_bmd,htn,OR,0.970396782784757,0.887508295258752,1.06102660794225,0.509795527747819,37371,"Age, years, Male sex, Body mass index, kg/m2, Ever smoking (past/current), Ever alcohol (past/current)",0.5570896210759598
insulin,htn,OR,1.21947544283205,1.15576633020692,1.28669638213477,7.43007646773238e-13,37371,"Age, years, Male sex, Body mass index, kg/m2, Ever smoking (past/current), Ever alcohol (past/current)",1.842868261926299e-12
hsi,htn,OR,1.37419515816719,1.28912481412696,1.46487936004013,4.0526960568878297e-22,37371,"Age, years, Male sex, Body mass index, kg/m2, Ever smoking (past/current), Ever alcohol (past/current)",1.2940703093707105e-21
dm,htn,OR,1.79840676794196,1.64880751475239,1.96157942879412,6.37966703245863e-39,37371,"Age, years, Male sex, Body mass index, kg/m2, Ever smoking (past/current), Ever alcohol (past/current)",2.829872454448274e-38
prediabetes,htn,OR,1.06764012554993,0.998248355419995,1.14185556279199,0.0563778359488794,37371,"Age, years, Male sex, Body mass index, kg/m2, Ever smoking (past/current), Ever alcohol (past/current)",0.07313544685523139
dyslipidemia,htn,OR,1.57700802728702,1.47385316824447,1.68738268622102,1.15168072070524e-38,37371,"Age, years, Male sex, Body mass index, kg/m2, Ever smoking (past/current), Ever alcohol (past/current)",5.082981827473503e-38
low_hdl,htn,OR,1.04814402226779,0.980487440565341,1.12046911154952,0.167330527092653,37371,"Age, years, Male sex, Body mass index, kg/m2, Ever smoking (past/current), Ever alcohol (past/current)",0.20266097538525582
high_tg,htn,OR,1.46148879069592,1.36151380693602,1.56880486591363,2.55072504408518e-25,37371,"Age, years, Male sex, Body mass index, kg/m2, Ever smoking (past/current), Ever alcohol (past/current)",8.781675078463347e-25
high_ldl,htn,OR,0.639843561706702,0.535794575156728,0.764098410921317,8.76307719380609e-07,37371,"Age, years, Male sex, Body mass index, kg/m2, Ever smoking (past/current), Ever alcohol (past/current)",1.7004715083517932e-06
high_nonhdl,htn,OR,0.883409152605626,0.790577763070265,0.987141009224199,0.0287141633720152,37371,"Age, years, Male sex, Body mass index, kg/m2, Ever smoking (past/current), Ever alcohol (past/current)",0.03894158005245958
atherogenic_dyslipidemia,htn,OR,1.2094889052129,1.11276065789022,1.31462538818247,8.03420822600902e-06,37371,"Age, years, Male sex, Body mass index, kg/m2, Ever smoking (past/current), Ever alcohol (past/current)",1.4653796671156792e-05
insulin_resistance,htn,OR,1.54690691257608,1.38756207003222,1.72455059694741,7.95553719279268e-15,37371,"Age, years, Male sex, Body mass index, kg/m2, Ever smoking (past/current), Ever alcohol (past/current)",2.083226913978871e-14
ckd,htn,OR,2.91723922756922,2.50247884133657,3.40074192448449,1.9348439364526e-40,37371,"Age, years, Male sex, Body mass index, kg/m2, Ever smoking (past/current), Ever alcohol (past/current)",8.781598381683063e-40
high_alt,htn,OR,1.40501805149516,1.25246296047737,1.57615497409588,7.402727595410981e-09,37371,"Age, years, Male sex, Body mass index, kg/m2, Ever smoking (past/current), Ever alcohol (past/current)",1.579188769899302e-08
high_ast,htn,OR,1.30303084976297,1.12107685675204,1.51451649831849,0.0005699037456942,37371,"Age, years, Male sex, Body mass index, kg/m2, Ever smoking (past/current), Ever alcohol (past/current)",0.0009224269266245278
adv_fibrosis,htn,OR,0.901209288449816,0.770772681831346,1.05371946973847,0.192335981875005,37371,"Age, years, Male sex, Body mass index, kg/m2, Ever smoking (past/current), Ever alcohol (past/current)",0.23048905347525267
anemia,htn,OR,1.02571755456941,0.918746259806384,1.14514371135897,0.651388553625974,37371,"Age, years, Male sex, Body mass index, kg/m2, Ever smoking (past/current), Ever alcohol (past/current)",0.6929933232748979
leukocytosis,htn,OR,1.22418228097057,0.934451005239407,1.60374620888588,0.14221918014313,37371,"Age, years, Male sex, Body mass index, kg/m2, Ever smoking (past/current), Ever alcohol (past/current)",0.17446741639293065
vitd_deficiency,htn,OR,1.14348375531602,1.01281764304847,1.2910074263083,0.0305382026864119,37371,"Age, years, Male sex, Body mass index, kg/m2, Ever smoking (past/current), Ever alcohol (past/current)",0.0412881189487688
osteoporosis,htn,OR,1.03805796265689,0.836776367360248,1.28775665263436,0.734284170222351,37371,"Age, years, Male sex, Body mass index, kg/m2, Ever smoking (past/current), Ever alcohol (past/current)",0.7696871570009287
current_smoking,htn,OR,1.19564213640325,1.09567534723776,1.30472965550143,6.19637373367049e-05,37371,"Age, years, Male sex, Body mass index, kg/m2, Ever alcohol (past/current)",0.0001077178099209648
age,obesity,OR,1.12967414779994,1.10124420989716,1.15883803859155,1.33614849730866e-20,37315,unadjusted,4.08145273852654e-20
men,obesity,OR,1.71081681669239,1.62221265175136,1.80426048158209,7.17040996779386e-82,37315,unadjusted,5.765795412458898e-81
sbp,obesity,OR,1.66668914725203,1.61378453024727,1.72132813365243,7.49710800752461e-183,37315,"Age, years, Male sex, Ever smoking (past/current), Ever alcohol (past/current)",1.4508139781594328e-181
dbp,obesity,OR,1.59090124198024,1.54528329840213,1.63786586210526,2.7559038730878e-185,37315,"Age, years, Male sex, Ever smoking (past/current), Ever alcohol (past/current)",5.392385245008462e-184
glucose,obesity,OR,1.45693292873172,1.39303950914197,1.52375689626364,3.48422105056689e-58,37315,"Age, years, Male sex, Ever smoking (past/current), Ever alcohol (past/current)",2.1267636984569475e-57
hba1c,obesity,OR,1.3887759295099,1.33268288819728,1.44722994454819,1.1844801064356701e-52,37315,"Age, years, Male sex, Ever smoking (past/current), Ever alcohol (past/current)",6.590424857608894e-52
homa_ir,obesity,OR,2.90517014810004,2.73256955074914,3.0886729258539,1.7834268392559802e-180,37315,"Age, years, Male sex, Ever smoking (past/current), Ever alcohol (past/current)",3.358946164630782e-179
tg,obesity,OR,1.62572066468019,1.53005275612599,1.72737029425054,2.11377580538372e-53,37315,"Age, years, Male sex, Ever smoking (past/current), Ever alcohol (past/current)",1.1969000621481452e-52
tchol,obesity,OR,1.23475231920311,1.20197096501795,1.2684277192625,3.00923954986375e-51,37315,"Age, years, Male sex, Ever smoking (past/current), Ever alcohol (past/current)",1.625543204696339e-50
hdl,obesity,OR,0.582252357707378,0.563997954902844,0.601097583969432,6.24169785543356e-206,37315,"Age, years, Male sex, Ever smoking (past/current), Ever alcohol (past/current)",1.7041286702974417e-204
ldl,obesity,OR,1.17317971754939,1.12123850063923,1.22752710407696,6.1692846356066e-12,37315,"Age, years, Male sex, Ever smoking (past/current), Ever alcohol (past/current)",1.4761019352314162e-11
nonhdl,obesity,OR,1.44200280473567,1.40259444195333,1.48251841492377,3.95621709065395e-133,37315,"Age, years, Male sex, Ever smoking (past/current), Ever alcohol (past/current)",4.9236030364958346e-132
alt,obesity,OR,2.02060973093312,1.89572770223151,2.15371842693209,3.81588848050592e-96,37315,"Age, years, Male sex, Ever smoking (past/current), Ever alcohol (past/current)",3.527443367018858e-95
ast,obesity,OR,1.34041059047473,1.26026437457058,1.42565368609188,2.3679122666448503e-20,37315,"Age, years, Male sex, Ever smoking (past/current), Ever alcohol (past/current)",7.164765466600655e-20
creatinine,obesity,OR,1.06310432270084,0.987431785256297,1.14457607889526,0.104434861930529,37315,"Age, years, Male sex, Ever smoking (past/current), Ever alcohol (past/current)",0.13024772794593595
egfr,obesity,OR,0.86701157183372,0.833036859196983,0.902371914753206,3.30267061863745e-12,37315,"Age, years, Male sex, Ever smoking (past/current), Ever alcohol (past/current)",7.994505786145086e-12
hemoglobin,obesity,OR,1.49931545515456,1.43786214904831,1.56339523615196,1.02334164896689e-75,37315,"Age, years, Male sex, Ever smoking (past/current), Ever alcohol (past/current)",7.767692430304713e-75
platelet,obesity,OR,1.19929944939636,1.16574556894803,1.23381911768307,3.34425550615338e-35,37315,"Age, years, Male sex, Ever smoking (past/current), Ever alcohol (past/current)",1.3922538880227192e-34
wbc,obesity,OR,1.39271114784188,1.34933666488296,1.43747990535134,1.75886438766635e-87,37315,"Age, years, Male sex, Ever smoking (past/current), Ever alcohol (past/current)",1.4999322937919818e-86
fib4,obesity,OR,0.704605357981219,0.63995702734127,0.775784450025407,1.2662242601856499e-12,37315,"Age, years, Male sex, Ever smoking (past/current), Ever alcohol (past/current)",3.1099315511672657e-12
vitd,obesity,OR,0.989189548196205,0.940542031571159,1.04035325314069,0.672777957740449,37315,"Age, years, Male sex, Ever smoking (past/current), Ever alcohol (past/current)",0.7126387871163493
fn_bmd,obesity,OR,2.08803376037408,1.9180625469853,2.27306715900091,5.16215291213657e-51,37315,"Age, years, Male sex, Ever smoking (past/current), Ever alcohol (past/current)",2.775740848327481e-50
ls_bmd,obesity,OR,1.61434131232444,1.49284625938342,1.74572422062657,3.589967283323e-29,37315,"Age, years, Male sex, Ever smoking (past/current), Ever alcohol (past/current)",1.3225799970568626e-28
insulin,obesity,OR,2.65033141376621,2.49158623086229,2.81919064882817,4.20930835932845e-156,37315,"Age, years, Male sex, Ever smoking (past/current), Ever alcohol (past/current)",6.4457321919803485e-155
dm,obesity,OR,2.09227582705102,1.93465688506369,2.26273618348503,3.94074502543765e-72,37315,"Age, years, Male sex, Ever smoking (past/current), Ever alcohol (past/current)",2.849959749402752e-71
prediabetes,obesity,OR,1.69130897467701,1.60003636576105,1.78778814596655,8.609930780054081e-73,37315,"Age, years, Male sex, Ever smoking (past/current), Ever alcohol (past/current)",6.304402537910701e-72
htn,obesity,OR,2.59008170905147,2.43589049420171,2.75403318643908,2.50473404274824e-176,37315,"Age, years, Male sex, Ever smoking (past/current), Ever alcohol (past/current)",4.45539055482793e-175
mets,obesity,OR,7.99324746038101,7.46469546265014,8.5592245902828,0.0,37315,"Age, years, Male sex, Ever smoking (past/current), Ever alcohol (past/current)",0.0
dyslipidemia,obesity,OR,2.56911159352649,2.42592779193649,2.72074643026515,3.16434925443909e-195,37315,"Age, years, Male sex, Ever smoking (past/current), Ever alcohol (past/current)",7.332130311930575e-194
low_hdl,obesity,OR,2.09298633872355,1.97596562454253,2.21693725825699,1.63366881549497e-126,37315,"Age, years, Male sex, Ever smoking (past/current), Ever alcohol (past/current)",1.8864857600568144e-125
high_tg,obesity,OR,2.69927723844425,2.54288346203524,2.86528962839361,6.12433168288936e-199,37315,"Age, years, Male sex, Ever smoking (past/current), Ever alcohol (past/current)",1.4673398766759406e-197
high_ldl,obesity,OR,1.38653348360994,1.20346756513648,1.5974465426939,6.39780149039947e-06,37315,"Age, years, Male sex, Ever smoking (past/current), Ever alcohol (past/current)",1.1754333254661938e-05
high_nonhdl,obesity,OR,1.99122489404184,1.81781166349414,2.18118117419854,6.31831586954505e-48,37315,"Age, years, Male sex, Ever smoking (past/current), Ever alcohol (past/current)",3.2391715418541e-47
atherogenic_dyslipidemia,obesity,OR,2.70560054232174,2.508965300051,2.91764668664923,8.49602739524184e-133,37315,"Age, years, Male sex, Ever smoking (past/current), Ever alcohol (past/current)",1.0462590379734882e-131
insulin_resistance,obesity,OR,5.43631603512975,4.95638045910136,5.96272466927753,4.68597679859469e-194,37315,"Age, years, Male sex, Ever smoking (past/current), Ever alcohol (past/current)",1.0716889795227595e-192
ckd,obesity,OR,1.52170067272584,1.34645774620038,1.71975165496925,2.4100469222961198e-11,37315,"Age, years, Male sex, Ever smoking (past/current), Ever alcohol (past/current)",5.681516238505311e-11
high_alt,obesity,OR,4.12199650138069,3.74418716340175,4.5379289057649,2.32862421072507e-161,37315,"Age, years, Male sex, Ever smoking (past/current), Ever alcohol (past/current)",3.6777643364007604e-160
high_ast,obesity,OR,2.44711965857928,2.1644872476385,2.76665738268435,7.93045481515018e-45,37315,"Age, years, Male sex, Ever smoking (past/current), Ever alcohol (past/current)",3.879314147077629e-44
adv_fibrosis,obesity,OR,0.651287365919341,0.553174178445326,0.766802301217822,2.82412812839461e-07,37315,"Age, years, Male sex, Ever smoking (past/current), Ever alcohol (past/current)",5.606865427398995e-07
anemia,obesity,OR,0.635740814108893,0.574414480733408,0.703614543644166,3.4901458469491695e-18,37315,"Age, years, Male sex, Ever smoking (past/current), Ever alcohol (past/current)",1.0042723589015502e-17
leukocytosis,obesity,OR,1.49719788127871,1.1959917769506,1.87426162863831,0.0004353804147334,37315,"Age, years, Male sex, Ever smoking (past/current), Ever alcohol (past/current)",0.0007115590815271623
vitd_deficiency,obesity,OR,1.0219408311346,0.917971324050859,1.1376859330763,0.691827265087807,37315,"Age, years, Male sex, Ever smoking (past/current), Ever alcohol (past/current)",0.731057794071184
osteoporosis,obesity,OR,0.461798254843851,0.371275626960628,0.574391672091747,1.3365576215432299e-11,37315,"Age, years, Male sex, Ever smoking (past/current), Ever alcohol (past/current)",3.167803461019687e-11
smoking,obesity,OR,1.03087746597663,0.958809763327189,1.10836204480299,0.41089703965195,37315,"Age, years, Male sex",0.4613259080822977
alcohol,obesity,OR,0.856702586542116,0.787508400019158,0.931976499260321,0.000324112183895,37315,"Age, years, Male sex",0.0005334220148028926
current_smoking,obesity,OR,0.981826815873934,0.911981128430256,1.05702175880372,0.626212595656658,37315,"Age, years, Male sex, Ever alcohol (past/current)",0.6687449247734232
age,overweight,OR,1.26902701262926,1.23529691635658,1.30367811775373,3.96730557820642e-64,37315,unadjusted,2.592365537373471e-63
men,overweight,OR,2.10524016729358,1.99808707780301,2.2181396452749,3.04220179651375e-152,37315,unadjusted,4.483110764569635e-151
sbp,overweight,OR,1.66344419660455,1.60782600318371,1.72098634413066,8.71131898190832e-166,37315,"Age, years, Male sex, Ever smoking (past/current), Ever alcohol (past/current)",1.4270356025247023e-164
dbp,overweight,OR,1.58601909139869,1.54097309729063,1.63238187785618,2.95923316401213e-186,37315,"Age, years, Male sex, Ever smoking (past/current), Ever alcohol (past/current)",5.888372431441085e-185
glucose,overweight,OR,1.59297887880201,1.49374255162078,1.69880794087034,3.18456858932536e-44,37315,"Age, years, Male sex, Ever smoking (past/current), Ever alcohol (past/current)",1.5427854981573478e-43
hba1c,overweight,OR,1.44506418605815,1.36424064030836,1.53067606999005,4.47526523780418e-35,37315,"Age, years, Male sex, Ever smoking (past/current), Ever alcohol (past/current)",1.8609072216701679e-34
homa_ir,overweight,OR,2.66773908666641,2.51965621027204,2.82452495126679,5.047966597447449e-177,37315,"Age, years, Male sex, Ever smoking (past/current), Ever alcohol (past/current)",9.117404285235856e-176
tg,overweight,OR,2.09415989950115,1.95456868604328,2.24372042588918,2.9026716658812703e-91,37315,"Age, years, Male sex, Ever smoking (past/current), Ever alcohol (past/current)",2.5751157700840893e-90
tchol,overweight,OR,1.2979439326291,1.26387985414169,1.33292610585423,1.424368233752e-77,37315,"Age, years, Male sex, Ever smoking (past/current), Ever alcohol (past/current)",1.1074227194866542e-76
hdl,overweight,OR,0.585132342218571,0.567775536418007,0.603019742749403,6.96437841618654e-223,37315,"Age, years, Male sex, Ever smoking (past/current), Ever alcohol (past/current)",2.4047589001773525e-221
ldl,overweight,OR,1.27160609201176,1.21330206495037,1.33271186125242,3.31872613713709e-23,37315,"Age, years, Male sex, Ever smoking (past/current), Ever alcohol (past/current)",1.0792754806091257e-22
nonhdl,overweight,OR,1.56524285294971,1.52144065882965,1.61030610986483,7.5994111330971e-182,37315,"Age, years, Male sex, Ever smoking (past/current), Ever alcohol (past/current)",1.4625751918452452e-180
alt,overweight,OR,2.36570014321494,2.17775173916896,2.56986922198157,1.9048065186792e-86,37315,"Age, years, Male sex, Ever smoking (past/current), Ever alcohol (past/current)",1.6088078078628638e-85
ast,overweight,OR,1.32057001737757,1.22906338116778,1.4188895361439,4.3049342837666204e-14,37315,"Age, years, Male sex, Ever smoking (past/current), Ever alcohol (past/current)",1.1059065315409218e-13
creatinine,overweight,OR,1.17445877331265,1.10573060405461,1.24745883414377,1.85914755753787e-07,37315,"Age, years, Male sex, Ever smoking (past/current), Ever alcohol (past/current)",3.7246403285826953e-07
egfr,overweight,OR,0.838709806424151,0.804535971320148,0.874335224859847,1.81820108240759e-16,37315,"Age, years, Male sex, Ever smoking (past/current), Ever alcohol (past/current)",4.967962926485285e-16
hemoglobin,overweight,OR,1.51319036573676,1.45372012642132,1.57509347318132,2.2524549408062502e-85,37315,"Age, years, Male sex, Ever smoking (past/current), Ever alcohol (past/current)",1.8754482982315868e-84
platelet,overweight,OR,1.19999136623359,1.1661549929431,1.23480951309997,6.80190678044128e-35,37315,"Age, years, Male sex, Ever smoking (past/current), Ever alcohol (past/current)",2.8150782233506685e-34
wbc,overweight,OR,1.37732247485579,1.33190610899175,1.42428748313116,7.3361152038752e-74,37315,"Age, years, Male sex, Ever smoking (past/current), Ever alcohol (past/current)",5.4510121831325856e-73
fib4,overweight,OR,0.725760209212992,0.661063654934009,0.796788444419119,2.0688971931139298e-11,37315,"Age, years, Male sex, Ever smoking (past/current), Ever alcohol (past/current)",4.8805464930658144e-11
vitd,overweight,OR,0.996939327450371,0.949167854435159,1.04711513139965,0.902639853655048,37315,"Age, years, Male sex, Ever smoking (past/current), Ever alcohol (past/current)",0.9172237635813845
fn_bmd,overweight,OR,2.34897443768788,2.14801914053226,2.56872986129158,4.86163140598198e-59,37315,"Age, years, Male sex, Ever smoking (past/current), Ever alcohol (past/current)",3.0145538401177e-58
ls_bmd,overweight,OR,1.84339563616296,1.70468454536187,1.99339372241643,2.10575840293755e-43,37315,"Age, years, Male sex, Ever smoking (past/current), Ever alcohol (past/current)",1.0117982394469374e-42
insulin,overweight,OR,2.47221408173803,2.3245598703617,2.62924717227989,4.396538482885739e-140,37315,"Age, years, Male sex, Ever smoking (past/current), Ever alcohol (past/current)",5.9101559300471654e-139
dm,overweight,OR,2.06703730023008,1.89096843956494,2.25950000599982,3.4336985169015196e-55,37315,"Age, years, Male sex, Ever smoking (past/current), Ever alcohol (past/current)",2.0189459393200586e-54
prediabetes,overweight,OR,1.67685981980711,1.58535233454513,1.7736491718671,3.89202384404437e-69,37315,"Age, years, Male sex, Ever smoking (past/current), Ever alcohol (past/current)",2.730619119267783e-68
htn,overweight,OR,2.39652330647131,2.24678411898804,2.55624201271593,3.24843700254606e-139,37315,"Age, years, Male sex, Ever smoking (past/current), Ever alcohol (past/current)",4.333710273851221e-138
mets,overweight,OR,7.91802720869682,7.32212696885522,8.56242388917018,0.0,37315,"Age, years, Male sex, Ever smoking (past/current), Ever alcohol (past/current)",0.0
dyslipidemia,overweight,OR,2.62261358055126,2.48091315355026,2.77240740291499,9.61322257649957e-214,37315,"Age, years, Male sex, Ever smoking (past/current), Ever alcohol (past/current)",2.996262824285972e-212
low_hdl,overweight,OR,2.2037070639788,2.07883254047967,2.33608274320621,3.48265687139711e-139,37315,"Age, years, Male sex, Ever smoking (past/current), Ever alcohol (past/current)",4.628648113607782e-138
high_tg,overweight,OR,2.9397616107252,2.75510645097076,3.13679289047018,1.2167038805609401e-198,37315,"Age, years, Male sex, Ever smoking (past/current), Ever alcohol (past/current)",2.8759940049232425e-197
high_ldl,overweight,OR,1.57008179162509,1.33963441411779,1.8401713231711,2.84551356050732e-08,37315,"Age, years, Male sex, Ever smoking (past/current), Ever alcohol (past/current)",5.9021783039498123e-08
high_nonhdl,overweight,OR,2.32139427882264,2.09546855708992,2.57167848189249,4.65159370485372e-56,37315,"Age, years, Male sex, Ever smoking (past/current), Ever alcohol (past/current)",2.7767649200838647e-55
atherogenic_dyslipidemia,overweight,OR,3.09934161227413,2.84045993087268,3.38181796728347,7.7756171983763e-129,37315,"Age, years, Male sex, Ever smoking (past/current), Ever alcohol (past/current)",9.251933706986936e-128
insulin_resistance,overweight,OR,5.16102786353548,4.63201679266167,5.75045596777378,3.9241156363906e-147,37315,"Age, years, Male sex, Ever smoking (past/current), Ever alcohol (past/current)",5.506269032417408e-146
ckd,overweight,OR,1.35979746853457,1.19491388651277,1.54743297931643,3.41511879497884e-06,37315,"Age, years, Male sex, Ever smoking (past/current), Ever alcohol (past/current)",6.384314435199297e-06
high_alt,overweight,OR,3.91138772688279,3.44293276079713,4.44358197296516,6.743452631932651e-91,37315,"Age, years, Male sex, Ever smoking (past/current), Ever alcohol (past/current)",5.937610042416699e-90
high_ast,overweight,OR,1.97406279045303,1.70672852482461,2.2832710908442,9.51849426954333e-20,37315,"Age, years, Male sex, Ever smoking (past/current), Ever alcohol (past/current)",2.841028543841662e-19
adv_fibrosis,overweight,OR,0.563730832746726,0.485850990013417,0.654094482303189,5.5829272166506505e-14,37315,"Age, years, Male sex, Ever smoking (past/current), Ever alcohol (past/current)",1.4290021553084005e-13
anemia,overweight,OR,0.615225628061721,0.561627763594915,0.673938501546268,4.266638161724661e-25,37315,"Age, years, Male sex, Ever smoking (past/current), Ever alcohol (past/current)",1.4617801172757058e-24
leukocytosis,overweight,OR,1.47863332668075,1.13312787687122,1.92948788869966,0.004000294013801,37315,"Age, years, Male sex, Ever smoking (past/current), Ever alcohol (past/current)",0.005995334262386009
vitd_deficiency,overweight,OR,1.02365920751111,0.923262180265509,1.13497357036864,0.657127906204947,37315,"Age, years, Male sex, Ever smoking (past/current), Ever alcohol (past/current)",0.6981612324747583
osteoporosis,overweight,OR,0.434811561169516,0.346520878030299,0.545597987634502,2.61260439764653e-12,37315,"Age, years, Male sex, Ever smoking (past/current), Ever alcohol (past/current)",6.354691083225883e-12
smoking,overweight,OR,1.02723337454236,0.956440941492889,1.10326561734866,0.460860562966974,37315,"Age, years, Male sex",0.509463560191363
alcohol,overweight,OR,0.937346858438632,0.863113345173596,1.01796494972286,0.124396944345375,37315,"Age, years, Male sex",0.15362063042931653
current_smoking,overweight,OR,0.923439734396423,0.856890771364667,0.995157109352548,0.036955816104965,37315,"Age, years, Male sex, Ever alcohol (past/current)",0.0494522736784524
age,abdominal_obesity,OR,1.49378274590866,1.45258901741546,1.53614468044418,4.3662587759106105e-154,37240,unadjusted,6.543814216492413e-153
men,abdominal_obesity,OR,1.33452852782943,1.26419803261516,1.40877168421661,4.19747479387251e-25,37240,unadjusted,1.4396526619644841e-24
sbp,abdominal_obesity,OR,1.58226718573839,1.53202528126411,1.63415674511501,1.31194496868623e-151,37240,"Age, years, Male sex, Ever smoking (past/current), Ever alcohol (past/current)",1.9172905310012043e-150
dbp,abdominal_obesity,OR,1.48475670415431,1.44187305456079,1.5289157832294,4.46358919730252e-138,37240,"Age, years, Male sex, Ever smoking (past/current), Ever alcohol (past/current)",5.822504130703509e-137
glucose,abdominal_obesity,OR,1.48089876920695,1.41347747518248,1.55153598351861,1.26030062581857e-58,37240,"Age, years, Male sex, Ever smoking (past/current), Ever alcohol (past/current)",7.746559867596865e-58
hba1c,abdominal_obesity,OR,1.43579260506459,1.37239471721927,1.50211916359979,3.5144254496975203e-53,37240,"Age, years, Male sex, Ever smoking (past/current), Ever alcohol (past/current)",1.9804490294135464e-52
homa_ir,abdominal_obesity,OR,3.0632716254366,2.87028968849441,3.26922856909509,2.33323938544986e-177,37240,"Age, years, Male sex, Ever smoking (past/current), Ever alcohol (past/current)",4.23591191523423e-176
tg,abdominal_obesity,OR,1.5365912401009,1.44700913648314,1.63171923357261,3.11538044674421e-43,37240,"Age, years, Male sex, Ever smoking (past/current), Ever alcohol (past/current)",1.486770993690123e-42
tchol,abdominal_obesity,OR,1.17149414987994,1.13861652495468,1.20532111832609,3.93696736576119e-27,37240,"Age, years, Male sex, Ever smoking (past/current), Ever alcohol (past/current)",1.4048631268704065e-26
hdl,abdominal_obesity,OR,0.590650413380541,0.57094537534765,0.611035531401192,1.66382835545986e-176,37240,"Age, years, Male sex, Ever smoking (past/current), Ever alcohol (past/current)",2.9746210497104704e-175
ldl,abdominal_obesity,OR,1.12988989690845,1.07789621729838,1.18439155704207,4.06928079807745e-07,37240,"Age, years, Male sex, Ever smoking (past/current), Ever alcohol (past/current)",8.011183326343644e-07
nonhdl,abdominal_obesity,OR,1.35403743382221,1.31487156122311,1.39436993411461,2.77345452151323e-85,37240,"Age, years, Male sex, Ever smoking (past/current), Ever alcohol (past/current)",2.3037987794267915e-84
alt,abdominal_obesity,OR,1.98082040941886,1.86366789607854,2.10533727743356,4.28375816995702e-99,37240,"Age, years, Male sex, Ever smoking (past/current), Ever alcohol (past/current)",4.0557516867173726e-98
ast,abdominal_obesity,OR,1.3598829049623,1.27827709747372,1.4466984653511,4.61698884408483e-22,37240,"Age, years, Male sex, Ever smoking (past/current), Ever alcohol (past/current)",1.4689281579825448e-21
creatinine,abdominal_obesity,OR,1.03332338722639,0.985503106556873,1.08346408599312,0.175231577442833,37240,"Age, years, Male sex, Ever smoking (past/current), Ever alcohol (past/current)",0.21157545963443875
egfr,abdominal_obesity,OR,0.926392174739114,0.88895481253292,0.96540617061577,0.0002857268913396,37240,"Age, years, Male sex, Ever smoking (past/current), Ever alcohol (past/current)",0.00047289948839195073
hemoglobin,abdominal_obesity,OR,1.49054857506441,1.42719108613574,1.55671870165761,8.12362373501135e-69,37240,"Age, years, Male sex, Ever smoking (past/current), Ever alcohol (past/current)",5.6544274297845795e-68
platelet,abdominal_obesity,OR,1.21044193962242,1.17559293158551,1.24632400368453,1.43961024827831e-36,37240,"Age, years, Male sex, Ever smoking (past/current), Ever alcohol (past/current)",6.123559534343246e-36
wbc,abdominal_obesity,OR,1.4441076025721,1.3966797025067,1.49314604061595,8.53534996048703e-96,37240,"Age, years, Male sex, Ever smoking (past/current), Ever alcohol (past/current)",7.828516291884198e-95
fib4,abdominal_obesity,OR,0.741347406117606,0.687713416220486,0.799164250099635,7.95156654117975e-15,37240,"Age, years, Male sex, Ever smoking (past/current), Ever alcohol (past/current)",2.083226913978871e-14
vitd,abdominal_obesity,OR,1.00713531266845,0.955319165049704,1.06176194839659,0.791956625218559,37240,"Age, years, Male sex, Ever smoking (past/current), Ever alcohol (past/current)",0.8235226554531341
fn_bmd,abdominal_obesity,OR,1.76852999892951,1.61723874360462,1.93397441749532,3.3364738467325204e-31,37240,"Age, years, Male sex, Ever smoking (past/current), Ever alcohol (past/current)",1.2842689495291733e-30
ls_bmd,abdominal_obesity,OR,1.43596081470839,1.32591259336788,1.55514282894053,1.2111307342403e-17,37240,"Age, years, Male sex, Ever smoking (past/current), Ever alcohol (past/current)",3.428940872985801e-17
insulin,abdominal_obesity,OR,2.79828995967283,2.61841262169729,2.99052434804182,9.36289173865103e-152,37240,"Age, years, Male sex, Ever smoking (past/current), Ever alcohol (past/current)",1.3740043626470385e-150
hsi,abdominal_obesity,OR,8.64607373209595,8.13137535755655,9.19335139428406,0.0,37240,"Age, years, Male sex, Ever smoking (past/current), Ever alcohol (past/current)",0.0
dm,abdominal_obesity,OR,2.52032214906024,2.32498840888229,2.73206683989332,4.30796589333555e-103,37240,"Age, years, Male sex, Ever smoking (past/current), Ever alcohol (past/current)",4.2146266323132794e-102
prediabetes,abdominal_obesity,OR,1.55254578317204,1.4623845824913,1.64826574192881,1.60498861580735e-45,37240,"Age, years, Male sex, Ever smoking (past/current), Ever alcohol (past/current)",7.950449936530924e-45
htn,abdominal_obesity,OR,2.45946564748872,2.31086909926536,2.6176174466568,9.40310033672987e-156,37240,"Age, years, Male sex, Ever smoking (past/current), Ever alcohol (past/current)",1.4213613470370215e-154
dyslipidemia,abdominal_obesity,OR,2.65502546758243,2.49980146881409,2.81988802769022,3.23659560532263e-190,37240,"Age, years, Male sex, Ever smoking (past/current), Ever alcohol (past/current)",6.825921989189403e-189
low_hdl,abdominal_obesity,OR,2.07727900414213,1.95695012137497,2.20500666517649,2.5240044389065098e-116,37240,"Age, years, Male sex, Ever smoking (past/current), Ever alcohol (past/current)",2.7185148727304977e-115
high_tg,abdominal_obesity,OR,2.749083827113,2.58151439610901,2.92753040613884,1.24089563833401e-187,37240,"Age, years, Male sex, Ever smoking (past/current), Ever alcohol (past/current)",2.5262626810476203e-186
high_ldl,abdominal_obesity,OR,1.34208678059934,1.1570847636215,1.55666808801633,0.0001040131962558,37240,"Age, years, Male sex, Ever smoking (past/current), Ever alcohol (past/current)",0.00017843861530098763
high_nonhdl,abdominal_obesity,OR,1.8757639719327,1.70641736258125,2.06191671249665,9.41701647334649e-38,37240,"Age, years, Male sex, Ever smoking (past/current), Ever alcohol (past/current)",4.094658273966215e-37
atherogenic_dyslipidemia,abdominal_obesity,OR,2.68663328128037,2.48955221991778,2.89931592128711,7.35836763716838e-129,37240,"Age, years, Male sex, Ever smoking (past/current), Ever alcohol (past/current)",8.785142650205774e-128
insulin_resistance,abdominal_obesity,OR,5.70459932012942,5.1719313545476,6.29212786720516,9.79933627388475e-186,37240,"Age, years, Male sex, Ever smoking (past/current), Ever alcohol (past/current)",1.9281152154537482e-184
ckd,abdominal_obesity,OR,1.69494683843404,1.49598922713629,1.9203646209518,2.4791456490938797e-16,37240,"Age, years, Male sex, Ever smoking (past/current), Ever alcohol (past/current)",6.768644167526081e-16
high_alt,abdominal_obesity,OR,4.3670158583233,3.95053373812217,4.82740530040689,8.22037325583574e-161,37240,"Age, years, Male sex, Ever smoking (past/current), Ever alcohol (past/current)",1.2867624269801546e-159
high_ast,abdominal_obesity,OR,2.68027798315114,2.35244222515449,3.05380085009014,6.76110751074904e-48,37240,"Age, years, Male sex, Ever smoking (past/current), Ever alcohol (past/current)",3.461136722799145e-47
adv_fibrosis,abdominal_obesity,OR,0.766588110178415,0.65720445063212,0.894177344815128,0.0007242881984142,37240,"Age, years, Male sex, Ever smoking (past/current), Ever alcohol (past/current)",0.0011648141711483161
anemia,abdominal_obesity,OR,0.625038570066742,0.563761653492272,0.692975855400979,7.623904511352891e-19,37240,"Age, years, Male sex, Ever smoking (past/current), Ever alcohol (past/current)",2.2264835563005706e-18
leukocytosis,abdominal_obesity,OR,1.83014416280763,1.44827297606641,2.31270465720908,4.41014702429141e-07,37240,"Age, years, Male sex, Ever smoking (past/current), Ever alcohol (past/current)",8.66771083680488e-07
vitd_deficiency,abdominal_obesity,OR,1.03542026585402,0.924248739657055,1.15996385057447,0.548192924694853,37240,"Age, years, Male sex, Ever smoking (past/current), Ever alcohol (past/current)",0.5955605904985611
osteoporosis,abdominal_obesity,OR,0.4895059766208,0.392646533959376,0.610259050885382,5.18568582252053e-10,37240,"Age, years, Male sex, Ever smoking (past/current), Ever alcohol (past/current)",1.1588823265810473e-09
smoking,abdominal_obesity,OR,1.13877469239364,1.0514244382307,1.23338183219182,0.0014303185817865,37240,"Age, years, Male sex",0.0022349521051694995
alcohol,abdominal_obesity,OR,0.889174547359117,0.818093394661529,0.966431682287815,0.0057593246819568,37240,"Age, years, Male sex",0.00853358920061079
current_smoking,abdominal_obesity,OR,1.08294189755563,0.999929025897425,1.17284639520174,0.0502961199848893,37240,"Age, years, Male sex, Ever alcohol (past/current)",0.06570583627106087
age,central_obesity,OR,2.24259712672956,2.1773849237788,2.30976242091708,0.0,37073,unadjusted,0.0
men,central_obesity,OR,1.18505757173104,1.12701343992054,1.24609112772966,4.0806874610854003e-11,37073,unadjusted,9.530624163092029e-11
sbp,central_obesity,OR,1.75811107116679,1.69464790957436,1.82395087563386,3.6317305811556504e-173,37073,"Age, years, Male sex, Ever smoking (past/current), Ever alcohol (past/current)",6.332155993480298e-172
dbp,central_obesity,OR,1.55114041751721,1.50367412117583,1.60010507660664,7.8573241759573e-150,37073,"Age, years, Male sex, Ever smoking (past/current), Ever alcohol (past/current)",1.1249388515333987e-148
glucose,central_obesity,OR,1.70455404702584,1.58154130354644,1.83713475754119,7.0242847138887696e-43,37073,"Age, years, Male sex, Ever smoking (past/current), Ever alcohol (past/current)",3.329681125479979e-42
hba1c,central_obesity,OR,1.61201210985101,1.49874981417078,1.73383377114481,1.0931832604681299e-36,37073,"Age, years, Male sex, Ever smoking (past/current), Ever alcohol (past/current)",4.672562431272759e-36
homa_ir,central_obesity,OR,2.92852844067649,2.75377322168276,3.11437367475391,3.03293921254537e-181,37073,"Age, years, Male sex, Ever smoking (past/current), Ever alcohol (past/current)",5.774060490045834e-180
tg,central_obesity,OR,1.97236266650486,1.80869647609724,2.15083876130305,2.70863890981739e-51,37073,"Age, years, Male sex, Ever smoking (past/current), Ever alcohol (past/current)",1.465411096832081e-50
tchol,central_obesity,OR,1.2515271083106,1.2163142753928,1.2877593682196,1.5215285376273902e-51,37073,"Age, years, Male sex, Ever smoking (past/current), Ever alcohol (past/current)",8.282571112092223e-51
hdl,central_obesity,OR,0.556822367046725,0.539468160746872,0.574734842579522,2.01268354744155e-237,37073,"Age, years, Male sex, Ever smoking (past/current), Ever alcohol (past/current)",8.147898223090965e-236
ldl,central_obesity,OR,1.20196504721998,1.14459974894399,1.26220539194721,2.3417899466419997e-13,37073,"Age, years, Male sex, Ever smoking (past/current), Ever alcohol (past/current)",5.899702569437141e-13
nonhdl,central_obesity,OR,1.51082853744754,1.46525269306279,1.55782199232448,8.01148692538815e-138,37073,"Age, years, Male sex, Ever smoking (past/current), Ever alcohol (past/current)",1.0373697408535685e-136
alt,central_obesity,OR,2.32961624813112,2.15568408732302,2.51758218909341,4.01532350218598e-94,37073,"Age, years, Male sex, Ever smoking (past/current), Ever alcohol (past/current)",3.6261459935125697e-93
ast,central_obesity,OR,1.44197773023043,1.33596408956821,1.55640394133089,1.12950430213153e-20,37073,"Age, years, Male sex, Ever smoking (past/current), Ever alcohol (past/current)",3.4622403412595726e-20
creatinine,central_obesity,OR,0.997418045178182,0.959051758363047,1.03731915214368,0.897223095070497,37073,"Age, years, Male sex, Ever smoking (past/current), Ever alcohol (past/current)",0.9133005031324539
egfr,central_obesity,OR,0.985921303582582,0.945426598335014,1.02815048631997,0.507633984012808,37073,"Age, years, Male sex, Ever smoking (past/current), Ever alcohol (past/current)",0.5548997180922128
hemoglobin,central_obesity,OR,1.4627314913927,1.40357522898126,1.52438100340719,3.9110469080226297e-69,37073,"Age, years, Male sex, Ever smoking (past/current), Ever alcohol (past/current)",2.738510379732744e-68
platelet,central_obesity,OR,1.26612362967559,1.2290333006471,1.30433328761625,2.18251035007883e-52,37073,"Age, years, Male sex, Ever smoking (past/current), Ever alcohol (past/current)",1.2048278139463385e-51
wbc,central_obesity,OR,1.52132471125315,1.46674936471626,1.57793071723417,1.59613376770537e-103,37073,"Age, years, Male sex, Ever smoking (past/current), Ever alcohol (past/current)",1.5702746172788584e-102
fib4,central_obesity,OR,0.735570652126698,0.679662281560422,0.796077991893089,3.59790895613193e-14,37073,"Age, years, Male sex, Ever smoking (past/current), Ever alcohol (past/current)",9.263037531795802e-14
vitd,central_obesity,OR,1.01246407912613,0.963693836975174,1.06370246668615,0.622967885225278,37073,"Age, years, Male sex, Ever smoking (past/current), Ever alcohol (past/current)",0.6658855513697812
fn_bmd,central_obesity,OR,1.71059859345839,1.56748855199474,1.8667744298471,2.33932212829269e-29,37073,"Age, years, Male sex, Ever smoking (past/current), Ever alcohol (past/current)",8.645427634676657e-29
ls_bmd,central_obesity,OR,1.45675071823682,1.33909410836484,1.58474497186371,3.5189797282333904e-17,37073,"Age, years, Male sex, Ever smoking (past/current), Ever alcohol (past/current)",9.820797625069732e-17
insulin,central_obesity,OR,2.69426153236838,2.52570624495325,2.87406550912431,1.3676319041478801e-149,37073,"Age, years, Male sex, Ever smoking (past/current), Ever alcohol (past/current)",1.950121281946896e-148
hsi,central_obesity,OR,11.005509608063,10.2488485135556,11.8180341501746,0.0,37073,"Age, years, Male sex, Ever smoking (past/current), Ever alcohol (past/current)",0.0
dm,central_obesity,OR,2.9070329170978,2.62267018126839,3.22222765235508,6.77225466449896e-86,37073,"Age, years, Male sex, Ever smoking (past/current), Ever alcohol (past/current)",5.679019268658413e-85
prediabetes,central_obesity,OR,1.6696110485924,1.57045906036654,1.77502306423142,6.248791820579891e-58,37073,"Age, years, Male sex, Ever smoking (past/current), Ever alcohol (past/current)",3.8010785478553327e-57
htn,central_obesity,OR,2.65892123717672,2.48817131742926,2.84138881273411,2.53800542134567e-161,37073,"Age, years, Male sex, Ever smoking (past/current), Ever alcohol (past/current)",3.990560309812254e-160
dyslipidemia,central_obesity,OR,2.86261120622297,2.70633360305448,3.0279130809094,1.42085397961013e-242,37073,"Age, years, Male sex, Ever smoking (past/current), Ever alcohol (past/current)",5.957437757365331e-241
low_hdl,central_obesity,OR,2.35881598574628,2.22136199292719,2.50477539110148,5.58073924570447e-153,37073,"Age, years, Male sex, Ever smoking (past/current), Ever alcohol (past/current)",8.258556144273588e-152
high_tg,central_obesity,OR,3.26236400624718,3.05109355487502,3.48826370540221,6.09368492322534e-220,37073,"Age, years, Male sex, Ever smoking (past/current), Ever alcohol (past/current)",2.024713047132042e-218
high_ldl,central_obesity,OR,1.41987823325322,1.20743934321054,1.66969397560433,2.33001314366478e-05,37073,"Age, years, Male sex, Ever smoking (past/current), Ever alcohol (past/current)",4.1571967031344255e-05
high_nonhdl,central_obesity,OR,2.28116650180699,2.04762310513454,2.54134688943375,7.95986156971881e-49,37073,"Age, years, Male sex, Ever smoking (past/current), Ever alcohol (past/current)",4.159441016105289e-48
atherogenic_dyslipidemia,central_obesity,OR,3.27706285727108,3.00092947318408,3.57860491773274,4.85472831271561e-138,37073,"Age, years, Male sex, Ever smoking (past/current), Ever alcohol (past/current)",6.3093553938687745e-137
insulin_resistance,central_obesity,OR,5.77907923393208,5.16476347456117,6.46646394487653,1.47444945699845e-153,37073,"Age, years, Male sex, Ever smoking (past/current), Ever alcohol (past/current)",2.2004283845544665e-152
ckd,central_obesity,OR,1.65260581892559,1.42403198867471,1.91786842884651,5.0439260037285795e-11,37073,"Age, years, Male sex, Ever smoking (past/current), Ever alcohol (past/current)",1.173362442875301e-10
high_alt,central_obesity,OR,4.90114132402452,4.35230159673293,5.51919156891436,3.21901199827064e-136,37073,"Age, years, Male sex, Ever smoking (past/current), Ever alcohol (past/current)",4.107739223880143e-135
high_ast,central_obesity,OR,2.58409694026206,2.21933644122402,3.0088078907896,1.45958596055312e-33,37073,"Age, years, Male sex, Ever smoking (past/current), Ever alcohol (past/current)",5.915606160032323e-33
adv_fibrosis,central_obesity,OR,0.628284302151973,0.53464263554161,0.738327133096495,1.82677513500598e-08,37073,"Age, years, Male sex, Ever smoking (past/current), Ever alcohol (past/current)",3.820606903498255e-08
anemia,central_obesity,OR,0.655960484742347,0.595254661308993,0.722857266832988,2.74574648084493e-17,37073,"Age, years, Male sex, Ever smoking (past/current), Ever alcohol (past/current)",7.699457886573124e-17
leukocytosis,central_obesity,OR,1.94242868179452,1.4667493582393,2.5723748660011,3.76651356741433e-06,37073,"Age, years, Male sex, Ever smoking (past/current), Ever alcohol (past/current)",7.015156416939857e-06
vitd_deficiency,central_obesity,OR,1.02125296024671,0.91872717076146,1.13522016329206,0.69689722896442,37073,"Age, years, Male sex, Ever smoking (past/current), Ever alcohol (past/current)",0.7357530097160333
osteoporosis,central_obesity,OR,0.585473682779926,0.469951943995002,0.729392521103255,2.43523343274172e-06,37073,"Age, years, Male sex, Ever smoking (past/current), Ever alcohol (past/current)",4.60133699040576e-06
smoking,central_obesity,OR,1.05032067996757,0.973782994437703,1.13287409727724,0.203547050266641,37073,"Age, years, Male sex",0.24267098618968472
alcohol,central_obesity,OR,0.838789959375365,0.767014354557424,0.917282175709597,0.0001198202190483,37073,"Age, years, Male sex",0.00020495716925114744
current_smoking,central_obesity,OR,1.00856218837807,0.933632572717435,1.08950535526551,0.828642849210079,37073,"Age, years, Male sex, Ever alcohol (past/current)",0.8546821904889044
age,high_bodyfat,OR,1.21146040796702,1.13734685532464,1.29040346240962,5.00040361116193e-09,6582,unadjusted,1.0758351569036237e-08
men,high_bodyfat,OR,0.713062176124134,0.620824234526776,0.819004218491017,2.27632592132494e-06,6582,unadjusted,4.310333276831419e-06
sbp,high_bodyfat,OR,1.33154358654458,1.23059068060489,1.44077827892901,4.0440417469203395e-12,6582,"Age, years, Male sex, Ever smoking (past/current), Ever alcohol (past/current)",9.755558241543449e-12
dbp,high_bodyfat,OR,1.2810952610999,1.18759378312939,1.3819582851705,3.57645560770882e-10,6582,"Age, years, Male sex, Ever smoking (past/current), Ever alcohol (past/current)",8.043599393582672e-10
glucose,high_bodyfat,OR,1.15978732682813,1.07773787683517,1.2480832977877,8.64329404657121e-05,6582,"Age, years, Male sex, Ever smoking (past/current), Ever alcohol (past/current)",0.00014893190622320844
hba1c,high_bodyfat,OR,1.20447638808278,1.03918127992292,1.39606380280112,0.0140608946516952,6582,"Age, years, Male sex, Ever smoking (past/current), Ever alcohol (past/current)",0.019816915151368745
homa_ir,high_bodyfat,OR,1.95417423259321,1.79357614492123,2.12915238761663,2.2727645412723198e-42,6582,"Age, years, Male sex, Ever smoking (past/current), Ever alcohol (past/current)",1.0672902285814814e-41
tg,high_bodyfat,OR,1.25408990745514,1.14946386872281,1.36823917547607,5.05805695135644e-07,6582,"Age, years, Male sex, Ever smoking (past/current), Ever alcohol (past/current)",9.90243278636875e-07
tchol,high_bodyfat,OR,1.39131826608242,1.30380302865153,1.48470779327509,2.27561414020455e-21,6582,"Age, years, Male sex, Ever smoking (past/current), Ever alcohol (past/current)",7.086395227056079e-21
hdl,high_bodyfat,OR,0.73505811476074,0.686201895733581,0.787392800041739,3.13194461988196e-17,6582,"Age, years, Male sex, Ever smoking (past/current), Ever alcohol (past/current)",8.754530913670051e-17
ldl,high_bodyfat,OR,1.5157001450158,1.32702041979792,1.73120691688433,2.16930364744676e-09,6582,"Age, years, Male sex, Ever smoking (past/current), Ever alcohol (past/current)",4.742574454567032e-09
nonhdl,high_bodyfat,OR,1.5398230387852,1.4371115427947,1.64987540644394,3.2596942263944895e-30,6582,"Age, years, Male sex, Ever smoking (past/current), Ever alcohol (past/current)",1.2278762636750152e-29
alt,high_bodyfat,OR,1.53579691030432,1.39744054972678,1.68785151551632,1.1019656145791e-17,6582,"Age, years, Male sex, Ever smoking (past/current), Ever alcohol (past/current)",3.127415708741008e-17
ast,high_bodyfat,OR,1.21011131879362,1.11391198599664,1.31461858951292,8.07552708264323e-06,6582,"Age, years, Male sex, Ever smoking (past/current), Ever alcohol (past/current)",1.4713919495638622e-05
creatinine,high_bodyfat,OR,1.03972764695628,0.948644285965747,1.13955630770993,0.405414215698346,6582,"Age, years, Male sex, Ever smoking (past/current), Ever alcohol (past/current)",0.45592487334208515
egfr,high_bodyfat,OR,0.996830503164026,0.890951280402048,1.11529224312899,0.95583973901723,6582,"Age, years, Male sex, Ever smoking (past/current), Ever alcohol (past/current)",0.961847874519624
hemoglobin,high_bodyfat,OR,1.38385649549342,1.25630420808779,1.52435913832863,1.20429537402576e-10,6582,"Age, years, Male sex, Ever smoking (past/current), Ever alcohol (past/current)",2.7668155951198483e-10
platelet,high_bodyfat,OR,1.17153953901598,1.09820569913627,1.24977032313459,2.12201425956701e-06,6582,"Age, years, Male sex, Ever smoking (past/current), Ever alcohol (past/current)",4.0267964559240355e-06
wbc,high_bodyfat,OR,1.34502046238041,1.25086861211223,1.44625904487856,9.154873315467201e-15,6582,"Age, years, Male sex, Ever smoking (past/current), Ever alcohol (past/current)",2.3919483543824542e-14
fib4,high_bodyfat,OR,0.862601465914927,0.703060150534862,1.05834655602726,0.157276149563628,6582,"Age, years, Male sex, Ever smoking (past/current), Ever alcohol (past/current)",0.19140518271012366
vitd,high_bodyfat,OR,0.807616199747874,0.748469471585466,0.871436913403515,5.99792428486449e-08,6582,"Age, years, Male sex, Ever smoking (past/current), Ever alcohol (past/current)",1.2274659692790664e-07
fn_bmd,high_bodyfat,OR,1.15060962058491,1.05948529689039,1.2495713747687,0.0009271323564378,6582,"Age, years, Male sex, Ever smoking (past/current), Ever alcohol (past/current)",0.0014775385336533626
ls_bmd,high_bodyfat,OR,1.18763886949681,1.10595218337511,1.27535901238984,2.96292934084307e-06,6582,"Age, years, Male sex, Ever smoking (past/current), Ever alcohol (past/current)",5.559636195231376e-06
insulin,high_bodyfat,OR,1.95022118667,1.78704752148101,2.12829408911551,5.81919123469033e-41,6582,"Age, years, Male sex, Ever smoking (past/current), Ever alcohol (past/current)",2.6896576809159244e-40
hsi,high_bodyfat,OR,3.05933340661097,2.76650748858633,3.38315400606002,1.53658527425407e-73,6582,"Age, years, Male sex, Ever smoking (past/current), Ever alcohol (past/current)",1.1393375444048073e-72
dm,high_bodyfat,OR,1.59771922411516,1.30521289898804,1.95577803520506,7.07186812424419e-06,6582,"Age, years, Male sex, Ever smoking (past/current), Ever alcohol (past/current)",1.2965705118994293e-05
prediabetes,high_bodyfat,OR,1.36432914856321,1.15748478985658,1.60813692061547,0.0002375468688272,6582,"Age, years, Male sex, Ever smoking (past/current), Ever alcohol (past/current)",0.0003972649914574541
htn,high_bodyfat,OR,1.74042675233711,1.50028535348657,2.01900609988045,1.0969833917151799e-12,6582,"Age, years, Male sex, Ever smoking (past/current), Ever alcohol (past/current)",2.701801052881723e-12
mets,high_bodyfat,OR,3.42799412520437,2.93715245160809,4.00086271177445,9.612242845593541e-45,6582,"Age, years, Male sex, Ever smoking (past/current), Ever alcohol (past/current)",4.682478465031874e-44
dyslipidemia,high_bodyfat,OR,1.76346902927013,1.54082779060463,2.01828071648073,1.6954187076140601e-15,6582,"Age, years, Male sex, Ever smoking (past/current), Ever alcohol (past/current)",4.5305498393146584e-15
low_hdl,high_bodyfat,OR,1.57526536897576,1.38425797947739,1.79262898930963,1.7648291167399398e-11,6582,"Age, years, Male sex, Ever smoking (past/current), Ever alcohol (past/current)",4.171629630307428e-11
high_tg,high_bodyfat,OR,2.05702845591243,1.7824976850011,2.37384098954992,4.99670795784929e-21,6582,"Age, years, Male sex, Ever smoking (past/current), Ever alcohol (past/current)",1.5437197743460703e-20
high_ldl,high_bodyfat,OR,1.5252349904975,0.994914645053792,2.33823251854145,0.0535281125933889,6582,"Age, years, Male sex, Ever smoking (past/current), Ever alcohol (past/current)",0.06969538356891523
high_nonhdl,high_bodyfat,OR,1.8587454122505,1.48851338732646,2.32106377878651,7.27813496076111e-08,6582,"Age, years, Male sex, Ever smoking (past/current), Ever alcohol (past/current)",1.481710481606973e-07
atherogenic_dyslipidemia,high_bodyfat,OR,1.94698198426361,1.65951103104904,2.28425046662738,2.7047587043604602e-15,6582,"Age, years, Male sex, Ever smoking (past/current), Ever alcohol (past/current)",7.194985012656753e-15
insulin_resistance,high_bodyfat,OR,3.09742539770884,2.66836429382359,3.59547761772218,1.9111946066358e-40,6582,"Age, years, Male sex, Ever smoking (past/current), Ever alcohol (past/current)",8.685454715575855e-40
ckd,high_bodyfat,OR,1.63733232415053,0.847986708336048,3.16143768924002,0.147909239416959,6582,"Age, years, Male sex, Ever smoking (past/current), Ever alcohol (past/current)",0.1810537375448389
high_alt,high_bodyfat,OR,2.99166920242807,2.37076836016031,3.77518308712008,8.606506471733799e-19,6582,"Age, years, Male sex, Ever smoking (past/current), Ever alcohol (past/current)",2.5072056073983825e-18
high_ast,high_bodyfat,OR,1.65875702226341,1.23170659005921,2.23387199607001,0.0009285211000375,6582,"Age, years, Male sex, Ever smoking (past/current), Ever alcohol (past/current)",0.001479082457861635
adv_fibrosis,high_bodyfat,OR,0.899721772362024,0.590038756406487,1.37194253576215,0.623717556724804,6582,"Age, years, Male sex, Ever smoking (past/current), Ever alcohol (past/current)",0.6662824491309552
steatosis,high_bodyfat,OR,6.15040798348209,5.18015762646751,7.30238751230351,1.42230273837624e-68,6582,"Age, years, Male sex, Ever smoking (past/current), Ever alcohol (past/current)",9.841552543342076e-68
masld,high_bodyfat,OR,5.33359516160264,4.48051388886487,6.349101476634,1.57563136463757e-59,6582,"Age, years, Male sex, Ever smoking (past/current), Ever alcohol (past/current)",9.82190029425402e-59
anemia,high_bodyfat,OR,0.638287469667419,0.508859753142314,0.800634932156826,0.0001176767989633,6582,"Age, years, Male sex, Ever smoking (past/current), Ever alcohol (past/current)",0.0002013885743191169
leukocytosis,high_bodyfat,OR,1.8213261075087,1.02826541136574,3.22604334758948,0.0403686072653574,6582,"Age, years, Male sex, Ever smoking (past/current), Ever alcohol (past/current)",0.053753585931413515
vitd_deficiency,high_bodyfat,OR,1.58588332262331,1.36833254856887,1.83802242781202,1.89027839386337e-09,6582,"Age, years, Male sex, Ever smoking (past/current), Ever alcohol (past/current)",4.140273944767904e-09
osteoporosis,high_bodyfat,OR,0.578512780109145,0.461232106212831,0.725615221146767,2.93256006322638e-06,6582,"Age, years, Male sex, Ever smoking (past/current), Ever alcohol (past/current)",5.505584511025218e-06
smoking,high_bodyfat,OR,0.939374461833464,0.787446658323577,1.12061480002155,0.487500036893057,6582,"Age, years, Male sex",0.5353835765317576
alcohol,high_bodyfat,OR,0.837792461234632,0.694069216399753,1.01127696131292,0.0659155208820318,6582,"Age, years, Male sex",0.08469699545659103
current_smoking,high_bodyfat,OR,0.99204004216007,0.829975985287431,1.18574930202123,0.930057506075029,6582,"Age, years, Male sex, Ever alcohol (past/current)",0.939392754917193
age,sarcopenia,OR,1.00644326474822,0.909187891175425,1.11410199694534,0.901471023185057,6576,unadjusted,0.9163965006908193
men,sarcopenia,OR,0.794183610576354,0.662646958602685,0.951830532261253,0.012952191990938,6576,unadjusted,0.018327689912448226
sbp,sarcopenia,OR,1.06963266969643,0.930262058743328,1.22988359820615,0.345094604417282,6576,"Age, years, Male sex, Body mass index, kg/m2, Ever smoking (past/current), Ever alcohol (past/current)",0.39461792102521664
dbp,sarcopenia,OR,1.05408552352645,0.9332833469512,1.19052407239204,0.396765188510285,6576,"Age, years, Male sex, Body mass index, kg/m2, Ever smoking (past/current), Ever alcohol (past/current)",0.4480304565351792
glucose,sarcopenia,OR,1.18515804335907,1.08275429172791,1.29724684396971,0.0002555143969204,6576,"Age, years, Male sex, Body mass index, kg/m2, Ever smoking (past/current), Ever alcohol (past/current)",0.000425897636513795
hba1c,sarcopenia,OR,1.28236167491298,1.08366999955267,1.51748361213694,0.0040673402064479,6576,"Age, years, Male sex, Body mass index, kg/m2, Ever smoking (past/current), Ever alcohol (past/current)",0.006090634441798258
homa_ir,sarcopenia,OR,1.44863337574986,1.26398230538895,1.66025952134724,1.62944412577237e-07,6576,"Age, years, Male sex, Body mass index, kg/m2, Ever smoking (past/current), Ever alcohol (past/current)",3.2737605310726115e-07
tg,sarcopenia,OR,1.2780163908103,1.14206183332445,1.43015539747555,2.31202046857895e-05,6576,"Age, years, Male sex, Body mass index, kg/m2, Ever smoking (past/current), Ever alcohol (past/current)",4.127185043251425e-05
tchol,sarcopenia,OR,1.17892187147649,1.03217129563858,1.34653694102756,0.0156002354825502,6576,"Age, years, Male sex, Body mass index, kg/m2, Ever smoking (past/current), Ever alcohol (past/current)",0.021803186257754684
hdl,sarcopenia,OR,0.910516029903803,0.804886259936127,1.0300081911916,0.136875642836021,6576,"Age, years, Male sex, Body mass index, kg/m2, Ever smoking (past/current), Ever alcohol (past/current)",0.16832263061049788
ldl,sarcopenia,OR,1.15120117835869,0.932395437122759,1.4213541811659,0.191261982202618,6576,"Age, years, Male sex, Body mass index, kg/m2, Ever smoking (past/current), Ever alcohol (past/current)",0.22951437864314161
nonhdl,sarcopenia,OR,1.24299225882841,1.08920276173141,1.41849599522806,0.0013325514129936,6576,"Age, years, Male sex, Body mass index, kg/m2, Ever smoking (past/current), Ever alcohol (past/current)",0.0020896019931270966
alt,sarcopenia,OR,1.21772974945571,1.06594672103409,1.39112557264674,0.003901035890712,6576,"Age, years, Male sex, Body mass index, kg/m2, Ever smoking (past/current), Ever alcohol (past/current)",0.00584906275312374
ast,sarcopenia,OR,1.11340357005891,1.00622198506463,1.23200201170351,0.0380499507065802,6576,"Age, years, Male sex, Body mass index, kg/m2, Ever smoking (past/current), Ever alcohol (past/current)",0.050839122302191
creatinine,sarcopenia,OR,0.800930726788258,0.505787497059022,1.26829949898645,0.34445868711947,6576,"Age, years, Male sex, Body mass index, kg/m2, Ever smoking (past/current), Ever alcohol (past/current)",0.39401867360661685
egfr,sarcopenia,OR,1.39201249213509,1.0999434321071,1.76163493657871,0.0061827503771733,6576,"Age, years, Male sex, Body mass index, kg/m2, Ever smoking (past/current), Ever alcohol (past/current)",0.009114963092676585
hemoglobin,sarcopenia,OR,0.991467392752025,0.849467446996816,1.15720454546645,0.91352107681201,6576,"Age, years, Male sex, Body mass index, kg/m2, Ever smoking (past/current), Ever alcohol (past/current)",0.9258766136782444
platelet,sarcopenia,OR,1.14537867988595,1.02341300854025,1.2818796608893,0.0185349871365337,6576,"Age, years, Male sex, Body mass index, kg/m2, Ever smoking (past/current), Ever alcohol (past/current)",0.025710998304400035
wbc,sarcopenia,OR,1.15226626289082,1.02881680264738,1.29052863170571,0.0145898938667635,6576,"Age, years, Male sex, Body mass index, kg/m2, Ever smoking (past/current), Ever alcohol (past/current)",0.020488678707631998
fib4,sarcopenia,OR,0.961443276764692,0.845710335521832,1.09301392641212,0.548213354456654,6576,"Age, years, Male sex, Body mass index, kg/m2, Ever smoking (past/current), Ever alcohol (past/current)",0.5955605904985611
vitd,sarcopenia,OR,0.812853052568619,0.711507854258492,0.92863357883619,0.0024177125752811,6576,"Age, years, Male sex, Body mass index, kg/m2, Ever smoking (past/current), Ever alcohol (past/current)",0.003700644802320745
fn_bmd,sarcopenia,OR,0.578409399867729,0.486523845452314,0.687648584920463,1.20613178981538e-09,6576,"Age, years, Male sex, Body mass index, kg/m2, Ever smoking (past/current), Ever alcohol (past/current)",2.6649913197802814e-09
ls_bmd,sarcopenia,OR,0.854631786319902,0.752634584085274,0.970451671545288,0.0157837074004931,6576,"Age, years, Male sex, Body mass index, kg/m2, Ever smoking (past/current), Ever alcohol (past/current)",0.022050859763798773
insulin,sarcopenia,OR,1.38892698211253,1.21674402519611,1.58547576293156,1.62148905092364e-06,6576,"Age, years, Male sex, Body mass index, kg/m2, Ever smoking (past/current), Ever alcohol (past/current)",3.0970089139658676e-06
hsi,sarcopenia,OR,1.49498830262665,1.1494867210998,1.94433740204682,0.0028503244059037,6576,"Age, years, Male sex, Body mass index, kg/m2, Ever smoking (past/current), Ever alcohol (past/current)",0.004328953237426835
dm,sarcopenia,OR,2.18001229931081,1.50570615151051,3.15629554968531,4.32854502530071e-05,6576,"Age, years, Male sex, Body mass index, kg/m2, Ever smoking (past/current), Ever alcohol (past/current)",7.58841990000453e-05
prediabetes,sarcopenia,OR,1.14011164392715,0.829641926303182,1.56676575689747,0.419214888235259,6576,"Age, years, Male sex, Body mass index, kg/m2, Ever smoking (past/current), Ever alcohol (past/current)",0.46916899789151006
htn,sarcopenia,OR,1.42561549514174,1.05499307097535,1.92643875671077,0.0213981794844544,6576,"Age, years, Male sex, Body mass index, kg/m2, Ever smoking (past/current), Ever alcohol (past/current)",0.02951993268478198
mets,sarcopenia,OR,2.01329065190753,1.43069116666063,2.83313362346336,6.90721748851662e-05,6576,"Age, years, Male sex, Body mass index, kg/m2, Ever smoking (past/current), Ever alcohol (past/current)",0.00011972057083934811
dyslipidemia,sarcopenia,OR,1.49767778267296,1.15320024628818,1.94505572465135,0.002587959257875,6576,"Age, years, Male sex, Body mass index, kg/m2, Ever smoking (past/current), Ever alcohol (past/current)",0.0039475064990193804
low_hdl,sarcopenia,OR,1.18737847379809,0.906413805641333,1.55543487010497,0.213109966666755,6576,"Age, years, Male sex, Body mass index, kg/m2, Ever smoking (past/current), Ever alcohol (past/current)",0.25322985917689306
high_tg,sarcopenia,OR,1.64450022539293,1.22100362438678,2.21488367217224,0.0011362899189357,6576,"Age, years, Male sex, Body mass index, kg/m2, Ever smoking (past/current), Ever alcohol (past/current)",0.0017938203023269992
high_ldl,sarcopenia,OR,2.3156484258469,1.11256629651016,4.81969267714399,0.0253254158543566,6576,"Age, years, Male sex, Body mass index, kg/m2, Ever smoking (past/current), Ever alcohol (past/current)",0.034612384415616586
high_nonhdl,sarcopenia,OR,2.08418858582252,1.39018489851258,3.12465058850841,0.0004164530408284,6576,"Age, years, Male sex, Body mass index, kg/m2, Ever smoking (past/current), Ever alcohol (past/current)",0.0006815741681215729
atherogenic_dyslipidemia,sarcopenia,OR,1.17557684555816,0.812613564395617,1.70066188944352,0.390990159419749,6576,"Age, years, Male sex, Body mass index, kg/m2, Ever smoking (past/current), Ever alcohol (past/current)",0.44221815718572766
insulin_resistance,sarcopenia,OR,1.80986503447439,1.35049153418033,2.42549572515543,8.40756289268592e-05,6576,"Age, years, Male sex, Body mass index, kg/m2, Ever smoking (past/current), Ever alcohol (past/current)",0.00014501193196885312
ckd,sarcopenia,OR,1.3485289435724,0.586610289138785,3.10006548695612,0.484596192019904,6576,"Age, years, Male sex, Body mass index, kg/m2, Ever smoking (past/current), Ever alcohol (past/current)",0.5330255428776083
high_alt,sarcopenia,OR,1.83689808647326,1.07580057810033,3.13644986698867,0.0263691217247681,6576,"Age, years, Male sex, Body mass index, kg/m2, Ever smoking (past/current), Ever alcohol (past/current)",0.035913397801482304
high_ast,sarcopenia,OR,1.75679168688862,1.08421848680456,2.84658218678509,0.0225529947259123,6576,"Age, years, Male sex, Body mass index, kg/m2, Ever smoking (past/current), Ever alcohol (past/current)",0.031052246843105202
adv_fibrosis,sarcopenia,OR,1.27581468978254,0.639251790948796,2.5462629056526,0.489978149709149,6576,"Age, years, Male sex, Body mass index, kg/m2, Ever smoking (past/current), Ever alcohol (past/current)",0.5377583392730781
anemia,sarcopenia,OR,1.01289992979542,0.692561283436587,1.48140863821983,0.947341579802475,6576,"Age, years, Male sex, Body mass index, kg/m2, Ever smoking (past/current), Ever alcohol (past/current)",0.9549333268644296
leukocytosis,sarcopenia,OR,1.59460991103026,0.735629544294954,3.45660501005706,0.237729424035361,6576,"Age, years, Male sex, Body mass index, kg/m2, Ever smoking (past/current), Ever alcohol (past/current)",0.28030901622113874
vitd_deficiency,sarcopenia,OR,1.42285464023995,1.10091410732183,1.83894030768427,0.0072970526250814,6576,"Age, years, Male sex, Body mass index, kg/m2, Ever smoking (past/current), Ever alcohol (past/current)",0.010659568372267395
osteoporosis,sarcopenia,OR,1.23590261097493,0.837540727227205,1.82373849313752,0.286566298829343,6576,"Age, years, Male sex, Body mass index, kg/m2, Ever smoking (past/current), Ever alcohol (past/current)",0.33320782584250447
smoking,sarcopenia,OR,1.19865652265262,0.936163867647077,1.5347499609324,0.151397310719316,6576,"Age, years, Male sex",0.18476137503583887
alcohol,sarcopenia,OR,1.02235684092101,0.786365687459391,1.3291697830241,0.868913154048724,6576,"Age, years, Male sex",0.8891086951073812
current_smoking,sarcopenia,OR,0.865607410479348,0.65932020618161,1.13643747309994,0.299269931928338,6576,"Age, years, Male sex, Body mass index, kg/m2, Ever alcohol (past/current)",0.3470624630397124
age,mets,OR,2.00583746658432,1.94604398313758,2.06746814420224,0.0,34356,unadjusted,0.0
men,mets,OR,1.54958756447032,1.46365162025445,1.64056909904804,2.55838506157312e-49,34356,unadjusted,1.3488970339611569e-48
bmi,mets,OR,3.80747457401184,3.62558937524676,3.99848442041508,0.0,34356,"Age, years, Male sex, Ever smoking (past/current), Ever alcohol (past/current)",0.0
height,mets,OR,1.1354492741099,1.07913258858663,1.19470495814167,1.0408996296718e-06,34356,"Age, years, Male sex, Ever smoking (past/current), Ever alcohol (past/current)",2.006594688398511e-06
weight,mets,OR,3.98529209013316,3.78055679544879,4.20111478362079,0.0,34356,"Age, years, Male sex, Ever smoking (past/current), Ever alcohol (past/current)",0.0
hba1c,mets,OR,2.20773789199686,2.03656100215379,2.39330253039515,2.9141302571611896e-77,34356,"Age, years, Male sex, Ever smoking (past/current), Ever alcohol (past/current)",2.2557289594992768e-76
tchol,mets,OR,1.18445738466053,1.14871929933931,1.22130732624041,8.07539742836073e-27,34356,"Age, years, Male sex, Ever smoking (past/current), Ever alcohol (past/current)",2.8642044051043793e-26
ldl,mets,OR,1.00484485203174,0.957065082526659,1.05500994142325,0.845842055685181,34356,"Age, years, Male sex, Ever smoking (past/current), Ever alcohol (past/current)",0.869797290546922
alt,mets,OR,1.88456083699853,1.76871408911549,2.00799528324257,3.05974868012002e-80,34356,"Age, years, Male sex, Ever smoking (past/current), Ever alcohol (past/current)",2.4381074324395274e-79
ast,mets,OR,1.4059216963221,1.32019508122777,1.49721495277119,7.63724857353094e-26,34356,"Age, years, Male sex, Ever smoking (past/current), Ever alcohol (past/current)",2.6605726484644876e-25
creatinine,mets,OR,1.0830937208105,0.989863291560833,1.18510507265036,0.0823023423011315,34356,"Age, years, Male sex, Ever smoking (past/current), Ever alcohol (past/current)",0.10434443829538702
egfr,mets,OR,0.856996778580792,0.820191365642815,0.895453804152455,6.927126109289e-12,34356,"Age, years, Male sex, Ever smoking (past/current), Ever alcohol (past/current)",1.652936189492944e-11
hemoglobin,mets,OR,1.61296828575566,1.53912306106075,1.69035651318258,2.08682543132076e-83,34356,"Age, years, Male sex, Ever smoking (past/current), Ever alcohol (past/current)",1.7132398995598407e-82
platelet,mets,OR,1.24767646501748,1.21005981410811,1.28646248987774,4.71196372331156e-44,34356,"Age, years, Male sex, Ever smoking (past/current), Ever alcohol (past/current)",2.2733611278771663e-43
wbc,mets,OR,1.53497468525793,1.48106333824331,1.59084842865485,8.160839053746481e-112,34356,"Age, years, Male sex, Ever smoking (past/current), Ever alcohol (past/current)",8.52892437605196e-111
fib4,mets,OR,0.78145909950138,0.703665047905384,0.867853712517523,4.22398120583867e-06,34356,"Age, years, Male sex, Ever smoking (past/current), Ever alcohol (past/current)",7.854731682663039e-06
vitd,mets,OR,0.938706246698582,0.888041312019631,0.992261740151408,0.0256477064115645,34356,"Age, years, Male sex, Ever smoking (past/current), Ever alcohol (past/current)",0.03501210154322875
fat_kg,mets,OR,3.13903511623968,2.825294157092,3.48761612529855,3.3406120256649698e-71,34356,"Age, years, Male sex, Ever smoking (past/current), Ever alcohol (past/current)",2.391389340323582e-70
lean_kg,mets,OR,3.92471162287334,3.39184086295789,4.54129835244818,2.2814891250132997e-57,34356,"Age, years, Male sex, Ever smoking (past/current), Ever alcohol (past/current)",1.3735734527003147e-56
asmm_kg,mets,OR,3.24776688122227,2.82079501289709,3.73936768412353,3.5922166662660797e-48,34356,"Age, years, Male sex, Ever smoking (past/current), Ever alcohol (past/current)",1.8496764764019198e-47
asmi,mets,OR,2.98759284460733,2.62184757855362,3.40435923055181,2.20669927287716e-48,34356,"Age, years, Male sex, Ever smoking (past/current), Ever alcohol (past/current)",1.1412620909065137e-47
bodyfat_pct,mets,OR,3.49174975064807,3.07763433266477,3.96158705137467,2.67344997400702e-62,34356,"Age, years, Male sex, Ever smoking (past/current), Ever alcohol (past/current)",1.715098507914886e-61
asm_pct,mets,OR,0.280914642364024,0.243321986267192,0.324315272553517,1.6608418416024801e-52,34356,"Age, years, Male sex, Ever smoking (past/current), Ever alcohol (past/current)",9.211787348226668e-52
fn_bmd,mets,OR,1.30056298761844,1.18246314265864,1.43045818828647,9.94688556229578e-08,34356,"Age, years, Male sex, Ever smoking (past/current), Ever alcohol (past/current)",2.0133868362302147e-07
ls_bmd,mets,OR,1.25787331221725,1.15923389112406,1.36490597946042,5.98940018751913e-08,34356,"Age, years, Male sex, Ever smoking (past/current), Ever alcohol (past/current)",1.2264341546768823e-07
insulin,mets,OR,2.92107468226575,2.74040580383098,3.11365465926455,3.71333185320456e-171,34356,"Age, years, Male sex, Ever smoking (past/current), Ever alcohol (past/current)",6.2876705706665676e-170
hsi,mets,OR,3.94882980392885,3.76800270145451,4.13833483038043,0.0,34356,"Age, years, Male sex, Ever smoking (past/current), Ever alcohol (past/current)",0.0
obesity,mets,OR,8.3177433052207,7.75993527456041,8.91564829391736,0.0,34356,"Age, years, Male sex, Ever smoking (past/current), Ever alcohol (past/current)",0.0
overweight,mets,OR,8.35414192285253,7.7245047350284,9.03510188176557,0.0,34356,"Age, years, Male sex, Ever smoking (past/current), Ever alcohol (past/current)",0.0
high_bodyfat,mets,OR,3.49502703142734,2.98993561169563,4.08544381445072,3.8715106068513e-45,34356,"Age, years, Male sex, Ever smoking (past/current), Ever alcohol (past/current)",1.9097283413627843e-44
sarcopenia,mets,OR,0.303134541596783,0.231671123827192,0.396642226234612,5.35931502694716e-17,34356,"Age, years, Male sex, Ever smoking (past/current), Ever alcohol (past/current)",1.4886046943933672e-16
high_ldl,mets,OR,1.18720503916313,1.0153809069296,1.38810548376015,0.0315550669911096,34356,"Age, years, Male sex, Ever smoking (past/current), Ever alcohol (past/current)",0.04261385964060123
ckd,mets,OR,2.47920353362946,2.17868115622071,2.82117929170639,6.62431844010111e-41,34356,"Age, years, Male sex, Ever smoking (past/current), Ever alcohol (past/current)",3.0497842543838053e-40
high_alt,mets,OR,4.74820460140214,4.28126139372466,5.2660757808021,2.3306348010336402e-167,34356,"Age, years, Male sex, Ever smoking (past/current), Ever alcohol (past/current)",3.871931966622869e-166
high_ast,mets,OR,3.102527732692,2.70891202280513,3.55333737348744,1.39305745603946e-57,34356,"Age, years, Male sex, Ever smoking (past/current), Ever alcohol (past/current)",8.430151821599619e-57
adv_fibrosis,mets,OR,0.728271284185175,0.617023995633998,0.859576073413084,0.0001810370381113,34356,"Age, years, Male sex, Ever smoking (past/current), Ever alcohol (past/current)",0.00030498885120697704
anemia,mets,OR,0.664794177473351,0.592597953604079,0.745786069146202,4.17040392322526e-12,34356,"Age, years, Male sex, Ever smoking (past/current), Ever alcohol (past/current)",1.0053499396029681e-11
leukocytosis,mets,OR,2.16399276279522,1.66176244070163,2.81801090380458,1.1109978068698e-08,34356,"Age, years, Male sex, Ever smoking (past/current), Ever alcohol (past/current)",2.3430744166439732e-08
vitd_deficiency,mets,OR,1.15002418308972,1.02238267789139,1.29360135914947,0.0200437424260363,34356,"Age, years, Male sex, Ever smoking (past/current), Ever alcohol (past/current)",0.02772743944402979
osteoporosis,mets,OR,0.731795520400891,0.586680492042252,0.912804654224369,0.0058516695978652,34356,"Age, years, Male sex, Ever smoking (past/current), Ever alcohol (past/current)",0.008663127500496526
smoking,mets,OR,1.354413933963,1.24128697218486,1.47785092860858,1.1251504588584698e-11,34356,"Age, years, Male sex",2.673940564169724e-11
alcohol,mets,OR,0.825588258394792,0.754428789113119,0.903459653495736,3.16796777635968e-05,34356,"Age, years, Male sex",5.6152906433511786e-05
current_smoking,mets,OR,1.39174402581332,1.28027989814919,1.51291247811295,1.1588822983069401e-14,34356,"Age, years, Male sex, Ever alcohol (past/current)",3.0211572573183146e-14
age,dyslipidemia,OR,1.68695732305781,1.64145332319382,1.73372277457221,4.3665253021839396e-251,36016,unadjusted,2.0235397518805047e-249
men,dyslipidemia,OR,0.796283042828258,0.757744966325945,0.836781123562205,3.9739754254092603e-19,36016,unadjusted,1.17026266290062e-18
bmi,dyslipidemia,OR,1.79192072104973,1.73537549068159,1.85030841323353,3.4903934203557497e-231,36016,"Age, years, Male sex",1.3218457662895646e-229
smoking,dyslipidemia,OR,1.20223039034253,1.11908350424166,1.29155501442459,5.0202425499141e-07,36016,"Age, years, Male sex",9.833867775749422e-07
alcohol,dyslipidemia,OR,0.771319483907052,0.706949672307692,0.841550352958793,5.79884226854288e-09,36016,"Age, years, Male sex",1.2430628405239213e-08
wc,dyslipidemia,OR,1.95583643904554,1.89067860758342,2.0232397833007,1.7318552194543e-265,36016,"Age, years, Male sex, Ever smoking (past/current), Ever alcohol (past/current)",9.10387176554932e-264
height,dyslipidemia,OR,0.950461291460481,0.909113056783097,0.99369012448389,0.0252356946811092,36016,"Age, years, Male sex, Ever smoking (past/current), Ever alcohol (past/current)",0.034503150879994796
weight,dyslipidemia,OR,1.79611812414969,1.73419711552096,1.86025007597241,4.53751765478401e-200,36016,"Age, years, Male sex, Ever smoking (past/current), Ever alcohol (past/current)",1.1021473917344332e-198
whtr,dyslipidemia,OR,2.01077844367047,1.94067962575222,2.08340928398351,4.87853691686639e-263,36016,"Age, years, Male sex, Ever smoking (past/current), Ever alcohol (past/current)",2.490174930609192e-261
fat_kg,dyslipidemia,OR,1.64619226247279,1.52911698005104,1.77223129451798,2.59548531633896e-34,36016,"Age, years, Male sex, Ever smoking (past/current), Ever alcohol (past/current)",1.0617072339309892e-33
lean_kg,dyslipidemia,OR,1.66216059554522,1.50351034686337,1.83755160125566,3.0637774349807303e-21,36016,"Age, years, Male sex, Ever smoking (past/current), Ever alcohol (past/current)",9.498788843311736e-21
asmm_kg,dyslipidemia,OR,1.54361631454274,1.38984299739954,1.71440323186198,4.35736821483099e-15,36016,"Age, years, Male sex, Ever smoking (past/current), Ever alcohol (past/current)",1.1512866356065076e-14
asmi,dyslipidemia,OR,1.57931860810435,1.43648173745533,1.73635849372031,1.54117002620318e-19,36016,"Age, years, Male sex, Ever smoking (past/current), Ever alcohol (past/current)",4.584460162405068e-19
bodyfat_pct,dyslipidemia,OR,1.85031962058255,1.68571577350782,2.03099641832762,4.63266754636552e-33,36016,"Age, years, Male sex, Ever smoking (past/current), Ever alcohol (past/current)",1.85201533465373e-32
asm_pct,dyslipidemia,OR,0.516587301678456,0.462528668132224,0.576964107615356,5.06140479848851e-28,36016,"Age, years, Male sex, Ever smoking (past/current), Ever alcohol (past/current)",1.8302122895561122e-27
obesity,dyslipidemia,OR,2.57414195699958,2.42978340062062,2.72707715967321,8.60654558430887e-194,36016,"Age, years, Male sex, Ever smoking (past/current), Ever alcohol (past/current)",1.9307167864927287e-192
overweight,dyslipidemia,OR,2.62605791171106,2.48463618265882,2.77552915142717,1.88508217079768e-215,36016,"Age, years, Male sex, Ever smoking (past/current), Ever alcohol (past/current)",6.091063674815989e-214
abdominal_obesity,dyslipidemia,OR,2.64798533327537,2.49212572978247,2.81359252522684,4.2894963729606497e-187,36016,"Age, years, Male sex, Ever smoking (past/current), Ever alcohol (past/current)",8.583867173617846e-186
central_obesity,dyslipidemia,OR,2.87673817216287,2.71949525666295,3.04307297131816,6.185724962610379e-244,36016,"Age, years, Male sex, Ever smoking (past/current), Ever alcohol (past/current)",2.6568443071114335e-242
high_bodyfat,dyslipidemia,OR,1.76633130601947,1.54239724947496,2.02277738999242,1.8677362973184903e-15,36016,"Age, years, Male sex, Ever smoking (past/current), Ever alcohol (past/current)",4.987238240451647e-15
sarcopenia,dyslipidemia,OR,0.599460870765499,0.491592781701478,0.730997990522061,6.1192845183189e-07,36016,"Age, years, Male sex, Ever smoking (past/current), Ever alcohol (past/current)",1.1946851481995102e-06
sbp,dyslipidemia,OR,1.07334651955457,1.04127831206811,1.10640233037386,4.99254983380043e-06,36016,"Age, years, Male sex, Body mass index, kg/m2, Ever smoking (past/current), Ever alcohol (past/current)",9.23032048012867e-06
dbp,dyslipidemia,OR,1.13119101292547,1.09965746361067,1.16362881175914,2.0322797967638102e-17,36016,"Age, years, Male sex, Body mass index, kg/m2, Ever smoking (past/current), Ever alcohol (past/current)",5.721574295924972e-17
glucose,dyslipidemia,OR,1.32773573927249,1.27215705517219,1.38574257492354,1.46763439649714e-37,36016,"Age, years, Male sex, Body mass index, kg/m2, Ever smoking (past/current), Ever alcohol (past/current)",6.365773823230205e-37
hba1c,dyslipidemia,OR,1.45729658907501,1.38409341660135,1.53437139650909,7.12136789093228e-45,36016,"Age, years, Male sex, Body mass index, kg/m2, Ever smoking (past/current), Ever alcohol (past/current)",3.4883807666013195e-44
homa_ir,dyslipidemia,OR,1.66032306069928,1.57104524107448,1.75467427278189,2.15909658190911e-64,36016,"Age, years, Male sex, Body mass index, kg/m2, Ever smoking (past/current), Ever alcohol (past/current)",1.4240333635737612e-63
alt,dyslipidemia,OR,1.31124691475002,1.24813519003176,1.37754987213981,1.55508966968741e-26,36016,"Age, years, Male sex, Body mass index, kg/m2, Ever smoking (past/current), Ever alcohol (past/current)",5.47155426237668e-26
ast,dyslipidemia,OR,1.142431851838,1.09796501412635,1.18869956629038,5.78906859138499e-11,36016,"Age, years, Male sex, Body mass index, kg/m2, Ever smoking (past/current), Ever alcohol (past/current)",1.3440408423769237e-10
creatinine,dyslipidemia,OR,1.06487710060191,0.977780941079837,1.15973137923308,0.14889267842263,36016,"Age, years, Male sex, Body mass index, kg/m2, Ever smoking (past/current), Ever alcohol (past/current)",0.1820833379876746
egfr,dyslipidemia,OR,0.900373200549065,0.863637088257782,0.938671939045992,8.39106768533587e-07,36016,"Age, years, Male sex, Body mass index, kg/m2, Ever smoking (past/current), Ever alcohol (past/current)",1.630079447752506e-06
hemoglobin,dyslipidemia,OR,1.14371706179926,1.10209759053747,1.18690824540575,1.5598278156366699e-12,36016,"Age, years, Male sex, Body mass index, kg/m2, Ever smoking (past/current), Ever alcohol (past/current)",3.820384955961301e-12
platelet,dyslipidemia,OR,1.11450222866251,1.08320627656272,1.14670238214945,1.14789670284668e-13,36016,"Age, years, Male sex, Body mass index, kg/m2, Ever smoking (past/current), Ever alcohol (past/current)",2.9148465662768615e-13
wbc,dyslipidemia,OR,1.24211464489881,1.20721237548161,1.27802598979867,1.70719393281451e-48,36016,"Age, years, Male sex, Body mass index, kg/m2, Ever smoking (past/current), Ever alcohol (past/current)",8.842260340253976e-48
fib4,dyslipidemia,OR,0.907082515629177,0.853380708829131,0.964163686438455,0.0017537210985161,36016,"Age, years, Male sex, Body mass index, kg/m2, Ever smoking (past/current), Ever alcohol (past/current)",0.002717380426297274
vitd,dyslipidemia,OR,0.954140839187376,0.90928315703571,1.00121148617013,0.0562899211791722,36016,"Age, years, Male sex, Body mass index, kg/m2, Ever smoking (past/current), Ever alcohol (past/current)",0.07304830596648655
fn_bmd,dyslipidemia,OR,0.922143483880346,0.844348301832431,1.00710643109902,0.0720942416468311,36016,"Age, years, Male sex, Body mass index, kg/m2, Ever smoking (past/current), Ever alcohol (past/current)",0.092165487869379
ls_bmd,dyslipidemia,OR,0.987434695257746,0.918027159910027,1.06208979426526,0.733968159825082,36016,"Age, years, Male sex, Body mass index, kg/m2, Ever smoking (past/current), Ever alcohol (past/current)",0.7695849535290082
insulin,dyslipidemia,OR,1.50002161939578,1.42160988196423,1.58275831309348,9.10527226424331e-46,36016,"Age, years, Male sex, Body mass index, kg/m2, Ever smoking (past/current), Ever alcohol (past/current)",4.516728016149991e-45
hsi,dyslipidemia,OR,1.945709427308,1.82763596431797,2.0714109644521,5.5584291140057e-90,36016,"Age, years, Male sex, Body mass index, kg/m2, Ever smoking (past/current), Ever alcohol (past/current)",4.833774651735327e-89
dm,dyslipidemia,OR,2.19086093972862,1.99842853460317,2.4018230194965,5.499549291191371e-60,36016,"Age, years, Male sex, Body mass index, kg/m2, Ever smoking (past/current), Ever alcohol (past/current)",3.4526582181062403e-59
prediabetes,dyslipidemia,OR,1.19672158766579,1.12897005461684,1.26853901264138,1.74217843459771e-09,36016,"Age, years, Male sex, Body mass index, kg/m2, Ever smoking (past/current), Ever alcohol (past/current)",3.82779316697014e-09
htn,dyslipidemia,OR,1.47128384737488,1.37607986176653,1.5730745138348,4.55099350060614e-29,36016,"Age, years, Male sex, Body mass index, kg/m2, Ever smoking (past/current), Ever alcohol (past/current)",1.6731314310161613e-28
insulin_resistance,dyslipidemia,OR,2.17290719145326,1.96611194249309,2.40145312208532,5.06488918853007e-48,36016,"Age, years, Male sex, Body mass index, kg/m2, Ever smoking (past/current), Ever alcohol (past/current)",2.6003702218663124e-47
ckd,dyslipidemia,OR,1.33885285466179,1.16234755174379,1.54216091714291,5.45798515495752e-05,36016,"Age, years, Male sex, Body mass index, kg/m2, Ever smoking (past/current), Ever alcohol (past/current)",9.525779839326255e-05
high_alt,dyslipidemia,OR,1.90796393568713,1.71231732976496,2.12596480605754,5.99460743990638e-31,36016,"Age, years, Male sex, Body mass index, kg/m2, Ever smoking (past/current), Ever alcohol (past/current)",2.294892109059812e-30
high_ast,dyslipidemia,OR,1.55050080437809,1.35433339869814,1.77508193085102,2.41507790711376e-10,36016,"Age, years, Male sex, Body mass index, kg/m2, Ever smoking (past/current), Ever alcohol (past/current)",5.484142094683858e-10
adv_fibrosis,dyslipidemia,OR,0.810984636507362,0.695448960297859,0.945714377614842,0.0075883998337189,36016,"Age, years, Male sex, Body mass index, kg/m2, Ever smoking (past/current), Ever alcohol (past/current)",0.01105307866598758
anemia,dyslipidemia,OR,0.949908412003729,0.865249992383052,1.04285004234473,0.28066659653615,36016,"Age, years, Male sex, Body mass index, kg/m2, Ever smoking (past/current), Ever alcohol (past/current)",0.32699561792931536
leukocytosis,dyslipidemia,OR,1.74596360374247,1.36846529206524,2.22759680005686,7.61874373951282e-06,36016,"Age, years, Male sex, Body mass index, kg/m2, Ever smoking (past/current), Ever alcohol (past/current)",1.3924865309062872e-05
vitd_deficiency,dyslipidemia,OR,1.11621873226368,1.00672513410048,1.23762109045742,0.0370866417281509,36016,"Age, years, Male sex, Body mass index, kg/m2, Ever smoking (past/current), Ever alcohol (past/current)",0.04960848923909892
osteoporosis,dyslipidemia,OR,1.12466359811878,0.899519508645011,1.40615984064516,0.303160030567026,36016,"Age, years, Male sex, Body mass index, kg/m2, Ever smoking (past/current), Ever alcohol (past/current)",0.3511113540470456
current_smoking,dyslipidemia,OR,1.42878672440182,1.32482023137176,1.54091208413472,3.96152923094061e-20,36016,"Age, years, Male sex, Body mass index, kg/m2, Ever alcohol (past/current)",1.1904868559191834e-19
age,low_hdl,OR,1.30656484415006,1.27037331542866,1.34378742943986,1.8490138012974802e-73,35794,unadjusted,1.3652466683793974e-72
men,low_hdl,OR,0.564668719529612,0.535720487320111,0.595181200573888,1.55342937483101e-93,35794,unadjusted,1.3992783268938152e-92
bmi,low_hdl,OR,1.54378184252117,1.49981149162036,1.5890412832637,4.9444515496357705e-167,35794,"Age, years, Male sex",8.175755097566752e-166
smoking,low_hdl,OR,1.04168168160865,0.963968789848715,1.12565960353272,0.302003951152235,35794,"Age, years, Male sex",0.34988747235466167
alcohol,low_hdl,OR,0.643625144582567,0.591390636817845,0.700473259042357,4.83378674162078e-24,35794,"Age, years, Male sex",1.6000560999989085e-23
wc,low_hdl,OR,1.6292749075936,1.5792712006212,1.68086185796966,2.6965660028438497e-179,35794,"Age, years, Male sex, Ever smoking (past/current), Ever alcohol (past/current)",4.946513261466687e-178
height,low_hdl,OR,0.924730666712157,0.88267087860209,0.968794628539461,0.0009966223713056,35794,"Age, years, Male sex, Ever smoking (past/current), Ever alcohol (past/current)",0.0015832674748481384
weight,low_hdl,OR,1.54669809622345,1.49587990193519,1.59924269172037,2.34211254023658e-130,35794,"Age, years, Male sex, Ever smoking (past/current), Ever alcohol (past/current)",2.8153311831785786e-129
whtr,low_hdl,OR,1.66512994049642,1.6131107885718,1.71882659168899,2.3509680511122797e-187,35794,"Age, years, Male sex, Ever smoking (past/current), Ever alcohol (past/current)",4.7586836069065796e-186
fat_kg,low_hdl,OR,1.44941532543705,1.35512170149572,1.55027019587467,1.58033619359235e-24,35794,"Age, years, Male sex, Ever smoking (past/current), Ever alcohol (past/current)",5.336475622082701e-24
lean_kg,low_hdl,OR,1.54495754004458,1.39315768290172,1.7132976617328,1.6303974308344802e-15,35794,"Age, years, Male sex, Ever smoking (past/current), Ever alcohol (past/current)",4.360106113438906e-15
asmm_kg,low_hdl,OR,1.49175852418565,1.33749362979844,1.66381614454186,2.66599740846653e-12,35794,"Age, years, Male sex, Ever smoking (past/current), Ever alcohol (past/current)",6.480084798218853e-12
asmi,low_hdl,OR,1.50120896883238,1.36042420294248,1.65656297736277,5.1185916602004905e-15,35794,"Age, years, Male sex, Ever smoking (past/current), Ever alcohol (past/current)",1.3483679751104058e-14
bodyfat_pct,low_hdl,OR,1.56314745465265,1.43202813111369,1.70627232237876,1.77122167472628e-21,35794,"Age, years, Male sex, Ever smoking (past/current), Ever alcohol (past/current)",5.545104656343074e-21
asm_pct,low_hdl,OR,0.643192334096408,0.581303615114617,0.711670059988904,1.68671861198021e-16,35794,"Age, years, Male sex, Ever smoking (past/current), Ever alcohol (past/current)",4.612284900150853e-16
obesity,low_hdl,OR,2.08467189227343,1.96816608451043,2.20807427413621,2.1373422759021799e-125,35794,"Age, years, Male sex, Ever smoking (past/current), Ever alcohol (past/current)",2.4600390508913326e-124
overweight,low_hdl,OR,2.19781320236109,2.07329292478037,2.32981206598406,2.165410536612e-138,35794,"Age, years, Male sex, Ever smoking (past/current), Ever alcohol (past/current)",2.8351583308354885e-137
abdominal_obesity,low_hdl,OR,2.06723996940926,1.94720542672952,2.19467398378239,1.96830802554518e-114,35794,"Age, years, Male sex, Ever smoking (past/current), Ever alcohol (past/current)",2.0693674226776487e-113
central_obesity,low_hdl,OR,2.37050938874097,2.23057162447265,2.5192263276628,6.0069785529127905e-151,35794,"Age, years, Male sex, Ever smoking (past/current), Ever alcohol (past/current)",8.742387794776384e-150
high_bodyfat,low_hdl,OR,1.57355719036494,1.38271235135524,1.79074283159639,1.9819287933488897e-11,35794,"Age, years, Male sex, Ever smoking (past/current), Ever alcohol (past/current)",4.678520918347714e-11
sarcopenia,low_hdl,OR,0.603667999249051,0.484975037651192,0.751409918090362,7.85382555231485e-06,35794,"Age, years, Male sex, Ever smoking (past/current), Ever alcohol (past/current)",1.4332214298058497e-05
sbp,low_hdl,OR,0.955367963555253,0.925606145648939,0.986086739028511,0.0047202694511933,35794,"Age, years, Male sex, Body mass index, kg/m2, Ever smoking (past/current), Ever alcohol (past/current)",0.007038437344243354
dbp,low_hdl,OR,0.992438219334862,0.964202862627233,1.02150040968851,0.606279161064759,35794,"Age, years, Male sex, Body mass index, kg/m2, Ever smoking (past/current), Ever alcohol (past/current)",0.6506140174497504
glucose,low_hdl,OR,1.1512235810827,1.11550010622746,1.18809108689643,3.3690223705829197e-18,35794,"Age, years, Male sex, Body mass index, kg/m2, Ever smoking (past/current), Ever alcohol (past/current)",9.710062838946845e-18
hba1c,low_hdl,OR,1.26407437212293,1.21969584724737,1.31006760567736,1.01209475089559e-36,35794,"Age, years, Male sex, Body mass index, kg/m2, Ever smoking (past/current), Ever alcohol (past/current)",4.336493567705922e-36
homa_ir,low_hdl,OR,1.61205791542204,1.52860886809319,1.70006257121651,4.2406949926250005e-62,35794,"Age, years, Male sex, Body mass index, kg/m2, Ever smoking (past/current), Ever alcohol (past/current)",2.7155868661864095e-61
tg,low_hdl,OR,2.22437289567641,2.09126149137435,2.36595700701599,1.3318819761073499e-128,35794,"Age, years, Male sex, Body mass index, kg/m2, Ever smoking (past/current), Ever alcohol (past/current)",1.5741235972651296e-127
alt,low_hdl,OR,1.09471145482764,1.05827060800299,1.13240711805488,1.7311629221923e-07,35794,"Age, years, Male sex, Body mass index, kg/m2, Ever smoking (past/current), Ever alcohol (past/current)",3.4741628558183937e-07
ast,low_hdl,OR,0.988922925924314,0.958341376321854,1.02048036073761,0.487098474522181,35794,"Age, years, Male sex, Body mass index, kg/m2, Ever smoking (past/current), Ever alcohol (past/current)",0.5351237938015874
creatinine,low_hdl,OR,1.09329846634259,0.997259243723644,1.19858657017201,0.0573459383008653,35794,"Age, years, Male sex, Body mass index, kg/m2, Ever smoking (past/current), Ever alcohol (past/current)",0.07433654571058064
egfr,low_hdl,OR,0.877128679924984,0.840715584721498,0.915118900052039,1.5521214215725e-09,35794,"Age, years, Male sex, Body mass index, kg/m2, Ever smoking (past/current), Ever alcohol (past/current)",3.41447323346555e-09
hemoglobin,low_hdl,OR,0.98820220855983,0.950560354992336,1.0273346662037,0.549244072342409,35794,"Age, years, Male sex, Body mass index, kg/m2, Ever smoking (past/current), Ever alcohol (past/current)",0.596496337585558
platelet,low_hdl,OR,1.01974760516764,0.989838003752721,1.05056097492991,0.198022568836506,35794,"Age, years, Male sex, Body mass index, kg/m2, Ever smoking (past/current), Ever alcohol (past/current)",0.2366594799600184
wbc,low_hdl,OR,1.19465934561735,1.16232293401314,1.22789537253916,5.0441886972722595e-36,35794,"Age, years, Male sex, Body mass index, kg/m2, Ever smoking (past/current), Ever alcohol (past/current)",2.1301717735962707e-35
fib4,low_hdl,OR,0.941197089470753,0.881013356691312,1.005492089876,0.0723570137855669,35794,"Age, years, Male sex, Body mass index, kg/m2, Ever smoking (past/current), Ever alcohol (past/current)",0.09246785288561923
vitd,low_hdl,OR,0.937762562086435,0.890600371637844,0.987422250042038,0.0148061666747346,35794,"Age, years, Male sex, Body mass index, kg/m2, Ever smoking (past/current), Ever alcohol (past/current)",0.020767550389651637
fn_bmd,low_hdl,OR,0.929881206765874,0.849689493674407,1.01764122674641,0.114781729279025,35794,"Age, years, Male sex, Body mass index, kg/m2, Ever smoking (past/current), Ever alcohol (past/current)",0.14244582470779635
ls_bmd,low_hdl,OR,1.00968461596183,0.941400237479437,1.082921995473,0.78745498609554,35794,"Age, years, Male sex, Body mass index, kg/m2, Ever smoking (past/current), Ever alcohol (past/current)",0.8198097726953864
insulin,low_hdl,OR,1.55336287163292,1.47655805199012,1.63416277992963,1.50454498543695e-58,35794,"Age, years, Male sex, Body mass index, kg/m2, Ever smoking (past/current), Ever alcohol (past/current)",9.231720276496408e-58
hsi,low_hdl,OR,1.57953184902665,1.48714385427729,1.67765939718186,3.16212455647312e-48,35794,"Age, years, Male sex, Body mass index, kg/m2, Ever smoking (past/current), Ever alcohol (past/current)",1.6306006863687155e-47
dm,low_hdl,OR,1.55052970566048,1.42517295870006,1.68691270309286,5.17553031768375e-24,35794,"Age, years, Male sex, Body mass index, kg/m2, Ever smoking (past/current), Ever alcohol (past/current)",1.7083615537846452e-23
prediabetes,low_hdl,OR,0.960031054569414,0.904078648195378,1.01944629217533,0.183172651637103,35794,"Age, years, Male sex, Body mass index, kg/m2, Ever smoking (past/current), Ever alcohol (past/current)",0.22034710069257965
htn,low_hdl,OR,1.01743620090089,0.951761584359043,1.08764257763226,0.611667602258129,35794,"Age, years, Male sex, Body mass index, kg/m2, Ever smoking (past/current), Ever alcohol (past/current)",0.6555974726576781
high_tg,low_hdl,OR,3.75682615514898,3.50891909492549,4.02224798526203,1.02667978799076e-256,35794,"Age, years, Male sex, Body mass index, kg/m2, Ever smoking (past/current), Ever alcohol (past/current)",4.886440828788454e-255
insulin_resistance,low_hdl,OR,1.9725204737584,1.78609012329879,2.17841024293328,2.18383434634722e-38,35794,"Age, years, Male sex, Body mass index, kg/m2, Ever smoking (past/current), Ever alcohol (past/current)",9.566498218700134e-38
ckd,low_hdl,OR,1.32487509649171,1.15966214699005,1.51362534843432,3.65200444936606e-05,35794,"Age, years, Male sex, Body mass index, kg/m2, Ever smoking (past/current), Ever alcohol (past/current)",6.434397033850558e-05
high_alt,low_hdl,OR,1.43698518695691,1.29825198268385,1.5905436348842,3.19192310209744e-12,35794,"Age, years, Male sex, Body mass index, kg/m2, Ever smoking (past/current), Ever alcohol (past/current)",7.737063431236878e-12
high_ast,low_hdl,OR,1.14428293759708,1.00160128908613,1.30729009191921,0.0474006279616912,35794,"Age, years, Male sex, Body mass index, kg/m2, Ever smoking (past/current), Ever alcohol (past/current)",0.062223261901258445
adv_fibrosis,low_hdl,OR,1.02916381590215,0.881197144060615,1.20197638757828,0.716640177093466,35794,"Age, years, Male sex, Body mass index, kg/m2, Ever smoking (past/current), Ever alcohol (past/current)",0.7544595766108677
anemia,low_hdl,OR,1.14888776696954,1.04586950481452,1.26205333936601,0.0038117067014801,35794,"Age, years, Male sex, Body mass index, kg/m2, Ever smoking (past/current), Ever alcohol (past/current)",0.005727316980636908
leukocytosis,low_hdl,OR,1.52982602178708,1.19333421195695,1.96120050316742,0.0008049196165704,35794,"Age, years, Male sex, Body mass index, kg/m2, Ever smoking (past/current), Ever alcohol (past/current)",0.001291538446269225
vitd_deficiency,low_hdl,OR,1.12517386276886,1.01229000556006,1.25064577789421,0.0289838876118659,35794,"Age, years, Male sex, Body mass index, kg/m2, Ever smoking (past/current), Ever alcohol (past/current)",0.039292244868742
osteoporosis,low_hdl,OR,1.11159587455421,0.907593749756317,1.36145206889943,0.306982898377598,35794,"Age, years, Male sex, Body mass index, kg/m2, Ever smoking (past/current), Ever alcohol (past/current)",0.3550718450200001
current_smoking,low_hdl,OR,1.38531221556736,1.27635033062404,1.503576164439,8.709905118085731e-15,35794,"Age, years, Male sex, Body mass index, kg/m2, Ever alcohol (past/current)",2.2773783092723046e-14
age,high_tg,OR,1.24106536479481,1.20770001289241,1.27535250745292,2.5252133564787e-52,34799,unadjusted,1.3896564752371846e-51
men,high_tg,OR,2.44301697356844,2.31273621047402,2.58063669609783,3.82973928400491e-192,34799,unadjusted,8.326136887818081e-191
bmi,high_tg,OR,1.78909796725542,1.73319916314378,1.8467996087833,4.9653446860329196e-234,34799,"Age, years, Male sex",1.9649375263154993e-232
smoking,high_tg,OR,1.66443315597701,1.53854187888721,1.800625494003,5.50461429377648e-36,34799,"Age, years, Male sex",2.3218265320575764e-35
alcohol,high_tg,OR,0.915931229384984,0.833515967524038,1.00649543577999,0.0680414244341788,34799,"Age, years, Male sex",0.08733305279051666
wc,high_tg,OR,1.98665155714697,1.91834096956877,2.05739463011193,1.39245713485729e-261,34799,"Age, years, Male sex, Ever smoking (past/current), Ever alcohol (past/current)",6.90431329547751e-260
height,high_tg,OR,0.985955821815141,0.939401078081985,1.03481772083546,0.566601564574362,34799,"Age, years, Male sex, Ever smoking (past/current), Ever alcohol (past/current)",0.6132669669425024
weight,high_tg,OR,1.81195787616082,1.74735361108743,1.87895073106466,1.39336319091483e-193,34799,"Age, years, Male sex, Ever smoking (past/current), Ever alcohol (past/current)",3.0864309172339815e-192
whtr,high_tg,OR,2.0323462638964,1.96115131717204,2.10612577428737,1.96812644445181e-267,34799,"Age, years, Male sex, Ever smoking (past/current), Ever alcohol (past/current)",1.0830845839623866e-265
fat_kg,high_tg,OR,1.78020389013506,1.64397923349014,1.92771649780757,2.02880705689864e-38,34799,"Age, years, Male sex, Ever smoking (past/current), Ever alcohol (past/current)",8.898453865998767e-38
lean_kg,high_tg,OR,1.88287326689641,1.67512475835154,2.11638668792762,9.47153863613397e-24,34799,"Age, years, Male sex, Ever smoking (past/current), Ever alcohol (past/current)",3.1060297091679555e-23
asmm_kg,high_tg,OR,1.75427377759339,1.55095380859087,1.98424767372528,8.38371584130646e-18,34799,"Age, years, Male sex, Ever smoking (past/current), Ever alcohol (past/current)",2.3850926650308038e-17
asmi,high_tg,OR,1.77207421209575,1.59737479740151,1.96587990387923,1.71988530341071e-24,34799,"Age, years, Male sex, Ever smoking (past/current), Ever alcohol (past/current)",5.8021417994372795e-24
bodyfat_pct,high_tg,OR,2.12465647473347,1.91798521759327,2.35359745957342,1.91885012771664e-39,34799,"Age, years, Male sex, Ever smoking (past/current), Ever alcohol (past/current)",8.554671075718995e-39
asm_pct,high_tg,OR,0.46176226148124,0.410102980374351,0.519928886967934,2.61285277686742e-32,34799,"Age, years, Male sex, Ever smoking (past/current), Ever alcohol (past/current)",1.0293587785377016e-31
obesity,high_tg,OR,2.7194010455116,2.56211411436401,2.88634374435944,4.39237345200653e-202,34799,"Age, years, Male sex, Ever smoking (past/current), Ever alcohol (past/current)",1.1049956641405e-200
overweight,high_tg,OR,2.98413341230391,2.79726364136107,3.18348692299009,1.94156165144431e-204,34799,"Age, years, Male sex, Ever smoking (past/current), Ever alcohol (past/current)",5.219984836936535e-203
abdominal_obesity,high_tg,OR,2.74686667380091,2.57939502358952,2.92521170841758,2.65414519104843e-187,34799,"Age, years, Male sex, Ever smoking (past/current), Ever alcohol (past/current)",5.341656778784326e-186
central_obesity,high_tg,OR,3.29738550380964,3.08549916043036,3.52382243371521,2.77742192391039e-226,34799,"Age, years, Male sex, Ever smoking (past/current), Ever alcohol (past/current)",9.981714302053463e-225
high_bodyfat,high_tg,OR,2.08329201237033,1.80625958780152,2.40281388019569,8.48787940991725e-22,34799,"Age, years, Male sex, Ever smoking (past/current), Ever alcohol (past/current)",2.6787017277534544e-21
sarcopenia,high_tg,OR,0.482396860007547,0.379612258910478,0.613011632482657,4.82708219194105e-09,34799,"Age, years, Male sex, Ever smoking (past/current), Ever alcohol (past/current)",1.0398155033649161e-08
sbp,high_tg,OR,1.2740436989085,1.22999196747635,1.31967312766997,2.8619323790572298e-40,34799,"Age, years, Male sex, Body mass index, kg/m2, Ever smoking (past/current), Ever alcohol (past/current)",1.2906179051267045e-39
dbp,high_tg,OR,1.40676523058068,1.36043506728129,1.45467318622237,2.8869328230837798e-83,34799,"Age, years, Male sex, Body mass index, kg/m2, Ever smoking (past/current), Ever alcohol (past/current)",2.3591130865199705e-82
glucose,high_tg,OR,1.3123579161656,1.26771346659915,1.35857458763362,1.8718541145190102e-51,34799,"Age, years, Male sex, Body mass index, kg/m2, Ever smoking (past/current), Ever alcohol (past/current)",1.0173873752061657e-50
hba1c,high_tg,OR,1.29512882899673,1.24882605351016,1.34314837441433,1.3991973257293899e-42,34799,"Age, years, Male sex, Body mass index, kg/m2, Ever smoking (past/current), Ever alcohol (past/current)",6.59701871649118e-42
homa_ir,high_tg,OR,1.68601108213874,1.59426687671818,1.78303482974335,2.19847669839316e-66,34799,"Age, years, Male sex, Body mass index, kg/m2, Ever smoking (past/current), Ever alcohol (past/current)",1.4805038110402887e-65
tchol,high_tg,OR,1.774644981643,1.71945685897553,1.83160443626779,2.05506541665321e-230,34799,"Age, years, Male sex, Body mass index, kg/m2, Ever smoking (past/current), Ever alcohol (past/current)",7.699936593034686e-229
hdl,high_tg,OR,0.381416504550997,0.36367180930927,0.400027019471791,4.59248036726555e-275,34799,"Age, years, Male sex, Body mass index, kg/m2, Ever smoking (past/current), Ever alcohol (past/current)",2.6515927628703712e-273
ldl,high_tg,OR,1.24546186769054,1.18896669069013,1.30464148072209,4.32721192594341e-20,34799,"Age, years, Male sex, Body mass index, kg/m2, Ever smoking (past/current), Ever alcohol (past/current)",1.2992702816003997e-19
nonhdl,high_tg,OR,2.35809272851622,2.27597144805537,2.44317709742454,0.0,34799,"Age, years, Male sex, Body mass index, kg/m2, Ever smoking (past/current), Ever alcohol (past/current)",0.0
alt,high_tg,OR,1.387157136739,1.31809187356932,1.45984127555183,2.8844057614987604e-35,34799,"Age, years, Male sex, Body mass index, kg/m2, Ever smoking (past/current), Ever alcohol (past/current)",1.2050862505336457e-34
ast,high_tg,OR,1.23757632998642,1.18216243557361,1.29558775211758,1.36914411115193e-19,34799,"Age, years, Male sex, Body mass index, kg/m2, Ever smoking (past/current), Ever alcohol (past/current)",4.079632453026309e-19
creatinine,high_tg,OR,0.995577642004361,0.962656194776112,1.02962495503338,0.796166872280993,34799,"Age, years, Male sex, Body mass index, kg/m2, Ever smoking (past/current), Ever alcohol (past/current)",0.8271680602282174
egfr,high_tg,OR,0.982159865909462,0.938344505484943,1.02802115487932,0.439526931524889,34799,"Age, years, Male sex, Body mass index, kg/m2, Ever smoking (past/current), Ever alcohol (past/current)",0.48872930263302133
hemoglobin,high_tg,OR,1.5118020655132,1.44465439094173,1.58207077043533,1.4806392062785401e-67,34799,"Age, years, Male sex, Body mass index, kg/m2, Ever smoking (past/current), Ever alcohol (past/current)",1.0086675598671215e-66
platelet,high_tg,OR,1.23412277546738,1.19623956395986,1.27320569458979,8.99793469155826e-39,34799,"Age, years, Male sex, Body mass index, kg/m2, Ever smoking (past/current), Ever alcohol (past/current)",3.981246982872888e-38
wbc,high_tg,OR,1.36287615680126,1.31946733657875,1.4077130727567,4.2458857078022704e-74,34799,"Age, years, Male sex, Body mass index, kg/m2, Ever smoking (past/current), Ever alcohol (past/current)",3.174948930547685e-73
fib4,high_tg,OR,0.797303880848121,0.716264464959164,0.88751223816711,3.54314092113786e-05,34799,"Age, years, Male sex, Body mass index, kg/m2, Ever smoking (past/current), Ever alcohol (past/current)",6.258245899823241e-05
vitd,high_tg,OR,0.932150632461905,0.883603279742827,0.983365296982629,0.0101572744709863,34799,"Age, years, Male sex, Body mass index, kg/m2, Ever smoking (past/current), Ever alcohol (past/current)",0.014548158067024704
fn_bmd,high_tg,OR,0.796223019800574,0.725144702403536,0.874268397961137,2.37814617074198e-06,34799,"Age, years, Male sex, Body mass index, kg/m2, Ever smoking (past/current), Ever alcohol (past/current)",4.498297966355131e-06
ls_bmd,high_tg,OR,0.891361490027886,0.819795253843591,0.969175293684147,0.0073257673946499,34799,"Age, years, Male sex, Body mass index, kg/m2, Ever smoking (past/current), Ever alcohol (past/current)",0.010692645157048052
insulin,high_tg,OR,1.57849028389961,1.49400438418579,1.66775385851585,4.74307258206287e-54,34799,"Age, years, Male sex, Body mass index, kg/m2, Ever smoking (past/current), Ever alcohol (past/current)",2.7251389288785364e-53
hsi,high_tg,OR,1.96948150754654,1.84954505548442,2.09719541411866,2.1811992142079796e-92,34799,"Age, years, Male sex, Body mass index, kg/m2, Ever smoking (past/current), Ever alcohol (past/current)",1.949792800111803e-91
dm,high_tg,OR,1.50341940425852,1.37457629771211,1.64433935668985,8.10630336981155e-19,34799,"Age, years, Male sex, Body mass index, kg/m2, Ever smoking (past/current), Ever alcohol (past/current)",2.3634437473904207e-18
prediabetes,high_tg,OR,1.31685736880071,1.23530713396858,1.40379123707775,4.98862666748716e-17,34799,"Age, years, Male sex, Body mass index, kg/m2, Ever smoking (past/current), Ever alcohol (past/current)",1.387831210338845e-16
htn,high_tg,OR,1.32234893337117,1.23024768075405,1.42134525343392,4.42830399844944e-14,34799,"Age, years, Male sex, Body mass index, kg/m2, Ever smoking (past/current), Ever alcohol (past/current)",1.1359422201412183e-13
low_hdl,high_tg,OR,3.78680166711526,3.53634652426122,4.0549948280486,3.0800927054619e-258,34799,"Age, years, Male sex, Body mass index, kg/m2, Ever smoking (past/current), Ever alcohol (past/current)",1.4860392477584672e-256
high_ldl,high_tg,OR,1.66646877048722,1.42615894755686,1.94727114236926,1.57547977134544e-10,34799,"Age, years, Male sex, Body mass index, kg/m2, Ever smoking (past/current), Ever alcohol (past/current)",3.603142697843273e-10
high_nonhdl,high_tg,OR,4.82100688585202,4.3493277796185,5.34383899561399,7.420686219484321e-172,34799,"Age, years, Male sex, Body mass index, kg/m2, Ever smoking (past/current), Ever alcohol (past/current)",1.2749100909767695e-170
insulin_resistance,high_tg,OR,2.30885183222458,2.08695610791166,2.55434063177359,7.42827845044914e-54,34799,"Age, years, Male sex, Body mass index, kg/m2, Ever smoking (past/current), Ever alcohol (past/current)",4.247142321831472e-53
ckd,high_tg,OR,1.26117260854305,1.09740859342027,1.44937478900365,0.0010984157140297,34799,"Age, years, Male sex, Body mass index, kg/m2, Ever smoking (past/current), Ever alcohol (past/current)",0.0017363645174203787
high_alt,high_tg,OR,2.24059706180137,2.01469211747757,2.49183244913789,2.65154654922854e-48,34799,"Age, years, Male sex, Body mass index, kg/m2, Ever smoking (past/current), Ever alcohol (past/current)",1.3693177340737414e-47
high_ast,high_tg,OR,1.91373355139615,1.67129826703376,2.19133602779313,1.15821179133343e-20,34799,"Age, years, Male sex, Body mass index, kg/m2, Ever smoking (past/current), Ever alcohol (past/current)",3.547149503544644e-20
adv_fibrosis,high_tg,OR,0.62504427737478,0.522705550109082,0.747419553125907,2.76700778448305e-07,34799,"Age, years, Male sex, Body mass index, kg/m2, Ever smoking (past/current), Ever alcohol (past/current)",5.496560302847886e-07
anemia,high_tg,OR,0.601245330160083,0.530060687186387,0.681989733964544,3.54008878295126e-15,34799,"Age, years, Male sex, Body mass index, kg/m2, Ever smoking (past/current), Ever alcohol (past/current)",9.38163483337422e-15
leukocytosis,high_tg,OR,1.60988640398441,1.27298544250722,2.03594962455288,7.21561819261558e-05,34799,"Age, years, Male sex, Body mass index, kg/m2, Ever smoking (past/current), Ever alcohol (past/current)",0.0001248816082279709
vitd_deficiency,high_tg,OR,1.15112383418691,1.0310050319003,1.28523725940583,0.0124511894872478,34799,"Age, years, Male sex, Body mass index, kg/m2, Ever smoking (past/current), Ever alcohol (past/current)",0.017647118460397085
osteoporosis,high_tg,OR,1.15270921805291,0.922909876510515,1.4397272964594,0.210922797486105,34799,"Age, years, Male sex, Body mass index, kg/m2, Ever smoking (past/current), Ever alcohol (past/current)",0.2507155223577664
current_smoking,high_tg,OR,1.91015486067069,1.76644218616305,2.06555958656609,1.10716215676575e-56,34799,"Age, years, Male sex, Body mass index, kg/m2, Ever alcohol (past/current)",6.620416156415911e-56
age,high_ldl,OR,1.04994280763264,0.988403591315715,1.11531353081395,0.113905055431578,12077,unadjusted,0.14140768601692552
men,high_ldl,OR,1.05297557062936,0.922885950926855,1.20140256900508,0.443020659042101,12077,unadjusted,0.4919037708531777
bmi,high_ldl,OR,1.28848229422203,1.21089915943017,1.37103623335978,1.9739042286177e-15,12077,"Age, years, Male sex",5.266735373629954e-15
smoking,high_ldl,OR,0.980138104843614,0.809409700129317,1.18687817110784,0.837237617725514,12077,"Age, years, Male sex",0.8627123726241253
alcohol,high_ldl,OR,1.12240327947757,0.886378377779977,1.42127690990982,0.337830100425943,12077,"Age, years, Male sex",0.38744305232828763
wc,high_ldl,OR,1.3102307351505,1.21835712584227,1.40903232961866,4.45189895567655e-13,12077,"Age, years, Male sex, Ever smoking (past/current), Ever alcohol (past/current)",1.1120275263753766e-12
height,high_ldl,OR,0.955916191846116,0.852873787254854,1.0714079615165,0.438570835170085,12077,"Age, years, Male sex, Ever smoking (past/current), Ever alcohol (past/current)",0.4878858122138469
weight,high_ldl,OR,1.29818354589926,1.20606875431772,1.39733370324891,4.78551979134428e-12,12077,"Age, years, Male sex, Ever smoking (past/current), Ever alcohol (past/current)",1.149699911672207e-11
whtr,high_ldl,OR,1.31873243233536,1.22576520407748,1.41875068920884,1.68583646760652e-13,12077,"Age, years, Male sex, Ever smoking (past/current), Ever alcohol (past/current)",4.265456924504428e-13
fat_kg,high_ldl,OR,1.2760054560017,1.05546879187764,1.54262251643615,0.0122217709834055,12077,"Age, years, Male sex, Ever smoking (past/current), Ever alcohol (past/current)",0.01735688604982023
lean_kg,high_ldl,OR,1.07030543937821,0.750711786567507,1.52595677070746,0.707519663665297,12077,"Age, years, Male sex, Ever smoking (past/current), Ever alcohol (past/current)",0.7458498220380653
asmm_kg,high_ldl,OR,1.11354155822419,0.75974226028694,1.63209928775589,0.58172200215925,12077,"Age, years, Male sex, Ever smoking (past/current), Ever alcohol (past/current)",0.6278960746567203
asmi,high_ldl,OR,1.16950129423289,0.829696619778031,1.64847396579526,0.371873905919076,12077,"Age, years, Male sex, Ever smoking (past/current), Ever alcohol (past/current)",0.4226330741035772
bodyfat_pct,high_ldl,OR,1.53202325744487,1.11970015741988,2.09618195174715,0.0079825688630939,12077,"Age, years, Male sex, Ever smoking (past/current), Ever alcohol (past/current)",0.01158149646107714
asm_pct,high_ldl,OR,0.684396918540404,0.475080002746369,0.985937398753583,0.0424340816552629,12077,"Age, years, Male sex, Ever smoking (past/current), Ever alcohol (past/current)",0.05629108685116231
obesity,high_ldl,OR,1.38620593205346,1.20323168560847,1.59700489028302,6.45755728327804e-06,12077,"Age, years, Male sex, Ever smoking (past/current), Ever alcohol (past/current)",1.1857933655737882e-05
overweight,high_ldl,OR,1.58492492561887,1.35064575485341,1.85984149494522,1.88086363373358e-08,12077,"Age, years, Male sex, Ever smoking (past/current), Ever alcohol (past/current)",3.931395678344017e-08
abdominal_obesity,high_ldl,OR,1.33655636234061,1.15077136607961,1.55233520955508,0.0001491112903516,12077,"Age, years, Male sex, Ever smoking (past/current), Ever alcohol (past/current)",0.00025309395885220973
central_obesity,high_ldl,OR,1.46142265980187,1.23662061435487,1.72709088445576,8.91905806545127e-06,12077,"Age, years, Male sex, Ever smoking (past/current), Ever alcohol (past/current)",1.6192228096144007e-05
high_bodyfat,high_ldl,OR,1.54289749644992,1.00406506357389,2.37089484627431,0.0485874301895394,12077,"Age, years, Male sex, Ever smoking (past/current), Ever alcohol (past/current)",0.06366254803852595
sarcopenia,high_ldl,OR,1.15072965211353,0.594433386943017,2.22763182778671,0.677210528635311,12077,"Age, years, Male sex, Ever smoking (past/current), Ever alcohol (past/current)",0.716902759799689
sbp,high_ldl,OR,1.0320775780247,0.947252069599167,1.12449912884547,0.47063398771817,12077,"Age, years, Male sex, Body mass index, kg/m2, Ever smoking (past/current), Ever alcohol (past/current)",0.5199413126547662
dbp,high_ldl,OR,1.17645490598228,1.09241355309363,1.26696171233895,1.80189527706868e-05,12077,"Age, years, Male sex, Body mass index, kg/m2, Ever smoking (past/current), Ever alcohol (past/current)",3.231301000934772e-05
glucose,high_ldl,OR,1.02595174694798,0.951785209073085,1.10589760907367,0.503419161887325,12077,"Age, years, Male sex, Body mass index, kg/m2, Ever smoking (past/current), Ever alcohol (past/current)",0.5511477426693064
hba1c,high_ldl,OR,1.07325409973184,0.991680998792924,1.16153719189263,0.0797804478859393,12077,"Age, years, Male sex, Body mass index, kg/m2, Ever smoking (past/current), Ever alcohol (past/current)",0.10147588929370828
homa_ir,high_ldl,OR,0.98844882135997,0.866977978633793,1.12693874184388,0.862167375903394,12077,"Age, years, Male sex, Body mass index, kg/m2, Ever smoking (past/current), Ever alcohol (past/current)",0.882975719084546
tg,high_ldl,OR,0.97373636178195,0.92918566646558,1.02042308278705,0.265454692789378,12077,"Age, years, Male sex, Body mass index, kg/m2, Ever smoking (past/current), Ever alcohol (past/current)",0.310299179556651
alt,high_ldl,OR,1.19827664817826,1.1247728630152,1.27658389776596,2.39939381518144e-08,12077,"Age, years, Male sex, Body mass index, kg/m2, Ever smoking (past/current), Ever alcohol (past/current)",4.994482870608174e-08
ast,high_ldl,OR,1.06798748279631,1.01778300982293,1.12066840613505,0.0074710649396161,12077,"Age, years, Male sex, Body mass index, kg/m2, Ever smoking (past/current), Ever alcohol (past/current)",0.010895689738023977
creatinine,high_ldl,OR,1.01991863601017,0.977920954769175,1.06371994485626,0.358026940418513,12077,"Age, years, Male sex, Body mass index, kg/m2, Ever smoking (past/current), Ever alcohol (past/current)",0.4079491698977686
egfr,high_ldl,OR,0.891595166657009,0.812053274430382,0.978928312017157,0.0161783548281276,12077,"Age, years, Male sex, Body mass index, kg/m2, Ever smoking (past/current), Ever alcohol (past/current)",0.022584290806446854
hemoglobin,high_ldl,OR,1.66117284075202,1.49410035535378,1.84692761564782,1.5022942017866702e-20,12077,"Age, years, Male sex, Body mass index, kg/m2, Ever smoking (past/current), Ever alcohol (past/current)",4.573103006648792e-20
platelet,high_ldl,OR,1.28004617464584,1.19371462738289,1.37262137167386,5.47390842072375e-12,12077,"Age, years, Male sex, Body mass index, kg/m2, Ever smoking (past/current), Ever alcohol (past/current)",1.3123965594138222e-11
wbc,high_ldl,OR,1.1845873652939,1.10603796669885,1.26871524148683,1.39323978479644e-06,12077,"Age, years, Male sex, Body mass index, kg/m2, Ever smoking (past/current), Ever alcohol (past/current)",2.6726527897892496e-06
fib4,high_ldl,OR,0.571158995953953,0.431652475848091,0.755752872766871,9.12302232288368e-05,12077,"Age, years, Male sex, Body mass index, kg/m2, Ever smoking (past/current), Ever alcohol (past/current)",0.00015704440186312962
vitd,high_ldl,OR,0.981021879332708,0.82852644921524,1.16158503888566,0.824151620418678,12077,"Age, years, Male sex, Body mass index, kg/m2, Ever smoking (past/current), Ever alcohol (past/current)",0.8509709783390748
fn_bmd,high_ldl,OR,0.966475195110416,0.709770032764214,1.31602386638662,0.828716547563773,12077,"Age, years, Male sex, Body mass index, kg/m2, Ever smoking (past/current), Ever alcohol (past/current)",0.8546821904889044
ls_bmd,high_ldl,OR,0.925987849955741,0.717613451405349,1.19486820737049,0.554741554731138,12077,"Age, years, Male sex, Body mass index, kg/m2, Ever smoking (past/current), Ever alcohol (past/current)",0.6017245937059033
insulin,high_ldl,OR,0.969571289021898,0.844468431132643,1.11320737382062,0.661193696290045,12077,"Age, years, Male sex, Body mass index, kg/m2, Ever smoking (past/current), Ever alcohol (past/current)",0.7022690586048065
hsi,high_ldl,OR,1.48174648366735,1.30983201954289,1.67622459147606,4.914078148439351e-10,12077,"Age, years, Male sex, Body mass index, kg/m2, Ever smoking (past/current), Ever alcohol (past/current)",1.0988814754795806e-09
dm,high_ldl,OR,0.701797674245692,0.558163259129496,0.882394115916533,0.0024662809901757,12077,"Age, years, Male sex, Body mass index, kg/m2, Ever smoking (past/current), Ever alcohol (past/current)",0.0037700701594612918
prediabetes,high_ldl,OR,1.42237942649114,1.22005238992176,1.6582593088769,7.12217400663382e-06,12077,"Age, years, Male sex, Body mass index, kg/m2, Ever smoking (past/current), Ever alcohol (past/current)",1.3051143002791004e-05
htn,high_ldl,OR,0.556941099973168,0.464693869801341,0.667500496556857,2.8585141431708103e-10,12077,"Age, years, Male sex, Body mass index, kg/m2, Ever smoking (past/current), Ever alcohol (past/current)",6.457784998234506e-10
mets,high_ldl,OR,0.867639682687832,0.72401232818924,1.03975939312718,0.124259381087895,12077,"Age, years, Male sex, Body mass index, kg/m2, Ever smoking (past/current), Ever alcohol (past/current)",0.1535045739009352
high_tg,high_ldl,OR,1.65870800759663,1.41740308965271,1.94109373300385,3.37807789147346e-10,12077,"Age, years, Male sex, Body mass index, kg/m2, Ever smoking (past/current), Ever alcohol (past/current)",7.616895220082924e-10
atherogenic_dyslipidemia,high_ldl,OR,0.759276062203075,0.631872185098033,0.912368279900096,0.0033303621248058,12077,"Age, years, Male sex, Body mass index, kg/m2, Ever smoking (past/current), Ever alcohol (past/current)",0.0050319757201055465
insulin_resistance,high_ldl,OR,1.03717782946595,0.771675807276372,1.39402821728014,0.808869105149447,12077,"Age, years, Male sex, Body mass index, kg/m2, Ever smoking (past/current), Ever alcohol (past/current)",0.8369086334713137
ckd,high_ldl,OR,1.06549891579304,0.766149016238217,1.48181086902702,0.706219909968936,12077,"Age, years, Male sex, Body mass index, kg/m2, Ever smoking (past/current), Ever alcohol (past/current)",0.7447025517696385
high_alt,high_ldl,OR,1.56125034730537,1.27978985254287,1.90461163769815,1.17382935348387e-05,12077,"Age, years, Male sex, Body mass index, kg/m2, Ever smoking (past/current), Ever alcohol (past/current)",2.1222298923287464e-05
high_ast,high_ldl,OR,1.3102454792352,1.00906244311335,1.70132505433406,0.0427095011075798,12077,"Age, years, Male sex, Body mass index, kg/m2, Ever smoking (past/current), Ever alcohol (past/current)",0.05663511404401207
adv_fibrosis,high_ldl,OR,0.452743053052968,0.238601016092533,0.859075436662139,0.0153955269368994,12077,"Age, years, Male sex, Body mass index, kg/m2, Ever smoking (past/current), Ever alcohol (past/current)",0.021525623609273396
steatosis,high_ldl,OR,1.00623726326342,0.826531230298521,1.22501533258963,0.950610999696872,12077,"Age, years, Male sex, Body mass index, kg/m2, Ever smoking (past/current), Ever alcohol (past/current)",0.9575043222049302
masld,high_ldl,OR,1.14358074550364,0.946918245373121,1.38108746755783,0.163608763053628,12077,"Age, years, Male sex, Body mass index, kg/m2, Ever smoking (past/current), Ever alcohol (past/current)",0.19848570769811102
anemia,high_ldl,OR,0.504483935593093,0.364454611227344,0.698314778936186,3.84857369652141e-05,12077,"Age, years, Male sex, Body mass index, kg/m2, Ever smoking (past/current), Ever alcohol (past/current)",6.767187498326714e-05
leukocytosis,high_ldl,OR,1.62924602766563,1.01044588568021,2.62700126378099,0.0453371428670871,12077,"Age, years, Male sex, Body mass index, kg/m2, Ever smoking (past/current), Ever alcohol (past/current)",0.05975951241687154
vitd_deficiency,high_ldl,OR,1.05291128302037,0.728561487561516,1.52165903474,0.783833532912728,12077,"Age, years, Male sex, Body mass index, kg/m2, Ever smoking (past/current), Ever alcohol (past/current)",0.8167638174315467
osteoporosis,high_ldl,OR,1.09548673992636,0.541974914364423,2.2142928861603,0.799666651002471,12077,"Age, years, Male sex, Body mass index, kg/m2, Ever smoking (past/current), Ever alcohol (past/current)",0.8300623924621359
current_smoking,high_ldl,OR,0.924162388362096,0.761553635511616,1.12149175085923,0.424519035228866,12077,"Age, years, Male sex, Body mass index, kg/m2, Ever alcohol (past/current)",0.4739004887721287
age,high_nonhdl,OR,1.22855663331573,1.18392811711325,1.27486743447254,3.71229237883219e-27,35794,unadjusted,1.3273800769793883e-26
men,high_nonhdl,OR,1.32447657469969,1.21589928024301,1.44274959730021,1.3978731329284001e-10,35794,unadjusted,3.2031939975106217e-10
bmi,high_nonhdl,OR,1.47586420520976,1.42289322838251,1.53080716723593,3.01692873616578e-90,35794,"Age, years, Male sex",2.6366310195473643e-89
smoking,high_nonhdl,OR,1.27873864329999,1.13132497401594,1.44536057757499,8.53349079861147e-05,35794,"Age, years, Male sex",0.0001471118678057249
alcohol,high_nonhdl,OR,0.921419638659058,0.802808162597394,1.05755545354659,0.244499569031533,35794,"Age, years, Male sex",0.2875216968711383
wc,high_nonhdl,OR,1.57029014177771,1.50514919814765,1.63825030262705,2.97969125742693e-90,35794,"Age, years, Male sex, Ever smoking (past/current), Ever alcohol (past/current)",2.6105653255367283e-89
height,high_nonhdl,OR,0.952929080462753,0.884584077161799,1.02655457614064,0.204263757108633,35794,"Age, years, Male sex, Ever smoking (past/current), Ever alcohol (past/current)",0.24312840572375988
weight,high_nonhdl,OR,1.49296720294374,1.43007147461592,1.55862913751515,1.6017928108609398e-70,35794,"Age, years, Male sex, Ever smoking (past/current), Ever alcohol (past/current)",1.1396998545156021e-69
whtr,high_nonhdl,OR,1.6000787550722,1.53187836223344,1.67131548140716,1.94718790869111e-92,35794,"Age, years, Male sex, Ever smoking (past/current), Ever alcohol (past/current)",1.7450371029033308e-91
fat_kg,high_nonhdl,OR,1.59624972937404,1.44832372989244,1.75928429945419,1.86116271005118e-19,35794,"Age, years, Male sex, Ever smoking (past/current), Ever alcohol (past/current)",5.52699415244541e-19
lean_kg,high_nonhdl,OR,1.46977399376186,1.22884061129501,1.75794612652176,2.97638656136673e-05,35794,"Age, years, Male sex, Ever smoking (past/current), Ever alcohol (past/current)",5.286350715649835e-05
asmm_kg,high_nonhdl,OR,1.43473755518885,1.17543616561141,1.75124086912754,0.0004245386093648,35794,"Age, years, Male sex, Ever smoking (past/current), Ever alcohol (past/current)",0.0006941620158694641
asmi,high_nonhdl,OR,1.44524381665762,1.2490382127582,1.67227044637379,1.04512353797089e-06,35794,"Age, years, Male sex, Ever smoking (past/current), Ever alcohol (past/current)",2.013635175455949e-06
bodyfat_pct,high_nonhdl,OR,2.05419905469173,1.77558400697086,2.37653287015986,2.35465351340864e-20,35794,"Age, years, Male sex, Ever smoking (past/current), Ever alcohol (past/current)",7.130773580589192e-20
asm_pct,high_nonhdl,OR,0.489583133908693,0.416656690587332,0.575273721561941,6.35396913107052e-17,35794,"Age, years, Male sex, Ever smoking (past/current), Ever alcohol (past/current)",1.7579480973786622e-16
obesity,high_nonhdl,OR,2.00123542685217,1.82746187995658,2.19153311902919,7.44956263358321e-49,35794,"Age, years, Male sex, Ever smoking (past/current), Ever alcohol (past/current)",3.898567547619623e-48
overweight,high_nonhdl,OR,2.3685233499335,2.13780614207206,2.62414011671932,1.83363257523486e-58,35794,"Age, years, Male sex, Ever smoking (past/current), Ever alcohol (past/current)",1.1231398139090743e-57
abdominal_obesity,high_nonhdl,OR,1.86904983435485,1.69891112584415,2.05622720939339,9.27374705747038e-37,35794,"Age, years, Male sex, Ever smoking (past/current), Ever alcohol (past/current)",3.9783358266030053e-36
central_obesity,high_nonhdl,OR,2.38690046129005,2.13593887554117,2.66734871364854,3.5324415906689e-51,35794,"Age, years, Male sex, Ever smoking (past/current), Ever alcohol (past/current)",1.9052464444618477e-50
high_bodyfat,high_nonhdl,OR,1.88304452151489,1.50454121377788,2.35676938427206,5.34462747900996e-08,35794,"Age, years, Male sex, Ever smoking (past/current), Ever alcohol (past/current)",1.0982367550217666e-07
sarcopenia,high_nonhdl,OR,0.674436847182942,0.476728488575261,0.954138617135019,0.0265329875157659,35794,"Age, years, Male sex, Ever smoking (past/current), Ever alcohol (past/current)",0.03612260611926073
sbp,high_nonhdl,OR,1.20387679227288,1.14431595885659,1.26653772479185,9.66112194639414e-13,35794,"Age, years, Male sex, Body mass index, kg/m2, Ever smoking (past/current), Ever alcohol (past/current)",2.3844759281850145e-12
dbp,high_nonhdl,OR,1.38615336885106,1.32154764772654,1.45391743179488,8.056173452065229e-40,35794,"Age, years, Male sex, Body mass index, kg/m2, Ever smoking (past/current), Ever alcohol (past/current)",3.614502280022132e-39
glucose,high_nonhdl,OR,1.15400469649391,1.10918440993331,1.200636095859,1.7120022538972e-12,35794,"Age, years, Male sex, Body mass index, kg/m2, Ever smoking (past/current), Ever alcohol (past/current)",4.187272179323568e-12
hba1c,high_nonhdl,OR,1.20888163899095,1.1583787679467,1.2615863286927,5.12023110353527e-18,35794,"Age, years, Male sex, Body mass index, kg/m2, Ever smoking (past/current), Ever alcohol (past/current)",1.4661344672074163e-17
homa_ir,high_nonhdl,OR,1.20197781132644,1.11990848775662,1.29006135297286,3.95603905055598e-07,35794,"Age, years, Male sex, Body mass index, kg/m2, Ever smoking (past/current), Ever alcohol (past/current)",7.801326727916104e-07
tg,high_nonhdl,OR,1.82996170803953,1.73562686866953,1.92942383719722,1.9193855489707898e-102,35794,"Age, years, Male sex, Body mass index, kg/m2, Ever smoking (past/current), Ever alcohol (past/current)",1.862279863216287e-101
alt,high_nonhdl,OR,1.26371450144419,1.21257524775195,1.31701050645809,4.32976365984953e-28,35794,"Age, years, Male sex, Body mass index, kg/m2, Ever smoking (past/current), Ever alcohol (past/current)",1.5672587471726664e-27
ast,high_nonhdl,OR,1.12733096683755,1.08525893611436,1.17103399612733,7.48013255196556e-10,35794,"Age, years, Male sex, Body mass index, kg/m2, Ever smoking (past/current), Ever alcohol (past/current)",1.665298789381966e-09
creatinine,high_nonhdl,OR,1.02088437840183,0.989834371086923,1.05290839003748,0.189763599581717,35794,"Age, years, Male sex, Body mass index, kg/m2, Ever smoking (past/current), Ever alcohol (past/current)",0.22787159827030595
egfr,high_nonhdl,OR,0.88690225124855,0.834191998485988,0.94294311704904,0.0001262655802192,35794,"Age, years, Male sex, Body mass index, kg/m2, Ever smoking (past/current), Ever alcohol (past/current)",0.0002155634384546885
hemoglobin,high_nonhdl,OR,1.68226118103898,1.57138820417398,1.80095706058725,9.417383032831639e-49,35794,"Age, years, Male sex, Body mass index, kg/m2, Ever smoking (past/current), Ever alcohol (past/current)",4.8992648510536234e-48
platelet,high_nonhdl,OR,1.31839524926125,1.26160656453111,1.37774016253683,6.320942154571249e-34,35794,"Age, years, Male sex, Body mass index, kg/m2, Ever smoking (past/current), Ever alcohol (past/current)",2.5707111164434113e-33
wbc,high_nonhdl,OR,1.19303394461461,1.14172319562558,1.24665067544923,4.9975983234411605e-15,35794,"Age, years, Male sex, Body mass index, kg/m2, Ever smoking (past/current), Ever alcohol (past/current)",1.317480635865252e-14
fib4,high_nonhdl,OR,0.680744884988976,0.521765989484757,0.888163674478427,0.0046299799141754,35794,"Age, years, Male sex, Body mass index, kg/m2, Ever smoking (past/current), Ever alcohol (past/current)",0.006909656465138032
vitd,high_nonhdl,OR,1.05953466223641,0.978000291094959,1.14786642775285,0.157193292400672,35794,"Age, years, Male sex, Body mass index, kg/m2, Ever smoking (past/current), Ever alcohol (past/current)",0.19137047211723707
fn_bmd,high_nonhdl,OR,0.913482912227531,0.788009724490657,1.05893494077253,0.230586643010432,35794,"Age, years, Male sex, Body mass index, kg/m2, Ever smoking (past/current), Ever alcohol (past/current)",0.27234277554753233
ls_bmd,high_nonhdl,OR,0.855495350822416,0.755433743849935,0.968810701450681,0.0142755608858698,35794,"Age, years, Male sex, Body mass index, kg/m2, Ever smoking (past/current), Ever alcohol (past/current)",0.020103368828481984
insulin,high_nonhdl,OR,1.11047643881271,1.03939142033525,1.18642303277856,0.001948066110052,35794,"Age, years, Male sex, Body mass index, kg/m2, Ever smoking (past/current), Ever alcohol (past/current)",0.0030000388454757953
hsi,high_nonhdl,OR,1.73792286791233,1.60494153778088,1.88192268921447,6.30827531245827e-41,35794,"Age, years, Male sex, Body mass index, kg/m2, Ever smoking (past/current), Ever alcohol (past/current)",2.9080818914238255e-40
dm,high_nonhdl,OR,0.920093696336141,0.800731648143097,1.05724859508265,0.240199251068413,35794,"Age, years, Male sex, Body mass index, kg/m2, Ever smoking (past/current), Ever alcohol (past/current)",0.2829370442351005
prediabetes,high_nonhdl,OR,1.57693133740446,1.43211884543857,1.73638692822781,3.59619115380104e-20,35794,"Age, years, Male sex, Body mass index, kg/m2, Ever smoking (past/current), Ever alcohol (past/current)",1.084399421548567e-19
htn,high_nonhdl,OR,0.759403303649124,0.675041253065423,0.854308347785245,4.82690063551866e-06,35794,"Age, years, Male sex, Body mass index, kg/m2, Ever smoking (past/current), Ever alcohol (past/current)",8.938140924446225e-06
high_tg,high_nonhdl,OR,4.85733616968713,4.37899911487444,5.38792405442799,3.1142994098752e-171,35794,"Age, years, Male sex, Body mass index, kg/m2, Ever smoking (past/current), Ever alcohol (past/current)",5.32454491338857e-170
insulin_resistance,high_nonhdl,OR,1.37270080664058,1.17963009475952,1.59737150902023,4.47416968370598e-05,35794,"Age, years, Male sex, Body mass index, kg/m2, Ever smoking (past/current), Ever alcohol (past/current)",7.839813744284807e-05
ckd,high_nonhdl,OR,0.948713279670383,0.753762960037784,1.19408479156075,0.653777939174001,35794,"Age, years, Male sex, Body mass index, kg/m2, Ever smoking (past/current), Ever alcohol (past/current)",0.6950214010778241
high_alt,high_nonhdl,OR,2.16054752361884,1.89334494041199,2.46545967519249,1.16872494601203e-29,35794,"Age, years, Male sex, Body mass index, kg/m2, Ever smoking (past/current), Ever alcohol (past/current)",4.3466201265621646e-29
high_ast,high_nonhdl,OR,1.64359473208658,1.3884723278826,1.94559415344081,8.584489613305951e-09,35794,"Age, years, Male sex, Body mass index, kg/m2, Ever smoking (past/current), Ever alcohol (past/current)",1.8246573577588148e-08
adv_fibrosis,high_nonhdl,OR,0.45161447301657,0.321720058388691,0.633953733750793,4.53971111663113e-06,35794,"Age, years, Male sex, Body mass index, kg/m2, Ever smoking (past/current), Ever alcohol (past/current)",8.419622197353786e-06
anemia,high_nonhdl,OR,0.500772630288873,0.407359037631977,0.615607373544989,6.11424498429632e-11,35794,"Age, years, Male sex, Body mass index, kg/m2, Ever smoking (past/current), Ever alcohol (past/current)",1.4158034736812388e-10
leukocytosis,high_nonhdl,OR,1.75910407220827,1.2949885597588,2.38955557834123,0.000306493939652,35794,"Age, years, Male sex, Body mass index, kg/m2, Ever smoking (past/current), Ever alcohol (past/current)",0.000505844262162298
vitd_deficiency,high_nonhdl,OR,0.912449256923722,0.764597778057382,1.08889100956578,0.309925653459735,35794,"Age, years, Male sex, Body mass index, kg/m2, Ever smoking (past/current), Ever alcohol (past/current)",0.3579182554955756
osteoporosis,high_nonhdl,OR,1.35807168040471,1.01012074647083,1.82587942635681,0.0432765963330663,35794,"Age, years, Male sex, Body mass index, kg/m2, Ever smoking (past/current), Ever alcohol (past/current)",0.057300816648518604
current_smoking,high_nonhdl,OR,1.33362662361138,1.18254127791042,1.50401512778299,2.81511104933017e-06,35794,"Age, years, Male sex, Body mass index, kg/m2, Ever alcohol (past/current)",5.2879045950617915e-06
age,atherogenic_dyslipidemia,OR,1.34003262788526,1.29515953408677,1.38646042941978,8.33980602779851e-61,34795,unadjusted,5.263942084212608e-60
men,atherogenic_dyslipidemia,OR,1.15244968494307,1.07825801245192,1.23174626201501,3.01039416070071e-05,34795,unadjusted,5.344056569550353e-05
bmi,atherogenic_dyslipidemia,OR,1.7031522359972,1.64411233075774,1.76431225818091,2.70409355262432e-168,34795,"Age, years, Male sex",4.5136575793094104e-167
smoking,atherogenic_dyslipidemia,OR,1.36018044252611,1.23167800615231,1.5020896914528,1.39769137620868e-09,34795,"Age, years, Male sex",3.0824477313756864e-09
alcohol,atherogenic_dyslipidemia,OR,0.732337181787537,0.660131218101695,0.812441122494969,4.51651269217843e-09,34795,"Age, years, Male sex",9.747032905546832e-09
wc,atherogenic_dyslipidemia,OR,1.84868199723188,1.77999195021447,1.92002279924775,1.2987931165248801e-190,34795,"Age, years, Male sex, Ever smoking (past/current), Ever alcohol (past/current)",2.755632142410017e-189
height,atherogenic_dyslipidemia,OR,0.996601293725904,0.939787852878026,1.05684930446218,0.909496941632975,34795,"Age, years, Male sex, Ever smoking (past/current), Ever alcohol (past/current)",0.9227794645964561
weight,atherogenic_dyslipidemia,OR,1.7442917846118,1.67549620512946,1.81591209848735,2.48535723034614e-144,34795,"Age, years, Male sex, Ever smoking (past/current), Ever alcohol (past/current)",3.432716927560433e-143
whtr,atherogenic_dyslipidemia,OR,1.8705357486118,1.79963652677695,1.9442281453917,3.55555577406727e-190,34795,"Age, years, Male sex, Ever smoking (past/current), Ever alcohol (past/current)",7.453968712062455e-189
fat_kg,atherogenic_dyslipidemia,OR,1.6272427219595,1.50813379568869,1.75575859631273,1.95479332110391e-31,34795,"Age, years, Male sex, Ever smoking (past/current), Ever alcohol (past/current)",7.582359115559439e-31
lean_kg,atherogenic_dyslipidemia,OR,1.82383415909711,1.61625126156917,2.05807792326793,1.35476975306292e-20,34795,"Age, years, Male sex, Ever smoking (past/current), Ever alcohol (past/current)",4.134747894529986e-20
asmm_kg,atherogenic_dyslipidemia,OR,1.73434500960503,1.52246734171523,1.97570912027123,1.22369211622835e-15,34795,"Age, years, Male sex, Ever smoking (past/current), Ever alcohol (past/current)",3.2799418823106918e-15
asmi,atherogenic_dyslipidemia,OR,1.73716740067784,1.54580967576702,1.95221353914765,6.20187776601026e-19,34795,"Age, years, Male sex, Ever smoking (past/current), Ever alcohol (past/current)",1.8172224202901943e-18
bodyfat_pct,atherogenic_dyslipidemia,OR,1.88481978265711,1.69081838775241,2.10108054113248,6.17412404071005e-27,34795,"Age, years, Male sex, Ever smoking (past/current), Ever alcohol (past/current)",2.1942749617942276e-26
asm_pct,atherogenic_dyslipidemia,OR,0.538149338991528,0.475135772674844,0.609519905071867,1.31050775150524e-20,34795,"Age, years, Male sex, Ever smoking (past/current), Ever alcohol (past/current)",4.0066044277790413e-20
obesity,atherogenic_dyslipidemia,OR,2.71467908618583,2.51834823806149,2.92631591993306,8.31555683489255e-135,34795,"Age, years, Male sex, Ever smoking (past/current), Ever alcohol (past/current)",1.0422559136117991e-133
overweight,atherogenic_dyslipidemia,OR,3.14038409744811,2.87856512823677,3.42601672714136,5.62000929929554e-132,34795,"Age, years, Male sex, Ever smoking (past/current), Ever alcohol (past/current)",6.872803038930172e-131
abdominal_obesity,atherogenic_dyslipidemia,OR,2.68251317811744,2.48503173025143,2.89568815688551,1.17390658444229e-127,34795,"Age, years, Male sex, Ever smoking (past/current), Ever alcohol (past/current)",1.3735877044537359e-126
central_obesity,atherogenic_dyslipidemia,OR,3.36695263844906,3.07828007815824,3.68269611007643,4.03655697314794e-139,34795,"Age, years, Male sex, Ever smoking (past/current), Ever alcohol (past/current)",5.324626838736722e-138
high_bodyfat,atherogenic_dyslipidemia,OR,1.96542822749531,1.67530237032819,2.30579755980326,1.14289446611902e-15,34795,"Age, years, Male sex, Ever smoking (past/current), Ever alcohol (past/current)",3.070384675569175e-15
sarcopenia,atherogenic_dyslipidemia,OR,0.390585573898278,0.287957743996745,0.529789851872057,3.0223675909912903e-09,34795,"Age, years, Male sex, Ever smoking (past/current), Ever alcohol (past/current)",6.57085102189588e-09
sbp,atherogenic_dyslipidemia,OR,1.11961765515231,1.07553651337599,1.16550547390903,3.83250352229495e-08,34795,"Age, years, Male sex, Body mass index, kg/m2, Ever smoking (past/current), Ever alcohol (past/current)",7.921406928123718e-08
dbp,atherogenic_dyslipidemia,OR,1.1995588385663,1.15584918535532,1.24492141830785,1.54713895005903e-21,34795,"Age, years, Male sex, Body mass index, kg/m2, Ever smoking (past/current), Ever alcohol (past/current)",4.85220247738905e-21
glucose,atherogenic_dyslipidemia,OR,1.22960224197396,1.18924486039278,1.27132916342227,4.1134980342215e-33,34795,"Age, years, Male sex, Body mass index, kg/m2, Ever smoking (past/current), Ever alcohol (past/current)",1.650084291176324e-32
hba1c,atherogenic_dyslipidemia,OR,1.2911713918257,1.24435653896295,1.33974750071109,1.4594181011662699e-40,34795,"Age, years, Male sex, Body mass index, kg/m2, Ever smoking (past/current), Ever alcohol (past/current)",6.666758174199225e-40
homa_ir,atherogenic_dyslipidemia,OR,1.70871109293172,1.6078502272111,1.81589898716642,5.70417255950879e-60,34795,"Age, years, Male sex, Body mass index, kg/m2, Ever smoking (past/current), Ever alcohol (past/current)",3.574750134268676e-59
tchol,atherogenic_dyslipidemia,OR,1.18631486093676,1.14586261870124,1.22819518353303,1.0192781195833e-21,34795,"Age, years, Male sex, Body mass index, kg/m2, Ever smoking (past/current), Ever alcohol (past/current)",3.210999586021809e-21
ldl,atherogenic_dyslipidemia,OR,0.887948328420479,0.841943324888233,0.936467112022522,1.25118938921837e-05,34795,"Age, years, Male sex, Body mass index, kg/m2, Ever smoking (past/current), Ever alcohol (past/current)",2.2586822290246538e-05
alt,atherogenic_dyslipidemia,OR,1.19604190124132,1.15008570189344,1.24383446135347,5.931868604788591e-19,34795,"Age, years, Male sex, Body mass index, kg/m2, Ever smoking (past/current), Ever alcohol (past/current)",1.7410034355054515e-18
ast,atherogenic_dyslipidemia,OR,1.07441783529441,1.04027990982663,1.10967603420421,1.36386866267558e-05,34795,"Age, years, Male sex, Body mass index, kg/m2, Ever smoking (past/current), Ever alcohol (past/current)",2.4583139354879183e-05
creatinine,atherogenic_dyslipidemia,OR,1.05365978422135,1.00033268919264,1.10982971253434,0.0486505570153515,34795,"Age, years, Male sex, Body mass index, kg/m2, Ever smoking (past/current), Ever alcohol (past/current)",0.06372155515361398
egfr,atherogenic_dyslipidemia,OR,0.87991629382349,0.833788629552322,0.928595877532868,3.37462309079556e-06,34795,"Age, years, Male sex, Body mass index, kg/m2, Ever smoking (past/current), Ever alcohol (past/current)",6.311960980234712e-06
hemoglobin,atherogenic_dyslipidemia,OR,1.33015321425737,1.26056532561157,1.4035826128573,6.34157686598682e-25,34795,"Age, years, Male sex, Body mass index, kg/m2, Ever smoking (past/current), Ever alcohol (past/current)",2.1642474536827116e-24
platelet,atherogenic_dyslipidemia,OR,1.14555349784566,1.10449227371672,1.18814123706853,3.82626229028784e-13,34795,"Age, years, Male sex, Body mass index, kg/m2, Ever smoking (past/current), Ever alcohol (past/current)",9.584705395728144e-13
wbc,atherogenic_dyslipidemia,OR,1.30076308039137,1.25389064843548,1.34938767859892,2.1781463767201298e-43,34795,"Age, years, Male sex, Body mass index, kg/m2, Ever smoking (past/current), Ever alcohol (past/current)",1.0437321821507887e-42
fib4,atherogenic_dyslipidemia,OR,0.740701201287554,0.638254784576194,0.859591315015564,7.93822457104787e-05,34795,"Age, years, Male sex, Body mass index, kg/m2, Ever smoking (past/current), Ever alcohol (past/current)",0.00013718560814146517
vitd,atherogenic_dyslipidemia,OR,0.910324530603652,0.850382071778598,0.974492264736402,0.0069629293267336,34795,"Age, years, Male sex, Body mass index, kg/m2, Ever smoking (past/current), Ever alcohol (past/current)",0.01020959079465268
fn_bmd,atherogenic_dyslipidemia,OR,0.843918079096257,0.7482055685269,0.951874396802101,0.0059474049855497,34795,"Age, years, Male sex, Body mass index, kg/m2, Ever smoking (past/current), Ever alcohol (past/current)",0.00879007988212591
ls_bmd,atherogenic_dyslipidemia,OR,0.950116563949381,0.868427002822907,1.03949034536765,0.265151925358775,34795,"Age, years, Male sex, Body mass index, kg/m2, Ever smoking (past/current), Ever alcohol (past/current)",0.3100481677004003
insulin,atherogenic_dyslipidemia,OR,1.65118184534238,1.55307855831164,1.75548202104609,8.685416638075491e-53,34795,"Age, years, Male sex, Body mass index, kg/m2, Ever smoking (past/current), Ever alcohol (past/current)",4.847866465816463e-52
hsi,atherogenic_dyslipidemia,OR,1.88574336817274,1.76001712650763,2.02045082235287,7.01279219856876e-69,34795,"Age, years, Male sex, Body mass index, kg/m2, Ever smoking (past/current), Ever alcohol (past/current)",4.8909018066057765e-68
dm,atherogenic_dyslipidemia,OR,1.56286051196367,1.41302736941717,1.7285815071387,6.286102738667679e-18,34795,"Age, years, Male sex, Body mass index, kg/m2, Ever smoking (past/current), Ever alcohol (past/current)",1.795592363794612e-17
prediabetes,atherogenic_dyslipidemia,OR,1.13006446203309,1.04631254299083,1.22052028995061,0.0018741969331549,34795,"Age, years, Male sex, Body mass index, kg/m2, Ever smoking (past/current), Ever alcohol (past/current)",0.0028913366616607787
htn,atherogenic_dyslipidemia,OR,1.12150336855098,1.02926810015694,1.22200406821061,0.0088692545118268,34795,"Age, years, Male sex, Body mass index, kg/m2, Ever smoking (past/current), Ever alcohol (past/current)",0.012802259996169667
high_ldl,atherogenic_dyslipidemia,OR,0.766735080528761,0.635580108105681,0.924954504107444,0.0055657201389106,34795,"Age, years, Male sex, Body mass index, kg/m2, Ever smoking (past/current), Ever alcohol (past/current)",0.008267594402886179
insulin_resistance,atherogenic_dyslipidemia,OR,2.4279976927585,2.1466104669865,2.74627040476351,4.66700592184393e-42,34795,"Age, years, Male sex, Body mass index, kg/m2, Ever smoking (past/current), Ever alcohol (past/current)",2.1799993178692732e-41
ckd,atherogenic_dyslipidemia,OR,1.36731336181858,1.15554045755996,1.61789733728177,0.000276980289648,34795,"Age, years, Male sex, Body mass index, kg/m2, Ever smoking (past/current), Ever alcohol (past/current)",0.0004599361528242603
high_alt,atherogenic_dyslipidemia,OR,1.79582684354152,1.59777037843791,2.0184339974667,2.06209981848863e-22,34795,"Age, years, Male sex, Body mass index, kg/m2, Ever smoking (past/current), Ever alcohol (past/current)",6.632616950426442e-22
high_ast,atherogenic_dyslipidemia,OR,1.43358661454932,1.23241212720188,1.66760009582276,3.16748434502557e-06,34795,"Age, years, Male sex, Body mass index, kg/m2, Ever smoking (past/current), Ever alcohol (past/current)",5.93397865062769e-06
adv_fibrosis,atherogenic_dyslipidemia,OR,0.558179612908589,0.444646141407975,0.700702089261837,5.335269050425e-07,34795,"Age, years, Male sex, Body mass index, kg/m2, Ever smoking (past/current), Ever alcohol (past/current)",1.0439343108664916e-06
anemia,atherogenic_dyslipidemia,OR,0.713065986194001,0.620144567510312,0.819910593925129,2.16083895271252e-06,34795,"Age, years, Male sex, Body mass index, kg/m2, Ever smoking (past/current), Ever alcohol (past/current)",4.096057476562699e-06
leukocytosis,atherogenic_dyslipidemia,OR,1.46344082956396,1.10137587609101,1.94453057137588,0.0086885025414754,34795,"Age, years, Male sex, Body mass index, kg/m2, Ever smoking (past/current), Ever alcohol (past/current)",0.01255164313005593
vitd_deficiency,atherogenic_dyslipidemia,OR,1.15069368090384,1.00615369264092,1.31599770189839,0.0406329043181819,34795,"Age, years, Male sex, Body mass index, kg/m2, Ever smoking (past/current), Ever alcohol (past/current)",0.054044217903563695
osteoporosis,atherogenic_dyslipidemia,OR,1.09545751778856,0.850028272785158,1.41174971668592,0.48149310933375,34795,"Age, years, Male sex, Body mass index, kg/m2, Ever smoking (past/current), Ever alcohol (past/current)",0.5304406415619228
current_smoking,atherogenic_dyslipidemia,OR,1.82293417259485,1.65292646490774,2.01042760713468,1.61273953916876e-32,34795,"Age, years, Male sex, Body mass index, kg/m2, Ever alcohol (past/current)",6.37493676425631e-32
age,insulin_resistance,OR,1.1193512241351,1.07364029330752,1.16700832744722,1.36758669003427e-07,15529,unadjusted,2.758671433161912e-07
men,insulin_resistance,OR,1.30292475227215,1.19739629065147,1.41775360700326,1.1052905475605701e-09,15529,unadjusted,2.4452470530831204e-09
bmi,insulin_resistance,OR,2.9097491052666,2.74351972640648,3.08605029302617,1.0225102010739399e-191,15529,"Age, years, Male sex",2.1959030049892783e-190
smoking,insulin_resistance,OR,1.11111202064818,0.985487539335376,1.25275041352781,0.0854663685680694,15529,"Age, years, Male sex",0.10790724561289784
alcohol,insulin_resistance,OR,0.787362233884039,0.692630855668578,0.89505005772296,0.0002676758019213,15529,"Age, years, Male sex",0.0004453255429224462
wc,insulin_resistance,OR,3.32366652592366,3.11959045178754,3.54109276402472,1.41404769811282e-203,15529,"Age, years, Male sex, Ever smoking (past/current), Ever alcohol (past/current)",3.6890933279654457e-202
height,insulin_resistance,OR,1.12945164102406,1.0518226724002,1.2128099563598,0.0008303949302801,15529,"Age, years, Male sex, Ever smoking (past/current), Ever alcohol (past/current)",0.0013305964260448189
weight,insulin_resistance,OR,3.04363815855991,2.85443750790269,3.24537959391114,1.94141637217205e-179,15529,"Age, years, Male sex, Ever smoking (past/current), Ever alcohol (past/current)",3.5799311323507647e-178
whtr,insulin_resistance,OR,3.31666997844829,3.10794838910544,3.53940875739781,5.756280601284841e-196,15529,"Age, years, Male sex, Ever smoking (past/current), Ever alcohol (past/current)",1.3426238594520005e-194
fat_kg,insulin_resistance,OR,2.512348201917,2.29990138604027,2.74441918509503,6.02336028354419e-65,15529,"Age, years, Male sex, Ever smoking (past/current), Ever alcohol (past/current)",3.9876456613989925e-64
lean_kg,insulin_resistance,OR,2.4854596859839,2.17821942259437,2.83603652899828,7.543623292590041e-35,15529,"Age, years, Male sex, Ever smoking (past/current), Ever alcohol (past/current)",3.1183851216551787e-34
asmm_kg,insulin_resistance,OR,2.16416449607252,1.89730092486566,2.46856358138993,8.66838836895182e-27,15529,"Age, years, Male sex, Ever smoking (past/current), Ever alcohol (past/current)",3.068348124165659e-26
asmi,insulin_resistance,OR,2.00783952329637,1.79681657545011,2.243645570946,6.362390787738159e-30,15529,"Age, years, Male sex, Ever smoking (past/current), Ever alcohol (past/current)",2.3788047085364962e-29
bodyfat_pct,insulin_resistance,OR,2.83221477943413,2.52433292734283,3.17764763512738,6.49586762423605e-53,15529,"Age, years, Male sex, Ever smoking (past/current), Ever alcohol (past/current)",3.643064613464868e-52
asm_pct,insulin_resistance,OR,0.329096800134785,0.288159153676751,0.3758502982711,4.58329963673453e-47,15529,"Age, years, Male sex, Ever smoking (past/current), Ever alcohol (past/current)",2.3152971948387556e-46
obesity,insulin_resistance,OR,5.43324156010628,4.9533129292093,5.95967068351129,8.33544553664954e-194,15529,"Age, years, Male sex, Ever smoking (past/current), Ever alcohol (past/current)",1.8818871269281847e-192
overweight,insulin_resistance,OR,5.18712742512588,4.65272479416958,5.78291046962627,1.29433263106876e-146,15529,"Age, years, Male sex, Ever smoking (past/current), Ever alcohol (past/current)",1.8089839391365764e-145
abdominal_obesity,insulin_resistance,OR,5.69462092902024,5.1623618308743,6.28175796033715,3.41452938098757e-185,15529,"Age, years, Male sex, Ever smoking (past/current), Ever alcohol (past/current)",6.644183690518355e-184
central_obesity,insulin_resistance,OR,5.75348605936792,5.14321109967716,6.43617405426326,1.6815204274301e-153,15529,"Age, years, Male sex, Ever smoking (past/current), Ever alcohol (past/current)",2.4988670655733386e-152
high_bodyfat,insulin_resistance,OR,3.09973798038689,2.67001418854312,3.59862340368151,1.9674542877444297e-40,15529,"Age, years, Male sex, Ever smoking (past/current), Ever alcohol (past/current)",8.918113257961237e-40
sarcopenia,insulin_resistance,OR,0.532984708124542,0.416561404545088,0.681946757417022,8.26087395604952e-07,15529,"Age, years, Male sex, Ever smoking (past/current), Ever alcohol (past/current)",1.6056731828480359e-06
sbp,insulin_resistance,OR,1.22071674124326,1.15556134322534,1.28954587403585,1.74532345274405e-12,15529,"Age, years, Male sex, Body mass index, kg/m2, Ever smoking (past/current), Ever alcohol (past/current)",4.259895495886725e-12
dbp,insulin_resistance,OR,1.13115382951459,1.07736516650952,1.18762795178437,8.11773013739322e-07,15529,"Age, years, Male sex, Body mass index, kg/m2, Ever smoking (past/current), Ever alcohol (past/current)",1.578721454660349e-06
tg,insulin_resistance,OR,1.48284176121494,1.388448417996,1.58365241394899,3.0022155782702297e-30,15529,"Age, years, Male sex, Body mass index, kg/m2, Ever smoking (past/current), Ever alcohol (past/current)",1.1345282474965396e-29
tchol,insulin_resistance,OR,0.97975543881722,0.932844730634061,1.02902518325795,0.414073853592861,15529,"Age, years, Male sex, Body mass index, kg/m2, Ever smoking (past/current), Ever alcohol (past/current)",0.46444844342485875
hdl,insulin_resistance,OR,0.632247136377843,0.596362868359713,0.670290627847861,5.6848183372540795e-49,15529,"Age, years, Male sex, Body mass index, kg/m2, Ever smoking (past/current), Ever alcohol (past/current)",2.9883477886281895e-48
ldl,insulin_resistance,OR,0.985668929305946,0.900337411414577,1.07908793512499,0.754780779814343,15529,"Age, years, Male sex, Body mass index, kg/m2, Ever smoking (past/current), Ever alcohol (past/current)",0.7890584465734983
nonhdl,insulin_resistance,OR,1.10155160760305,1.04872684659401,1.15703717145577,0.0001204335279292,15529,"Age, years, Male sex, Body mass index, kg/m2, Ever smoking (past/current), Ever alcohol (past/current)",0.00020590625503235066
alt,insulin_resistance,OR,1.60146506490193,1.48860521760672,1.72288147573785,1.750078383832e-34,15529,"Age, years, Male sex, Body mass index, kg/m2, Ever smoking (past/current), Ever alcohol (past/current)",7.167181474251516e-34
ast,insulin_resistance,OR,1.23683645996127,1.16255603437712,1.31586296355095,2.6495282241855697e-11,15529,"Age, years, Male sex, Body mass index, kg/m2, Ever smoking (past/current), Ever alcohol (past/current)",6.23355938916605e-11
creatinine,insulin_resistance,OR,1.00901355148543,0.965731425762468,1.0542354943844,0.688397869553381,15529,"Age, years, Male sex, Body mass index, kg/m2, Ever smoking (past/current), Ever alcohol (past/current)",0.7276522498700504
egfr,insulin_resistance,OR,0.97395486815634,0.9024989285036,1.05106837830628,0.497405798890859,15529,"Age, years, Male sex, Body mass index, kg/m2, Ever smoking (past/current), Ever alcohol (past/current)",0.5452422109223796
hemoglobin,insulin_resistance,OR,1.20636169878736,1.12847713602058,1.2896216519132,4.37052556428758e-08,15529,"Age, years, Male sex, Body mass index, kg/m2, Ever smoking (past/current), Ever alcohol (past/current)",9.001749144690558e-08
platelet,insulin_resistance,OR,1.07810936816746,1.02704443295432,1.13171326617973,0.0024366061640653,15529,"Age, years, Male sex, Body mass index, kg/m2, Ever smoking (past/current), Ever alcohol (past/current)",0.0037279439226055545
wbc,insulin_resistance,OR,1.3428137223384,1.27247822474176,1.41703697386746,8.815344383823801e-26,15529,"Age, years, Male sex, Body mass index, kg/m2, Ever smoking (past/current), Ever alcohol (past/current)",3.064920327722352e-25
fib4,insulin_resistance,OR,0.98297819486135,0.908875842685795,1.06312225079891,0.667766614710715,15529,"Age, years, Male sex, Body mass index, kg/m2, Ever smoking (past/current), Ever alcohol (past/current)",0.708395788256367
vitd,insulin_resistance,OR,0.869675306857591,0.80517769552906,0.939339407384947,0.0004196074549334,15529,"Age, years, Male sex, Body mass index, kg/m2, Ever smoking (past/current), Ever alcohol (past/current)",0.0006864177688227751
fn_bmd,insulin_resistance,OR,0.795889096084143,0.715333318447775,0.885516495499126,3.35688674512308e-05,15529,"Age, years, Male sex, Body mass index, kg/m2, Ever smoking (past/current), Ever alcohol (past/current)",5.93819945571245e-05
ls_bmd,insulin_resistance,OR,0.928663749786207,0.850087977740085,1.01450247827251,0.101590471127489,15529,"Age, years, Male sex, Body mass index, kg/m2, Ever smoking (past/current), Ever alcohol (past/current)",0.12697006363059482
hsi,insulin_resistance,OR,2.86758871050618,2.5719872573413,3.19716397861271,1.068390492167e-70,15529,"Age, years, Male sex, Body mass index, kg/m2, Ever smoking (past/current), Ever alcohol (past/current)",7.632599013006438e-70
htn,insulin_resistance,OR,1.59148802301789,1.42961136788349,1.77169417109434,5.81567158628842e-17,15529,"Age, years, Male sex, Body mass index, kg/m2, Ever smoking (past/current), Ever alcohol (past/current)",1.6115495929903867e-16
dyslipidemia,insulin_resistance,OR,2.19276599258213,1.98522217743098,2.42200734652625,1.5917962743041399e-49,15529,"Age, years, Male sex, Body mass index, kg/m2, Ever smoking (past/current), Ever alcohol (past/current)",8.430536057292001e-49
low_hdl,insulin_resistance,OR,1.98707287455168,1.80167008971513,2.19155473097929,4.342871703775169e-40,15529,"Age, years, Male sex, Body mass index, kg/m2, Ever smoking (past/current), Ever alcohol (past/current)",1.9559583300122948e-39
high_tg,insulin_resistance,OR,2.30622022079473,2.08789574576883,2.5473741768864,3.0292443063365696e-55,15529,"Age, years, Male sex, Body mass index, kg/m2, Ever smoking (past/current), Ever alcohol (past/current)",1.7841134526617725e-54
high_ldl,insulin_resistance,OR,1.06616245803998,0.797327802104921,1.42563997383887,0.665730174280193,15529,"Age, years, Male sex, Body mass index, kg/m2, Ever smoking (past/current), Ever alcohol (past/current)",0.706448229531437
high_nonhdl,insulin_resistance,OR,1.38123766770909,1.19304065430621,1.59912194761536,1.67143637439994e-05,15529,"Age, years, Male sex, Body mass index, kg/m2, Ever smoking (past/current), Ever alcohol (past/current)",3.0080730253636122e-05
atherogenic_dyslipidemia,insulin_resistance,OR,2.38600879854818,2.11907158921533,2.68657180612639,2.1299758794786897e-43,15529,"Age, years, Male sex, Body mass index, kg/m2, Ever smoking (past/current), Ever alcohol (past/current)",1.0220401972103467e-42
ckd,insulin_resistance,OR,2.0197143344978,1.58570766326857,2.57250821665796,2.15840201878156e-08,15529,"Age, years, Male sex, Body mass index, kg/m2, Ever smoking (past/current), Ever alcohol (past/current)",4.503490468097544e-08
high_alt,insulin_resistance,OR,2.68660629546033,2.29277642661616,3.14808426282525,1.67515302816493e-32,15529,"Age, years, Male sex, Body mass index, kg/m2, Ever smoking (past/current), Ever alcohol (past/current)",6.614225297305923e-32
high_ast,insulin_resistance,OR,2.64488157075029,2.16673121097411,3.22854929483826,6.0940019749777706e-21,15529,"Age, years, Male sex, Body mass index, kg/m2, Ever smoking (past/current), Ever alcohol (past/current)",1.8761429157230514e-20
adv_fibrosis,insulin_resistance,OR,1.28012099673719,0.992124746875807,1.6517174593696,0.057790745423036,15529,"Age, years, Male sex, Body mass index, kg/m2, Ever smoking (past/current), Ever alcohol (past/current)",0.07483051668379882
anemia,insulin_resistance,OR,0.874997420042974,0.744685693251182,1.02811225194791,0.10483831089972,15529,"Age, years, Male sex, Body mass index, kg/m2, Ever smoking (past/current), Ever alcohol (past/current)",0.1306121439649147
leukocytosis,insulin_resistance,OR,2.45289676507816,1.71440576200823,3.50949738589481,1.03436287118666e-06,15529,"Age, years, Male sex, Body mass index, kg/m2, Ever smoking (past/current), Ever alcohol (past/current)",1.9950854503392203e-06
vitd_deficiency,insulin_resistance,OR,1.27448575149107,1.09404850995143,1.48468181801726,0.0019531711558418,15529,"Age, years, Male sex, Body mass index, kg/m2, Ever smoking (past/current), Ever alcohol (past/current)",0.0030065860187389946
osteoporosis,insulin_resistance,OR,1.32848083237691,1.01070899795741,1.74616168012706,0.0423715200195587,15529,"Age, years, Male sex, Body mass index, kg/m2, Ever smoking (past/current), Ever alcohol (past/current)",0.056229274117892136
current_smoking,insulin_resistance,OR,1.04599817217189,0.918321319475864,1.19142630469628,0.498469979536026,15529,"Age, years, Male sex, Body mass index, kg/m2, Ever alcohol (past/current)",0.5462387267971013
bmi,ckd,OR,1.32518199310907,1.24320511215579,1.41256442536287,1.28955616835367e-17,20173,"Age, years, Male sex",3.6480456425233945e-17
smoking,ckd,OR,1.22293459468075,1.03150578351032,1.44988912982863,0.0206181014855159,20173,"Age, years, Male sex",0.028488408564922324
alcohol,ckd,OR,0.871767399733218,0.746172267754144,1.01850260600682,0.0839945343954111,20173,"Age, years, Male sex",0.10626032691833258
dm,ckd,OR,3.16327475132469,2.79226446667057,3.58358145218943,7.281696375257551e-67,20173,"Age, years, Male sex",4.922482655212494e-66
htn,ckd,OR,3.12531652005081,2.72483201682346,3.58466257376457,2.0843599553479498e-55,20173,"Age, years, Male sex",1.2338009685269712e-54
wc,ckd,OR,1.13288457154587,1.05017848240635,1.22210412224964,0.0012807879569334,20173,"Age, years, Male sex, Ever smoking (past/current), Ever alcohol (past/current), Diabetes mellitus, Hypertension",0.0020138103501426046
height,ckd,OR,0.949041710525103,0.855977319403332,1.05222433807504,0.320731221958624,20173,"Age, years, Male sex, Ever smoking (past/current), Ever alcohol (past/current), Diabetes mellitus, Hypertension",0.3695176198031645
weight,ckd,OR,1.08299357854632,0.994917446625847,1.1788667443216,0.0656176016765445,20173,"Age, years, Male sex, Ever smoking (past/current), Ever alcohol (past/current), Diabetes mellitus, Hypertension",0.08434496098714954
whtr,ckd,OR,1.1408742064835,1.05777104938664,1.23050631398365,0.0006522530382876,20173,"Age, years, Male sex, Ever smoking (past/current), Ever alcohol (past/current), Diabetes mellitus, Hypertension",0.001051366224644818
fat_kg,ckd,OR,1.15942789652904,0.895890393458728,1.50048829306002,0.266222053661526,20173,"Age, years, Male sex, Ever smoking (past/current), Ever alcohol (past/current), Diabetes mellitus, Hypertension",0.31109292401987215
lean_kg,ckd,OR,0.970238597139263,0.610690560625782,1.54147287689225,0.898730131706239,20173,"Age, years, Male sex, Ever smoking (past/current), Ever alcohol (past/current), Diabetes mellitus, Hypertension",0.9143060438675258
asmm_kg,ckd,OR,0.901638058299439,0.558898102681481,1.45456065116988,0.673132695126564,20173,"Age, years, Male sex, Ever smoking (past/current), Ever alcohol (past/current), Diabetes mellitus, Hypertension",0.7128001660360067
asmi,ckd,OR,1.0681187582208,0.65654045232991,1.73771117623358,0.791792988683868,20173,"Age, years, Male sex, Ever smoking (past/current), Ever alcohol (past/current), Diabetes mellitus, Hypertension",0.8235226554531341
bodyfat_pct,ckd,OR,1.29379695925823,0.824541069881051,2.03011181969059,0.267794762051827,20173,"Age, years, Male sex, Ever smoking (past/current), Ever alcohol (past/current), Diabetes mellitus, Hypertension",0.312723193616225
asm_pct,ckd,OR,0.731308507281746,0.45680871878364,1.17075727942916,0.198421796951426,20173,"Age, years, Male sex, Ever smoking (past/current), Ever alcohol (past/current), Diabetes mellitus, Hypertension",0.23705616311496688
obesity,ckd,OR,1.1871336549506,1.04223894510587,1.35217199600348,0.0098823812634063,20173,"Age, years, Male sex, Ever smoking (past/current), Ever alcohol (past/current), Diabetes mellitus, Hypertension",0.01419483964507218
overweight,ckd,OR,1.0756582931972,0.939735489704336,1.23124089320915,0.290132110392821,20173,"Age, years, Male sex, Ever smoking (past/current), Ever alcohol (past/current), Diabetes mellitus, Hypertension",0.33724267089224935
abdominal_obesity,ckd,OR,1.28643429237553,1.12829976789101,1.46673183465513,0.0001732553330016,20173,"Age, years, Male sex, Ever smoking (past/current), Ever alcohol (past/current), Diabetes mellitus, Hypertension",0.0002923839400247413
central_obesity,ckd,OR,1.19237442327122,1.02326700589636,1.38942891452455,0.0242811786719572,20173,"Age, years, Male sex, Ever smoking (past/current), Ever alcohol (past/current), Diabetes mellitus, Hypertension",0.033301523085137556
high_bodyfat,ckd,OR,1.42114031910429,0.641106667714096,3.15023990279963,0.390962280635602,20173,"Age, years, Male sex, Ever smoking (past/current), Ever alcohol (past/current), Diabetes mellitus, Hypertension",0.44221815718572766
sarcopenia,ckd,OR,0.743070116535319,0.372801424733364,1.4810919740522,0.402764294365668,20173,"Age, years, Male sex, Ever smoking (past/current), Ever alcohol (past/current), Diabetes mellitus, Hypertension",0.45364113999228745
sbp,ckd,OR,1.29337330259676,1.20069752726018,1.3932022527665,1.6548501404772898e-11,20173,"Age, years, Male sex, Body mass index, kg/m2, Ever smoking (past/current), Ever alcohol (past/current), Diabetes mellitus, Hypertension",3.916923517984553e-11
dbp,ckd,OR,1.134031789004,1.05503670135048,1.21894157504233,0.0006549944815423,20173,"Age, years, Male sex, Body mass index, kg/m2, Ever smoking (past/current), Ever alcohol (past/current), Diabetes mellitus, Hypertension",0.0010553021793192957
tg,ckd,OR,1.12671472062396,1.0691893162502,1.18733515419233,8.66785013577558e-06,20173,"Age, years, Male sex, Body mass index, kg/m2, Ever smoking (past/current), Ever alcohol (past/current), Diabetes mellitus, Hypertension",1.5760541134848524e-05
tchol,ckd,OR,1.02812768210153,0.963353350873225,1.09725733527091,0.40356228291129,20173,"Age, years, Male sex, Body mass index, kg/m2, Ever smoking (past/current), Ever alcohol (past/current), Diabetes mellitus, Hypertension",0.45424939610532544
hdl,ckd,OR,0.8213156792861,0.765902850552445,0.880737608633561,3.86091280495582e-08,20173,"Age, years, Male sex, Body mass index, kg/m2, Ever smoking (past/current), Ever alcohol (past/current), Diabetes mellitus, Hypertension",7.975445688594955e-08
ldl,ckd,OR,1.02725815463608,0.919982927487182,1.14704228169607,0.632788957132171,20173,"Age, years, Male sex, Body mass index, kg/m2, Ever smoking (past/current), Ever alcohol (past/current), Diabetes mellitus, Hypertension",0.6747449915287637
nonhdl,ckd,OR,1.08078659650403,1.01475195334832,1.15111842192415,0.0158323092307664,20173,"Age, years, Male sex, Body mass index, kg/m2, Ever smoking (past/current), Ever alcohol (past/current), Diabetes mellitus, Hypertension",0.022109989338128175
alt,ckd,OR,1.01193635027362,0.954233508496741,1.07312850354446,0.692074275987896,20173,"Age, years, Male sex, Body mass index, kg/m2, Ever smoking (past/current), Ever alcohol (past/current), Diabetes mellitus, Hypertension",0.7310994601167875
ast,ckd,OR,1.05439292453878,1.00757929186206,1.10338158822507,0.0223888265217141,20173,"Age, years, Male sex, Body mass index, kg/m2, Ever smoking (past/current), Ever alcohol (past/current), Diabetes mellitus, Hypertension",0.03083826633143413
hemoglobin,ckd,OR,0.823670404297299,0.753163278804963,0.900778030484623,2.27104764374295e-05,20173,"Age, years, Male sex, Body mass index, kg/m2, Ever smoking (past/current), Ever alcohol (past/current), Diabetes mellitus, Hypertension",4.056100304899934e-05
platelet,ckd,OR,1.06250829798792,0.994419528708426,1.135259164469,0.072935883934049,20173,"Age, years, Male sex, Body mass index, kg/m2, Ever smoking (past/current), Ever alcohol (past/current), Diabetes mellitus, Hypertension",0.09314002292085591
wbc,ckd,OR,1.20889159413059,1.1381148077957,1.28406982876365,8.96598009816876e-10,20173,"Age, years, Male sex, Body mass index, kg/m2, Ever smoking (past/current), Ever alcohol (past/current), Diabetes mellitus, Hypertension",1.992314315820213e-09
fib4,ckd,OR,1.07454560192395,1.01729138402041,1.13502214680207,0.0101496621505554,20173,"Age, years, Male sex, Body mass index, kg/m2, Ever smoking (past/current), Ever alcohol (past/current), Diabetes mellitus, Hypertension",0.014543169281633898
vitd,ckd,OR,0.860187815111248,0.748380230946034,0.988699389253669,0.034387921816407,20173,"Age, years, Male sex, Body mass index, kg/m2, Ever smoking (past/current), Ever alcohol (past/current), Diabetes mellitus, Hypertension",0.04619155630716455
fn_bmd,ckd,OR,0.85573378852265,0.590748134560187,1.23958125972672,0.413916189857651,20173,"Age, years, Male sex, Body mass index, kg/m2, Ever smoking (past/current), Ever alcohol (past/current), Diabetes mellitus, Hypertension",0.46441950324264
ls_bmd,ckd,OR,1.02992998119775,0.770826392114773,1.37612798033523,0.84272323336743,20173,"Age, years, Male sex, Body mass index, kg/m2, Ever smoking (past/current), Ever alcohol (past/current), Diabetes mellitus, Hypertension",0.8670964732457167
hsi,ckd,OR,0.810678484010273,0.697791579446095,0.941827938019655,0.0061473890124229,20173,"Age, years, Male sex, Body mass index, kg/m2, Ever smoking (past/current), Ever alcohol (past/current), Diabetes mellitus, Hypertension",0.009066626508271966
mets,ckd,OR,1.4142845678621,1.20401068429335,1.66128163560844,2.570016765043e-05,20173,"Age, years, Male sex, Body mass index, kg/m2, Ever smoking (past/current), Ever alcohol (past/current), Diabetes mellitus, Hypertension",4.576137030577071e-05
dyslipidemia,ckd,OR,1.17555961099765,1.02125295114637,1.35318130288652,0.0243954371542817,20173,"Age, years, Male sex, Body mass index, kg/m2, Ever smoking (past/current), Ever alcohol (past/current), Diabetes mellitus, Hypertension",0.033445204226306015
low_hdl,ckd,OR,1.26724551628653,1.10610483645442,1.45186165508145,0.0006573567000598,20173,"Age, years, Male sex, Body mass index, kg/m2, Ever smoking (past/current), Ever alcohol (past/current), Diabetes mellitus, Hypertension",0.0010586238214954802
high_tg,ckd,OR,1.27537669619243,1.11552584749582,1.45813359756939,0.0003812957145155,20173,"Age, years, Male sex, Body mass index, kg/m2, Ever smoking (past/current), Ever alcohol (past/current), Diabetes mellitus, Hypertension",0.0006254883588838338
high_ldl,ckd,OR,1.54452754778047,1.10451796804685,2.15982484202698,0.0111626705127288,20173,"Age, years, Male sex, Body mass index, kg/m2, Ever smoking (past/current), Ever alcohol (past/current), Diabetes mellitus, Hypertension",0.01591697390519467
high_nonhdl,ckd,OR,1.21364449066213,0.967100925303667,1.52303954135091,0.0948609999787404,20173,"Age, years, Male sex, Body mass index, kg/m2, Ever smoking (past/current), Ever alcohol (past/current), Diabetes mellitus, Hypertension",0.11910889195191575
atherogenic_dyslipidemia,ckd,OR,1.36255191103566,1.15336460702211,1.60967980026748,0.0002834277458525,20173,"Age, years, Male sex, Body mass index, kg/m2, Ever smoking (past/current), Ever alcohol (past/current), Diabetes mellitus, Hypertension",0.0004695355225270484
high_alt,ckd,OR,1.09217963729473,0.881779333942599,1.3527833032645,0.419421045189859,20173,"Age, years, Male sex, Body mass index, kg/m2, Ever smoking (past/current), Ever alcohol (past/current), Diabetes mellitus, Hypertension",0.46925061027912435
high_ast,ckd,OR,1.14536612948758,0.892993081348782,1.46906353249222,0.285327136049625,20173,"Age, years, Male sex, Body mass index, kg/m2, Ever smoking (past/current), Ever alcohol (past/current), Diabetes mellitus, Hypertension",0.33187654331795885
leukocytosis,ckd,OR,1.56639825250076,0.978591086178313,2.50728166247608,0.0616855078129659,20173,"Age, years, Male sex, Body mass index, kg/m2, Ever smoking (past/current), Ever alcohol (past/current), Diabetes mellitus, Hypertension",0.0795810837059582
vitd_deficiency,ckd,OR,1.55442587138579,1.17867519395049,2.04996236625215,0.0018613506223449,20173,"Age, years, Male sex, Body mass index, kg/m2, Ever smoking (past/current), Ever alcohol (past/current), Diabetes mellitus, Hypertension",0.0028740363401572717
osteoporosis,ckd,OR,1.47948110809637,0.616084969969504,3.55286114076506,0.385217830508525,20173,"Age, years, Male sex, Body mass index, kg/m2, Ever smoking (past/current), Ever alcohol (past/current), Diabetes mellitus, Hypertension",0.436811718947529
glucose,ckd,OR,1.3815667948152,1.31948981803633,1.44656425721915,5.8793015303406e-41,20173,"Age, years, Male sex, Body mass index, kg/m2, Ever smoking (past/current), Ever alcohol (past/current), Hypertension",2.7138794219999464e-40
hba1c,ckd,OR,1.46997426615771,1.402801297802,1.54036380387702,1.61155150992695e-54,20173,"Age, years, Male sex, Body mass index, kg/m2, Ever smoking (past/current), Ever alcohol (past/current), Hypertension",9.366145904228906e-54
homa_ir,ckd,OR,1.43934477567662,1.26420953104852,1.63874210120005,6.14978455606603e-08,20173,"Age, years, Male sex, Body mass index, kg/m2, Ever smoking (past/current), Ever alcohol (past/current), Hypertension",1.2570830647977108e-07
insulin,ckd,OR,1.22043037187831,1.08418101318336,1.37380222904818,0.0010458715324885,20173,"Age, years, Male sex, Body mass index, kg/m2, Ever smoking (past/current), Ever alcohol (past/current), Hypertension",0.0016548182320475543
prediabetes,ckd,OR,0.683174346494274,0.603081926357052,0.773903457076169,2.59450685385591e-09,20173,"Age, years, Male sex, Body mass index, kg/m2, Ever smoking (past/current), Ever alcohol (past/current), Hypertension",5.654612091138932e-09
insulin_resistance,ckd,OR,1.83615716160778,1.43990760610285,2.34145101243582,1.31941292502466e-06,20173,"Age, years, Male sex, Body mass index, kg/m2, Ever smoking (past/current), Ever alcohol (past/current), Hypertension",2.533790797130236e-06
current_smoking,ckd,OR,1.19206148001618,0.996218652310971,1.4264043027522,0.0552052037843408,20173,"Age, years, Male sex, Body mass index, kg/m2, Ever alcohol (past/current), Diabetes mellitus, Hypertension",0.07179938246988489
age,high_alt,OR,0.78862281568554,0.757462355509753,0.821065153794012,3.52989919765358e-30,35803,unadjusted,1.3268201679974289e-29
men,high_alt,OR,3.87228188181621,3.51675514718732,4.26375062939332,1.20455806133458e-148,35803,unadjusted,1.703796583140719e-147
bmi,high_alt,OR,2.13619725506568,2.03768449896839,2.23947265381878,1.16598260324072e-187,35803,"Age, years, Male sex",2.387552749194079e-186
smoking,high_alt,OR,1.19145773824817,1.06231450017328,1.33630063582856,0.0027883216944551,35803,"Age, years, Male sex",0.004240271592344932
alcohol,high_alt,OR,0.77526818071315,0.653227424136031,0.920109489924162,0.0036097226962788,35803,"Age, years, Male sex",0.005437743086524351
wc,high_alt,OR,2.4233396419036,2.30235345149692,2.5506835261125,4.2764312779980303e-212,35803,"Age, years, Male sex, Ever alcohol (past/current), Ever smoking (past/current)",1.2984130138887124e-210
height,high_alt,OR,1.02091193147063,0.946972805820903,1.10062418415023,0.589542469164876,35803,"Age, years, Male sex, Ever alcohol (past/current), Ever smoking (past/current)",0.6355581807158535
weight,high_alt,OR,2.14296501040787,2.03691264040062,2.25453902378904,8.19545590931582e-167,35803,"Age, years, Male sex, Ever alcohol (past/current), Ever smoking (past/current)",1.3488035379724447e-165
whtr,high_alt,OR,2.54322858961665,2.41024040445723,2.68355457284771,4.25891877057685e-214,35803,"Age, years, Male sex, Ever alcohol (past/current), Ever smoking (past/current)",1.339277849104613e-212
fat_kg,high_alt,OR,2.03083990988394,1.77059945925069,2.32933017008986,5.85091030407495e-22,35803,"Age, years, Male sex, Ever alcohol (past/current), Ever smoking (past/current)",1.8564780262118896e-21
lean_kg,high_alt,OR,2.0961280715258,1.74252435398584,2.52148722179303,2.7403843706716202e-14,35803,"Age, years, Male sex, Ever alcohol (past/current), Ever smoking (past/current)",7.086368394644235e-14
asmm_kg,high_alt,OR,1.98243449496852,1.6386195323804,2.39838867362454,6.65211353250752e-12,35803,"Age, years, Male sex, Ever alcohol (past/current), Ever smoking (past/current)",1.5883894143384056e-11
asmi,high_alt,OR,1.92189538702368,1.61307453139526,2.28983956213603,1.13437753866584e-12,35803,"Age, years, Male sex, Ever alcohol (past/current), Ever smoking (past/current)",2.789998387696291e-12
bodyfat_pct,high_alt,OR,2.56687420699871,2.1622135662824,3.04726753050754,2.32952235913526e-24,35803,"Age, years, Male sex, Ever alcohol (past/current), Ever smoking (past/current)",7.828795561903039e-24
asm_pct,high_alt,OR,0.401348065038289,0.336105068293254,0.479255698606231,8.163066129709839e-22,35803,"Age, years, Male sex, Ever alcohol (past/current), Ever smoking (past/current)",2.5785039380123816e-21
obesity,high_alt,OR,4.05340259155751,3.68093717356164,4.46355691350949,2.66449829441452e-157,35803,"Age, years, Male sex, Ever alcohol (past/current), Ever smoking (past/current)",4.0979751060820697e-156
overweight,high_alt,OR,3.89912775113067,3.42651955733111,4.43692118642947,1.9866339538371202e-88,35803,"Age, years, Male sex, Ever alcohol (past/current), Ever smoking (past/current)",1.710739556336024e-87
abdominal_obesity,high_alt,OR,4.22013362139985,3.82000311943045,4.66217624061123,5.19545601766743e-156,35803,"Age, years, Male sex, Ever alcohol (past/current), Ever smoking (past/current)",7.887239695786504e-155
central_obesity,high_alt,OR,4.88865276706028,4.33872276480946,5.50828600313569,1.12756909939055e-134,35803,"Age, years, Male sex, Ever alcohol (past/current), Ever smoking (past/current)",1.4082618326430912e-133
high_bodyfat,high_alt,OR,2.93127483467924,2.33406892998474,3.68128466389379,7.41470812207095e-19,35803,"Age, years, Male sex, Ever alcohol (past/current), Ever smoking (past/current)",2.1671868884592435e-18
sarcopenia,high_alt,OR,0.539751710296456,0.324028487118687,0.89909350674232,0.0182548123277455,35803,"Age, years, Male sex, Ever alcohol (past/current), Ever smoking (past/current)",0.02536230730505706
sbp,high_alt,OR,1.17008069167059,1.10840717513032,1.23518581956072,1.43440116134149e-08,35803,"Age, years, Male sex, Body mass index, kg/m2, Ever alcohol (past/current), Ever smoking (past/current)",3.0142964738930357e-08
dbp,high_alt,OR,1.32466912998468,1.26457412228237,1.38761996866369,9.16739545288677e-32,35803,"Age, years, Male sex, Body mass index, kg/m2, Ever alcohol (past/current), Ever smoking (past/current)",3.571633493923363e-31
glucose,high_alt,OR,1.1975198787731,1.15045055348899,1.24651498989476,2.10347004771895e-18,35803,"Age, years, Male sex, Body mass index, kg/m2, Ever alcohol (past/current), Ever smoking (past/current)",6.097466261782833e-18
hba1c,high_alt,OR,1.24463028804164,1.18983633984829,1.30194758895004,3.5107948871887305e-21,35803,"Age, years, Male sex, Body mass index, kg/m2, Ever alcohol (past/current), Ever smoking (past/current)",1.0875127170341872e-20
homa_ir,high_alt,OR,1.79713422512276,1.65483275160792,1.95167240917214,4.55809871115438e-41,35803,"Age, years, Male sex, Body mass index, kg/m2, Ever alcohol (past/current), Ever smoking (past/current)",2.112318902721806e-40
tg,high_alt,OR,1.34970654310045,1.29088077082043,1.41121302111454,1.27360184801524e-38,35803,"Age, years, Male sex, Body mass index, kg/m2, Ever alcohol (past/current), Ever smoking (past/current)",5.607032135887094e-38
tchol,high_alt,OR,1.27223355570516,1.20994015647295,1.33773411156172,1.07098695357846e-20,35803,"Age, years, Male sex, Body mass index, kg/m2, Ever alcohol (past/current), Ever smoking (past/current)",3.288592894946239e-20
hdl,high_alt,OR,0.726020890367338,0.680980678893454,0.774040071307594,2.52975708666957e-22,35803,"Age, years, Male sex, Body mass index, kg/m2, Ever alcohol (past/current), Ever smoking (past/current)",8.121973071331107e-22
ldl,high_alt,OR,1.04972415956499,0.971164829278312,1.13463830027007,0.221551596805728,35803,"Age, years, Male sex, Body mass index, kg/m2, Ever alcohol (past/current), Ever smoking (past/current)",0.2625520605483762
nonhdl,high_alt,OR,1.36366509943023,1.29645427513329,1.43436026944558,1.48722387975344e-32,35803,"Age, years, Male sex, Body mass index, kg/m2, Ever alcohol (past/current), Ever smoking (past/current)",5.885396072462489e-32
creatinine,high_alt,OR,0.884489787933487,0.803540122834436,0.973594426372929,0.0122545726035148,35803,"Age, years, Male sex, Body mass index, kg/m2, Ever alcohol (past/current), Ever smoking (past/current)",0.017396454941386186
egfr,high_alt,OR,1.06323116018147,0.98653514577371,1.14588973826599,0.108589584032287,35803,"Age, years, Male sex, Body mass index, kg/m2, Ever alcohol (past/current), Ever smoking (past/current)",0.1350944948646114
hemoglobin,high_alt,OR,1.78722771838611,1.65373631795875,1.93149469034477,5.328194648661471e-47,35803,"Age, years, Male sex, Body mass index, kg/m2, Ever alcohol (past/current), Ever smoking (past/current)",2.6846783337032474e-46
wbc,high_alt,OR,1.12551070359258,1.07530727235346,1.17805800859967,4.04077433750733e-07,35803,"Age, years, Male sex, Body mass index, kg/m2, Ever alcohol (past/current), Ever smoking (past/current)",7.963194429118634e-07
vitd,high_alt,OR,0.918145775894539,0.834939119246201,1.00964447150836,0.0783414153525282,35803,"Age, years, Male sex, Body mass index, kg/m2, Ever alcohol (past/current), Ever smoking (past/current)",0.09982578323864122
fn_bmd,high_alt,OR,0.801138842931543,0.690288988261737,0.929789488993458,0.0036881729816626,35803,"Age, years, Male sex, Body mass index, kg/m2, Ever alcohol (past/current), Ever smoking (past/current)",0.00555117318009217
ls_bmd,high_alt,OR,0.884476111093377,0.771233792636048,1.01434610174562,0.079692445259705,35803,"Age, years, Male sex, Body mass index, kg/m2, Ever alcohol (past/current), Ever smoking (past/current)",0.10140057521845411
insulin,high_alt,OR,1.66363980100523,1.53755489983456,1.80006410684037,1.27441021471246e-34,35803,"Age, years, Male sex, Body mass index, kg/m2, Ever alcohol (past/current), Ever smoking (past/current)",5.237424476332886e-34
dm,high_alt,OR,1.66953822473472,1.4593104088534,1.91005139615254,1.10010512533688e-13,35803,"Age, years, Male sex, Body mass index, kg/m2, Ever alcohol (past/current), Ever smoking (past/current)",2.7955052319166606e-13
prediabetes,high_alt,OR,1.24210253124584,1.12306282011735,1.37375992730852,2.54125809992005e-05,35803,"Age, years, Male sex, Body mass index, kg/m2, Ever alcohol (past/current), Ever smoking (past/current)",4.527218527019937e-05
htn,high_alt,OR,1.31105477084608,1.16564158170837,1.47460818070602,6.57257195113857e-06,35803,"Age, years, Male sex, Body mass index, kg/m2, Ever alcohol (past/current), Ever smoking (past/current)",1.2062844404330403e-05
mets,high_alt,OR,2.42220587676455,2.14641001720147,2.73343921357688,3.96568333169359e-45,35803,"Age, years, Male sex, Body mass index, kg/m2, Ever alcohol (past/current), Ever smoking (past/current)",1.9534456914999753e-44
dyslipidemia,high_alt,OR,2.0095130552237,1.80443358583618,2.23790044189585,4.8623150667610594e-36,35803,"Age, years, Male sex, Body mass index, kg/m2, Ever alcohol (past/current), Ever smoking (past/current)",2.055831172284808e-35
low_hdl,high_alt,OR,1.49157647660047,1.34881606406189,1.64944683328282,9.300024470894351e-15,35803,"Age, years, Male sex, Body mass index, kg/m2, Ever alcohol (past/current), Ever smoking (past/current)",2.4280716224232695e-14
high_tg,high_alt,OR,2.32759968058286,2.09577320648846,2.58506991895702,6.74737747074561e-54,35803,"Age, years, Male sex, Body mass index, kg/m2, Ever alcohol (past/current), Ever smoking (past/current)",3.864107878368462e-53
high_ldl,high_alt,OR,1.56867884560382,1.28414862950961,1.91625273282006,1.08644299989082e-05,35803,"Age, years, Male sex, Body mass index, kg/m2, Ever alcohol (past/current), Ever smoking (past/current)",1.9663166729781438e-05
high_nonhdl,high_alt,OR,2.16746403003322,1.90257287646763,2.46923541252731,1.3509338065282e-30,35803,"Age, years, Male sex, Body mass index, kg/m2, Ever alcohol (past/current), Ever smoking (past/current)",5.1382169185662204e-30
atherogenic_dyslipidemia,high_alt,OR,1.82676805190689,1.63274947890486,2.04384172745593,2.03775331197544e-25,35803,"Age, years, Male sex, Body mass index, kg/m2, Ever alcohol (past/current), Ever smoking (past/current)",7.0224727639701565e-25
insulin_resistance,high_alt,OR,2.78039126457394,2.37920760374987,3.24922279667185,1.25735190248835e-35,35803,"Age, years, Male sex, Body mass index, kg/m2, Ever alcohol (past/current), Ever smoking (past/current)",5.265628300313875e-35
ckd,high_alt,OR,1.06962755249822,0.859062822381731,1.3318037648182,0.547391215044637,35803,"Age, years, Male sex, Body mass index, kg/m2, Ever alcohol (past/current), Ever smoking (past/current)",0.5950345245022257
anemia,high_alt,OR,0.589626697279451,0.452666642777696,0.768025759555269,9.17211905029948e-05,35803,"Age, years, Male sex, Body mass index, kg/m2, Ever alcohol (past/current), Ever smoking (past/current)",0.0001578124245000233
leukocytosis,high_alt,OR,1.41863455056208,1.00783270950565,1.99688298372021,0.0450850489576508,35803,"Age, years, Male sex, Body mass index, kg/m2, Ever alcohol (past/current), Ever smoking (past/current)",0.05947173873739555
vitd_deficiency,high_alt,OR,1.09407544870177,0.910674626122629,1.31441137494786,0.337030611898124,35803,"Age, years, Male sex, Body mass index, kg/m2, Ever alcohol (past/current), Ever smoking (past/current)",0.38677804337086763
osteoporosis,high_alt,OR,1.04555301773329,0.663216056752507,1.64830314610302,0.847979740962548,35803,"Age, years, Male sex, Body mass index, kg/m2, Ever alcohol (past/current), Ever smoking (past/current)",0.8714866202714018
current_smoking,high_alt,OR,1.1443810981488,1.02444994319061,1.27835245294809,0.0170197851584456,35803,"Age, years, Male sex, Body mass index, kg/m2, Ever alcohol (past/current)",0.02371190005065087
age,high_ast,OR,1.11984855111866,1.05939047482332,1.18375689346433,6.56159420088864e-05,35817,unadjusted,0.00011389815069260615
men,high_ast,OR,2.48916843073312,2.20424414516231,2.81092250609205,2.94977560049247e-47,35817,unadjusted,1.4948359230121554e-46
bmi,high_ast,OR,1.6728172696431,1.58048104072197,1.7705480455102,4.52290884242767e-67,35817,"Age, years, Male sex",3.069303457231263e-66
smoking,high_ast,OR,1.25251244766686,1.06307265925636,1.47571044923479,0.0071640589356725,35817,"Age, years, Male sex",0.010487038890872212
alcohol,high_ast,OR,0.901147739487057,0.726998058337296,1.11701432908899,0.342190187737288,35817,"Age, years, Male sex",0.39167820643832574
wc,high_ast,OR,1.8292171685634,1.71830329654289,1.94729036282424,2.24862560537286e-75,35817,"Age, years, Male sex, Ever alcohol (past/current), Ever smoking (past/current)",1.699497721485668e-74
height,high_ast,OR,0.960850915570141,0.867699720740645,1.06400228083965,0.442789218719402,35817,"Age, years, Male sex, Ever alcohol (past/current), Ever smoking (past/current)",0.49180183801000754
weight,high_ast,OR,1.68300653961584,1.5781167781779,1.79486781431986,2.31262957627497e-54,35817,"Age, years, Male sex, Ever alcohol (past/current), Ever smoking (past/current)",1.334485382360629e-53
whtr,high_ast,OR,1.88812737228649,1.76998009516466,2.01416105396702,5.25503674670357e-78,35817,"Age, years, Male sex, Ever alcohol (past/current), Ever smoking (past/current)",4.09474323493141e-77
fat_kg,high_ast,OR,1.54835000211698,1.32554986519206,1.80859867441372,5.71215941397473e-08,35817,"Age, years, Male sex, Ever alcohol (past/current), Ever smoking (past/current)",1.1717079473511356e-07
lean_kg,high_ast,OR,1.69178275646812,1.28004887754993,2.23595281811512,0.0002451827004918,35817,"Age, years, Male sex, Ever alcohol (past/current), Ever smoking (past/current)",0.0004094516221584256
asmm_kg,high_ast,OR,1.59103109131691,1.17147570238836,2.16084715062907,0.0030950247286581,35817,"Age, years, Male sex, Ever alcohol (past/current), Ever smoking (past/current)",0.0046844336460394615
asmi,high_ast,OR,1.64467925637161,1.2699131239033,2.13004323321335,0.0001829552153745,35817,"Age, years, Male sex, Ever alcohol (past/current), Ever smoking (past/current)",0.00030786826017629667
bodyfat_pct,high_ast,OR,1.62224654638131,1.31525535963904,2.00089194692074,7.7986680737651e-06,35817,"Age, years, Male sex, Ever alcohol (past/current), Ever smoking (past/current)",1.4238936731882159e-05
asm_pct,high_ast,OR,0.581317697358827,0.461911341972724,0.731591183319597,4.84908600205069e-06,35817,"Age, years, Male sex, Ever alcohol (past/current), Ever smoking (past/current)",8.974503888188405e-06
obesity,high_ast,OR,2.46505764154708,2.18321512316283,2.78328466658229,1.99516705928542e-46,35817,"Age, years, Male sex, Ever alcohol (past/current), Ever smoking (past/current)",1.0009940716243946e-45
overweight,high_ast,OR,2.0008496356214,1.73311400663524,2.30994570988362,5.97829278368896e-21,35817,"Age, years, Male sex, Ever alcohol (past/current), Ever smoking (past/current)",1.8421301123493015e-20
abdominal_obesity,high_ast,OR,2.67496909464201,2.35215585865835,3.04208568107869,5.23048894658981e-49,35817,"Age, years, Male sex, Ever alcohol (past/current), Ever smoking (past/current)",2.7536296068593887e-48
central_obesity,high_ast,OR,2.59735618887797,2.23459678353154,3.01900513847557,1.2609763182854499e-34,35817,"Age, years, Male sex, Ever alcohol (past/current), Ever smoking (past/current)",5.188269384347376e-34
high_bodyfat,high_ast,OR,1.68806081815183,1.25578775077191,2.26913291997623,0.0005695774576093,35817,"Age, years, Male sex, Ever alcohol (past/current), Ever smoking (past/current)",0.0009223226692873355
sarcopenia,high_ast,OR,1.06295888927168,0.686707878480163,1.64535989128647,0.784274872262992,35817,"Age, years, Male sex, Ever alcohol (past/current), Ever smoking (past/current)",0.8169819876102508
sbp,high_ast,OR,1.22977642443054,1.14867049137694,1.31660912806445,3.1559730320394e-09,35817,"Age, years, Male sex, Body mass index, kg/m2, Ever alcohol (past/current), Ever smoking (past/current)",6.857086378064632e-09
dbp,high_ast,OR,1.21064236620261,1.13886137293336,1.28694762477506,1.0003892471909702e-09,35817,"Age, years, Male sex, Body mass index, kg/m2, Ever alcohol (past/current), Ever smoking (past/current)",2.21874743615025e-09
glucose,high_ast,OR,1.22575713428268,1.17412283056023,1.27966215555826,3.5159958318799e-20,35817,"Age, years, Male sex, Body mass index, kg/m2, Ever alcohol (past/current), Ever smoking (past/current)",1.0611257343514146e-19
hba1c,high_ast,OR,1.24195650007782,1.18004299678353,1.30711842898085,1.5639408443147e-16,35817,"Age, years, Male sex, Body mass index, kg/m2, Ever alcohol (past/current), Ever smoking (past/current)",4.2865366954679946e-16
homa_ir,high_ast,OR,1.64890720487824,1.48603662625247,1.82962850461899,2.03686355961569e-20,35817,"Age, years, Male sex, Body mass index, kg/m2, Ever alcohol (past/current), Ever smoking (past/current)",6.173694885513306e-20
tg,high_ast,OR,1.29995205869919,1.24969830827202,1.35222664840836,8.09836158021822e-38,35817,"Age, years, Male sex, Body mass index, kg/m2, Ever alcohol (past/current), Ever smoking (past/current)",3.5300036491990807e-37
tchol,high_ast,OR,1.13818473618388,1.06930554829226,1.21150076865391,4.95364095606783e-05,35817,"Age, years, Male sex, Body mass index, kg/m2, Ever alcohol (past/current), Ever smoking (past/current)",8.667026054282612e-05
hdl,high_ast,OR,0.973746784106422,0.898020532002403,1.05585870898001,0.519573402319408,35817,"Age, years, Male sex, Body mass index, kg/m2, Ever alcohol (past/current), Ever smoking (past/current)",0.5663687783871727
ldl,high_ast,OR,0.893793701792043,0.808353004256233,0.988265246936468,0.0286080682532333,35817,"Age, years, Male sex, Body mass index, kg/m2, Ever alcohol (past/current), Ever smoking (past/current)",0.038812641135549955
nonhdl,high_ast,OR,1.1461709779533,1.07565957484549,1.22130452926162,2.61479011260959e-05,35817,"Age, years, Male sex, Body mass index, kg/m2, Ever alcohol (past/current), Ever smoking (past/current)",4.6511569578843314e-05
creatinine,high_ast,OR,0.857526883197583,0.753015490004264,0.97654346446764,0.020527579808076,35817,"Age, years, Male sex, Body mass index, kg/m2, Ever alcohol (past/current), Ever smoking (past/current)",0.028374464711163134
egfr,high_ast,OR,1.08676891886352,0.984724020864335,1.19938851696856,0.098245162086919,35817,"Age, years, Male sex, Body mass index, kg/m2, Ever alcohol (past/current), Ever smoking (past/current)",0.1229635610768048
hemoglobin,high_ast,OR,1.28920840658254,1.1669977404832,1.4242172524815,6.09808091717544e-07,35817,"Age, years, Male sex, Body mass index, kg/m2, Ever alcohol (past/current), Ever smoking (past/current)",1.1912058230888465e-06
wbc,high_ast,OR,1.02662989860528,0.963245238345514,1.09418547505162,0.418986175126933,35817,"Age, years, Male sex, Body mass index, kg/m2, Ever alcohol (past/current), Ever smoking (past/current)",0.46916899789151006
vitd,high_ast,OR,0.921452423065722,0.81964620753793,1.03590373525202,0.171118542499916,35817,"Age, years, Male sex, Body mass index, kg/m2, Ever alcohol (past/current), Ever smoking (past/current)",0.20682206818280857
fn_bmd,high_ast,OR,0.78373741532384,0.644233727173458,0.953449517263648,0.0151884318470622,35817,"Age, years, Male sex, Body mass index, kg/m2, Ever alcohol (past/current), Ever smoking (past/current)",0.021244502369083824
ls_bmd,high_ast,OR,0.876939819066808,0.733463847874941,1.04848173293477,0.15034829654566,35817,"Age, years, Male sex, Body mass index, kg/m2, Ever alcohol (past/current), Ever smoking (past/current)",0.1836084259479246
insulin,high_ast,OR,1.46546521322381,1.32457778802546,1.62133799206349,2.32186081573999e-13,35817,"Age, years, Male sex, Body mass index, kg/m2, Ever alcohol (past/current), Ever smoking (past/current)",5.85368202794291e-13
dm,high_ast,OR,1.84792014113419,1.57847893100584,2.16335408787079,3.0042211002508e-14,35817,"Age, years, Male sex, Body mass index, kg/m2, Ever alcohol (past/current), Ever smoking (past/current)",7.762924956040585e-14
prediabetes,high_ast,OR,1.17444693670755,1.02762832824633,1.34224171252226,0.0183411348412542,35817,"Age, years, Male sex, Body mass index, kg/m2, Ever alcohol (past/current), Ever smoking (past/current)",0.025462150930586243
htn,high_ast,OR,1.26157721495835,1.08475881885268,1.46721745114315,0.0025836111522678,35817,"Age, years, Male sex, Body mass index, kg/m2, Ever alcohol (past/current), Ever smoking (past/current)",0.003942581663036044
mets,high_ast,OR,1.93876166669198,1.66919746672261,2.25185867770005,7.21829339349378e-18,35817,"Age, years, Male sex, Body mass index, kg/m2, Ever alcohol (past/current), Ever smoking (past/current)",2.0585286908408984e-17
dyslipidemia,high_ast,OR,1.59324440556466,1.3948404586003,1.81986959168819,8.13615476119583e-12,35817,"Age, years, Male sex, Body mass index, kg/m2, Ever alcohol (past/current), Ever smoking (past/current)",1.9374940546945038e-11
low_hdl,high_ast,OR,1.18715866394294,1.04273067156046,1.35159128988283,0.0095836936274858,35817,"Age, years, Male sex, Body mass index, kg/m2, Ever alcohol (past/current), Ever smoking (past/current)",0.013788304312093541
high_tg,high_ast,OR,1.97233561623293,1.73141301808078,2.246782103656,4.18398327311363e-24,35817,"Age, years, Male sex, Body mass index, kg/m2, Ever alcohol (past/current), Ever smoking (past/current)",1.3888773881155707e-23
high_ldl,high_ast,OR,1.32836496268392,1.02061632969259,1.72890970166793,0.0348171595810008,35817,"Age, years, Male sex, Body mass index, kg/m2, Ever alcohol (past/current), Ever smoking (past/current)",0.04673248324858416
high_nonhdl,high_ast,OR,1.71077682708149,1.44957082745734,2.01905094710879,2.45808350388522e-10,35817,"Age, years, Male sex, Body mass index, kg/m2, Ever alcohol (past/current), Ever smoking (past/current)",5.571023230813221e-10
atherogenic_dyslipidemia,high_ast,OR,1.51044491449981,1.30800167723773,1.74422088246581,2.12703602756238e-08,35817,"Age, years, Male sex, Body mass index, kg/m2, Ever alcohol (past/current), Ever smoking (past/current)",4.4406762827947256e-08
insulin_resistance,high_ast,OR,2.63257725478066,2.16866710764992,3.1957246817372,7.75534758992099e-22,35817,"Age, years, Male sex, Body mass index, kg/m2, Ever alcohol (past/current), Ever smoking (past/current)",2.451915099793692e-21
ckd,high_ast,OR,1.21702507571718,0.951269638839058,1.55702439608187,0.118349994288573,35817,"Age, years, Male sex, Body mass index, kg/m2, Ever alcohol (past/current), Ever smoking (past/current)",0.1467706619311106
anemia,high_ast,OR,1.19498722026269,0.945089868016282,1.51096155499844,0.13680949125726,35817,"Age, years, Male sex, Body mass index, kg/m2, Ever alcohol (past/current), Ever smoking (past/current)",0.1683000447810233
leukocytosis,high_ast,OR,1.07929791364529,0.646229445886391,1.80258574383172,0.770607251226161,35817,"Age, years, Male sex, Body mass index, kg/m2, Ever alcohol (past/current), Ever smoking (past/current)",0.8044098218193655
vitd_deficiency,high_ast,OR,0.987921109005804,0.787510010552034,1.23933423644368,0.916350585944989,35817,"Age, years, Male sex, Body mass index, kg/m2, Ever alcohol (past/current), Ever smoking (past/current)",0.9276765632935474
osteoporosis,high_ast,OR,1.19500793678961,0.690731779365048,2.06743632137916,0.524439947538269,35817,"Age, years, Male sex, Body mass index, kg/m2, Ever alcohol (past/current), Ever smoking (past/current)",0.5713199799659088
current_smoking,high_ast,OR,1.28690921126425,1.10691244720351,1.49617553061295,0.0010453706351232,35817,"Age, years, Male sex, Body mass index, kg/m2, Ever alcohol (past/current)",0.0016548182320475543
bmi,adv_fibrosis,OR,0.840754448032055,0.768532012800224,0.919763952720903,0.0001568317476326,34384,"Age, years, Male sex",0.00026568610637903666
smoking,adv_fibrosis,OR,0.951962219893919,0.758339622157879,1.19502138834134,0.671355940446286,34384,"Age, years, Male sex",0.7113464567544583
alcohol,adv_fibrosis,OR,1.0624707102584,0.874153858053612,1.29135620664133,0.54272055896482,34384,"Age, years, Male sex",0.5903217444947795
dm,adv_fibrosis,OR,1.132180518981,0.956935505554935,1.33951841071749,0.14802425945524,34384,"Age, years, Male sex",0.18108421042075556
wc,adv_fibrosis,OR,0.837298073347023,0.764888644304188,0.916562258900302,0.0001217749785797,34384,"Age, years, Male sex, Ever alcohol (past/current), Ever smoking (past/current), Diabetes mellitus",0.00020809872613183084
height,adv_fibrosis,OR,1.06051609108883,0.94192462652886,1.19403861814613,0.331571704827532,34384,"Age, years, Male sex, Ever alcohol (past/current), Ever smoking (past/current), Diabetes mellitus",0.3808856961521747
weight,adv_fibrosis,OR,0.832902047307972,0.74467470094943,0.931582366804376,0.0013868362863658,34384,"Age, years, Male sex, Ever alcohol (past/current), Ever smoking (past/current), Diabetes mellitus",0.002169896668405308
whtr,adv_fibrosis,OR,0.821569227278559,0.75187518364623,0.89772346513391,1.43879996254332e-05,34384,"Age, years, Male sex, Ever alcohol (past/current), Ever smoking (past/current), Diabetes mellitus",2.592047809758349e-05
fat_kg,adv_fibrosis,OR,0.850782888239776,0.677455619409481,1.06845600240582,0.165081700708227,34384,"Age, years, Male sex, Ever alcohol (past/current), Ever smoking (past/current), Diabetes mellitus",0.2001438037502153
lean_kg,adv_fibrosis,OR,0.971589790367286,0.672569458113541,1.40355276225848,0.878007609782909,34384,"Age, years, Male sex, Ever alcohol (past/current), Ever smoking (past/current), Diabetes mellitus",0.8973716777874073
asmm_kg,adv_fibrosis,OR,0.879532824692974,0.597969539786886,1.29367457410641,0.514683607325549,34384,"Age, years, Male sex, Ever alcohol (past/current), Ever smoking (past/current), Diabetes mellitus",0.5619081416616811
asmi,adv_fibrosis,OR,0.980736792278194,0.675741786505196,1.4233908201868,0.918522806305535,34384,"Age, years, Male sex, Ever alcohol (past/current), Ever smoking (past/current), Diabetes mellitus",0.9290910290794596
bodyfat_pct,adv_fibrosis,OR,0.800357808380087,0.602955281932173,1.06238827427178,0.123938929034312,34384,"Age, years, Male sex, Ever alcohol (past/current), Ever smoking (past/current), Diabetes mellitus",0.15316242388029713
asm_pct,adv_fibrosis,OR,1.07094847625599,0.798299488341717,1.43671724151734,0.647699613212128,34384,"Age, years, Male sex, Ever alcohol (past/current), Ever smoking (past/current), Diabetes mellitus",0.6900175552731744
obesity,adv_fibrosis,OR,0.79562814402986,0.677065429635559,0.934952688269926,0.0055234852897147,34384,"Age, years, Male sex, Ever alcohol (past/current), Ever smoking (past/current), Diabetes mellitus",0.008208318645727922
overweight,adv_fibrosis,OR,0.752337085577801,0.651249728660257,0.869115280093998,0.0001133793231522,34384,"Age, years, Male sex, Ever alcohol (past/current), Ever smoking (past/current), Diabetes mellitus",0.00019422275104185232
abdominal_obesity,adv_fibrosis,OR,0.824129552872106,0.705970943752168,0.962064410621987,0.014353961050344,34384,"Age, years, Male sex, Ever alcohol (past/current), Ever smoking (past/current), Diabetes mellitus",0.020203822589132194
central_obesity,adv_fibrosis,OR,0.712333649989369,0.606947460939396,0.836018373191354,3.38569028990714e-05,34384,"Age, years, Male sex, Ever alcohol (past/current), Ever smoking (past/current), Diabetes mellitus",5.983141596112869e-05
high_bodyfat,adv_fibrosis,OR,0.885060308823038,0.577218310071852,1.35708056481511,0.575820581029405,34384,"Age, years, Male sex, Ever alcohol (past/current), Ever smoking (past/current), Diabetes mellitus",0.6224800756247896
sarcopenia,adv_fibrosis,OR,1.31973211860288,0.763458240764244,2.28132040742471,0.320977877958379,34384,"Age, years, Male sex, Ever alcohol (past/current), Ever smoking (past/current), Diabetes mellitus",0.3695600150929751
sbp,adv_fibrosis,OR,1.0423846549224,0.964513566577513,1.12654275322769,0.294774435811067,34384,"Age, years, Male sex, Body mass index, kg/m2, Ever alcohol (past/current), Ever smoking (past/current), Diabetes mellitus",0.3422998888646811
dbp,adv_fibrosis,OR,0.963077240968538,0.886193322704145,1.04663141586458,0.375534463818331,34384,"Age, years, Male sex, Body mass index, kg/m2, Ever alcohol (past/current), Ever smoking (past/current), Diabetes mellitus",0.4266556069574715
tg,adv_fibrosis,OR,1.05439404173234,0.971297250976014,1.1445999606439,0.206102094930742,34384,"Age, years, Male sex, Body mass index, kg/m2, Ever alcohol (past/current), Ever smoking (past/current), Diabetes mellitus",0.24515082011012268
tchol,adv_fibrosis,OR,0.73878603490428,0.679498812254697,0.803246150730582,1.65075357044457e-12,34384,"Age, years, Male sex, Body mass index, kg/m2, Ever alcohol (past/current), Ever smoking (past/current), Diabetes mellitus",4.040273853443902e-12
hdl,adv_fibrosis,OR,1.08298210428651,1.00109665572052,1.17156543426938,0.0469838638394261,34384,"Age, years, Male sex, Body mass index, kg/m2, Ever alcohol (past/current), Ever smoking (past/current), Diabetes mellitus",0.06172218144067838
ldl,adv_fibrosis,OR,0.660225238376528,0.56071995335934,0.777388717447687,6.80025599532665e-07,34384,"Age, years, Male sex, Body mass index, kg/m2, Ever alcohol (past/current), Ever smoking (past/current), Diabetes mellitus",1.3261628801517419e-06
nonhdl,adv_fibrosis,OR,0.716089366373689,0.658363914819189,0.77887619459566,9.528198211175951e-15,34384,"Age, years, Male sex, Body mass index, kg/m2, Ever alcohol (past/current), Ever smoking (past/current), Diabetes mellitus",2.4858010444267926e-14
creatinine,adv_fibrosis,OR,1.03802434205577,0.994021285089071,1.08397531407365,0.0914030849882913,34384,"Age, years, Male sex, Body mass index, kg/m2, Ever alcohol (past/current), Ever smoking (past/current), Diabetes mellitus",0.11497202333170072
egfr,adv_fibrosis,OR,0.964978383865682,0.879148313974815,1.05918792827793,0.453262587249863,34384,"Age, years, Male sex, Body mass index, kg/m2, Ever alcohol (past/current), Ever smoking (past/current), Diabetes mellitus",0.5015365480031472
hemoglobin,adv_fibrosis,OR,0.857454220628277,0.777597734024056,0.945511680786997,0.0020668109091324,34384,"Age, years, Male sex, Body mass index, kg/m2, Ever alcohol (past/current), Ever smoking (past/current), Diabetes mellitus",0.0031773496385701936
wbc,adv_fibrosis,OR,0.528437442282573,0.469555568154633,0.594703054004009,1.0955029830297801e-25,34384,"Age, years, Male sex, Body mass index, kg/m2, Ever alcohol (past/current), Ever smoking (past/current), Diabetes mellitus",3.7901390041560763e-25
vitd,adv_fibrosis,OR,0.849923730996098,0.714599451575888,1.01087447928669,0.0663563390295705,34384,"Age, years, Male sex, Body mass index, kg/m2, Ever alcohol (past/current), Ever smoking (past/current), Diabetes mellitus",0.08520124902010473
fn_bmd,adv_fibrosis,OR,0.877687972892683,0.672085965429285,1.1461869721806,0.338521118322039,34384,"Age, years, Male sex, Body mass index, kg/m2, Ever alcohol (past/current), Ever smoking (past/current), Diabetes mellitus",0.38800818172823764
ls_bmd,adv_fibrosis,OR,0.762894590656678,0.589524021927495,0.987250959766321,0.0401774740026265,34384,"Age, years, Male sex, Body mass index, kg/m2, Ever alcohol (past/current), Ever smoking (past/current), Diabetes mellitus",0.05351931294903575
htn,adv_fibrosis,OR,0.981099660044737,0.843779969632225,1.14076723504049,0.804125858258512,34384,"Age, years, Male sex, Body mass index, kg/m2, Ever alcohol (past/current), Ever smoking (past/current), Diabetes mellitus",0.8337154173642859
mets,adv_fibrosis,OR,0.994188063219332,0.832584163662581,1.18715914640958,0.948653747440659,34384,"Age, years, Male sex, Body mass index, kg/m2, Ever alcohol (past/current), Ever smoking (past/current), Diabetes mellitus",0.9559824030002864
dyslipidemia,adv_fibrosis,OR,0.939588632921454,0.807438413653168,1.09336735060814,0.420448376527968,34384,"Age, years, Male sex, Body mass index, kg/m2, Ever alcohol (past/current), Ever smoking (past/current), Diabetes mellitus",0.47025061356986453
low_hdl,adv_fibrosis,OR,1.0086244037579,0.860390186471068,1.1823974794838,0.915680070472089,34384,"Age, years, Male sex, Body mass index, kg/m2, Ever alcohol (past/current), Ever smoking (past/current), Diabetes mellitus",0.9274421533205669
high_tg,adv_fibrosis,OR,0.797910980845495,0.674676639845487,0.943654924082782,0.0083967343225142,34384,"Age, years, Male sex, Body mass index, kg/m2, Ever alcohol (past/current), Ever smoking (past/current), Diabetes mellitus",0.012155075332468152
high_ldl,adv_fibrosis,OR,0.610690530106339,0.318181104465332,1.17210896036159,0.138324614705724,34384,"Age, years, Male sex, Body mass index, kg/m2, Ever alcohol (past/current), Ever smoking (past/current), Diabetes mellitus",0.17000790810846336
high_nonhdl,adv_fibrosis,OR,0.635255905203509,0.450002813790969,0.896772315035752,0.0099481925964582,34384,"Age, years, Male sex, Body mass index, kg/m2, Ever alcohol (past/current), Ever smoking (past/current), Diabetes mellitus",0.014277723848706514
atherogenic_dyslipidemia,adv_fibrosis,OR,0.627003658144837,0.499851857631214,0.786500202660162,5.56070669298786e-05,34384,"Age, years, Male sex, Body mass index, kg/m2, Ever alcohol (past/current), Ever smoking (past/current), Diabetes mellitus",9.690652633697795e-05
anemia,adv_fibrosis,OR,1.34243282487759,1.09065266597424,1.65233712393585,0.005491555613409,34384,"Age, years, Male sex, Body mass index, kg/m2, Ever alcohol (past/current), Ever smoking (past/current), Diabetes mellitus",0.008167761347308488
leukocytosis,adv_fibrosis,OR,0.411519916060747,0.186820842772526,0.90647616615692,0.0276264687352981,34384,"Age, years, Male sex, Body mass index, kg/m2, Ever alcohol (past/current), Ever smoking (past/current), Diabetes mellitus",0.03752426644262241
vitd_deficiency,adv_fibrosis,OR,1.52447320133955,1.12500215321315,2.0657903053472,0.0066321172351022,34384,"Age, years, Male sex, Body mass index, kg/m2, Ever alcohol (past/current), Ever smoking (past/current), Diabetes mellitus",0.009748880176139377
osteoporosis,adv_fibrosis,OR,1.0452627049078,0.560851616554872,1.94806271395363,0.889221248103033,34384,"Age, years, Male sex, Body mass index, kg/m2, Ever alcohol (past/current), Ever smoking (past/current), Diabetes mellitus",0.9075117881779952
glucose,adv_fibrosis,OR,1.11871963876294,1.02197303639802,1.22462490259525,0.0151200787244254,34384,"Age, years, Male sex, Body mass index, kg/m2, Ever alcohol (past/current), Ever smoking (past/current)",0.02118254465689191
hba1c,adv_fibrosis,OR,0.948574551550831,0.837324076570971,1.0746062427044,0.406904155161488,34384,"Age, years, Male sex, Body mass index, kg/m2, Ever alcohol (past/current), Ever smoking (past/current)",0.4571344288608487
homa_ir,adv_fibrosis,OR,1.06779733975056,0.938856008730787,1.21444731479085,0.317970452189916,34384,"Age, years, Male sex, Body mass index, kg/m2, Ever alcohol (past/current), Ever smoking (past/current)",0.3669370683528454
insulin,adv_fibrosis,OR,1.0434261340951,0.927637273804333,1.17366790668903,0.478873334116431,34384,"Age, years, Male sex, Body mass index, kg/m2, Ever alcohol (past/current), Ever smoking (past/current)",0.5278847833358592
prediabetes,adv_fibrosis,OR,0.787380532356822,0.67901514602029,0.913040167613562,0.0015714877441107,34384,"Age, years, Male sex, Body mass index, kg/m2, Ever alcohol (past/current), Ever smoking (past/current)",0.002445771027290272
insulin_resistance,adv_fibrosis,OR,1.1937757320204,0.928201650365314,1.53533501885067,0.167965121641225,34384,"Age, years, Male sex, Body mass index, kg/m2, Ever alcohol (past/current), Ever smoking (past/current)",0.20335962819539172
men,adv_fibrosis,OR,1.28478993014293,1.12110092925627,1.4723787319414,0.000318819713551,34384,unadjusted,0.0005254483065636977
current_smoking,adv_fibrosis,OR,0.999357226714987,0.807141935017864,1.23734726602374,0.995293207527793,34384,"Age, years, Male sex, Body mass index, kg/m2, Ever alcohol (past/current), Diabetes mellitus",0.9964248655238451
age,steatosis,OR,0.965704049674245,0.938592625262585,0.993598592676277,0.016367052997508,35562,unadjusted,0.022829608181078483
whtr,steatosis,OR,12.668754244685,11.7994612769007,13.602089989178,0.0,35562,"Age, years, Male sex, Ever alcohol (past/current), Ever smoking (past/current)",0.0
homa_ir,steatosis,OR,3.83157162382984,3.54695863552879,4.13902236171675,2.41747128970158e-180,35562,"Age, years, Male sex, Ever alcohol (past/current), Ever smoking (past/current)",4.528901001238811e-179
tchol,steatosis,OR,1.24972999926356,1.21271245616132,1.28787748746562,3.10969063395278e-46,35562,"Age, years, Male sex, Ever alcohol (past/current), Ever smoking (past/current)",1.5535220443661974e-45
ldl,steatosis,OR,1.18702750085553,1.12979429539938,1.24716003039229,1.3356874701169299e-11,35562,"Age, years, Male sex, Ever alcohol (past/current), Ever smoking (past/current)",3.167803461019687e-11
nonhdl,steatosis,OR,1.49230114568767,1.44669908021967,1.53934065478398,1.33493097406184e-127,35562,"Age, years, Male sex, Ever alcohol (past/current), Ever smoking (past/current)",1.5568300962403312e-126
creatinine,steatosis,OR,1.01366681643993,0.980834084306289,1.04759860122335,0.419142782620497,35562,"Age, years, Male sex, Ever alcohol (past/current), Ever smoking (past/current)",0.46916899789151006
egfr,steatosis,OR,0.933568701761413,0.892857288314491,0.976136424392947,0.0025375192607197,35562,"Age, years, Male sex, Ever alcohol (past/current), Ever smoking (past/current)",0.0038756040053143028
hemoglobin,steatosis,OR,1.84803832026332,1.76054212951561,1.93988293486695,1.96276164107394e-123,35562,"Age, years, Male sex, Ever alcohol (past/current), Ever smoking (past/current)",2.229950483826586e-122
platelet,steatosis,OR,1.2682904198365,1.23062733418239,1.30710617615019,9.336455797654051e-52,35562,"Age, years, Male sex, Ever alcohol (past/current), Ever smoking (past/current)",5.0981391192771425e-51
wbc,steatosis,OR,1.51977289678552,1.46855719642543,1.5727747366094,1.20860901126965e-115,35562,"Age, years, Male sex, Ever alcohol (past/current), Ever smoking (past/current)",1.2860184101787637e-114
vitd,steatosis,OR,0.930643734805238,0.88142068109348,0.982615656417059,0.0096482851800446,35562,"Age, years, Male sex, Ever alcohol (past/current), Ever smoking (past/current)",0.013869902205762074
fat_kg,steatosis,OR,7.10672715787041,6.2435477214131,8.08924239069993,1.92106136556712e-110,35562,"Age, years, Male sex, Ever alcohol (past/current), Ever smoking (past/current)",1.989993567508058e-109
lean_kg,steatosis,OR,7.44485267531398,6.21245420923035,8.9217287549225,2.3956731794776102e-73,35562,"Age, years, Male sex, Ever alcohol (past/current), Ever smoking (past/current)",1.765180112577436e-72
asmm_kg,steatosis,OR,6.08968896558966,5.11368745130677,7.25197072577204,2.32869442998816e-66,35562,"Age, years, Male sex, Ever alcohol (past/current), Ever smoking (past/current)",1.5652026302324999e-65
asmi,steatosis,OR,6.91896637377404,5.83981289441652,8.19753929568303,2.8670433157883e-76,35562,"Age, years, Male sex, Ever alcohol (past/current), Ever smoking (past/current)",2.1951579474361724e-75
bodyfat_pct,steatosis,OR,6.14845352824627,5.22911170751209,7.22942688998131,1.80245502207e-74,35562,"Age, years, Male sex, Ever alcohol (past/current), Ever smoking (past/current)",1.353570701008644e-73
asm_pct,steatosis,OR,0.206498082839281,0.176440684374592,0.241675883130042,1.93438162853672e-63,35562,"Age, years, Male sex, Ever alcohol (past/current), Ever smoking (past/current)",1.2523698705342515e-62
fn_bmd,steatosis,OR,1.68127867113769,1.53705158058304,1.83903910950749,1.2912038658608001e-26,35562,"Age, years, Male sex, Ever alcohol (past/current), Ever smoking (past/current)",4.5613039273437693e-26
ls_bmd,steatosis,OR,1.46183339057303,1.34079544655555,1.59379782149769,1.06064327717462e-16,35562,"Age, years, Male sex, Ever alcohol (past/current), Ever smoking (past/current)",2.916148026704927e-16
insulin,steatosis,OR,3.14405847067281,2.91842499527487,3.3871364462044,3.43844716362339e-150,35562,"Age, years, Male sex, Ever alcohol (past/current), Ever smoking (past/current)",4.963201192738353e-149
high_bodyfat,steatosis,OR,6.11851071160654,5.16156061625861,7.25287875339918,3.2313496241717003e-69,35562,"Age, years, Male sex, Ever alcohol (past/current), Ever smoking (past/current)",2.271619436393758e-68
high_ldl,steatosis,OR,1.46965483765338,1.27335531757225,1.69621574750714,1.54753588429538e-07,35562,"Age, years, Male sex, Ever alcohol (past/current), Ever smoking (past/current)",3.114526505421902e-07
leukocytosis,steatosis,OR,1.97328465232775,1.58752218656286,2.45278607887856,1.03327595836067e-09,35562,"Age, years, Male sex, Ever alcohol (past/current), Ever smoking (past/current)",2.2902441317471867e-09
vitd_deficiency,steatosis,OR,1.18162724274199,1.04626964962969,1.33449626612433,0.0072773283027302,35562,"Age, years, Male sex, Ever alcohol (past/current), Ever smoking (past/current)",0.010635166092205712
osteoporosis,steatosis,OR,0.532455051430547,0.405910547936294,0.698450393160026,6.81628690938518e-06,35562,"Age, years, Male sex, Ever alcohol (past/current), Ever smoking (past/current)",1.250362629940344e-05
smoking,steatosis,OR,1.06411377155082,0.982210175637583,1.15284706561818,0.128436063702903,35562,"Age, years, Male sex",0.15844196720197
alcohol,steatosis,OR,0.756385847424955,0.687286288933153,0.832432654917132,1.22799017901401e-08,35562,"Age, years, Male sex",2.5851652184622494e-08
current_smoking,steatosis,OR,1.1141397214459,1.02891149979614,1.20642768513082,0.0078116094598198,35562,"Age, years, Male sex, Ever alcohol (past/current)",0.011350036517114411
age,masld,OR,1.02950559547496,0.99925604351578,1.06067086408121,0.0560917580859802,34840,unadjusted,0.07281797713926365
tchol,masld,OR,1.21804689116326,1.18010846203895,1.25720497462504,1.64015259833375e-33,34840,"Age, years, Male sex, Ever alcohol (past/current), Ever smoking (past/current)",6.632166993491926e-33
ldl,masld,OR,1.21709365404001,1.15666956941173,1.28067427541803,5.752478537306311e-14,34840,"Age, years, Male sex, Ever alcohol (past/current), Ever smoking (past/current)",1.471331111720612e-13
creatinine,masld,OR,1.03496978995052,0.992544267453666,1.07920875797131,0.107613286900914,34840,"Age, years, Male sex, Ever alcohol (past/current), Ever smoking (past/current)",0.13392720723145551
egfr,masld,OR,0.896895289829761,0.857519603505009,0.938079033564755,2.13623774001378e-06,34840,"Age, years, Male sex, Ever alcohol (past/current), Ever smoking (past/current)",4.051604372820965e-06
hemoglobin,masld,OR,1.78201067166948,1.69522028490771,1.87324447578611,5.9051395933122e-105,34840,"Age, years, Male sex, Ever alcohol (past/current), Ever smoking (past/current)",5.891756840692796e-104
platelet,masld,OR,1.28452553435588,1.24576585092485,1.32449115312264,2.5638582523697e-55,34840,"Age, years, Male sex, Ever alcohol (past/current), Ever smoking (past/current)",1.512547531800014e-54
wbc,masld,OR,1.52782807463079,1.47620363896828,1.58125787256657,1.0427730313094e-117,34840,"Age, years, Male sex, Ever alcohol (past/current), Ever smoking (past/current)",1.1300451126989867e-116
vitd,masld,OR,0.912458084155673,0.860756223220682,0.967265449706292,0.0021310379897628,34840,"Age, years, Male sex, Ever alcohol (past/current), Ever smoking (past/current)",0.0032703772548778134
fat_kg,masld,OR,4.58735262799918,3.90826708755609,5.38443347452234,1.22625259616199e-58,34840,"Age, years, Male sex, Ever alcohol (past/current), Ever smoking (past/current)",7.550457419025401e-58
lean_kg,masld,OR,5.16865368133501,4.2705275205812,6.25566297110342,2.10322029663642e-50,34840,"Age, years, Male sex, Ever alcohol (past/current), Ever smoking (past/current)",1.1240579491279925e-49
asmm_kg,masld,OR,4.54464111717779,3.78494682384114,5.45681718798431,1.89352537269477e-47,34840,"Age, years, Male sex, Ever alcohol (past/current), Ever smoking (past/current)",9.637277980680607e-47
asmi,masld,OR,5.10036897576312,4.29970750291162,6.05012403083496,6.0932464085588304e-59,34840,"Age, years, Male sex, Ever alcohol (past/current), Ever smoking (past/current)",3.7716017312731456e-58
bodyfat_pct,masld,OR,4.97804899630261,4.24682155564466,5.83518084875777,3.89774414085112e-64,34840,"Age, years, Male sex, Ever alcohol (past/current), Ever smoking (past/current)",2.551645885516291e-63
asm_pct,masld,OR,0.249216328857123,0.213124210757891,0.291420568072283,6.71419156913326e-53,34840,"Age, years, Male sex, Ever alcohol (past/current), Ever smoking (past/current)",3.7595203030981466e-52
fn_bmd,masld,OR,1.61089128599096,1.46951706010491,1.76586635550619,3.86746620004e-22,34840,"Age, years, Male sex, Ever alcohol (past/current), Ever smoking (past/current)",1.2360450051307514e-21
ls_bmd,masld,OR,1.40377400090916,1.29094204940573,1.52646778105619,1.52452960778222e-14,34840,"Age, years, Male sex, Ever alcohol (past/current), Ever smoking (past/current)",3.959729556496297e-14
insulin,masld,OR,2.92554952500863,2.71577678389895,3.1515255870884,3.97673318454385e-136,34840,"Age, years, Male sex, Ever alcohol (past/current), Ever smoking (past/current)",5.056337283741314e-135
high_bodyfat,masld,OR,5.32119843075127,4.47409726144862,6.32868511451668,7.3216687899794e-60,34840,"Age, years, Male sex, Ever alcohol (past/current), Ever smoking (past/current)",4.572148489061604e-59
high_ldl,masld,OR,1.54764928388104,1.33655966623839,1.79207735082909,6.07072857212463e-09,34840,"Age, years, Male sex, Ever alcohol (past/current), Ever smoking (past/current)",1.2973972106203246e-08
leukocytosis,masld,OR,1.96229275621646,1.56725549758921,2.45690180511261,4.631338736878751e-09,34840,"Age, years, Male sex, Ever alcohol (past/current), Ever smoking (past/current)",9.988717104278605e-09
vitd_deficiency,masld,OR,1.18887121538536,1.0487949922573,1.34765590721386,0.006934400068237,34840,"Age, years, Male sex, Ever alcohol (past/current), Ever smoking (past/current)",0.010171993769400546
osteoporosis,masld,OR,0.532565294138273,0.400795977166113,0.707656285689302,1.72238101296195e-05,34840,"Age, years, Male sex, Ever alcohol (past/current), Ever smoking (past/current)",3.095013228393871e-05
smoking,masld,OR,0.885491954387988,0.814112112945776,0.963130248054772,0.004598761547651,34840,"Age, years, Male sex",0.006865976333542528
alcohol,masld,OR,0.701671369162634,0.636819121671854,0.773128025757154,1.01556133134626e-12,34840,"Age, years, Male sex",2.50476681302628e-12
current_smoking,masld,OR,0.944914516696535,0.867923995450885,1.02873459950834,0.19142493910204,34840,"Age, years, Male sex, Ever alcohol (past/current)",0.22963168784652074
age,anemia,OR,1.42618904975833,1.36308583194348,1.49221359211876,2.40431494634209e-51,35736,unadjusted,1.3027688063102832e-50
bmi,anemia,OR,0.724845852876713,0.683768006747697,0.768391479635925,9.81332707338304e-27,35736,"Age, years, Male sex, Ever smoking (past/current), Ever alcohol (past/current)",3.47013433257581e-26
wc,anemia,OR,0.720545978006226,0.68051800465863,0.762928391117865,1.0222546310698399e-28,35736,"Age, years, Male sex, Ever smoking (past/current), Ever alcohol (past/current)",3.7464940797377485e-28
height,anemia,OR,0.940841413735439,0.873278384861285,1.01363159920683,0.108847574017811,35736,"Age, years, Male sex, Ever smoking (past/current), Ever alcohol (past/current)",0.13536763972130308
weight,anemia,OR,0.679502635812459,0.634059483685984,0.728202706458921,2.4903338359749e-27,35736,"Age, years, Male sex, Ever smoking (past/current), Ever alcohol (past/current)",8.931726853669652e-27
whtr,anemia,OR,0.732737175135806,0.69235353615199,0.775476313459799,1.83750152784196e-26,35736,"Age, years, Male sex, Ever smoking (past/current), Ever alcohol (past/current)",6.458762855348685e-26
sbp,anemia,OR,0.810593714670721,0.767117945314473,0.856533436972748,1.08718696319056e-13,35736,"Age, years, Male sex, Ever smoking (past/current), Ever alcohol (past/current)",2.766670870200255e-13
dbp,anemia,OR,0.620930628488365,0.589477790818201,0.654061699016348,1.6036531588904401e-68,35736,"Age, years, Male sex, Ever smoking (past/current), Ever alcohol (past/current)",1.1052967564798688e-67
glucose,anemia,OR,0.899917833371214,0.844006898363027,0.959532568264868,0.001285882523461,35736,"Age, years, Male sex, Ever smoking (past/current), Ever alcohol (past/current)",0.002020918450526391
hba1c,anemia,OR,1.0800633853711,1.03463688927726,1.12748436529667,0.0004501300928847,35736,"Age, years, Male sex, Ever smoking (past/current), Ever alcohol (past/current)",0.0007346423480722491
homa_ir,anemia,OR,0.839783615846254,0.784970900333763,0.898423777421493,4.57527403680639e-07,35736,"Age, years, Male sex, Ever smoking (past/current), Ever alcohol (past/current)",8.977222929042955e-07
tg,anemia,OR,0.613914445129902,0.554216463119297,0.680042855129022,1.7329128187428102e-20,35736,"Age, years, Male sex, Ever smoking (past/current), Ever alcohol (past/current)",5.2614818513898075e-20
tchol,anemia,OR,0.647786056309082,0.614783675854182,0.682560047101841,4.6853099436625796e-57,35736,"Age, years, Male sex, Ever smoking (past/current), Ever alcohol (past/current)",2.8111859661975475e-56
hdl,anemia,OR,0.995749466741485,0.949562862605712,1.04418258080893,0.860473874394874,35736,"Age, years, Male sex, Ever smoking (past/current), Ever alcohol (past/current)",0.8817541418733623
ldl,anemia,OR,0.684046543651082,0.627723608475926,0.745423093162087,8.73822022324388e-18,35736,"Age, years, Male sex, Ever smoking (past/current), Ever alcohol (past/current)",2.483939598568599e-17
nonhdl,anemia,OR,0.641595444537543,0.609602008008435,0.675267976554355,6.88053543260857e-62,35736,"Age, years, Male sex, Ever smoking (past/current), Ever alcohol (past/current)",4.398048238411503e-61
alt,anemia,OR,0.498005259125273,0.415355481258216,0.597101156255718,6.7684828513553e-14,35736,"Age, years, Male sex, Ever smoking (past/current), Ever alcohol (past/current)",1.7286872083011869e-13
ast,anemia,OR,0.838554831819651,0.745076867292079,0.943760619657557,0.0035287459178611,35736,"Age, years, Male sex, Ever smoking (past/current), Ever alcohol (past/current)",0.005320309555953251
creatinine,anemia,OR,1.35831508929305,1.25068021551448,1.4752131351516,4.69125599084206e-13,35736,"Age, years, Male sex, Ever smoking (past/current), Ever alcohol (past/current)",1.1701560623049387e-12
egfr,anemia,OR,0.817709396604469,0.75940330728916,0.880492158616108,1.05212454760174e-07,35736,"Age, years, Male sex, Ever smoking (past/current), Ever alcohol (past/current)",2.1284219739536636e-07
platelet,anemia,OR,1.34380819782499,1.28156690638649,1.4090723344545,1.8496301799088498e-33,35736,"Age, years, Male sex, Ever smoking (past/current), Ever alcohol (past/current)",7.470639327567624e-33
wbc,anemia,OR,0.756079762440114,0.710087856897354,0.805050532295096,4.1347073820689295e-18,35736,"Age, years, Male sex, Ever smoking (past/current), Ever alcohol (past/current)",1.1878009298243695e-17
fib4,anemia,OR,1.11112939669763,1.05489777488497,1.17035846088524,7.15524291574358e-05,35736,"Age, years, Male sex, Ever smoking (past/current), Ever alcohol (past/current)",0.0001238975690720201
vitd,anemia,OR,0.823091416761144,0.745108134876962,0.909236456608727,0.0001331425462215,35736,"Age, years, Male sex, Ever smoking (past/current), Ever alcohol (past/current)",0.00022697388566898498
fat_kg,anemia,OR,0.67233233925144,0.595270578813811,0.759370260334503,3.90581114571052e-10,35736,"Age, years, Male sex, Ever smoking (past/current), Ever alcohol (past/current)",8.773129371933961e-10
lean_kg,anemia,OR,0.596466506303789,0.476539739666005,0.746574238261011,8.10046707076324e-06,35736,"Age, years, Male sex, Ever smoking (past/current), Ever alcohol (past/current)",1.475172958801868e-05
asmm_kg,anemia,OR,0.529942227126736,0.41186129080391,0.681877055121828,1.09769463255945e-06,35736,"Age, years, Male sex, Ever smoking (past/current), Ever alcohol (past/current)",2.1126122928275313e-06
asmi,anemia,OR,0.676164383665106,0.559694342334234,0.816871351299433,5.80290920195665e-05,35736,"Age, years, Male sex, Ever smoking (past/current), Ever alcohol (past/current)",0.0001010274157651573
bodyfat_pct,anemia,OR,0.63969643755338,0.552773363866941,0.740288080011372,4.00219473504056e-09,35736,"Age, years, Male sex, Ever smoking (past/current), Ever alcohol (past/current)",8.658310722858018e-09
asm_pct,anemia,OR,1.3228762093669,1.11140495050589,1.57458491120844,0.001743724572204,35736,"Age, years, Male sex, Ever smoking (past/current), Ever alcohol (past/current)",0.002704270340511884
fn_bmd,anemia,OR,0.874936271026126,0.753839537875875,1.01548597532324,0.0794191207538836,35736,"Age, years, Male sex, Ever smoking (past/current), Ever alcohol (past/current)",0.10108931814064982
ls_bmd,anemia,OR,1.15311833408085,1.01482765532086,1.31025389919334,0.0293131754685983,35736,"Age, years, Male sex, Ever smoking (past/current), Ever alcohol (past/current)",0.03970807846169354
insulin,anemia,OR,0.889595321613787,0.8328408350484,0.950217380000521,0.000522294956302,35736,"Age, years, Male sex, Ever smoking (past/current), Ever alcohol (past/current)",0.0008484883930330462
hsi,anemia,OR,0.625381764101925,0.584433351837102,0.669199233140697,8.44788713963956e-41,35736,"Age, years, Male sex, Ever smoking (past/current), Ever alcohol (past/current)",3.884263512507902e-40
dm,anemia,OR,1.29406203076788,1.14586225502922,1.46142918324192,3.35981728662146e-05,35736,"Age, years, Male sex, Ever smoking (past/current), Ever alcohol (past/current)",5.9403998411048105e-05
prediabetes,anemia,OR,0.887348189335994,0.807637186501883,0.974926393035807,0.0128741030552341,35736,"Age, years, Male sex, Ever smoking (past/current), Ever alcohol (past/current)",0.018224514051661776
htn,anemia,OR,0.914794442228996,0.82748915190735,1.01131098770798,0.081927343317648,35736,"Age, years, Male sex, Ever smoking (past/current), Ever alcohol (past/current)",0.10394384119767879
obesity,anemia,OR,0.619441462326127,0.559728602729815,0.685524597773591,3.84253818012885e-20,35736,"Age, years, Male sex, Ever smoking (past/current), Ever alcohol (past/current)",1.1557147284725712e-19
overweight,anemia,OR,0.593709800819779,0.542606757922881,0.649625760170793,2.93488961347119e-29,35736,"Age, years, Male sex, Ever smoking (past/current), Ever alcohol (past/current)",1.0823749967168096e-28
abdominal_obesity,anemia,OR,0.60850874517789,0.548430410663953,0.675168418377255,1.46714545063415e-20,35736,"Age, years, Male sex, Ever smoking (past/current), Ever alcohol (past/current)",4.469970827970135e-20
central_obesity,anemia,OR,0.619694390209129,0.561853489967088,0.683489813828797,2.16960855522867e-21,35736,"Age, years, Male sex, Ever smoking (past/current), Ever alcohol (past/current)",6.774256499570369e-21
high_bodyfat,anemia,OR,0.618181930114212,0.489881693369457,0.780084056808231,5.9136350355649e-05,35736,"Age, years, Male sex, Ever smoking (past/current), Ever alcohol (past/current)",0.00010290426183428645
sarcopenia,anemia,OR,1.61599697602394,1.18024088854918,2.21263832820489,0.00289971345637,35736,"Age, years, Male sex, Ever smoking (past/current), Ever alcohol (past/current)",0.004402064997127216
mets,anemia,OR,0.678203644570623,0.605893534057867,0.759143574991421,1.77293089284007e-11,35736,"Age, years, Male sex, Ever smoking (past/current), Ever alcohol (past/current)",4.187969553710748e-11
dyslipidemia,anemia,OR,0.795137752528967,0.724493540512781,0.872670369220031,1.44287325877631e-06,35736,"Age, years, Male sex, Ever smoking (past/current), Ever alcohol (past/current)",2.766357984436671e-06
low_hdl,anemia,OR,1.00541066871582,0.915920281829648,1.10364475251962,0.909679245053633,35736,"Age, years, Male sex, Ever smoking (past/current), Ever alcohol (past/current)",0.9227794645964561
high_tg,anemia,OR,0.525040326669603,0.465993746714949,0.591568763685471,1.0280802683458101e-25,35736,"Age, years, Male sex, Ever smoking (past/current), Ever alcohol (past/current)",3.560372374743307e-25
high_ldl,anemia,OR,0.455800055648832,0.330326464649635,0.628934442021878,1.84007607461277e-06,35736,"Age, years, Male sex, Ever smoking (past/current), Ever alcohol (past/current)",3.4974354747901656e-06
high_nonhdl,anemia,OR,0.43727097010697,0.357167953452271,0.535338905548933,1.6127847760717102e-15,35736,"Age, years, Male sex, Ever smoking (past/current), Ever alcohol (past/current)",4.316282660580975e-15
atherogenic_dyslipidemia,anemia,OR,0.609704555949673,0.531945163781055,0.698830764628953,1.47676121650441e-12,35736,"Age, years, Male sex, Ever smoking (past/current), Ever alcohol (past/current)",3.621972844379201e-12
insulin_resistance,anemia,OR,0.687221145998068,0.590809301821145,0.799366059490153,1.3008719781657e-06,35736,"Age, years, Male sex, Ever smoking (past/current), Ever alcohol (past/current)",2.500912176364408e-06
high_alt,anemia,OR,0.470251833264627,0.37126400283098,0.595632178187274,4.51374644547525e-10,35736,"Age, years, Male sex, Ever smoking (past/current), Ever alcohol (past/current)",1.01064303756922e-09
high_ast,anemia,OR,1.05736700314627,0.846363539847853,1.32097488455553,0.623331300814382,35736,"Age, years, Male sex, Ever smoking (past/current), Ever alcohol (past/current)",0.6660718572415818
adv_fibrosis,anemia,OR,1.98450657097339,1.62027224300929,2.43062013018389,4.1577001189265394e-11,35736,"Age, years, Male sex, Ever smoking (past/current), Ever alcohol (past/current)",9.704055545963732e-11
leukocytosis,anemia,OR,0.717730159558007,0.472288955436799,1.09072332945566,0.120462733004165,35736,"Age, years, Male sex, Ever smoking (past/current), Ever alcohol (past/current)",0.14923311489295432
vitd_deficiency,anemia,OR,1.31030648337362,1.09408600130444,1.5692578813036,0.0033773534228617,35736,"Age, years, Male sex, Ever smoking (past/current), Ever alcohol (past/current)",0.0051007884885587084
osteoporosis,anemia,OR,1.74125406581418,1.25563737433611,2.41468260158908,0.0009566395659182,35736,"Age, years, Male sex, Ever smoking (past/current), Ever alcohol (past/current)",0.0015211216935277201
smoking,anemia,OR,0.962823738987227,0.841119522641325,1.10213771931751,0.582720541518436,35736,"Age, years, Male sex",0.628781172557577
alcohol,anemia,OR,0.899734435240351,0.79559411650447,1.01750633540881,0.0923909685254846,35736,"Age, years, Male sex",0.11617314928481141
current_smoking,anemia,OR,0.559724771904989,0.46823600989201,0.66908954814549,2.14909355740049e-10,35736,"Age, years, Male sex, Ever alcohol (past/current)",4.88329516720292e-10
age,leukocytosis,OR,1.00891042330737,0.909456365817544,1.11924032918636,0.866957533925518,35736,unadjusted,0.8873654270519251
men,leukocytosis,OR,1.97391817302632,1.58267807417468,2.46187333822477,1.8066768288942501e-09,35736,unadjusted,3.962089533851525e-09
bmi,leukocytosis,OR,1.28453654815027,1.16028337354868,1.42209582689033,1.47861450402548e-06,35736,"Age, years, Male sex",2.833340741663624e-06
smoking,leukocytosis,OR,2.56391169898549,1.80116211221479,3.64966770931651,1.85241160797236e-07,35736,"Age, years, Male sex",3.713257645576922e-07
alcohol,leukocytosis,OR,0.706365179314399,0.499780520835565,0.998341763527886,0.049002030599308,35736,"Age, years, Male sex",0.06413420727267291
wc,leukocytosis,OR,1.40923783196855,1.26271118543448,1.57276762094103,1.0341622953896702e-09,35736,"Age, years, Male sex, Ever smoking (past/current), Ever alcohol (past/current)",2.290767046768817e-09
height,leukocytosis,OR,0.706804244817699,0.586247237242433,0.852152826923649,0.0002808738695655,35736,"Age, years, Male sex, Ever smoking (past/current), Ever alcohol (past/current)",0.0004657428289122839
weight,leukocytosis,OR,1.17493183124092,1.04060259035034,1.32660135662202,0.0093014439868709,35736,"Age, years, Male sex, Ever smoking (past/current), Ever alcohol (past/current)",0.013398644466977224
whtr,leukocytosis,OR,1.53708191648725,1.37077323705688,1.72356794991474,2.41984609221866e-13,35736,"Age, years, Male sex, Ever smoking (past/current), Ever alcohol (past/current)",6.091992806857842e-13
fat_kg,leukocytosis,OR,1.39547024137982,1.09649494425271,1.77596550242539,0.0069949046529809,35736,"Age, years, Male sex, Ever smoking (past/current), Ever alcohol (past/current)",0.010252207319100596
lean_kg,leukocytosis,OR,0.871672660313436,0.602643704045799,1.26080007413495,0.466154209763711,35736,"Age, years, Male sex, Ever smoking (past/current), Ever alcohol (past/current)",0.5151537893905836
asmm_kg,leukocytosis,OR,0.734176399207049,0.504270583491246,1.06890031423375,0.107550416583044,35736,"Age, years, Male sex, Ever smoking (past/current), Ever alcohol (past/current)",0.1338962768488798
asmi,leukocytosis,OR,0.978986411023826,0.734669386608544,1.30455196642076,0.884781896799752,35736,"Age, years, Male sex, Ever smoking (past/current), Ever alcohol (past/current)",0.9035087969059805
bodyfat_pct,leukocytosis,OR,1.82010752198759,1.24411628083537,2.66276669040245,0.0021521540625807,35736,"Age, years, Male sex, Ever smoking (past/current), Ever alcohol (past/current)",0.0033013443416416485
asm_pct,leukocytosis,OR,0.443564709372552,0.283958607392057,0.692881449193427,0.0003897830069799,35736,"Age, years, Male sex, Ever smoking (past/current), Ever alcohol (past/current)",0.0006391134779251432
obesity,leukocytosis,OR,1.49514868318337,1.19650504470263,1.86833277028142,0.0004093514139947,35736,"Age, years, Male sex, Ever smoking (past/current), Ever alcohol (past/current)",0.0006702629846998295
overweight,leukocytosis,OR,1.47782342851996,1.13419613685976,1.9255594468248,0.0038490726235131,35736,"Age, years, Male sex, Ever smoking (past/current), Ever alcohol (past/current)",0.005778531023023503
abdominal_obesity,leukocytosis,OR,1.81926143741655,1.44538931724167,2.2898413169312,3.64421220550879e-07,35736,"Age, years, Male sex, Ever smoking (past/current), Ever alcohol (past/current)",7.20253388765542e-07
central_obesity,leukocytosis,OR,1.91861019795593,1.45704864523879,2.52638448532871,3.62247761636232e-06,35736,"Age, years, Male sex, Ever smoking (past/current), Ever alcohol (past/current)",6.761190336421883e-06
high_bodyfat,leukocytosis,OR,1.84174238409819,1.04952761563579,3.23194450422235,0.0338094333898975,35736,"Age, years, Male sex, Ever smoking (past/current), Ever alcohol (past/current)",0.04546652325285185
sarcopenia,leukocytosis,OR,0.852017104951233,0.409359605795628,1.77333849469237,0.668683498327117,35736,"Age, years, Male sex, Ever smoking (past/current), Ever alcohol (past/current)",0.7089413850415732
sbp,leukocytosis,OR,1.06168257435119,0.931324362361048,1.21028712899061,0.370582512546558,35736,"Age, years, Male sex, Ever smoking (past/current), Ever alcohol (past/current), Body mass index, kg/m2",0.4213013586794633
dbp,leukocytosis,OR,1.00093306496432,0.889820645338229,1.12592015681773,0.987606551653037,35736,"Age, years, Male sex, Ever smoking (past/current), Ever alcohol (past/current), Body mass index, kg/m2",0.9901367136128655
glucose,leukocytosis,OR,1.16814802934424,1.09044632076113,1.25138651255053,9.97474971003183e-06,35736,"Age, years, Male sex, Ever smoking (past/current), Ever alcohol (past/current), Body mass index, kg/m2",1.807153728329841e-05
hba1c,leukocytosis,OR,1.2956791161179,1.20851681994899,1.38912785013198,4.05496149480166e-13,35736,"Age, years, Male sex, Ever smoking (past/current), Ever alcohol (past/current), Body mass index, kg/m2",1.0143163625491084e-12
homa_ir,leukocytosis,OR,1.70915211076144,1.42404990958924,2.0513332559832,1.0807657698898e-08,35736,"Age, years, Male sex, Ever smoking (past/current), Ever alcohol (past/current), Body mass index, kg/m2",2.2834175414228407e-08
tg,leukocytosis,OR,1.12255631628675,1.06903813636603,1.17875372296711,3.66316869325599e-06,35736,"Age, years, Male sex, Ever smoking (past/current), Ever alcohol (past/current), Body mass index, kg/m2",6.8335170220591085e-06
tchol,leukocytosis,OR,1.10763138077467,0.991062426658977,1.23791119779678,0.0716869662384047,35736,"Age, years, Male sex, Ever smoking (past/current), Ever alcohol (past/current), Body mass index, kg/m2",0.09171140395628818
hdl,leukocytosis,OR,0.833671074678664,0.718789523753951,0.966913731750197,0.016245071885639,35736,"Age, years, Male sex, Ever smoking (past/current), Ever alcohol (past/current), Body mass index, kg/m2",0.022668440246125417
ldl,leukocytosis,OR,1.0346944192329,0.859818953259197,1.24513717351026,0.718082539678664,35736,"Age, years, Male sex, Ever smoking (past/current), Ever alcohol (past/current), Body mass index, kg/m2",0.7556279368832549
nonhdl,leukocytosis,OR,1.15711108458712,1.03868742816336,1.28903655302913,0.0081153502954177,35736,"Age, years, Male sex, Ever smoking (past/current), Ever alcohol (past/current), Body mass index, kg/m2",0.011762248452864665
alt,leukocytosis,OR,1.07404896829376,1.01585356908337,1.13557821855545,0.0120104268552267,35736,"Age, years, Male sex, Ever smoking (past/current), Ever alcohol (past/current), Body mass index, kg/m2",0.01709810969446582
ast,leukocytosis,OR,1.01466442305255,0.87177987247051,1.18096772352747,0.850891766281223,35736,"Age, years, Male sex, Ever smoking (past/current), Ever alcohol (past/current), Body mass index, kg/m2",0.8739693207472928
creatinine,leukocytosis,OR,0.946798143162265,0.79133687516864,1.13280039389606,0.550287790979684,35736,"Age, years, Male sex, Ever smoking (past/current), Ever alcohol (past/current), Body mass index, kg/m2",0.5974456226357728
egfr,leukocytosis,OR,1.02322271030121,0.856812236075711,1.22195350485592,0.799895445774131,35736,"Age, years, Male sex, Ever smoking (past/current), Ever alcohol (past/current), Body mass index, kg/m2",0.8300623924621359
hemoglobin,leukocytosis,OR,1.45053690694722,1.2243498183635,1.71850992817424,1.76268058243868e-05,35736,"Age, years, Male sex, Ever smoking (past/current), Ever alcohol (past/current), Body mass index, kg/m2",3.1658138762616165e-05
platelet,leukocytosis,OR,1.9342319017233,1.75913405324222,2.12675835747067,5.47104494273231e-41,35736,"Age, years, Male sex, Ever smoking (past/current), Ever alcohol (past/current), Body mass index, kg/m2",2.532065740907122e-40
fib4,leukocytosis,OR,0.156743052254475,0.0632771078211603,0.388266551301404,6.38392639610892e-05,35736,"Age, years, Male sex, Ever smoking (past/current), Ever alcohol (past/current), Body mass index, kg/m2",0.00011092347689736368
vitd,leukocytosis,OR,0.901487891560666,0.728616874354483,1.11537413863835,0.339895787060979,35736,"Age, years, Male sex, Ever smoking (past/current), Ever alcohol (past/current), Body mass index, kg/m2",0.3894316727484607
fn_bmd,leukocytosis,OR,0.979395650757714,0.742318864680205,1.29218841977883,0.883011038423535,35736,"Age, years, Male sex, Ever smoking (past/current), Ever alcohol (past/current), Body mass index, kg/m2",0.9019619713827408
ls_bmd,leukocytosis,OR,1.01999736718315,0.758466869808666,1.37170741462052,0.895834468174217,35736,"Age, years, Male sex, Ever smoking (past/current), Ever alcohol (past/current), Body mass index, kg/m2",0.9124144004943876
insulin,leukocytosis,OR,1.54762998244455,1.32090052884418,1.81327701084133,7.83127998950188e-08,35736,"Age, years, Male sex, Ever smoking (past/current), Ever alcohol (past/current), Body mass index, kg/m2",1.5915619228520267e-07
hsi,leukocytosis,OR,1.85187245665443,1.51016710228049,2.27089544629633,3.5764967288223503e-09,35736,"Age, years, Male sex, Ever smoking (past/current), Ever alcohol (past/current), Body mass index, kg/m2",7.761196228535009e-09
dm,leukocytosis,OR,2.06511746936713,1.56262211503722,2.72920120689813,3.65818020895556e-07,35736,"Age, years, Male sex, Ever smoking (past/current), Ever alcohol (past/current), Body mass index, kg/m2",7.226085639899879e-07
prediabetes,leukocytosis,OR,1.17851486492986,0.932134494393875,1.49001811993213,0.169957054190106,35736,"Age, years, Male sex, Ever smoking (past/current), Ever alcohol (past/current), Body mass index, kg/m2",0.2055593217230609
htn,leukocytosis,OR,1.18865933702227,0.910596788620461,1.55163189366258,0.203775310427418,35736,"Age, years, Male sex, Ever smoking (past/current), Ever alcohol (past/current), Body mass index, kg/m2",0.24279318109789116
mets,leukocytosis,OR,1.82878972676992,1.37352732366373,2.43495109789166,3.68251730028689e-05,35736,"Age, years, Male sex, Ever smoking (past/current), Ever alcohol (past/current), Body mass index, kg/m2",6.484912965805213e-05
dyslipidemia,leukocytosis,OR,1.74367272818799,1.36845674457404,2.22176886122398,7.15197441229865e-06,35736,"Age, years, Male sex, Ever smoking (past/current), Ever alcohol (past/current), Body mass index, kg/m2",1.3098935975099242e-05
low_hdl,leukocytosis,OR,1.53857071626275,1.20685165907628,1.96146712078361,0.0005135584954727,35736,"Age, years, Male sex, Ever smoking (past/current), Ever alcohol (past/current), Body mass index, kg/m2",0.0008354517418267202
high_tg,leukocytosis,OR,1.60510957453079,1.27209791906173,2.02529750866246,6.8099305172047e-05,35736,"Age, years, Male sex, Ever smoking (past/current), Ever alcohol (past/current), Body mass index, kg/m2",0.00011809244353321002
high_ldl,leukocytosis,OR,1.62694916461708,1.00560660409612,2.63220584815812,0.0475146731161441,35736,"Age, years, Male sex, Ever smoking (past/current), Ever alcohol (past/current), Body mass index, kg/m2",0.06232650976352311
high_nonhdl,leukocytosis,OR,1.74856905080838,1.28930573787491,2.37142644729436,0.0003303490838227,35736,"Age, years, Male sex, Ever smoking (past/current), Ever alcohol (past/current), Body mass index, kg/m2",0.0005434327292029656
atherogenic_dyslipidemia,leukocytosis,OR,1.47017419258362,1.11633166405006,1.93617383269168,0.0061182320683989,35736,"Age, years, Male sex, Ever smoking (past/current), Ever alcohol (past/current), Body mass index, kg/m2",0.009031187487385132
insulin_resistance,leukocytosis,OR,2.4063480397178,1.6930728590622,3.42011913855916,1.10991910465735e-06,35736,"Age, years, Male sex, Ever smoking (past/current), Ever alcohol (past/current), Body mass index, kg/m2",2.1349727398160495e-06
ckd,leukocytosis,OR,1.76712603607003,1.15068866448633,2.71379611508607,0.0093711050055443,35736,"Age, years, Male sex, Ever smoking (past/current), Ever alcohol (past/current), Body mass index, kg/m2",0.013493471720984068
high_alt,leukocytosis,OR,1.41621988750157,1.01761125965677,1.97096754848355,0.0391519570140561,35736,"Age, years, Male sex, Ever smoking (past/current), Ever alcohol (past/current), Body mass index, kg/m2",0.052252062373439025
high_ast,leukocytosis,OR,1.04637079691341,0.626263631767753,1.74829223524069,0.862602951256274,35736,"Age, years, Male sex, Ever smoking (past/current), Ever alcohol (past/current), Body mass index, kg/m2",0.8831649983501735
adv_fibrosis,leukocytosis,OR,0.462665776257761,0.210384510033834,1.01746854122374,0.0553486332074189,35736,"Age, years, Male sex, Ever smoking (past/current), Ever alcohol (past/current), Body mass index, kg/m2",0.07193279931975254
steatosis,leukocytosis,OR,1.70713204182826,1.25251127615533,2.32676532636285,0.0007210653968856,35736,"Age, years, Male sex, Ever smoking (past/current), Ever alcohol (past/current), Body mass index, kg/m2",0.001160691191878923
masld,leukocytosis,OR,1.63317389167481,1.218412902892,2.18912402693478,0.0010444627221934,35736,"Age, years, Male sex, Ever smoking (past/current), Ever alcohol (past/current), Body mass index, kg/m2",0.0016548182320475543
anemia,leukocytosis,OR,0.781410617604198,0.513595398846549,1.18887855046188,0.249427176983302,35736,"Age, years, Male sex, Ever smoking (past/current), Ever alcohol (past/current), Body mass index, kg/m2",0.29312062640480135
vitd_deficiency,leukocytosis,OR,0.879560027698446,0.588718779978445,1.31408385231607,0.531094447972421,35736,"Age, years, Male sex, Ever smoking (past/current), Ever alcohol (past/current), Body mass index, kg/m2",0.5780329560441492
osteoporosis,leukocytosis,OR,1.20798084947285,0.509005657581728,2.86680061598106,0.66847860667482,35736,"Age, years, Male sex, Ever smoking (past/current), Ever alcohol (past/current), Body mass index, kg/m2",0.7089375648023837
current_smoking,leukocytosis,OR,4.15411459710675,3.15946444666727,5.46189658949902,5.11318617049226e-24,35736,"Age, years, Male sex, Ever alcohol (past/current), Body mass index, kg/m2",1.68936601242718e-23
age,vitd_deficiency,OR,0.648360710349417,0.615303689553646,0.68319371045824,1.6417600496921e-53,12088,unadjusted,9.31123815622476e-53
men,vitd_deficiency,OR,0.588844062715721,0.53691192142059,0.645799276123613,6.666272126186759e-28,12088,unadjusted,2.403133104240508e-27
bmi,vitd_deficiency,OR,1.02158266193647,0.973292383834336,1.07226888086576,0.387610851754603,12088,"Age, years, Male sex",0.43924241308871037
smoking,vitd_deficiency,OR,1.03278407316097,0.893306567256835,1.19403906886121,0.663071092724763,12088,"Age, years, Male sex",0.7040507653230677
alcohol,vitd_deficiency,OR,1.05898692114937,0.902143393039193,1.24309872224128,0.483575458747346,12088,"Age, years, Male sex",0.5320689677313817
wc,vitd_deficiency,OR,0.993227692106432,0.940055884929394,1.04940702375494,0.808768698004597,12088,"Age, years, Male sex, Ever smoking (past/current), Ever alcohol (past/current)",0.8369086334713137
height,vitd_deficiency,OR,1.02969531910256,0.942771619688281,1.12463339799335,0.51560876197243,12088,"Age, years, Male sex, Ever smoking (past/current), Ever alcohol (past/current)",0.5625694112970565
weight,vitd_deficiency,OR,1.03113405740085,0.973645678443192,1.09201680639306,0.295088920698833,12088,"Age, years, Male sex, Ever smoking (past/current), Ever alcohol (past/current)",0.3425521353662788
whtr,vitd_deficiency,OR,0.988311100704571,0.934148055389605,1.04561458554715,0.682708487995805,12088,"Age, years, Male sex, Ever smoking (past/current), Ever alcohol (past/current)",0.7225057976926758
fat_kg,vitd_deficiency,OR,1.15330946092485,1.07722574767282,1.23476691448594,4.92987906778819e-05,12088,"Age, years, Male sex, Ever smoking (past/current), Ever alcohol (past/current)",8.629738606734596e-05
lean_kg,vitd_deficiency,OR,0.881963482743611,0.792865271518164,0.981074102796568,0.0212219389845786,12088,"Age, years, Male sex, Ever smoking (past/current), Ever alcohol (past/current)",0.029288271592353376
asmm_kg,vitd_deficiency,OR,0.842633660056528,0.750635379966337,0.945907299349656,0.0038699763211964,12088,"Age, years, Male sex, Ever smoking (past/current), Ever alcohol (past/current)",0.0058049644817946
asmi,vitd_deficiency,OR,0.823621528060349,0.749363584472489,0.905238038704518,6.62044077190386e-05,12088,"Age, years, Male sex, Ever smoking (past/current), Ever alcohol (past/current)",0.00011486301674209554
bodyfat_pct,vitd_deficiency,OR,1.30267245552351,1.17893609147768,1.43939568789745,3.07482867446527e-07,12088,"Age, years, Male sex, Ever smoking (past/current), Ever alcohol (past/current)",6.094286207915972e-07
asm_pct,vitd_deficiency,OR,0.704204535018015,0.625265956606842,0.793108951319025,1.34138172649767e-08,12088,"Age, years, Male sex, Ever smoking (past/current), Ever alcohol (past/current)",2.8205053377461453e-08
obesity,vitd_deficiency,OR,1.00424502340028,0.903070356504019,1.11675470217889,0.937693751575036,12088,"Age, years, Male sex, Ever smoking (past/current), Ever alcohol (past/current)",0.9460204506007668
overweight,vitd_deficiency,OR,1.00049456590891,0.903087391784218,1.10840809596025,0.992452850570053,12088,"Age, years, Male sex, Ever smoking (past/current), Ever alcohol (past/current)",0.9941464561171008
abdominal_obesity,vitd_deficiency,OR,1.02521531890571,0.916332131255689,1.14703655396064,0.663852229032458,12088,"Age, years, Male sex, Ever smoking (past/current), Ever alcohol (past/current)",0.7046677367849057
central_obesity,vitd_deficiency,OR,1.00388004713949,0.904223347910146,1.1145201585139,0.942139035724345,12088,"Age, years, Male sex, Ever smoking (past/current), Ever alcohol (past/current)",0.9502330136944854
high_bodyfat,vitd_deficiency,OR,1.57657651004933,1.35977159098726,1.82794927362372,3.2591438314023204e-09,12088,"Age, years, Male sex, Ever smoking (past/current), Ever alcohol (past/current)",7.076883214672609e-09
sarcopenia,vitd_deficiency,OR,1.26363838755208,1.01448420113193,1.57398407260908,0.0372968823056247,12088,"Age, years, Male sex, Ever smoking (past/current), Ever alcohol (past/current)",0.04985184800015567
sbp,vitd_deficiency,OR,1.08259275422375,1.02227102361662,1.1464739236679,0.0067672294306168,12088,"Age, years, Male sex, Body mass index, kg/m2, Ever smoking (past/current), Ever alcohol (past/current)",0.009943338362383132
dbp,vitd_deficiency,OR,1.03778876977977,0.983348333874583,1.0952431540077,0.177537004873955,12088,"Age, years, Male sex, Body mass index, kg/m2, Ever smoking (past/current), Ever alcohol (past/current)",0.21421217237618
glucose,vitd_deficiency,OR,1.07162825766388,1.01900625063904,1.12696769220359,0.0071866897807064,12088,"Age, years, Male sex, Body mass index, kg/m2, Ever smoking (past/current), Ever alcohol (past/current)",0.010515796180992082
hba1c,vitd_deficiency,OR,1.06806104702309,0.987347347245968,1.15537293268676,0.100838877052092,12088,"Age, years, Male sex, Body mass index, kg/m2, Ever smoking (past/current), Ever alcohol (past/current)",0.12607544372647073
homa_ir,vitd_deficiency,OR,1.1466274012489,1.05967904511679,1.24071000870825,0.0007268958313153,12088,"Age, years, Male sex, Body mass index, kg/m2, Ever smoking (past/current), Ever alcohol (past/current)",0.0011684742664958862
tg,vitd_deficiency,OR,1.09786588225348,1.04162629476815,1.15714196297675,0.0005200574211483,12088,"Age, years, Male sex, Body mass index, kg/m2, Ever smoking (past/current), Ever alcohol (past/current)",0.000845243302853859
tchol,vitd_deficiency,OR,0.957479396996649,0.911184906205747,1.00612596787908,0.085982629339662,12088,"Age, years, Male sex, Body mass index, kg/m2, Ever smoking (past/current), Ever alcohol (past/current)",0.10850262290730546
hdl,vitd_deficiency,OR,0.956653704662392,0.909605028548189,1.00613594023881,0.0852930714569756,12088,"Age, years, Male sex, Body mass index, kg/m2, Ever smoking (past/current), Ever alcohol (past/current)",0.10774827750052657
ldl,vitd_deficiency,OR,0.990325451958016,0.890009597582512,1.1019482300638,0.858450088552943,12088,"Age, years, Male sex, Body mass index, kg/m2, Ever smoking (past/current), Ever alcohol (past/current)",0.879936324762359
nonhdl,vitd_deficiency,OR,0.968957512589473,0.921618470077099,1.01872813066023,0.217476071648617,12088,"Age, years, Male sex, Body mass index, kg/m2, Ever smoking (past/current), Ever alcohol (past/current)",0.25798272965524727
alt,vitd_deficiency,OR,1.01716697931997,0.965115615206595,1.07202561798508,0.5254803624275,12088,"Age, years, Male sex, Body mass index, kg/m2, Ever smoking (past/current), Ever alcohol (past/current)",0.572276387281897
ast,vitd_deficiency,OR,0.978413593177899,0.935782554658157,1.02298675536326,0.337197603922076,12088,"Age, years, Male sex, Body mass index, kg/m2, Ever smoking (past/current), Ever alcohol (past/current)",0.3868436355093002
creatinine,vitd_deficiency,OR,0.918451242892086,0.845158228035758,0.998100305466502,0.0452545689383663,12088,"Age, years, Male sex, Body mass index, kg/m2, Ever smoking (past/current), Ever alcohol (past/current)",0.05967300329499293
egfr,vitd_deficiency,OR,1.1744843217523,1.08124941363525,1.27575877003646,0.0001468661972056,12088,"Age, years, Male sex, Body mass index, kg/m2, Ever smoking (past/current), Ever alcohol (past/current)",0.0002495237561785447
hemoglobin,vitd_deficiency,OR,0.924956538859178,0.863173897155307,0.991161342572916,0.0271835137375225,12088,"Age, years, Male sex, Body mass index, kg/m2, Ever smoking (past/current), Ever alcohol (past/current)",0.036957610364502395
platelet,vitd_deficiency,OR,1.05119532744979,0.999947970197059,1.10506911298046,0.0504771156652111,12088,"Age, years, Male sex, Body mass index, kg/m2, Ever smoking (past/current), Ever alcohol (past/current)",0.06591783514010882
wbc,vitd_deficiency,OR,1.00831736092198,0.955934159314819,1.06357105291164,0.760948252275154,12088,"Age, years, Male sex, Body mass index, kg/m2, Ever smoking (past/current), Ever alcohol (past/current)",0.7947982634973583
fib4,vitd_deficiency,OR,1.00913161947638,0.956271254007442,1.06491397828748,0.740597256834479,12088,"Age, years, Male sex, Body mass index, kg/m2, Ever smoking (past/current), Ever alcohol (past/current)",0.7754313079708542
fn_bmd,vitd_deficiency,OR,0.858566775844237,0.780290678085861,0.944695264579922,0.0018773473897899,12088,"Age, years, Male sex, Body mass index, kg/m2, Ever smoking (past/current), Ever alcohol (past/current)",0.0028949288558844256
ls_bmd,vitd_deficiency,OR,0.957786045318746,0.881821800266781,1.04029420494004,0.30681796139806,12088,"Age, years, Male sex, Body mass index, kg/m2, Ever smoking (past/current), Ever alcohol (past/current)",0.35499765441654646
insulin,vitd_deficiency,OR,1.1634015071313,1.07724011133054,1.25645438984222,0.0001310035710617,12088,"Age, years, Male sex, Body mass index, kg/m2, Ever smoking (past/current), Ever alcohol (past/current)",0.0002235438843407497
hsi,vitd_deficiency,OR,1.12630123048471,1.02150021085079,1.24185433181146,0.0171525924914419,12088,"Age, years, Male sex, Body mass index, kg/m2, Ever smoking (past/current), Ever alcohol (past/current)",0.02387803587148552
dm,vitd_deficiency,OR,1.25462809116079,1.06746803971972,1.47460306871864,0.0060144139411584,12088,"Age, years, Male sex, Body mass index, kg/m2, Ever smoking (past/current), Ever alcohol (past/current)",0.008885388381191227
prediabetes,vitd_deficiency,OR,1.07644475567081,0.958066227223299,1.2094501184636,0.215488646063783,12088,"Age, years, Male sex, Body mass index, kg/m2, Ever smoking (past/current), Ever alcohol (past/current)",0.25579744234467267
htn,vitd_deficiency,OR,1.16201012292813,1.03213275521661,1.30823047613101,0.013169908497936,12088,"Age, years, Male sex, Body mass index, kg/m2, Ever smoking (past/current), Ever alcohol (past/current)",0.01860586350971945
mets,vitd_deficiency,OR,1.14389870355901,1.0064291898066,1.30014536269107,0.039805886585999,12088,"Age, years, Male sex, Body mass index, kg/m2, Ever smoking (past/current), Ever alcohol (past/current)",0.0530829859588941
dyslipidemia,vitd_deficiency,OR,1.10829282489704,0.999461608148507,1.22897465565856,0.0514450293982064,12088,"Age, years, Male sex, Body mass index, kg/m2, Ever smoking (past/current), Ever alcohol (past/current)",0.06713204651370246
low_hdl,vitd_deficiency,OR,1.12776171856362,1.01450050851105,1.25366767506526,0.0261675640274166,12088,"Age, years, Male sex, Body mass index, kg/m2, Ever smoking (past/current), Ever alcohol (past/current)",0.035666470783498945
high_tg,vitd_deficiency,OR,1.14059411524528,1.02389227116587,1.27059747628606,0.017067089638233,12088,"Age, years, Male sex, Body mass index, kg/m2, Ever smoking (past/current), Ever alcohol (past/current)",0.023768402414336347
high_ldl,vitd_deficiency,OR,1.04993813784768,0.728746537548759,1.51269342152215,0.79372995499639,12088,"Age, years, Male sex, Body mass index, kg/m2, Ever smoking (past/current), Ever alcohol (past/current)",0.8251230523899898
high_nonhdl,vitd_deficiency,OR,0.915237765513873,0.769383152494024,1.08874253966632,0.317507278136182,12088,"Age, years, Male sex, Body mass index, kg/m2, Ever smoking (past/current), Ever alcohol (past/current)",0.3665226593233802
atherogenic_dyslipidemia,vitd_deficiency,OR,1.15499431158132,1.01268790054946,1.31729811234182,0.0319277857252911,12088,"Age, years, Male sex, Body mass index, kg/m2, Ever smoking (past/current), Ever alcohol (past/current)",0.043084161427002006
insulin_resistance,vitd_deficiency,OR,1.28572181132056,1.10288681443705,1.49886693218761,0.0014077237420279,12088,"Age, years, Male sex, Body mass index, kg/m2, Ever smoking (past/current), Ever alcohol (past/current)",0.0022006227338758383
ckd,vitd_deficiency,OR,1.67587099919926,1.26961888035378,2.21211550128691,0.0002883864152272,12088,"Age, years, Male sex, Body mass index, kg/m2, Ever smoking (past/current), Ever alcohol (past/current)",0.00047707701006585187
high_alt,vitd_deficiency,OR,1.11108558776278,0.926177267939573,1.33291026034415,0.256933191388192,12088,"Age, years, Male sex, Body mass index, kg/m2, Ever smoking (past/current), Ever alcohol (past/current)",0.3013382284612761
high_ast,vitd_deficiency,OR,1.00710231279777,0.804718043667689,1.26038564242938,0.950707727072868,12088,"Age, years, Male sex, Body mass index, kg/m2, Ever smoking (past/current), Ever alcohol (past/current)",0.9575043222049302
adv_fibrosis,vitd_deficiency,OR,1.71340541396825,1.26344905698249,2.32360623991221,0.0005507867981985,12088,"Age, years, Male sex, Body mass index, kg/m2, Ever smoking (past/current), Ever alcohol (past/current)",0.0008939498171682566
steatosis,vitd_deficiency,OR,1.19683312363238,1.02904948045053,1.39197342113861,0.0198950979791799,12088,"Age, years, Male sex, Body mass index, kg/m2, Ever smoking (past/current), Ever alcohol (past/current)",0.027532626751540907
masld,vitd_deficiency,OR,1.18393579890794,1.0209818616825,1.37289801958469,0.0256196419418372,12088,"Age, years, Male sex, Body mass index, kg/m2, Ever smoking (past/current), Ever alcohol (past/current)",0.03498735126760396
anemia,vitd_deficiency,OR,1.34844336521225,1.12022853569471,1.62315050121207,0.0016183387554639,12088,"Age, years, Male sex, Body mass index, kg/m2, Ever smoking (past/current), Ever alcohol (past/current)",0.0025153526464006424
leukocytosis,vitd_deficiency,OR,0.896306131578384,0.601110847856936,1.33646678373738,0.591311947712467,12088,"Age, years, Male sex, Body mass index, kg/m2, Ever smoking (past/current), Ever alcohol (past/current)",0.6372707098663735
osteoporosis,vitd_deficiency,OR,1.21009745112263,0.95486268971421,1.53355645475241,0.11529443695204,12088,"Age, years, Male sex, Body mass index, kg/m2, Ever smoking (past/current), Ever alcohol (past/current)",0.1430317037495896
current_smoking,vitd_deficiency,OR,1.12431908654923,0.989753815067795,1.27717962702908,0.0718632364443172,12088,"Age, years, Male sex, Body mass index, kg/m2, Ever alcohol (past/current)",0.09190352896037951
age,osteoporosis,OR,2.38199015987366,2.1678468826469,2.61728684214414,1.4246327987078599e-55,3383,unadjusted,8.447065180217311e-55
men,osteoporosis,OR,0.173395116021806,0.142723995226563,0.210657403560545,1.17699847313824e-53,3383,unadjusted,6.707748579923756e-53
bmi,osteoporosis,OR,0.54543835575404,0.485542033932905,0.612723470134783,3.2543295985945e-22,3383,"Age, years, Male sex",1.0419771678408935e-21
smoking,osteoporosis,OR,1.13652376968955,0.816003242727111,1.58294258090505,0.449387828338286,3383,"Age, years, Male sex",0.49787478182052325
alcohol,osteoporosis,OR,0.728842715848143,0.578138787761308,0.91883076467136,0.0077097894497632,3383,"Age, years, Male sex",0.0112159762255539
wc,osteoporosis,OR,0.581028100164219,0.521643588948291,0.647173013016568,5.79720196661469e-21,3383,"Age, years, Male sex, Ever smoking (past/current), Ever alcohol (past/current)",1.7878936362886988e-20
height,osteoporosis,OR,0.564527009858406,0.475238426261037,0.67059128060622,1.98594550054732e-10,3383,"Age, years, Male sex, Ever smoking (past/current), Ever alcohol (past/current)",4.518410886904174e-10
weight,osteoporosis,OR,0.411941178472508,0.360422263803322,0.470824229143402,3.66012759689195e-33,3383,"Age, years, Male sex, Ever smoking (past/current), Ever alcohol (past/current)",1.47157184888738e-32
whtr,osteoporosis,OR,0.656391860354371,0.587621911916872,0.733210020936765,4.50919250303273e-13,3383,"Age, years, Male sex, Ever smoking (past/current), Ever alcohol (past/current)",1.1255404674472908e-12
fat_kg,osteoporosis,OR,0.541292662109192,0.479979605425597,0.61043790765538,1.91126502495864e-21,3383,"Age, years, Male sex, Ever smoking (past/current), Ever alcohol (past/current)",5.972915188912449e-21
lean_kg,osteoporosis,OR,0.277575912505478,0.224703063656434,0.342889793977415,1.41654362265399e-28,3383,"Age, years, Male sex, Ever smoking (past/current), Ever alcohol (past/current)",5.180754557619266e-28
asmm_kg,osteoporosis,OR,0.306537166196916,0.243439597152395,0.385989113353704,1.2788907361210101e-21,3383,"Age, years, Male sex, Ever smoking (past/current), Ever alcohol (past/current)",4.0216546184091055e-21
asmi,osteoporosis,OR,0.479893384794758,0.398755681352614,0.577540763779416,5.2655482670247103e-14,3383,"Age, years, Male sex, Ever smoking (past/current), Ever alcohol (past/current)",1.348746254288075e-13
bodyfat_pct,osteoporosis,OR,0.631611338725311,0.541118422013683,0.737237667351661,1.08657876858837e-08,3383,"Age, years, Male sex, Ever smoking (past/current), Ever alcohol (past/current)",2.2943227955445077e-08
asm_pct,osteoporosis,OR,1.48568099128864,1.24893417574884,1.76730531579294,9.88243958793566e-06,3383,"Age, years, Male sex, Ever smoking (past/current), Ever alcohol (past/current)",1.791351118307226e-05
obesity,osteoporosis,OR,0.430035069955561,0.342792783400945,0.53948090609417,1.32340338655463e-12,3383,"Age, years, Male sex, Ever smoking (past/current), Ever alcohol (past/current)",3.2481022490908755e-12
overweight,osteoporosis,OR,0.413026687049519,0.328237975579066,0.519717573550564,2.48825251462288e-13,3383,"Age, years, Male sex, Ever smoking (past/current), Ever alcohol (past/current)",6.259732397501274e-13
abdominal_obesity,osteoporosis,OR,0.470192911780125,0.376135628871731,0.587770360790961,9.66342694571614e-11,3383,"Age, years, Male sex, Ever smoking (past/current), Ever alcohol (past/current)",2.2244829871119113e-10
central_obesity,osteoporosis,OR,0.53803036456162,0.430434719434089,0.672521662683011,8.46420033909486e-08,3383,"Age, years, Male sex, Ever smoking (past/current), Ever alcohol (past/current)",1.7182082763280746e-07
high_bodyfat,osteoporosis,OR,0.593619007255023,0.475240073860421,0.741485293763202,5.58973182759191e-06,3383,"Age, years, Male sex, Ever smoking (past/current), Ever alcohol (past/current)",1.0296566682415642e-05
sarcopenia,osteoporosis,OR,2.70133642391359,1.91572162986879,3.80912255798986,2.56858447719261e-08,3383,"Age, years, Male sex, Ever smoking (past/current), Ever alcohol (past/current)",5.3340533777549367e-08
sbp,osteoporosis,OR,1.02538007387649,0.932161156194072,1.12792116354188,0.606523043142799,3383,"Age, years, Male sex, Body mass index, kg/m2, Ever smoking (past/current), Ever alcohol (past/current)",0.6506774772917874
dbp,osteoporosis,OR,1.04371345655682,0.943233266718485,1.15489754001956,0.407861973371496,3383,"Age, years, Male sex, Body mass index, kg/m2, Ever smoking (past/current), Ever alcohol (past/current)",0.4580643718795947
glucose,osteoporosis,OR,1.12897574462995,0.995799154408053,1.27996315955944,0.0588236411423017,3383,"Age, years, Male sex, Body mass index, kg/m2, Ever smoking (past/current), Ever alcohol (past/current)",0.07605611751218304
hba1c,osteoporosis,OR,1.22279961068661,1.00842219797336,1.48275086655204,0.0418036826086498,3383,"Age, years, Male sex, Body mass index, kg/m2, Ever smoking (past/current), Ever alcohol (past/current)",0.05551756038750551
homa_ir,osteoporosis,OR,1.09972167407346,0.951889008343389,1.2705134210255,0.197597902800389,3383,"Age, years, Male sex, Body mass index, kg/m2, Ever smoking (past/current), Ever alcohol (past/current)",0.23631233061560955
tg,osteoporosis,OR,1.12293308677316,0.99391093927049,1.26870393266365,0.0632590817233055,3383,"Age, years, Male sex, Body mass index, kg/m2, Ever smoking (past/current), Ever alcohol (past/current)",0.08146196922467348
tchol,osteoporosis,OR,1.01540842273822,0.899952546403371,1.14567625714077,0.804018198015892,3383,"Age, years, Male sex, Body mass index, kg/m2, Ever smoking (past/current), Ever alcohol (past/current)",0.8337154173642859
hdl,osteoporosis,OR,0.963618945590421,0.868818197278213,1.06876383944275,0.483423808173477,3383,"Age, years, Male sex, Body mass index, kg/m2, Ever smoking (past/current), Ever alcohol (past/current)",0.5320683288709331
ldl,osteoporosis,OR,0.980198914899566,0.756183210520237,1.27057821359097,0.880017661965815,3383,"Age, years, Male sex, Body mass index, kg/m2, Ever smoking (past/current), Ever alcohol (past/current)",0.8991651306769947
nonhdl,osteoporosis,OR,1.02898139024383,0.914361288288652,1.1579697380341,0.635623601046392,3383,"Age, years, Male sex, Body mass index, kg/m2, Ever smoking (past/current), Ever alcohol (past/current)",0.677562446393884
alt,osteoporosis,OR,0.970961412039468,0.870433001599995,1.08310009149093,0.597438269075654,3383,"Age, years, Male sex, Body mass index, kg/m2, Ever smoking (past/current), Ever alcohol (past/current)",0.6423008497205291
ast,osteoporosis,OR,1.06051217515348,0.949422792132937,1.1845998252497,0.298577783672278,3383,"Age, years, Male sex, Body mass index, kg/m2, Ever smoking (past/current), Ever alcohol (past/current)",0.34637383204669403
creatinine,osteoporosis,OR,0.823849763590548,0.676887075449496,1.00272033192166,0.0539970672999834,3383,"Age, years, Male sex, Body mass index, kg/m2, Ever smoking (past/current), Ever alcohol (past/current)",0.07025403436665739
egfr,osteoporosis,OR,1.23408690509601,1.08281584072809,1.4064907734499,0.0017480307676838,3383,"Age, years, Male sex, Body mass index, kg/m2, Ever smoking (past/current), Ever alcohol (past/current)",0.002709755441805609
hemoglobin,osteoporosis,OR,0.951037200641866,0.836789335569961,1.0808834655961,0.442389400894446,3383,"Age, years, Male sex, Body mass index, kg/m2, Ever smoking (past/current), Ever alcohol (past/current)",0.49151276654581666
platelet,osteoporosis,OR,1.07966139238985,0.953467581903385,1.22255726816657,0.227432726224519,3383,"Age, years, Male sex, Body mass index, kg/m2, Ever smoking (past/current), Ever alcohol (past/current)",0.2688882382553729
wbc,osteoporosis,OR,1.09541583905102,0.975547218801068,1.23001310169133,0.12393678872433,3383,"Age, years, Male sex, Body mass index, kg/m2, Ever smoking (past/current), Ever alcohol (past/current)",0.15316242388029713
fib4,osteoporosis,OR,1.06140370356669,0.909168270432731,1.23913015729078,0.45097272025957,3383,"Age, years, Male sex, Body mass index, kg/m2, Ever smoking (past/current), Ever alcohol (past/current)",0.4994735599855992
vitd,osteoporosis,OR,0.898651759158796,0.804658800904471,1.00362412407775,0.0586158373900569,3383,"Age, years, Male sex, Body mass index, kg/m2, Ever smoking (past/current), Ever alcohol (past/current)",0.07581526966132222
insulin,osteoporosis,OR,1.09443102601307,0.963236220024513,1.24349484145182,0.166806434454126,3383,"Age, years, Male sex, Body mass index, kg/m2, Ever smoking (past/current), Ever alcohol (past/current)",0.2021652657079944
hsi,osteoporosis,OR,0.94106111240456,0.759814345429377,1.16554263894511,0.578109341700319,3383,"Age, years, Male sex, Body mass index, kg/m2, Ever smoking (past/current), Ever alcohol (past/current)",0.6245708900210195
dm,osteoporosis,OR,1.33722092143651,1.01018062878423,1.77013866805145,0.0428550385343568,3383,"Age, years, Male sex, Body mass index, kg/m2, Ever smoking (past/current), Ever alcohol (past/current)",0.05678902602977405
prediabetes,osteoporosis,OR,0.762074821257282,0.603179319653756,0.962828157848137,0.0232164113606401,3383,"Age, years, Male sex, Body mass index, kg/m2, Ever smoking (past/current), Ever alcohol (past/current)",0.031903316742947496
htn,osteoporosis,OR,0.986933248806759,0.795500433224646,1.22443332136464,0.904888592490032,3383,"Age, years, Male sex, Body mass index, kg/m2, Ever smoking (past/current), Ever alcohol (past/current)",0.9187136416113844
mets,osteoporosis,OR,1.08763499730615,0.844751876933808,1.40035188990511,0.515040004950259,3383,"Age, years, Male sex, Body mass index, kg/m2, Ever smoking (past/current), Ever alcohol (past/current)",0.5621229926974938
dyslipidemia,osteoporosis,OR,1.05227308159063,0.84455258744751,1.31108311631224,0.649939535233961,3383,"Age, years, Male sex, Body mass index, kg/m2, Ever smoking (past/current), Ever alcohol (past/current)",0.6919199627501043
low_hdl,osteoporosis,OR,1.06691160692891,0.869029820248673,1.30985191816996,0.536353248815956,3383,"Age, years, Male sex, Body mass index, kg/m2, Ever smoking (past/current), Ever alcohol (past/current)",0.583576194726536
high_tg,osteoporosis,OR,1.07249445424816,0.851748090910535,1.35045134432109,0.551976473195408,3383,"Age, years, Male sex, Body mass index, kg/m2, Ever smoking (past/current), Ever alcohol (past/current)",0.599094341631503
high_ldl,osteoporosis,OR,1.20373369530335,0.61856801281494,2.34246643730374,0.585544727447674,3383,"Age, years, Male sex, Body mass index, kg/m2, Ever smoking (past/current), Ever alcohol (past/current)",0.6316350781227283
high_nonhdl,osteoporosis,OR,1.34985981749052,0.996786062983009,1.82799659279205,0.0530944849718672,3383,"Age, years, Male sex, Body mass index, kg/m2, Ever smoking (past/current), Ever alcohol (past/current)",0.06918193713315438
atherogenic_dyslipidemia,osteoporosis,OR,1.03484820893317,0.795421196636354,1.34634432683064,0.798723712065018,3383,"Age, years, Male sex, Body mass index, kg/m2, Ever smoking (past/current), Ever alcohol (past/current)",0.8293351750863778
insulin_resistance,osteoporosis,OR,1.24324856382254,0.951882975360377,1.62379938653869,0.11082008572141,3383,"Age, years, Male sex, Body mass index, kg/m2, Ever smoking (past/current), Ever alcohol (past/current)",0.13772347985561256
ckd,osteoporosis,OR,1.89154488519966,0.856534783564404,4.17722913462504,0.121129179868219,3383,"Age, years, Male sex, Body mass index, kg/m2, Ever smoking (past/current), Ever alcohol (past/current)",0.14995324129907464
high_alt,osteoporosis,OR,1.02699323959568,0.635845072881708,1.65876116550714,0.913338413999196,3383,"Age, years, Male sex, Body mass index, kg/m2, Ever smoking (past/current), Ever alcohol (past/current)",0.9258766136782444
high_ast,osteoporosis,OR,1.23064245341969,0.696767074219195,2.17358268522658,0.474920328104838,3383,"Age, years, Male sex, Body mass index, kg/m2, Ever smoking (past/current), Ever alcohol (past/current)",0.5241475414141572
adv_fibrosis,osteoporosis,OR,1.0072361321524,0.528975543753276,1.91790459482286,0.982503083313921,3383,"Age, years, Male sex, Body mass index, kg/m2, Ever smoking (past/current), Ever alcohol (past/current)",0.985300643346136
steatosis,osteoporosis,OR,1.19934518736239,0.864534946574317,1.66381808410296,0.276987592858251,3383,"Age, years, Male sex, Body mass index, kg/m2, Ever smoking (past/current), Ever alcohol (past/current)",0.3230299013399867
masld,osteoporosis,OR,1.18158945833035,0.848794252780813,1.64486699039648,0.323355435489434,3383,"Age, years, Male sex, Body mass index, kg/m2, Ever smoking (past/current), Ever alcohol (past/current)",0.3719462344064551
anemia,osteoporosis,OR,1.50403753200022,1.0999929468186,2.05649400226414,0.0108782186435735,3383,"Age, years, Male sex, Body mass index, kg/m2, Ever smoking (past/current), Ever alcohol (past/current)",0.015536531250067261
leukocytosis,osteoporosis,OR,1.23396006275009,0.507812400251633,2.99846446386044,0.642808302384716,3383,"Age, years, Male sex, Body mass index, kg/m2, Ever smoking (past/current), Ever alcohol (past/current)",0.6850138701963601
vitd_deficiency,osteoporosis,OR,1.19586663816227,0.948214040155197,1.50820063372554,0.131518766147229,3383,"Age, years, Male sex, Body mass index, kg/m2, Ever smoking (past/current), Ever alcohol (past/current)",0.16201787141327054
current_smoking,osteoporosis,OR,1.17541800758536,0.811686159036867,1.70214494503063,0.392689832063433,3383,"Age, years, Male sex, Body mass index, kg/m2, Ever alcohol (past/current)",0.443997941742347
age,smoking,OR,0.946990928933871,0.92376270378048,0.970803233138699,1.77537976146494e-05,36605,unadjusted,3.186996697186299e-05
men,smoking,OR,22.606199941039,21.1113994664679,24.2068403179967,0.0,36605,unadjusted,0.0
bmi,smoking,OR,1.00444068653027,0.967483270618774,1.0428098587298,0.81681831360865,36605,"Age, years, Male sex",0.8443892282153406
alcohol,smoking,OR,5.59182105503915,4.90195836754825,6.3787695380241,1.08298330047152e-130,36605,"Age, years, Male sex",1.3062558850207855e-129
wc,smoking,OR,1.04747681418831,1.00635511967729,1.09027882385486,0.0232788848664575,36605,"Age, years, Male sex, Ever alcohol (past/current)",0.03197668974245839
height,smoking,OR,1.10585727704603,1.04205057765294,1.1735709795873,0.0009163670019624,36605,"Age, years, Male sex, Ever alcohol (past/current)",0.001463030181736887
weight,smoking,OR,1.0312134953439,0.987688539492981,1.07665648679621,0.162529953879603,36605,"Age, years, Male sex, Ever alcohol (past/current)",0.19732178475145185
whtr,smoking,OR,1.02205880967466,0.981293384856711,1.06451773399667,0.293497344676136,36605,"Age, years, Male sex, Ever alcohol (past/current)",0.34092930341337435
fat_kg,smoking,OR,0.984817500823092,0.896766864311331,1.08151354440627,0.748990274738537,36605,"Age, years, Male sex, Ever alcohol (past/current)",0.7834700765159274
lean_kg,smoking,OR,0.996056069358967,0.857979774865708,1.15635324091657,0.958626251487037,36605,"Age, years, Male sex, Ever alcohol (past/current)",0.9641009873607493
asmm_kg,smoking,OR,0.934941433283663,0.798023527405257,1.09535051743733,0.405439154828907,36605,"Age, years, Male sex, Ever alcohol (past/current)",0.45592487334208515
asmi,smoking,OR,0.947032638603382,0.833912983180391,1.07549688836788,0.402144350905237,36605,"Age, years, Male sex, Ever alcohol (past/current)",0.45308778115426895
bodyfat_pct,smoking,OR,0.956729225968839,0.84682535611175,1.08089679320153,0.477735968345564,36605,"Age, years, Male sex, Ever alcohol (past/current)",0.5267958924586964
asm_pct,smoking,OR,0.944792107445738,0.819161614961985,1.08968988535087,0.435711069681437,36605,"Age, years, Male sex, Ever alcohol (past/current)",0.485010868336922
obesity,smoking,OR,1.05229642175922,0.979519830456009,1.13048018510431,0.163399220128938,36605,"Age, years, Male sex, Ever alcohol (past/current)",0.19830877094904195
overweight,smoking,OR,1.02107755165578,0.94972315870628,1.09779292727325,0.572566198144648,36605,"Age, years, Male sex, Ever alcohol (past/current)",0.61934218361961
abdominal_obesity,smoking,OR,1.15599931928992,1.07138214856587,1.24729950745171,0.0001892302850812,36605,"Age, years, Male sex, Ever alcohol (past/current)",0.000318123658260614
central_obesity,smoking,OR,1.06784363079155,0.992481867007288,1.14892781191106,0.0788702895411723,36605,"Age, years, Male sex, Ever alcohol (past/current)",0.10042702811424759
high_bodyfat,smoking,OR,0.9548531060595,0.802827871947754,1.1356661695607,0.601816437560418,36605,"Age, years, Male sex, Ever alcohol (past/current)",0.6460217900298056
sarcopenia,smoking,OR,1.19862578468278,0.931676140030421,1.54206350251655,0.159352989601179,36605,"Age, years, Male sex, Ever alcohol (past/current)",0.19379876704950014
sbp,smoking,OR,0.908066772641605,0.873855026437237,0.943617921313135,9.05156664824774e-07,36605,"Age, years, Male sex, Ever alcohol (past/current), Body mass index, kg/m2",1.7545194130505525e-06
dbp,smoking,OR,1.01750768816615,0.981494107300762,1.05484270132247,0.345239016819562,36605,"Age, years, Male sex, Ever alcohol (past/current), Body mass index, kg/m2",0.3946549228297622
glucose,smoking,OR,1.10909719446342,1.06916736102365,1.15051827394815,3.38872094991641e-08,36605,"Age, years, Male sex, Ever alcohol (past/current), Body mass index, kg/m2",7.012382600238305e-08
hba1c,smoking,OR,1.13892846644048,1.09603652878454,1.18349892325849,3.7348091751692196e-11,36605,"Age, years, Male sex, Ever alcohol (past/current), Body mass index, kg/m2",8.740197950130227e-11
homa_ir,smoking,OR,1.09897448319927,1.03337900968162,1.16873373990363,0.0027032372082918,36605,"Age, years, Male sex, Ever alcohol (past/current), Body mass index, kg/m2",0.004117993705710952
tg,smoking,OR,1.30533684868351,1.22690931726823,1.38877769086049,5.43307137607184e-17,36605,"Age, years, Male sex, Ever alcohol (past/current), Body mass index, kg/m2",1.5079020793163926e-16
tchol,smoking,OR,1.03426580298484,0.998298719666767,1.07152872196506,0.0621829749114009,36605,"Age, years, Male sex, Ever alcohol (past/current), Body mass index, kg/m2",0.08016414262004172
hdl,smoking,OR,0.977538078194084,0.939292926832249,1.01734045580654,0.264644047082964,36605,"Age, years, Male sex, Ever alcohol (past/current), Body mass index, kg/m2",0.30955706869020233
ldl,smoking,OR,0.918546212026547,0.86578686105056,0.974520614235848,0.0049177250321801,36605,"Age, years, Male sex, Ever alcohol (past/current), Body mass index, kg/m2",0.0073235634517286735
nonhdl,smoking,OR,1.04219850975092,1.00534156645519,1.08040666970221,0.0245234907879338,36605,"Age, years, Male sex, Ever alcohol (past/current), Body mass index, kg/m2",0.033594606983703944
alt,smoking,OR,1.06707679750571,1.02719980854161,1.1085018535894,0.00084519601208,36605,"Age, years, Male sex, Ever alcohol (past/current), Body mass index, kg/m2",0.0013530819793389818
ast,smoking,OR,1.08855583062974,1.04316239174978,1.13592457489804,9.6599132603318e-05,36605,"Age, years, Male sex, Ever alcohol (past/current), Body mass index, kg/m2",0.00016596202196531023
creatinine,smoking,OR,0.967975201450875,0.921189365370347,1.01713722047493,0.197949557285898,36605,"Age, years, Male sex, Ever alcohol (past/current), Body mass index, kg/m2",0.23665252571654202
egfr,smoking,OR,1.11003093905132,1.05108062901772,1.17228750262734,0.0001810708937745,36605,"Age, years, Male sex, Ever alcohol (past/current), Body mass index, kg/m2",0.00030498885120697704
hemoglobin,smoking,OR,1.13069751423029,1.07670324637757,1.18739947426352,9.12307456967544e-07,36605,"Age, years, Male sex, Ever alcohol (past/current), Body mass index, kg/m2",1.7674075156433938e-06
platelet,smoking,OR,1.14951881419268,1.10724736812356,1.19340405967486,4.02617819542929e-13,36605,"Age, years, Male sex, Ever alcohol (past/current), Body mass index, kg/m2",1.0078322391117243e-12
wbc,smoking,OR,1.47741215871675,1.42078893879667,1.53629200447799,3.12355674583427e-80,36605,"Age, years, Male sex, Ever alcohol (past/current), Body mass index, kg/m2",2.4833333767106767e-79
fib4,smoking,OR,0.96239428743031,0.926219031266989,0.999982437427923,0.0499898578978219,36605,"Age, years, Male sex, Ever alcohol (past/current), Body mass index, kg/m2",0.0653542240223195
vitd,smoking,OR,0.976806830711488,0.914791431499652,1.04302636827331,0.483316765799195,36605,"Age, years, Male sex, Ever alcohol (past/current), Body mass index, kg/m2",0.5320683288709331
fn_bmd,smoking,OR,0.89987317216738,0.796366480304228,1.01683301094897,0.0912508636643842,36605,"Age, years, Male sex, Ever alcohol (past/current), Body mass index, kg/m2",0.11482155835154026
ls_bmd,smoking,OR,0.983706924211632,0.895102977090904,1.08108154872513,0.733168026635178,36605,"Age, years, Male sex, Ever alcohol (past/current), Body mass index, kg/m2",0.7689749225161098
insulin,smoking,OR,1.07736726255919,1.01500640712039,1.14355949902551,0.0144382967329162,36605,"Age, years, Male sex, Ever alcohol (past/current), Body mass index, kg/m2",0.020300072292746846
hsi,smoking,OR,1.10670278938044,1.03152977019338,1.18735406326938,0.0047608346705197,36605,"Age, years, Male sex, Ever alcohol (past/current), Body mass index, kg/m2",0.007095920317211335
dm,smoking,OR,1.31416820723593,1.19012313212092,1.45114234846603,7.16962554354425e-08,36605,"Age, years, Male sex, Ever alcohol (past/current), Body mass index, kg/m2",1.4613090951598874e-07
prediabetes,smoking,OR,1.11729068964709,1.038993661242,1.20148806651989,0.0027954451619581,36605,"Age, years, Male sex, Ever alcohol (past/current), Body mass index, kg/m2",0.004249269685117146
htn,smoking,OR,1.05424434063948,0.973556064770364,1.14162005660407,0.19360038889585,36605,"Age, years, Male sex, Ever alcohol (past/current), Body mass index, kg/m2",0.23176245954545202
mets,smoking,OR,1.4803425288548,1.35618031241212,1.6158721540785,2.8237760796368597e-18,36605,"Age, years, Male sex, Ever alcohol (past/current), Body mass index, kg/m2",8.16530324505831e-18
dyslipidemia,smoking,OR,1.24401879761064,1.15569241877995,1.3390957175633,6.889329540197161e-09,36605,"Age, years, Male sex, Ever alcohol (past/current), Body mass index, kg/m2",1.4705587054893575e-08
low_hdl,smoking,OR,1.09836064139197,1.01583259436598,1.18759341376709,0.0186304945028363,36605,"Age, years, Male sex, Ever alcohol (past/current), Body mass index, kg/m2",0.02583330773188561
high_tg,smoking,OR,1.74791039418733,1.61482601180535,1.89196280204358,4.04097044876138e-42,36605,"Age, years, Male sex, Ever alcohol (past/current), Body mass index, kg/m2",1.8900794051178725e-41
high_ldl,smoking,OR,0.976437784851616,0.807425579164166,1.18082801968314,0.805786595477404,36605,"Age, years, Male sex, Ever alcohol (past/current), Body mass index, kg/m2",0.8351914035525065
high_nonhdl,smoking,OR,1.28079417715834,1.13864982270489,1.44068324741474,3.83866190331072e-05,36605,"Age, years, Male sex, Ever alcohol (past/current), Body mass index, kg/m2",6.753130481248928e-05
atherogenic_dyslipidemia,smoking,OR,1.42971179016761,1.29679054249974,1.57625748797029,8.80980370278037e-13,36605,"Age, years, Male sex, Ever alcohol (past/current), Body mass index, kg/m2",2.1804728489945514e-12
insulin_resistance,smoking,OR,1.16179882411091,1.01990498322787,1.32343358440473,0.0242090891571459,36605,"Age, years, Male sex, Ever alcohol (past/current), Body mass index, kg/m2",0.03321558707108214
ckd,smoking,OR,1.16707839982262,1.00440883067731,1.3560932060046,0.0438119194896898,36605,"Age, years, Male sex, Ever alcohol (past/current), Body mass index, kg/m2",0.05794426603180153
high_alt,smoking,OR,1.2024900647602,1.06242024070122,1.3610267391862,0.0035468872254352,36605,"Age, years, Male sex, Ever alcohol (past/current), Body mass index, kg/m2",0.005345373045777824
high_ast,smoking,OR,1.31661677953579,1.11907606733367,1.54902762623226,0.0009229494911805,36605,"Age, years, Male sex, Ever alcohol (past/current), Body mass index, kg/m2",0.0014722047590297648
adv_fibrosis,smoking,OR,0.864875910867779,0.712701523429404,1.04954222294919,0.141600773629374,36605,"Age, years, Male sex, Ever alcohol (past/current), Body mass index, kg/m2",0.17376931175005408
steatosis,smoking,OR,1.1601476072184,1.04441504083965,1.2887046029637,0.0056327502537015,36605,"Age, years, Male sex, Ever alcohol (past/current), Body mass index, kg/m2",0.008356131911052308
masld,smoking,OR,0.880869917153172,0.795745613164022,0.975100331197801,0.0144928288137447,36605,"Age, years, Male sex, Ever alcohol (past/current), Body mass index, kg/m2",0.020368612562653165
anemia,smoking,OR,0.928889962734545,0.812917678756636,1.06140705930851,0.278399607599232,36605,"Age, years, Male sex, Ever alcohol (past/current), Body mass index, kg/m2",0.32456915523485436
leukocytosis,smoking,OR,2.80557261859102,1.9466078483124,4.04356620929665,3.45394123817234e-08,36605,"Age, years, Male sex, Ever alcohol (past/current), Body mass index, kg/m2",7.143147998146202e-08
vitd_deficiency,smoking,OR,1.01267095547496,0.878789521634521,1.16694889824717,0.861864936010214,36605,"Age, years, Male sex, Ever alcohol (past/current), Body mass index, kg/m2",0.8829227180418772
osteoporosis,smoking,OR,1.18653639534291,0.833332135634951,1.68944476910233,0.343270444922277,36605,"Age, years, Male sex, Ever alcohol (past/current), Body mass index, kg/m2",0.39278703931652353
age,current_smoking,OR,0.714182050207754,0.692469993394313,0.736574877907395,3.21731105008031e-94,36605,unadjusted,2.9204560614388797e-93
men,current_smoking,OR,10.7708728426578,9.89333426370188,11.7262490784673,0.0,36605,unadjusted,0.0
bmi,current_smoking,OR,0.949057084501021,0.912853044695106,0.986696987949923,0.008461469423536,36605,"Age, years, Male sex",0.012233700866048356
alcohol,current_smoking,OR,2.62931541369875,2.19860529050783,3.14440230566215,9.60764415273535e-26,36605,"Age, years, Male sex",3.330523888379321e-25
wc,current_smoking,OR,0.924689058430713,0.884899190673479,0.96626809448285,0.0004919098510973,36605,"Age, years, Male sex, Ever smoking (past/current), Ever alcohol (past/current)",0.0008006037410188034
height,current_smoking,OR,0.850952746569318,0.797755790622893,0.907697048903234,1.00900365262238e-06,36605,"Age, years, Male sex, Ever smoking (past/current), Ever alcohol (past/current)",1.948306395030714e-06
weight,current_smoking,OR,0.875236327188238,0.83742217171525,0.914757996986057,3.73141377849933e-09,36605,"Age, years, Male sex, Ever smoking (past/current), Ever alcohol (past/current)",8.087408817153624e-09
whtr,current_smoking,OR,0.956134811051095,0.912229770140171,1.00215297376585,0.0615395945735456,36605,"Age, years, Male sex, Ever smoking (past/current), Ever alcohol (past/current)",0.07945104548681364
fat_kg,current_smoking,OR,0.867778054686527,0.785270391919766,0.958954724314214,0.0056128291203669,36605,"Age, years, Male sex, Ever smoking (past/current), Ever alcohol (past/current)",0.008330545369545816
lean_kg,current_smoking,OR,0.867483129688578,0.746095692196799,1.00861992391157,0.0651630456174396,36605,"Age, years, Male sex, Ever smoking (past/current), Ever alcohol (past/current)",0.08379125471508664
asmm_kg,current_smoking,OR,0.820973001709455,0.701129989960536,0.961300585036691,0.0146345481876837,36605,"Age, years, Male sex, Ever smoking (past/current), Ever alcohol (past/current)",0.0205431959812762
asmi,current_smoking,OR,0.839568681850735,0.737061429806046,0.956332190289846,0.0087619052974645,36605,"Age, years, Male sex, Ever smoking (past/current), Ever alcohol (past/current)",0.012652493012574813
bodyfat_pct,current_smoking,OR,0.815240423573285,0.714618783221884,0.930030057748412,0.0025018521135535,36605,"Age, years, Male sex, Ever smoking (past/current), Ever alcohol (past/current)",0.003822786613421009
asm_pct,current_smoking,OR,1.09517333158687,0.948994708783579,1.26386861287823,0.214193965679431,36605,"Age, years, Male sex, Ever smoking (past/current), Ever alcohol (past/current)",0.25443209009205936
obesity,current_smoking,OR,0.85781148501703,0.789089551573887,0.932518422477454,0.0003236944915027,36605,"Age, years, Male sex, Ever smoking (past/current), Ever alcohol (past/current)",0.0005329836367800418
overweight,current_smoking,OR,0.783011720049055,0.718432917204994,0.853395409719567,2.78265288918912e-08,36605,"Age, years, Male sex, Ever smoking (past/current), Ever alcohol (past/current)",5.7751935625952156e-08
abdominal_obesity,current_smoking,OR,0.92348880847608,0.848658522886448,1.00491723865558,0.0649617718698584,36605,"Age, years, Male sex, Ever smoking (past/current), Ever alcohol (past/current)",0.08356295125114728
central_obesity,current_smoking,OR,0.90318073474356,0.830757511766516,0.981917621036424,0.017008918809375,36605,"Age, years, Male sex, Ever smoking (past/current), Ever alcohol (past/current)",0.023706138522603382
high_bodyfat,current_smoking,OR,0.932142625334108,0.76022762591792,1.14293383237112,0.49963780072664,36605,"Age, years, Male sex, Ever smoking (past/current), Ever alcohol (past/current)",0.5473481599251092
sarcopenia,current_smoking,OR,1.21408922642008,0.902120655782523,1.63394180175456,0.201087928626038,36605,"Age, years, Male sex, Ever smoking (past/current), Ever alcohol (past/current)",0.2400785371596291
sbp,current_smoking,OR,1.06134603025613,1.01267957256588,1.11235125745283,0.0129699414211062,36605,"Age, years, Male sex, Ever smoking (past/current), Ever alcohol (past/current), Body mass index, kg/m2",0.018345435214914073
dbp,current_smoking,OR,1.04316557892297,1.00137734019126,1.08669767266938,0.0428578169185518,36605,"Age, years, Male sex, Ever smoking (past/current), Ever alcohol (past/current), Body mass index, kg/m2",0.05678902602977405
glucose,current_smoking,OR,1.0746391738607,1.03234410151137,1.11866707264107,0.0004484619362444,36605,"Age, years, Male sex, Ever smoking (past/current), Ever alcohol (past/current), Body mass index, kg/m2",0.0007322591281654041
hba1c,current_smoking,OR,1.22584423226417,1.16921922452693,1.28521157559937,5.17193120125882e-17,36605,"Age, years, Male sex, Ever smoking (past/current), Ever alcohol (past/current), Body mass index, kg/m2",1.437690741186548e-16
homa_ir,current_smoking,OR,0.974133160498575,0.909888386683114,1.04291408514639,0.451663472401819,36605,"Age, years, Male sex, Ever smoking (past/current), Ever alcohol (past/current), Body mass index, kg/m2",0.49992418284073115
tg,current_smoking,OR,1.21831113480771,1.15092303278856,1.28964490144942,1.2501604541639399e-11,36605,"Age, years, Male sex, Ever smoking (past/current), Ever alcohol (past/current), Body mass index, kg/m2",2.969025704359674e-11
tchol,current_smoking,OR,1.01401768427513,0.973622860325165,1.05608845675552,0.502169850840956,36605,"Age, years, Male sex, Ever smoking (past/current), Ever alcohol (past/current), Body mass index, kg/m2",0.5499509373948529
hdl,current_smoking,OR,0.81717240420608,0.777565573864638,0.858796686274325,2.3464229774078502e-15,36605,"Age, years, Male sex, Ever smoking (past/current), Ever alcohol (past/current), Body mass index, kg/m2",6.251211593366451e-15
ldl,current_smoking,OR,0.924369224779409,0.866070655811561,0.986592096136319,0.0180601194040239,36605,"Age, years, Male sex, Ever smoking (past/current), Ever alcohol (past/current), Body mass index, kg/m2",0.02510171292066779
nonhdl,current_smoking,OR,1.06999695475743,1.02693095862831,1.11486899247778,0.0012609797649229,36605,"Age, years, Male sex, Ever smoking (past/current), Ever alcohol (past/current), Body mass index, kg/m2",0.001985324422019872
alt,current_smoking,OR,1.01926372305808,0.98111091842032,1.05890018920077,0.327031517406042,36605,"Age, years, Male sex, Ever smoking (past/current), Ever alcohol (past/current), Body mass index, kg/m2",0.3757928235902382
ast,current_smoking,OR,1.03616275926524,0.999897177015894,1.07374366921639,0.0507568098955872,36605,"Age, years, Male sex, Ever smoking (past/current), Ever alcohol (past/current), Body mass index, kg/m2",0.06625851907051822
creatinine,current_smoking,OR,0.880342229817611,0.794998201505881,0.974848043847444,0.0143645964078929,36605,"Age, years, Male sex, Ever smoking (past/current), Ever alcohol (past/current), Body mass index, kg/m2",0.02020451619352987
egfr,current_smoking,OR,1.16039106875961,1.0922683335965,1.23276249163374,1.52287469963193e-06,36605,"Age, years, Male sex, Ever smoking (past/current), Ever alcohol (past/current), Body mass index, kg/m2",2.914980810925901e-06
hemoglobin,current_smoking,OR,1.42988109928301,1.34546804137475,1.5195901316227,4.77137305116904e-30,36605,"Age, years, Male sex, Ever smoking (past/current), Ever alcohol (past/current), Body mass index, kg/m2",1.787742115555038e-29
platelet,current_smoking,OR,1.16579693511667,1.11418685830885,1.21979763429474,3.7460314813138795e-11,36605,"Age, years, Male sex, Ever smoking (past/current), Ever alcohol (past/current), Body mass index, kg/m2",8.76063936068226e-11
wbc,current_smoking,OR,1.75954958629863,1.6711769947829,1.85259536022148,3.4224422875174503e-95,36605,"Age, years, Male sex, Ever smoking (past/current), Ever alcohol (past/current), Body mass index, kg/m2",3.1227569265897563e-94
fib4,current_smoking,OR,0.999117584436187,0.957010933822519,1.04307684713948,0.96794801942029,36605,"Age, years, Male sex, Ever smoking (past/current), Ever alcohol (past/current), Body mass index, kg/m2",0.972365352081649
vitd,current_smoking,OR,0.90567340654634,0.842656573919375,0.973402860325555,0.0071926161339217,36605,"Age, years, Male sex, Ever smoking (past/current), Ever alcohol (past/current), Body mass index, kg/m2",0.010520097185910392
fn_bmd,current_smoking,OR,0.953581523858112,0.847635325596224,1.07276996980269,0.429337418097636,36605,"Age, years, Male sex, Ever smoking (past/current), Ever alcohol (past/current), Body mass index, kg/m2",0.47882406160224
ls_bmd,current_smoking,OR,0.888147276519593,0.800328329217042,0.985602478373913,0.0260116333406218,36605,"Age, years, Male sex, Ever smoking (past/current), Ever alcohol (past/current), Body mass index, kg/m2",0.03546766265027874
insulin,current_smoking,OR,1.00011775117934,0.937146509558029,1.06732032400755,0.997169189919483,36605,"Age, years, Male sex, Ever smoking (past/current), Ever alcohol (past/current), Body mass index, kg/m2",0.9974523961648449
hsi,current_smoking,OR,1.05507518621796,0.977383254575297,1.13894282858015,0.169611209656723,36605,"Age, years, Male sex, Ever smoking (past/current), Ever alcohol (past/current), Body mass index, kg/m2",0.20521150134351712
dm,current_smoking,OR,1.22988798075347,1.0943909808159,1.38216092029024,0.0005191908600983,36605,"Age, years, Male sex, Ever smoking (past/current), Ever alcohol (past/current), Body mass index, kg/m2",0.0008442244733454352
prediabetes,current_smoking,OR,1.07788742310111,0.9905939920197,1.17287335299773,0.0818473258175913,36605,"Age, years, Male sex, Ever smoking (past/current), Ever alcohol (past/current), Body mass index, kg/m2",0.1038797410917321
htn,current_smoking,OR,1.04563062230363,0.95433048089531,1.14566538551023,0.338543197743008,36605,"Age, years, Male sex, Ever smoking (past/current), Ever alcohol (past/current), Body mass index, kg/m2",0.38800818172823764
mets,current_smoking,OR,1.34397131596432,1.21425872000535,1.48754039676727,1.25219484207585e-08,36605,"Age, years, Male sex, Ever smoking (past/current), Ever alcohol (past/current), Body mass index, kg/m2",2.6345461372706954e-08
dyslipidemia,current_smoking,OR,1.34081591087262,1.22933072561711,1.46241143199825,4.21453433764245e-11,36605,"Age, years, Male sex, Ever smoking (past/current), Ever alcohol (past/current), Body mass index, kg/m2",9.830192011375303e-11
low_hdl,current_smoking,OR,1.46865149904321,1.33405195472992,1.61683150194741,6.4322563923027504e-15,36605,"Age, years, Male sex, Ever smoking (past/current), Ever alcohol (past/current), Body mass index, kg/m2",1.689366667687568e-14
high_tg,current_smoking,OR,1.58369413079435,1.44837193197416,1.7316595582558,1.51037287235253e-23,36605,"Age, years, Male sex, Ever smoking (past/current), Ever alcohol (past/current), Body mass index, kg/m2",4.9438041416594894e-23
high_ldl,current_smoking,OR,0.876791643578107,0.701680673411433,1.09560319298923,0.247500206281271,36605,"Age, years, Male sex, Ever smoking (past/current), Ever alcohol (past/current), Body mass index, kg/m2",0.29095317974720847
high_nonhdl,current_smoking,OR,1.17259354189901,1.02311204638365,1.34391498894312,0.0221857760780224,36605,"Age, years, Male sex, Ever smoking (past/current), Ever alcohol (past/current), Body mass index, kg/m2",0.030582506202268055
atherogenic_dyslipidemia,current_smoking,OR,1.68476490869738,1.50235489996123,1.88932242152061,7.94695771177014e-19,36605,"Age, years, Male sex, Ever smoking (past/current), Ever alcohol (past/current), Body mass index, kg/m2",2.318905141744361e-18
insulin_resistance,current_smoking,OR,1.00754860466614,0.872846631731164,1.16303844668711,0.918214164169055,36605,"Age, years, Male sex, Ever smoking (past/current), Ever alcohol (past/current), Body mass index, kg/m2",0.9290910290794596
ckd,current_smoking,OR,1.17634648069111,0.971283407406009,1.42470367771445,0.0967315883537,36605,"Age, years, Male sex, Ever smoking (past/current), Ever alcohol (past/current), Body mass index, kg/m2",0.12132786829833737
high_alt,current_smoking,OR,1.06329673772473,0.935914545211556,1.20801622139603,0.345913340976065,36605,"Age, years, Male sex, Ever smoking (past/current), Ever alcohol (past/current), Body mass index, kg/m2",0.3951692464864421
high_ast,current_smoking,OR,1.19173009028226,1.00826820172182,1.40857423219225,0.0398197753842698,36605,"Age, years, Male sex, Ever smoking (past/current), Ever alcohol (past/current), Body mass index, kg/m2",0.0530829859588941
adv_fibrosis,current_smoking,OR,0.920247574062746,0.739870013351739,1.14460051399024,0.455322956471428,36605,"Age, years, Male sex, Ever smoking (past/current), Ever alcohol (past/current), Body mass index, kg/m2",0.5036581195641864
steatosis,current_smoking,OR,1.25029788260907,1.11346816338785,1.40394206736937,0.0001615560167051,36605,"Age, years, Male sex, Ever smoking (past/current), Ever alcohol (past/current), Body mass index, kg/m2",0.00027316384581630446
masld,current_smoking,OR,1.03160725580701,0.919823494987192,1.1569758068079,0.594915041154446,36605,"Age, years, Male sex, Ever smoking (past/current), Ever alcohol (past/current), Body mass index, kg/m2",0.6403700412426525
anemia,current_smoking,OR,0.628332052617266,0.512075498538561,0.770982344347603,8.84493073084275e-06,36605,"Age, years, Male sex, Ever smoking (past/current), Ever alcohol (past/current), Body mass index, kg/m2",1.6065934004140363e-05
leukocytosis,current_smoking,OR,4.01608112482686,2.99067290260213,5.39306976271363,4.4997521281681404e-20,36605,"Age, years, Male sex, Ever smoking (past/current), Ever alcohol (past/current), Body mass index, kg/m2",1.3499256384504422e-19
vitd_deficiency,current_smoking,OR,1.18884950380294,1.02834362331919,1.37440745548709,0.0195740486321658,36605,"Age, years, Male sex, Ever smoking (past/current), Ever alcohol (past/current), Body mass index, kg/m2",0.02709897770538048
osteoporosis,current_smoking,OR,0.992318178163947,0.653971267545686,1.50571655909306,0.971100799475232,36605,"Age, years, Male sex, Ever smoking (past/current), Ever alcohol (past/current), Body mass index, kg/m2",0.9752543529374871
age,alcohol,OR,0.391379274499363,0.370745634781463,0.413161267827035,5.3866470541221195e-213,36644,unadjusted,1.6641904319840441e-211
men,alcohol,OR,4.305313180913,3.90047618107053,4.75216889560798,2.4246302907025003e-162,36644,unadjusted,3.846643190925318e-161
bmi,alcohol,OR,0.97874363755701,0.939901819584527,1.01919060916573,0.298454807413048,36644,"Age, years, Male sex",0.3463452493274316
smoking,alcohol,OR,5.86635214443168,5.01917435743954,6.85652360959901,3.00420036664914e-101,36644,"Age, years, Male sex",2.8752156769940955e-100
wc,alcohol,OR,1.00683898782807,0.961919639792234,1.05385596205271,0.769773528524741,36644,"Age, years, Male sex, Ever smoking (past/current)",0.8037777549552736
height,alcohol,OR,1.3810965234157,1.2841811645274,1.48532594907892,5.55672244347975e-18,36644,"Age, years, Male sex, Ever smoking (past/current)",1.5898274935772282e-17
weight,alcohol,OR,1.09212860518202,1.03321185554531,1.15440495950109,0.0018590818523038,36644,"Age, years, Male sex, Ever smoking (past/current)",0.0028717922297429753
whtr,alcohol,OR,0.938699711395239,0.897594528283158,0.981687299118131,0.0056584265323604,36644,"Age, years, Male sex, Ever smoking (past/current)",0.008387617107312008
fat_kg,alcohol,OR,0.998454919372244,0.908352465035278,1.09749493108924,0.974449579980063,36644,"Age, years, Male sex, Ever smoking (past/current)",0.9778799907266617
lean_kg,alcohol,OR,1.10500772356688,0.927841165260153,1.31600333641168,0.263291134573944,36644,"Age, years, Male sex, Ever smoking (past/current)",0.308124203210083
asmm_kg,alcohol,OR,1.08339793595147,0.90170954613167,1.30169531049028,0.392821710821359,36644,"Age, years, Male sex, Ever smoking (past/current)",0.4440045139643217
asmi,alcohol,OR,0.991748838847599,0.865396114627443,1.13654977498829,0.905199027232157,36644,"Age, years, Male sex, Ever smoking (past/current)",0.9187639694269905
bodyfat_pct,alcohol,OR,0.939383717039756,0.826245525290699,1.06801397505779,0.340044240803964,36644,"Age, years, Male sex, Ever smoking (past/current)",0.38947506215010125
asm_pct,alcohol,OR,1.05275939662422,0.910920186360358,1.21668436354329,0.48654488623573,36644,"Age, years, Male sex, Ever smoking (past/current)",0.5348349217609991
obesity,alcohol,OR,0.914658553156848,0.839839786684967,0.996142695460076,0.040575293534722,36644,"Age, years, Male sex, Ever smoking (past/current)",0.05398798029062746
overweight,alcohol,OR,0.989206390596114,0.911050168380309,1.07406739733757,0.796089809502285,36644,"Age, years, Male sex, Ever smoking (past/current)",0.8271680602282174
abdominal_obesity,alcohol,OR,0.957638700589481,0.879019029552803,1.04329013369968,0.322082184771022,36644,"Age, years, Male sex, Ever smoking (past/current)",0.37071027933449
central_obesity,alcohol,OR,0.90137470210236,0.822073464395115,0.988325726080872,0.0271882931443571,36644,"Age, years, Male sex, Ever smoking (past/current)",0.036957610364502395
high_bodyfat,alcohol,OR,0.914876074355856,0.755482411064215,1.10789903136162,0.362809551706393,36644,"Age, years, Male sex, Ever smoking (past/current)",0.41286437515667723
sarcopenia,alcohol,OR,0.888764328079627,0.68313517830903,1.1562894957658,0.380193076789258,36644,"Age, years, Male sex, Ever smoking (past/current)",0.43166989569689446
sbp,alcohol,OR,0.938896687577104,0.901059528865734,0.978322698671125,0.0026850769559614,36644,"Age, years, Male sex, Ever smoking (past/current), Body mass index, kg/m2",0.00409387057960868
dbp,alcohol,OR,1.03537012976575,0.991988707752847,1.08064869814852,0.111567586211241,36644,"Age, years, Male sex, Ever smoking (past/current), Body mass index, kg/m2",0.1386035409650761
glucose,alcohol,OR,0.981253563869901,0.940235601667965,1.02406094270339,0.385109764958671,36644,"Age, years, Male sex, Ever smoking (past/current), Body mass index, kg/m2",0.436811718947529
hba1c,alcohol,OR,0.866849283658002,0.830862766938521,0.904394456556497,4.7739168035988896e-11,36644,"Age, years, Male sex, Ever smoking (past/current), Body mass index, kg/m2",1.11128453286684e-10
homa_ir,alcohol,OR,0.836387123684768,0.779212163821694,0.897757315844155,8.64009762191923e-07,36644,"Age, years, Male sex, Ever smoking (past/current), Body mass index, kg/m2",1.6775316330980997e-06
tg,alcohol,OR,0.975210922207302,0.936695852427859,1.01530965502558,0.222198861849577,36644,"Age, years, Male sex, Ever smoking (past/current), Body mass index, kg/m2",0.26314202805454273
tchol,alcohol,OR,1.04477171572483,1.00113131410502,1.09031444986257,0.0443188072816767,36644,"Age, years, Male sex, Ever smoking (past/current), Body mass index, kg/m2",0.05859265737464915
hdl,alcohol,OR,1.34032480108383,1.2793090959942,1.40425060528808,4.83646289003138e-34,36644,"Age, years, Male sex, Ever smoking (past/current), Body mass index, kg/m2",1.971530358644736e-33
ldl,alcohol,OR,0.98372885112162,0.916147938744443,1.05629496242201,0.651476687496646,36644,"Age, years, Male sex, Ever smoking (past/current), Body mass index, kg/m2",0.6929933232748979
nonhdl,alcohol,OR,0.957120838714624,0.917636681888452,0.998303923527269,0.0415429925933676,36644,"Age, years, Male sex, Ever smoking (past/current), Body mass index, kg/m2",0.05521298864673233
alt,alcohol,OR,0.91504098164286,0.867495366071879,0.96519247345069,0.0011216829869352,36644,"Age, years, Male sex, Ever smoking (past/current), Body mass index, kg/m2",0.0017723496994103967
ast,alcohol,OR,0.972625613650743,0.924646778878489,1.02309401377778,0.282284122224815,36644,"Age, years, Male sex, Ever smoking (past/current), Body mass index, kg/m2",0.32866270362836314
creatinine,alcohol,OR,0.94610519996116,0.906809573909628,0.98710366007092,0.0105305456375889,36644,"Age, years, Male sex, Ever smoking (past/current), Body mass index, kg/m2",0.01505829546714905
egfr,alcohol,OR,1.05815050483063,0.988475787897223,1.13273638523328,0.103970861370853,36644,"Age, years, Male sex, Ever smoking (past/current), Body mass index, kg/m2",0.1297149747602353
hemoglobin,alcohol,OR,1.05496176340919,0.993370202504125,1.12037216281492,0.0813925114142178,36644,"Age, years, Male sex, Ever smoking (past/current), Body mass index, kg/m2",0.1033770015149207
platelet,alcohol,OR,0.954677946507629,0.912475038621597,0.998832782236779,0.0444604177708413,36644,"Age, years, Male sex, Ever smoking (past/current), Body mass index, kg/m2",0.058735780716017656
wbc,alcohol,OR,0.855964133170564,0.820722095131897,0.892719474253568,5.30954233584339e-13,36644,"Age, years, Male sex, Ever smoking (past/current), Body mass index, kg/m2",1.321569477515224e-12
fib4,alcohol,OR,1.07086302957781,1.00772396899164,1.1379580752297,0.0273139052975158,36644,"Age, years, Male sex, Ever smoking (past/current), Body mass index, kg/m2",0.037114033355652255
vitd,alcohol,OR,0.993573587131204,0.919880457468511,1.07317039407652,0.869781953465729,36644,"Age, years, Male sex, Ever smoking (past/current), Body mass index, kg/m2",0.8897391925954974
fn_bmd,alcohol,OR,1.27616773664361,1.09784164183981,1.48345993628078,0.0015921746616803,36644,"Age, years, Male sex, Ever smoking (past/current), Body mass index, kg/m2",0.002475778877897579
ls_bmd,alcohol,OR,1.20581050693332,1.07484123687739,1.35273836613756,0.0015146758615158,36644,"Age, years, Male sex, Ever smoking (past/current), Body mass index, kg/m2",0.002362572357953342
insulin,alcohol,OR,0.817575715907905,0.763855341228181,0.875074134020683,8.01134776947237e-09,36644,"Age, years, Male sex, Ever smoking (past/current), Body mass index, kg/m2",1.7069550419892128e-08
hsi,alcohol,OR,0.751312286186854,0.686408816989853,0.822352710809748,6.32826624703174e-10,36644,"Age, years, Male sex, Ever smoking (past/current), Body mass index, kg/m2",1.4124305273793276e-09
dm,alcohol,OR,0.801680287601051,0.719614456685255,0.893105019719197,6.17886300835319e-05,36644,"Age, years, Male sex, Ever smoking (past/current), Body mass index, kg/m2",0.00010746644698972807
prediabetes,alcohol,OR,1.15813651264629,1.06150104145007,1.26356935089978,0.0009694803673394,36644,"Age, years, Male sex, Ever smoking (past/current), Body mass index, kg/m2",0.0015408437968273316
htn,alcohol,OR,0.995322089538436,0.908396607242916,1.0905655679736,0.919902288195612,36644,"Age, years, Male sex, Ever smoking (past/current), Body mass index, kg/m2",0.9296688261190662
mets,alcohol,OR,0.81689380362736,0.735511264962129,0.907281122933087,0.0001617339086556,36644,"Age, years, Male sex, Ever smoking (past/current), Body mass index, kg/m2",0.00027333340992563495
dyslipidemia,alcohol,OR,0.772776538763043,0.704885606495331,0.847206374140291,4.26441372060678e-08,36644,"Age, years, Male sex, Ever smoking (past/current), Body mass index, kg/m2",8.793480751743021e-08
low_hdl,alcohol,OR,0.635305657403951,0.581501501967344,0.694088109770922,2.2592148966820602e-23,36644,"Age, years, Male sex, Ever smoking (past/current), Body mass index, kg/m2",7.367550801957608e-23
high_tg,alcohol,OR,0.86978874327902,0.789863579524619,0.957801419822671,0.0045899488253343,36644,"Age, years, Male sex, Ever smoking (past/current), Body mass index, kg/m2",0.006855725090257593
high_ldl,alcohol,OR,1.10889310731405,0.872059761956181,1.41004547749147,0.399199351583537,36644,"Age, years, Male sex, Ever smoking (past/current), Body mass index, kg/m2",0.4500576556585202
high_nonhdl,alcohol,OR,0.896705354277038,0.778798277914424,1.03246311039925,0.129671044589145,36644,"Age, years, Male sex, Ever smoking (past/current), Body mass index, kg/m2",0.15985348933950602
atherogenic_dyslipidemia,alcohol,OR,0.717948853955045,0.64326335824958,0.801305639882837,3.762237379242551e-09,36644,"Age, years, Male sex, Ever smoking (past/current), Body mass index, kg/m2",8.149200522565967e-09
insulin_resistance,alcohol,OR,0.772294909706013,0.666099897760147,0.895420385986289,0.0006381783444709,36644,"Age, years, Male sex, Ever smoking (past/current), Body mass index, kg/m2",0.0010291502423198306
ckd,alcohol,OR,0.813950000994341,0.692578606221516,0.956591205918347,0.012563117243622,36644,"Age, years, Male sex, Ever smoking (past/current), Body mass index, kg/m2",0.017798591686257716
high_alt,alcohol,OR,0.738516706171436,0.61422111237947,0.887965122497046,0.0012793431160916,36644,"Age, years, Male sex, Ever smoking (past/current), Body mass index, kg/m2",0.002012437005303535
high_ast,alcohol,OR,0.860772078996289,0.687309768513845,1.07801257296501,0.191738333161454,36644,"Age, years, Male sex, Ever smoking (past/current), Body mass index, kg/m2",0.22989227994200628
adv_fibrosis,alcohol,OR,1.02081252690276,0.839993202343099,1.24055553327676,0.835956600629153,36644,"Age, years, Male sex, Ever smoking (past/current), Body mass index, kg/m2",0.8617678965271832
steatosis,alcohol,OR,0.732893324804244,0.641427710134062,0.837401654241528,5.10269113322926e-06,36644,"Age, years, Male sex, Ever smoking (past/current), Body mass index, kg/m2",9.429002188475054e-06
masld,alcohol,OR,0.669593954662971,0.587852135318085,0.762702110248511,1.7592077016855501e-09,36644,"Age, years, Male sex, Ever smoking (past/current), Body mass index, kg/m2",3.862798955945453e-09
anemia,alcohol,OR,0.788138315296246,0.697339720619996,0.890759533223976,0.0001404968964418,36644,"Age, years, Male sex, Ever smoking (past/current), Body mass index, kg/m2",0.0002392795305938199
leukocytosis,alcohol,OR,0.535912812177122,0.368332036923561,0.779738153255439,0.0011253353534474,36644,"Age, years, Male sex, Ever smoking (past/current), Body mass index, kg/m2",0.0017773233698841896
vitd_deficiency,alcohol,OR,1.06853877718355,0.905763631771157,1.26056630923926,0.43191975568446,36644,"Age, years, Male sex, Ever smoking (past/current), Body mass index, kg/m2",0.4812468774187498
osteoporosis,alcohol,OR,0.737755007442491,0.584425180150059,0.931312457938104,0.0108278452297776,36644,"Age, years, Male sex, Ever smoking (past/current), Body mass index, kg/m2",0.01547086040538609
current_smoking,alcohol,OR,2.31756265218473,1.94333803861076,2.76385093076301,1.62932077483693e-20,36644,"Age, years, Male sex, Body mass index, kg/m2",4.951223269176589e-20
bmi,age,beta,1.30932535909261,1.08895330375511,1.52969741443012,1.1561967302214e-30,37636,Male sex,4.402297171718671e-30
smoking,age,beta,0.995627464331909,0.378903977468206,1.61235095119561,0.001571260673036,37636,Male sex,0.002445771027290272
alcohol,age,beta,-13.9330248094925,-14.6613307601001,-13.2047188588849,3.1837243483369397e-251,37636,Male sex,1.495076953979027e-249
wc,age,beta,3.97810917914517,3.74507772149432,4.21114063679602,9.67444656083122e-208,37636,"Male sex, Ever smoking (past/current), Ever alcohol (past/current)",2.7258720629798043e-206
height,age,beta,-10.967539626986,-11.2107620407521,-10.7243172132199,0.0,37636,"Male sex, Ever smoking (past/current), Ever alcohol (past/current)",0.0
weight,age,beta,-2.87179615700568,-3.0820080702222,-2.66158424378916,2.58391628068969e-141,37636,"Male sex, Ever smoking (past/current), Ever alcohol (past/current)",3.5137270813085284e-140
whtr,age,beta,6.17626470758102,5.95842981626798,6.39409959889406,0.0,37636,"Male sex, Ever smoking (past/current), Ever alcohol (past/current)",0.0
fat_kg,age,beta,-0.159703477097284,-0.629395280974066,0.309988326779498,0.505454947200127,37636,"Male sex, Ever smoking (past/current), Ever alcohol (past/current)",0.5530327194901669
lean_kg,age,beta,-6.10707703742129,-6.75094379747385,-5.46321027736872,1.8839225330731302e-58,37636,"Male sex, Ever smoking (past/current), Ever alcohol (past/current)",1.1519401322020077e-57
asmm_kg,age,beta,-7.929877591665,-8.57743208096345,-7.28232310236655,4.05195168952495e-84,37636,"Male sex, Ever smoking (past/current), Ever alcohol (past/current)",3.349993861621332e-83
asmi,age,beta,-1.76907198782359,-2.4072491383118,-1.13089483733537,8.83041093144464e-08,37636,"Male sex, Ever smoking (past/current), Ever alcohol (past/current)",1.791515397497006e-07
bodyfat_pct,age,beta,2.39808554060594,1.76353782077122,3.03263326044065,5.88062822049334e-13,37636,"Male sex, Ever smoking (past/current), Ever alcohol (past/current)",1.4616494419603065e-12
asm_pct,age,beta,-6.14135655419164,-6.81697004260883,-5.46574306577445,7.941219518860989e-55,37636,"Male sex, Ever smoking (past/current), Ever alcohol (past/current)",4.63062502407755e-54
obesity,age,beta,1.94280953887762,1.5441935484499,2.34142552930533,2.5912447824984e-21,37636,"Male sex, Ever smoking (past/current), Ever alcohol (past/current)",8.047940144584978e-21
overweight,age,beta,3.96503840830657,3.55289541536689,4.37718140124625,6.67854776091806e-75,37636,"Male sex, Ever smoking (past/current), Ever alcohol (past/current)",5.026035302126796e-74
abdominal_obesity,age,beta,5.92497144835694,5.5034073080728,6.34653558864109,1.58086463487331e-148,37636,"Male sex, Ever smoking (past/current), Ever alcohol (past/current)",2.2271220976095195e-147
central_obesity,age,beta,10.8634862833553,10.4829266594527,11.244045907258,0.0,37636,"Male sex, Ever smoking (past/current), Ever alcohol (past/current)",0.0
high_bodyfat,age,beta,2.25743793218723,1.3447164257028,3.17015943867165,1.69178047558358e-06,37636,"Male sex, Ever smoking (past/current), Ever alcohol (past/current)",3.2242699323622124e-06
sarcopenia,age,beta,-0.0652434421103558,-1.55308100036252,1.42259411614181,0.931543484335563,37636,"Male sex, Ever smoking (past/current), Ever alcohol (past/current)",0.9406238967402101
sbp,age,beta,7.01079521549372,6.8183717464681,7.20321868451935,0.0,37636,"Male sex, Ever smoking (past/current), Ever alcohol (past/current), Body mass index, kg/m2",0.0
dbp,age,beta,1.45277409669811,1.24223777051283,1.6633104228834,1.84568401188855e-40,37636,"Male sex, Ever smoking (past/current), Ever alcohol (past/current), Body mass index, kg/m2",8.39857763549286e-40
glucose,age,beta,3.99191650167154,3.62576603291051,4.35806697043258,3.39304740662911e-94,37636,"Male sex, Ever smoking (past/current), Ever alcohol (past/current), Body mass index, kg/m2",3.0720598884698523e-93
hba1c,age,beta,4.84722374843888,4.46842513110884,5.22602236576892,8.134269774017089e-125,37636,"Male sex, Ever smoking (past/current), Ever alcohol (past/current), Body mass index, kg/m2",9.331888646282798e-124
homa_ir,age,beta,-0.71665866351121,-1.06407044337388,-0.369246883648537,5.59855322268987e-05,37636,"Male sex, Ever smoking (past/current), Ever alcohol (past/current), Body mass index, kg/m2",9.751782616376718e-05
tg,age,beta,1.16747841779064,0.948690560448127,1.38626627513315,3.72595801294817e-25,37636,"Male sex, Ever smoking (past/current), Ever alcohol (past/current), Body mass index, kg/m2",1.2815257931253374e-24
tchol,age,beta,0.780385914059024,0.584515801641059,0.976256026476989,7.991249329947391e-15,37636,"Male sex, Ever smoking (past/current), Ever alcohol (past/current), Body mass index, kg/m2",2.091023784552356e-14
hdl,age,beta,-1.18527596724902,-1.39763575830782,-0.972916176190213,2.5320073161944698e-27,37636,"Male sex, Ever smoking (past/current), Ever alcohol (past/current), Body mass index, kg/m2",9.071952968094529e-27
ldl,age,beta,-0.776655725211927,-1.07748710374927,-0.475824346674585,4.53140605128974e-07,37636,"Male sex, Ever smoking (past/current), Ever alcohol (past/current), Body mass index, kg/m2",8.901066432037069e-07
nonhdl,age,beta,1.17525500293061,0.974049134135471,1.37646087172575,1.0323231967889e-29,37636,"Male sex, Ever smoking (past/current), Ever alcohol (past/current), Body mass index, kg/m2",3.847452168349742e-29
alt,age,beta,-0.654384964998446,-0.878377876906922,-0.430392053089969,1.13342721320056e-08,37636,"Male sex, Ever smoking (past/current), Ever alcohol (past/current), Body mass index, kg/m2",2.3889471244119522e-08
ast,age,beta,1.59074474002977,1.21239621990389,1.96909326015565,2.56288351931598e-16,37636,"Male sex, Ever smoking (past/current), Ever alcohol (past/current), Body mass index, kg/m2",6.986436342903159e-16
creatinine,age,beta,1.3807841135446,0.673709235757501,2.08785899133171,0.0001324457165098,37636,"Male sex, Ever smoking (past/current), Ever alcohol (past/current), Body mass index, kg/m2",0.0002258953092239785
hemoglobin,age,beta,-3.45866928673965,-3.72611090445686,-3.19122766902244,3.42885490262238e-128,37636,"Male sex, Ever smoking (past/current), Ever alcohol (past/current), Body mass index, kg/m2",4.025475655678674e-127
platelet,age,beta,-2.74195832445819,-2.94433217388208,-2.53958447503431,8.82331497479697e-139,37636,"Male sex, Ever smoking (past/current), Ever alcohol (past/current), Body mass index, kg/m2",1.1595416172102584e-137
wbc,age,beta,-1.30567936011392,-1.52589762902236,-1.08546109120548,1.5203427540268699e-30,37636,"Male sex, Ever smoking (past/current), Ever alcohol (past/current), Body mass index, kg/m2",5.7763184246846124e-30
vitd,age,beta,3.2387719856056,2.88848565704843,3.58905831416277,9.63555124760168e-65,37636,"Male sex, Ever smoking (past/current), Ever alcohol (past/current), Body mass index, kg/m2",6.36705656548839e-64
fn_bmd,age,beta,-9.50732181556603,-9.94261837941909,-9.07202525171297,1.1667166093007e-165,37636,"Male sex, Ever smoking (past/current), Ever alcohol (past/current), Body mass index, kg/m2",1.9023962490541967e-164
ls_bmd,age,beta,-6.57927647260505,-7.06532749707323,-6.09322544813688,5.14384913075306e-96,37636,"Male sex, Ever smoking (past/current), Ever alcohol (past/current), Body mass index, kg/m2",4.730192333815216e-95
insulin,age,beta,-2.33822097523319,-2.68726764563636,-1.98917430483001,5.78375250467576e-37,37636,"Male sex, Ever smoking (past/current), Ever alcohol (past/current), Body mass index, kg/m2",2.490266053969197e-36
hsi,age,beta,-2.9915864586688,-3.37730677291249,-2.60586614442511,2.86442738013129e-50,37636,"Male sex, Ever smoking (past/current), Ever alcohol (past/current), Body mass index, kg/m2",1.5285626110336977e-49
dm,age,beta,13.5246272811028,13.0424567522856,14.00679780992,0.0,37636,"Male sex, Ever smoking (past/current), Ever alcohol (past/current), Body mass index, kg/m2",0.0
prediabetes,age,beta,7.33263779532244,6.92815924755594,7.73711634308893,7.744096426009529e-230,37636,"Male sex, Ever smoking (past/current), Ever alcohol (past/current), Body mass index, kg/m2",2.841115376292246e-228
htn,age,beta,15.5685230895926,15.1831369206033,15.953909258582,0.0,37636,"Male sex, Ever smoking (past/current), Ever alcohol (past/current), Body mass index, kg/m2",0.0
mets,age,beta,10.7056221437121,10.2641640793426,11.1470802080816,0.0,37636,"Male sex, Ever smoking (past/current), Ever alcohol (past/current), Body mass index, kg/m2",0.0
dyslipidemia,age,beta,6.90316581860761,6.50095772993585,7.30537390727937,1.0416733309742699e-209,37636,"Male sex, Ever smoking (past/current), Ever alcohol (past/current), Body mass index, kg/m2",3.0573112264094824e-208
low_hdl,age,beta,2.66447463604118,2.23147766320027,3.09747160888209,1.01887383457951e-32,37636,"Male sex, Ever smoking (past/current), Ever alcohol (past/current), Body mass index, kg/m2",4.036528285027035e-32
high_tg,age,beta,3.00211227297908,2.56610624848437,3.43811829747379,2.6757262534150097e-40,37636,"Male sex, Ever smoking (past/current), Ever alcohol (past/current), Body mass index, kg/m2",1.2081933159650852e-39
high_ldl,age,beta,0.782502869945846,-0.120200333219516,1.68520607311121,0.0894556626531948,37636,"Male sex, Ever smoking (past/current), Ever alcohol (past/current), Body mass index, kg/m2",0.1126834205524149
high_nonhdl,age,beta,2.65126350441867,2.0701695592914,3.23235744954595,6.627242769890651e-19,37636,"Male sex, Ever smoking (past/current), Ever alcohol (past/current), Body mass index, kg/m2",1.9402451401126244e-18
atherogenic_dyslipidemia,age,beta,3.3065473544576,2.77906512636014,3.83402958255507,7.363412651481669e-34,37636,"Male sex, Ever smoking (past/current), Ever alcohol (past/current), Body mass index, kg/m2",2.991227146311239e-33
insulin_resistance,age,beta,0.120684447087215,-0.57689245345525,0.818261347629681,0.734599260987741,37636,"Male sex, Ever smoking (past/current), Ever alcohol (past/current), Body mass index, kg/m2",0.7697883359710871
high_alt,age,beta,-4.58274148036449,-5.2250773974243,-3.94040556330467,4.7766081047676595e-43,37636,"Male sex, Ever smoking (past/current), Ever alcohol (past/current), Body mass index, kg/m2",2.2734072628367157e-42
high_ast,age,beta,1.14086836733465,0.220760078916076,2.06097665575323,0.015148374911268,37636,"Male sex, Ever smoking (past/current), Ever alcohol (past/current), Body mass index, kg/m2",0.021205316549080245
steatosis,age,beta,-4.29784512883618,-4.88680809046022,-3.70888216721215,6.863964207563501e-45,37636,"Male sex, Ever smoking (past/current), Ever alcohol (past/current), Body mass index, kg/m2",3.3669752004232107e-44
masld,age,beta,-2.55901851730245,-3.13114583018061,-1.98689120442429,3.0759332940102197e-18,37636,"Male sex, Ever smoking (past/current), Ever alcohol (past/current), Body mass index, kg/m2",8.879866443855733e-18
anemia,age,beta,4.60083567075661,3.88512253039017,5.31654881112304,1.7800916279866802e-35,37636,"Male sex, Ever smoking (past/current), Ever alcohol (past/current), Body mass index, kg/m2",7.445941465283952e-35
leukocytosis,age,beta,-0.544782951382166,-2.15325871984731,1.06369281708297,0.506843961338072,37636,"Male sex, Ever smoking (past/current), Ever alcohol (past/current), Body mass index, kg/m2",0.5542081440026978
vitd_deficiency,age,beta,-6.15926428114622,-6.90120233957776,-5.41732622271467,1.01761204247567e-53,37636,"Male sex, Ever smoking (past/current), Ever alcohol (past/current), Body mass index, kg/m2",5.808800022041021e-53
osteoporosis,age,beta,7.71282355865835,6.84585999573238,8.57978712158432,1.2882530274139701e-52,37636,"Male sex, Ever smoking (past/current), Ever alcohol (past/current), Body mass index, kg/m2",7.156509720113569e-52
men,age,beta,-2.31311173110247,-2.68663571130333,-1.93958775090161,4.17897722340954e-33,37636,unadjusted,1.6744434335436176e-32
current_smoking,age,beta,-4.09864453746266,-4.61831860414335,-3.57897047078197,7.366565999743561e-52,37636,"Male sex, Ever alcohol (past/current), Body mass index, kg/m2",4.03499929255005e-51
age,bmi,beta,0.259389906037969,0.210543695939375,0.308236116136562,6.21329595873932e-25,37315,unadjusted,2.1245852783184358e-24
men,bmi,beta,1.16036562707812,1.06795021292046,1.25278104123577,1.30658722241478e-121,37315,unadjusted,1.4516719865441185e-120
sbp,bmi,beta,1.04496660532495,0.990118266513671,1.09981494413623,1.80231796984032e-249,37315,"Age, years, Male sex, Ever smoking (past/current), Ever alcohol (past/current)",8.138158833048214e-248
dbp,bmi,beta,0.891146577861803,0.845849419839175,0.93644373588443,6.948218822161e-263,37315,"Age, years, Male sex, Ever smoking (past/current), Ever alcohol (past/current)",3.495946670235863e-261
glucose,bmi,beta,0.712050137451117,0.636629935478033,0.787470339424202,2.3971494776569597e-72,37315,"Age, years, Male sex, Ever smoking (past/current), Ever alcohol (past/current)",1.7443719959313662e-71
hba1c,bmi,beta,0.705879119215059,0.627397658495891,0.784360579934226,7.03739467024438e-66,37315,"Age, years, Male sex, Ever smoking (past/current), Ever alcohol (past/current)",4.685388285179718e-65
homa_ir,bmi,beta,1.71789289159169,1.64033914672448,1.79544663645889,5.2920165368320695e-251,37315,"Age, years, Male sex, Ever smoking (past/current), Ever alcohol (past/current)",2.420582109444487e-249
tg,bmi,beta,0.765524355040686,0.666786105115844,0.864262604965527,3.09342115986788e-50,37315,"Age, years, Male sex, Ever smoking (past/current), Ever alcohol (past/current)",1.6482646482684832e-49
tchol,bmi,beta,0.470282009944868,0.424174774062694,0.516389245827041,2.14665345864368e-83,37315,"Age, years, Male sex, Ever smoking (past/current), Ever alcohol (past/current)",1.7582589491495443e-82
hdl,bmi,beta,-1.00090503768856,-1.04637886676764,-0.955431208609485,1.837957538e-314,37315,"Age, years, Male sex, Ever smoking (past/current), Ever alcohol (past/current)",1.29465728986e-312
ldl,bmi,beta,0.460411104600353,0.376091463385784,0.544730745814921,4.21180484032059e-26,37315,"Age, years, Male sex, Ever smoking (past/current), Ever alcohol (past/current)",1.4716246674215394e-25
nonhdl,bmi,beta,0.792457889240336,0.746276660562333,0.838639117918338,1.2257659152688798e-209,37315,"Age, years, Male sex, Ever smoking (past/current), Ever alcohol (past/current)",3.567890540146277e-208
alt,bmi,beta,1.07227865724976,0.911827214623388,1.23273009987614,3.98731302832934e-38,37315,"Age, years, Male sex, Ever smoking (past/current), Ever alcohol (past/current)",1.7445113646926628e-37
ast,bmi,beta,0.496133499271316,0.366820867026786,0.625446131515846,7.26690763247436e-14,37315,"Age, years, Male sex, Ever smoking (past/current), Ever alcohol (past/current)",1.853298239071303e-13
creatinine,bmi,beta,0.111876137156262,0.0223675499186688,0.201384724393856,0.0143583668201584,37315,"Age, years, Male sex, Ever smoking (past/current), Ever alcohol (past/current)",0.020203822589132194
egfr,bmi,beta,-0.270624452622446,-0.341314972431807,-0.199933932813085,8.43909992863543e-14,37315,"Age, years, Male sex, Ever smoking (past/current), Ever alcohol (past/current)",2.150688129425035e-13
hemoglobin,bmi,beta,0.812925523849016,0.747511337809617,0.878339709888416,2.26658326697961e-119,37315,"Age, years, Male sex, Ever smoking (past/current), Ever alcohol (past/current)",2.471488008143092e-118
platelet,bmi,beta,0.41944186834074,0.369766305242817,0.469117431438663,9.12349386506676e-59,37315,"Age, years, Male sex, Ever smoking (past/current), Ever alcohol (past/current)",5.6274860582776064e-58
wbc,bmi,beta,0.679314615540916,0.616647387867352,0.74198184321448,3.2400458782712903e-93,37315,"Age, years, Male sex, Ever smoking (past/current), Ever alcohol (past/current)",2.9110820365488482e-92
fib4,bmi,beta,-0.41003425353157,-0.53687003799787,-0.28319846906527,2.73361242124873e-10,37315,"Age, years, Male sex, Ever smoking (past/current), Ever alcohol (past/current)",6.183547172535664e-10
vitd,bmi,beta,-0.0362047299060678,-0.113336841808109,0.0409273819959738,0.357768044148702,37315,"Age, years, Male sex, Ever smoking (past/current), Ever alcohol (past/current)",0.4079100839769054
fn_bmd,bmi,beta,1.49349750855029,1.37616034364388,1.61083467345669,1.3815981540736802e-88,37315,"Age, years, Male sex, Ever smoking (past/current), Ever alcohol (past/current)",1.1926442888841914e-87
ls_bmd,bmi,beta,1.0582987668171,0.950296323000911,1.16630121063329,2.3856118667714903e-61,37315,"Age, years, Male sex, Ever smoking (past/current), Ever alcohol (past/current)",1.519371608457358e-60
insulin,bmi,beta,1.60105179968711,1.51719746927123,1.68490613010298,1.17607744046964e-205,37315,"Age, years, Male sex, Ever smoking (past/current), Ever alcohol (past/current)",3.186265188718517e-204
dm,bmi,beta,1.66835654662165,1.5094552482837,1.8272578449596,6.18851374813673e-88,37315,"Age, years, Male sex, Ever smoking (past/current), Ever alcohol (past/current)",5.290278014790671e-87
prediabetes,bmi,beta,1.07602096113712,0.976105579584811,1.17593634268943,4.13694559302159e-92,37315,"Age, years, Male sex, Ever smoking (past/current), Ever alcohol (past/current)",3.6793743380358685e-91
htn,bmi,beta,1.86746091428424,1.75757489506837,1.97734693350011,3.05866747535715e-206,37315,"Age, years, Male sex, Ever smoking (past/current), Ever alcohol (past/current)",8.416114725162408e-205
mets,bmi,beta,3.74645590199721,3.64025662659608,3.85265517739835,0.0,37315,"Age, years, Male sex, Ever smoking (past/current), Ever alcohol (past/current)",0.0
dyslipidemia,bmi,beta,1.92534639138487,1.83296187642329,2.01773090634646,1.8595275347254998e-288,37315,"Age, years, Male sex, Ever smoking (past/current), Ever alcohol (past/current)",1.1489922767198615e-286
low_hdl,bmi,beta,1.56330399547025,1.46265275504665,1.66395523589385,7.63662945802398e-177,37315,"Age, years, Male sex, Ever smoking (past/current), Ever alcohol (past/current)",1.3722555587326764e-175
high_tg,bmi,beta,2.01648547240699,1.91459818446085,2.11837276035314,1.82978397726562e-265,37315,"Age, years, Male sex, Ever smoking (past/current), Ever alcohol (past/current)",9.477204658719872e-264
high_ldl,bmi,beta,1.01681778579786,0.732492963750963,1.30114260784475,3.1557203922073197e-12,37315,"Age, years, Male sex, Ever smoking (past/current), Ever alcohol (past/current)",7.654577976139242e-12
high_nonhdl,bmi,beta,1.5092223095956,1.35033254828527,1.66811207090594,3.68360051903391e-73,37315,"Age, years, Male sex, Ever smoking (past/current), Ever alcohol (past/current)",2.7028418808411317e-72
atherogenic_dyslipidemia,bmi,beta,1.99685268155128,1.86673577879789,2.12696958430467,3.25788205335802e-173,37315,"Age, years, Male sex, Ever smoking (past/current), Ever alcohol (past/current)",5.708587359167635e-172
insulin_resistance,bmi,beta,3.21693332503303,3.0541614545088,3.37970519555727,1.14552434942016e-215,37315,"Age, years, Male sex, Ever smoking (past/current), Ever alcohol (past/current)",3.735682183942411e-214
ckd,bmi,beta,0.81834724092923,0.572181316340886,1.06451316551757,9.593406260164849e-11,37315,"Age, years, Male sex, Ever smoking (past/current), Ever alcohol (past/current)",2.209808819378718e-10
high_alt,bmi,beta,3.09803096999724,2.90604566780454,3.29001627218995,7.56836083922504e-189,37315,"Age, years, Male sex, Ever smoking (past/current), Ever alcohol (past/current)",1.5772643121745912e-187
high_ast,bmi,beta,2.09985511431649,1.81679833348782,2.38291189514517,2.7670179720118303e-46,37315,"Age, years, Male sex, Ever smoking (past/current), Ever alcohol (past/current)",1.386264195935372e-45
adv_fibrosis,bmi,beta,-1.01197377386832,-1.25522562935062,-0.768721918386015,5.25477701323896e-16,37315,"Age, years, Male sex, Ever smoking (past/current), Ever alcohol (past/current)",1.4225460907477032e-15
anemia,bmi,beta,-0.943866309166925,-1.10531169966254,-0.782420918671306,9.206121631014439e-30,37315,"Age, years, Male sex, Ever smoking (past/current), Ever alcohol (past/current)",3.434741566147548e-29
leukocytosis,bmi,beta,1.00226781894062,0.53117239958155,1.4733632382997,3.13608170432225e-05,37315,"Age, years, Male sex, Ever smoking (past/current), Ever alcohol (past/current)",5.5615708774536575e-05
vitd_deficiency,bmi,beta,0.121375922074132,-0.0390373474743343,0.281789191622599,0.138342607790703,37315,"Age, years, Male sex, Ever smoking (past/current), Ever alcohol (past/current)",0.17000790810846336
osteoporosis,bmi,beta,-1.69140302372448,-1.98713015183932,-1.39567589560965,6.04810551257058e-26,37315,"Age, years, Male sex, Ever smoking (past/current), Ever alcohol (past/current)",2.111142479214428e-25
smoking,bmi,beta,0.0082480599985676,-0.126566194772215,0.14306231476935,0.904559109992901,37315,"Age, years, Male sex",0.9186439404253165
alcohol,bmi,beta,-0.208138863027854,-0.347759054134763,-0.0685186719209451,0.0035062646684925,37315,"Age, years, Male sex",0.005288678442154426
current_smoking,bmi,beta,-0.0777699022505106,-0.212697257617971,0.0571574531169493,0.258691265540902,37315,"Age, years, Male sex, Ever alcohol (past/current)",0.3031982153860422
age,wc,beta,2.27715014582917,2.14141809932754,2.4128821923308,9.538528323930359e-202,37240,unadjusted,2.3826026068711153e-200
men,wc,beta,7.30958942451974,7.0572989958936,7.56187985314587,0.0,37240,unadjusted,0.0
sbp,wc,beta,2.59135548330608,2.44593299115752,2.73677797545463,3.01496576681329e-223,37240,"Age, years, Male sex, Ever smoking (past/current), Ever alcohol (past/current)",1.0513573693778622e-221
dbp,wc,beta,2.15172595243033,2.02744034893274,2.27601155592792,1.04010157517282e-212,37240,"Age, years, Male sex, Ever smoking (past/current), Ever alcohol (past/current)",3.185424128485802e-211
glucose,wc,beta,2.15061530759773,1.96834487053254,2.33288574466291,1.06220062114826e-108,37240,"Age, years, Male sex, Ever smoking (past/current), Ever alcohol (past/current)",1.0875205196756314e-107
hba1c,wc,beta,2.09817245249772,1.89746674110671,2.29887816388873,9.63966090928109e-87,37240,"Age, years, Male sex, Ever smoking (past/current), Ever alcohol (past/current)",8.161270606367307e-86
homa_ir,wc,beta,4.73702421323447,4.54619240591222,4.92785602055672,1.27878510811802e-289,37240,"Age, years, Male sex, Ever smoking (past/current), Ever alcohol (past/current)",8.042644912127975e-288
tg,wc,beta,2.19776634768702,1.9159561246712,2.47957657070285,8.80365843223139e-51,37240,"Age, years, Male sex, Ever smoking (past/current), Ever alcohol (past/current)",4.719404109333174e-50
tchol,wc,beta,1.19415178813436,1.07078982596184,1.31751375030687,9.600622870324281e-76,37240,"Age, years, Male sex, Ever smoking (past/current), Ever alcohol (past/current)",7.303108801140846e-75
hdl,wc,beta,-2.71052544455267,-2.83102660005737,-2.59002428904797,0.0,37240,"Age, years, Male sex, Ever smoking (past/current), Ever alcohol (past/current)",0.0
ldl,wc,beta,1.12967925825717,0.902210385623515,1.35714813089082,5.877205843746629e-22,37240,"Age, years, Male sex, Ever smoking (past/current), Ever alcohol (past/current)",1.863143022653072e-21
nonhdl,wc,beta,2.06574297491597,1.94295413956241,2.18853181026952,1.16378221072778e-202,37240,"Age, years, Male sex, Ever smoking (past/current), Ever alcohol (past/current)",2.9488064361030512e-201
alt,wc,beta,2.88199857694825,2.46573394135659,3.29826321253991,1.03960825500073e-40,37240,"Age, years, Male sex, Ever smoking (past/current), Ever alcohol (past/current)",4.755195161185157e-40
ast,wc,beta,1.36419895194312,1.03982047533962,1.68857742854662,2.51950786207563e-16,37240,"Age, years, Male sex, Ever smoking (past/current), Ever alcohol (past/current)",6.87351409003127e-16
creatinine,wc,beta,0.130223803076423,-0.0799901505080802,0.340437756660926,0.224785766006556,37240,"Age, years, Male sex, Ever smoking (past/current), Ever alcohol (past/current)",0.2660267029150169
egfr,wc,beta,-0.359166411427417,-0.55232671635291,-0.166006106501923,0.0002731208113019,37240,"Age, years, Male sex, Ever smoking (past/current), Ever alcohol (past/current)",0.00045386319050258944
hemoglobin,wc,beta,2.13539277966329,1.96068539974794,2.31010015957864,7.7824799261837e-116,37240,"Age, years, Male sex, Ever smoking (past/current), Ever alcohol (past/current)",8.30602857576333e-115
platelet,wc,beta,1.10781693965307,0.975163869096574,1.24047001020956,1.41846221711606e-57,37240,"Age, years, Male sex, Ever smoking (past/current), Ever alcohol (past/current)",8.569166258461e-57
wbc,wc,beta,1.93998463363522,1.77141319833316,2.10855606893729,6.63264427585107e-104,37240,"Age, years, Male sex, Ever smoking (past/current), Ever alcohol (past/current)",6.580330461844359e-103
fib4,wc,beta,-1.05209275284264,-1.38194425613039,-0.722241249554877,4.68416025795466e-10,37240,"Age, years, Male sex, Ever smoking (past/current), Ever alcohol (past/current)",1.0481329370086602e-09
vitd,wc,beta,0.0858683944548938,-0.135991450954454,0.307728239864242,0.448249946728351,37240,"Age, years, Male sex, Ever smoking (past/current), Ever alcohol (past/current)",0.4969941773787698
fn_bmd,wc,beta,3.49785300942923,3.16252495493423,3.83318106392424,3.2231420920412604e-67,37240,"Age, years, Male sex, Ever smoking (past/current), Ever alcohol (past/current)",2.1914877313068182e-66
ls_bmd,wc,beta,2.50876440151354,2.21009293820601,2.80743586482107,1.43470959038042e-48,37240,"Age, years, Male sex, Ever smoking (past/current), Ever alcohol (past/current)",7.441895695610957e-48
insulin,wc,beta,4.37792046132632,4.16753948868484,4.58830143396781,3.1799541906657397e-231,37240,"Age, years, Male sex, Ever smoking (past/current), Ever alcohol (past/current)",1.2173694195135582e-229
hsi,wc,beta,7.35691591962778,7.25044519127111,7.46338664798446,0.0,37240,"Age, years, Male sex, Ever smoking (past/current), Ever alcohol (past/current)",0.0
dm,wc,beta,5.34023206289064,4.93585629807814,5.74460782770314,4.98797055736813e-133,37240,"Age, years, Male sex, Ever smoking (past/current), Ever alcohol (past/current)",6.185786022200901e-132
prediabetes,wc,beta,2.66035082715275,2.38892245356966,2.93177920073584,1.6908921126755098e-77,37240,"Age, years, Male sex, Ever smoking (past/current), Ever alcohol (past/current)",1.311744938511706e-76
htn,wc,beta,4.87616599438993,4.58712914415039,5.16520284462947,1.28520396031076e-203,37240,"Age, years, Male sex, Ever smoking (past/current), Ever alcohol (past/current)",3.3779763792645496e-202
dyslipidemia,wc,beta,5.40373797854958,5.15891624769762,5.64855970940154,1.179280063e-315,37240,"Age, years, Male sex, Ever smoking (past/current), Ever alcohol (past/current)",8.4763762886e-314
low_hdl,wc,beta,4.24153899970831,3.98261689723289,4.50046110218372,1.0784301054187e-193,37240,"Age, years, Male sex, Ever smoking (past/current), Ever alcohol (past/current)",2.4039435641042163e-192
high_tg,wc,beta,5.75625682721803,5.48990073762797,6.0226129168081,2.26082800881696e-305,37240,"Age, years, Male sex, Ever smoking (past/current), Ever alcohol (past/current)",1.5312762013564104e-303
high_ldl,wc,beta,2.55099111839392,1.81654084310098,3.28544139368686,1.27057039196959e-11,37240,"Age, years, Male sex, Ever smoking (past/current), Ever alcohol (past/current)",3.015464232154242e-11
high_nonhdl,wc,beta,4.16559311712749,3.74258623098351,4.58860000327147,3.5816494661461996e-78,37240,"Age, years, Male sex, Ever smoking (past/current), Ever alcohol (past/current)",2.797022044294216e-77
atherogenic_dyslipidemia,wc,beta,5.55518833367334,5.22314965410963,5.88722701323706,9.15185472156492e-201,37240,"Age, years, Male sex, Ever smoking (past/current), Ever alcohol (past/current)",2.2540442188357795e-199
insulin_resistance,wc,beta,8.82522279459176,8.40138025871529,9.24906533046823,2.07927047301368e-231,37240,"Age, years, Male sex, Ever smoking (past/current), Ever alcohol (past/current)",8.047462204345253e-230
ckd,wc,beta,2.53926426047439,1.90008617297903,3.17844234796975,1.21492236941186e-14,37240,"Age, years, Male sex, Ever smoking (past/current), Ever alcohol (past/current)",3.164908716766694e-14
high_alt,wc,beta,8.38112802687226,7.90924196982465,8.85301408391987,5.05699553751399e-222,37240,"Age, years, Male sex, Ever smoking (past/current), Ever alcohol (past/current)",1.729197891565463e-220
high_ast,wc,beta,5.79588306704546,5.09630057293558,6.49546556115534,8.25425912103827e-57,37240,"Age, years, Male sex, Ever smoking (past/current), Ever alcohol (past/current)",4.944132759234147e-56
adv_fibrosis,wc,beta,-2.27990935096443,-2.98304774130643,-1.57677096062243,2.42190052506769e-10,37240,"Age, years, Male sex, Ever smoking (past/current), Ever alcohol (past/current)",5.496091268871394e-10
anemia,wc,beta,-2.40853178079091,-2.82973352138407,-1.98733004019775,1.43925799729802e-28,37240,"Age, years, Male sex, Ever smoking (past/current), Ever alcohol (past/current)",5.258367911290069e-28
leukocytosis,wc,beta,3.2778360205643,2.10528449931133,4.45038754181726,4.64226540872918e-08,37240,"Age, years, Male sex, Ever smoking (past/current), Ever alcohol (past/current)",9.550267972864587e-08
vitd_deficiency,wc,beta,0.0468622895779895,-0.414956963780844,0.508681542936823,0.842385977364123,37240,"Age, years, Male sex, Ever smoking (past/current), Ever alcohol (past/current)",0.8670027505191237
osteoporosis,wc,beta,-4.32978741267916,-5.20053328274895,-3.45904154260937,1.60658031184918e-20,37240,"Age, years, Male sex, Ever smoking (past/current), Ever alcohol (past/current)",4.886334938111237e-20
smoking,wc,beta,0.407137704283317,0.0517204286800675,0.762554979886566,0.0248293434248887,37240,"Age, years, Male sex",0.034000368406865475
alcohol,wc,beta,-0.316984676819575,-0.697789290554297,0.0638199369151473,0.102889806377102,37240,"Age, years, Male sex",0.1285028007305508
current_smoking,wc,beta,0.0735336325210648,-0.283528855118029,0.430596120160159,0.686504832936866,37240,"Age, years, Male sex, Ever alcohol (past/current)",0.7260870935746674
age,height,beta,-3.90119769595722,-4.00755007483063,-3.79484531708382,0.0,37336,unadjusted,0.0
men,height,beta,13.6643876140728,13.5059397642052,13.8228354639404,0.0,37336,unadjusted,0.0
sbp,height,beta,-0.302392720264867,-0.385283349036978,-0.219502091492756,1.09213121722486e-12,37336,"Age, years, Male sex, Ever smoking (past/current), Ever alcohol (past/current), Body mass index, kg/m2",2.6917327831112364e-12
dbp,height,beta,0.142035090609042,0.0660817257351582,0.217988455482926,0.0002515268756523,37336,"Age, years, Male sex, Ever smoking (past/current), Ever alcohol (past/current), Body mass index, kg/m2",0.00041964834488270985
glucose,height,beta,0.132046980770332,0.0524343456420318,0.211659615898633,0.0011636204782676,37336,"Age, years, Male sex, Ever smoking (past/current), Ever alcohol (past/current), Body mass index, kg/m2",0.001836143066513659
hba1c,height,beta,-0.119462040002445,-0.206287052248146,-0.0326370277567444,0.0070459846501059,37336,"Age, years, Male sex, Ever smoking (past/current), Ever alcohol (past/current), Body mass index, kg/m2",0.010318485628970052
homa_ir,height,beta,0.149290201781392,0.0180440908066866,0.280536312756097,0.0259618654603768,37336,"Age, years, Male sex, Ever smoking (past/current), Ever alcohol (past/current), Body mass index, kg/m2",0.035413512839445035
tg,height,beta,-0.0105085876273457,-0.0879909703250003,0.066973795070309,0.790392148002918,37336,"Age, years, Male sex, Ever smoking (past/current), Ever alcohol (past/current), Body mass index, kg/m2",0.8223814313932872
tchol,height,beta,-0.0088186505429735,-0.082877153859056,0.0652398527731089,0.815474648714942,37336,"Age, years, Male sex, Ever smoking (past/current), Ever alcohol (past/current), Body mass index, kg/m2",0.8434953635166008
hdl,height,beta,0.128772978661965,0.0510142058656926,0.206531751458238,0.0011842571224602,37336,"Age, years, Male sex, Ever smoking (past/current), Ever alcohol (past/current), Body mass index, kg/m2",0.0018670338340666178
ldl,height,beta,0.0191887185077646,-0.0957452444719182,0.134122681487447,0.743524277579999,37336,"Age, years, Male sex, Ever smoking (past/current), Ever alcohol (past/current), Body mass index, kg/m2",0.7782147119277136
nonhdl,height,beta,-0.0496245112558807,-0.124435843338509,0.0251868208267472,0.19366181670706,37336,"Age, years, Male sex, Ever smoking (past/current), Ever alcohol (past/current), Body mass index, kg/m2",0.23176245954545202
alt,height,beta,0.0142144952285678,-0.0633915496394475,0.091820540096583,0.719622806085269,37336,"Age, years, Male sex, Ever smoking (past/current), Ever alcohol (past/current), Body mass index, kg/m2",0.7567965132971983
ast,height,beta,-0.0472220314276743,-0.126165685131981,0.0317216222766323,0.241124619086144,37336,"Age, years, Male sex, Ever smoking (past/current), Ever alcohol (past/current), Body mass index, kg/m2",0.2839320991044464
creatinine,height,beta,0.209505433722039,-0.0028002131103191,0.421811080554398,0.0532014555297852,37336,"Age, years, Male sex, Ever smoking (past/current), Ever alcohol (past/current), Body mass index, kg/m2",0.06929568283132524
egfr,height,beta,-0.538274969879263,-0.648662003938723,-0.427887935819804,2.6543017919029902e-21,37336,"Age, years, Male sex, Ever smoking (past/current), Ever alcohol (past/current), Body mass index, kg/m2",8.236520626504258e-21
hemoglobin,height,beta,0.128091531786285,0.0217326767499115,0.234450386822658,0.0183165867429578,37336,"Age, years, Male sex, Ever smoking (past/current), Ever alcohol (past/current), Body mass index, kg/m2",0.025438098781032082
platelet,height,beta,-0.39675423706588,-0.472713526397337,-0.320794947734423,3.57002681639604e-24,37336,"Age, years, Male sex, Ever smoking (past/current), Ever alcohol (past/current), Body mass index, kg/m2",1.1884342577832563e-23
wbc,height,beta,-0.463005754610026,-0.541504220454611,-0.384507288765441,2.97980486169278e-30,37336,"Age, years, Male sex, Ever smoking (past/current), Ever alcohol (past/current), Body mass index, kg/m2",1.1272688209325425e-29
fib4,height,beta,0.0095402608956737,-0.0765284580370888,0.0956089798284363,0.828024989728431,37336,"Age, years, Male sex, Ever smoking (past/current), Ever alcohol (past/current), Body mass index, kg/m2",0.8546821904889044
vitd,height,beta,-0.0411622255148322,-0.177002167510426,0.0946777164807621,0.552683309058668,37336,"Age, years, Male sex, Ever smoking (past/current), Ever alcohol (past/current), Body mass index, kg/m2",0.5996767142651351
fn_bmd,height,beta,1.5540868127409,1.30549840200627,1.80267522347553,3.34959632038616e-30,37336,"Age, years, Male sex, Ever smoking (past/current), Ever alcohol (past/current), Body mass index, kg/m2",1.2603929744017154e-29
ls_bmd,height,beta,1.26872870516641,1.07898015678736,1.45847725354545,9.88541661574559e-34,37336,"Age, years, Male sex, Ever smoking (past/current), Ever alcohol (past/current), Body mass index, kg/m2",4.011110290398153e-33
insulin,height,beta,0.0209120652503981,-0.104807175231825,0.146631305732621,0.744460389274783,37336,"Age, years, Male sex, Ever smoking (past/current), Ever alcohol (past/current), Body mass index, kg/m2",0.7789630098115823
dm,height,beta,-0.188848396957582,-0.407578296266807,0.0298815023516432,0.0907083776999613,37336,"Age, years, Male sex, Ever smoking (past/current), Ever alcohol (past/current), Body mass index, kg/m2",0.11417973776242449
prediabetes,height,beta,0.469445443371866,0.309254436250087,0.629636450493645,1.02167124698691e-08,37336,"Age, years, Male sex, Ever smoking (past/current), Ever alcohol (past/current), Body mass index, kg/m2",2.1624556081057073e-08
htn,height,beta,-0.567308495679233,-0.742338222768785,-0.392278768589681,2.44755779557532e-10,37336,"Age, years, Male sex, Ever smoking (past/current), Ever alcohol (past/current), Body mass index, kg/m2",5.550739572450919e-10
mets,height,beta,0.489667379981971,0.294297536615535,0.685037223348407,9.49508705605851e-07,37336,"Age, years, Male sex, Ever smoking (past/current), Ever alcohol (past/current), Body mass index, kg/m2",1.8364468210564565e-06
dyslipidemia,height,beta,-0.178002812791267,-0.335266366872724,-0.0207392587098088,0.0265996536850189,37336,"Age, years, Male sex, Ever smoking (past/current), Ever alcohol (past/current), Body mass index, kg/m2",0.03619937414166792
low_hdl,height,beta,-0.271857691277024,-0.432925387353149,-0.110789995200898,0.0009505251643949,37336,"Age, years, Male sex, Ever smoking (past/current), Ever alcohol (past/current), Body mass index, kg/m2",0.001512082036584841
high_tg,height,beta,-0.0515587601066123,-0.225276856361087,0.122159336147862,0.560801059673186,37336,"Age, years, Male sex, Ever smoking (past/current), Ever alcohol (past/current), Body mass index, kg/m2",0.6073620332622882
high_ldl,height,beta,-0.170123888274843,-0.553384479888406,0.21313670333872,0.384385166712202,37336,"Age, years, Male sex, Ever smoking (past/current), Ever alcohol (past/current), Body mass index, kg/m2",0.43628893237524186
high_nonhdl,height,beta,-0.184769562530476,-0.443710927083147,0.0741718020221953,0.162048248965824,37336,"Age, years, Male sex, Ever smoking (past/current), Ever alcohol (past/current), Body mass index, kg/m2",0.19680480443366624
atherogenic_dyslipidemia,height,beta,-0.0144286004344906,-0.220520681601547,0.191663480732566,0.890866055659987,37336,"Age, years, Male sex, Ever smoking (past/current), Ever alcohol (past/current), Body mass index, kg/m2",0.9084048199289155
insulin_resistance,height,beta,0.502627170805778,0.232367913954925,0.77288642765663,0.0002782671531116,37336,"Age, years, Male sex, Ever smoking (past/current), Ever alcohol (past/current), Body mass index, kg/m2",0.00046163773587331854
ckd,height,beta,-0.466487188304693,-0.798058602956504,-0.134915773652881,0.0058887556306601,37336,"Age, years, Male sex, Ever smoking (past/current), Ever alcohol (past/current), Body mass index, kg/m2",0.00871070866492435
high_alt,height,beta,0.0818478169218482,-0.190567513629394,0.35426314747309,0.555983332723523,37336,"Age, years, Male sex, Ever smoking (past/current), Ever alcohol (past/current), Body mass index, kg/m2",0.6028858675653472
high_ast,height,beta,-0.13854868463132,-0.498995223092837,0.221897853830196,0.451279179793258,37336,"Age, years, Male sex, Ever smoking (past/current), Ever alcohol (past/current), Body mass index, kg/m2",0.49965585389244094
adv_fibrosis,height,beta,-0.279786958942593,-0.688995931362247,0.129422013477061,0.180320421789066,37336,"Age, years, Male sex, Ever smoking (past/current), Ever alcohol (past/current), Body mass index, kg/m2",0.21742161093498474
anemia,height,beta,-0.22230600069035,-0.470098266676965,0.0254862652962652,0.078783860785185,37336,"Age, years, Male sex, Ever smoking (past/current), Ever alcohol (past/current), Body mass index, kg/m2",0.10035325775241286
leukocytosis,height,beta,-1.23792303839742,-1.89262226479361,-0.583223812001233,0.0002144830765654,37336,"Age, years, Male sex, Ever smoking (past/current), Ever alcohol (past/current), Body mass index, kg/m2",0.00035920560896972835
vitd_deficiency,height,beta,0.112252787332483,-0.178377744930469,0.402883319595435,0.449188672530833,37336,"Age, years, Male sex, Ever smoking (past/current), Ever alcohol (past/current), Body mass index, kg/m2",0.49781073148319505
osteoporosis,height,beta,-2.21935387894502,-2.77372988580275,-1.66497787208729,3.04580164863983e-14,37336,"Age, years, Male sex, Ever smoking (past/current), Ever alcohol (past/current), Body mass index, kg/m2",7.864599271634518e-14
smoking,height,beta,0.493887856954668,0.287809385397891,0.699966328511444,2.75848790396719e-06,37336,"Age, years, Male sex",5.189847434707501e-06
alcohol,height,beta,1.30257046988244,1.06166433523665,1.54347660452822,8.99575852423562e-26,37336,"Age, years, Male sex",3.124562280311425e-25
current_smoking,height,beta,-0.211163298946859,-0.412462912750718,-0.0098636851429995,0.0398680978965368,37336,"Age, years, Male sex, Ever alcohol (past/current), Body mass index, kg/m2",0.05312729504033394
age,weight,beta,-2.45335835754149,-2.62229975214545,-2.28441696293752,2.29693538635394e-157,37480,unadjusted,3.548160715236218e-156
men,weight,beta,14.1009194131622,13.8192354525936,14.3826033737308,0.0,37480,unadjusted,0.0
sbp,weight,beta,-0.192060646762823,-0.260972403323277,-0.123148890202368,5.0896904033242e-08,37480,"Age, years, Male sex, Ever smoking (past/current), Ever alcohol (past/current), Body mass index, kg/m2",1.0464617396677077e-07
dbp,weight,beta,0.144017986108203,0.0794764553245269,0.208559516891878,1.26561881819655e-05,37480,"Age, years, Male sex, Ever smoking (past/current), Ever alcohol (past/current), Body mass index, kg/m2",2.283560183241931e-05
glucose,weight,beta,0.0882991817922136,0.0173716679760918,0.159226695608336,0.0147450009961116,37480,"Age, years, Male sex, Ever smoking (past/current), Ever alcohol (past/current), Body mass index, kg/m2",0.020689997413667355
hba1c,weight,beta,-0.12628506647918,-0.203463212052653,-0.0491069209057063,0.0013566405843897,37480,"Age, years, Male sex, Ever smoking (past/current), Ever alcohol (past/current), Body mass index, kg/m2",0.0021245389676391832
homa_ir,weight,beta,0.147173247017634,0.0340122731359339,0.260334220899335,0.0109197702435774,37480,"Age, years, Male sex, Ever smoking (past/current), Ever alcohol (past/current), Body mass index, kg/m2",0.015589554437729877
tg,weight,beta,0.0476634787938298,-0.0222354952150012,0.117562452802661,0.1814888738725,37480,"Age, years, Male sex, Ever smoking (past/current), Ever alcohol (past/current), Body mass index, kg/m2",0.21860595546475547
tchol,weight,beta,0.0412767413633926,-0.021658555614224,0.104212038341009,0.198725493485142,37480,"Age, years, Male sex, Ever smoking (past/current), Ever alcohol (past/current), Body mass index, kg/m2",0.2373384835722856
hdl,weight,beta,0.080434563170859,0.0182321319152413,0.142636994426477,0.0113132276148073,37480,"Age, years, Male sex, Ever smoking (past/current), Ever alcohol (past/current), Body mass index, kg/m2",0.016125126531505992
ldl,weight,beta,0.0185679956629103,-0.0825258924494977,0.119661883775318,0.718885069874281,37480,"Age, years, Male sex, Ever smoking (past/current), Ever alcohol (past/current), Body mass index, kg/m2",0.7562464803157759
nonhdl,weight,beta,0.017238050347902,-0.0465250904149259,0.0810011911107299,0.596238315581337,37480,"Age, years, Male sex, Ever smoking (past/current), Ever alcohol (past/current), Body mass index, kg/m2",0.6415667816098028
alt,weight,beta,0.158011059282628,0.0823945025117713,0.233627616053485,4.32455717574998e-05,37480,"Age, years, Male sex, Ever smoking (past/current), Ever alcohol (past/current), Body mass index, kg/m2",7.585204369019636e-05
ast,weight,beta,0.0261711458047075,-0.0372658769798087,0.0896081685892237,0.418809266569944,37480,"Age, years, Male sex, Ever smoking (past/current), Ever alcohol (past/current), Body mass index, kg/m2",0.4691622890773991
creatinine,weight,beta,0.166186974546955,-0.00520627273391,0.337580221827819,0.0574810966220086,37480,"Age, years, Male sex, Ever smoking (past/current), Ever alcohol (past/current), Body mass index, kg/m2",0.07448433491637758
egfr,weight,beta,-0.430743338220547,-0.526298730519586,-0.335187945921507,1.7827935204580298e-18,37480,"Age, years, Male sex, Ever smoking (past/current), Ever alcohol (past/current), Body mass index, kg/m2",5.180692061925066e-18
hemoglobin,weight,beta,0.104099255073666,0.0148909476444339,0.193307562502899,0.0222577603665623,37480,"Age, years, Male sex, Ever smoking (past/current), Ever alcohol (past/current), Body mass index, kg/m2",0.030669730833737252
platelet,weight,beta,-0.328804815954409,-0.393161152932722,-0.264448478976097,3.2404480343321604e-23,37480,"Age, years, Male sex, Ever smoking (past/current), Ever alcohol (past/current), Body mass index, kg/m2",1.0547927889942578e-22
wbc,weight,beta,-0.37599145812796,-0.441720997979051,-0.310261918276869,1.37381728320689e-28,37480,"Age, years, Male sex, Ever smoking (past/current), Ever alcohol (past/current), Body mass index, kg/m2",5.029713587790713e-28
fib4,weight,beta,0.0352641189222583,-0.0400127948062087,0.110541032650725,0.358604329995432,37480,"Age, years, Male sex, Ever smoking (past/current), Ever alcohol (past/current), Body mass index, kg/m2",0.4083428549123542
vitd,weight,beta,-0.0195087048884803,-0.130869375525727,0.091851965748766,0.731388859120332,37480,"Age, years, Male sex, Ever smoking (past/current), Ever alcohol (past/current), Body mass index, kg/m2",0.7675660196131732
fn_bmd,weight,beta,1.24886598559133,1.04860684663328,1.44912512454939,4.44486269141341e-30,37480,"Age, years, Male sex, Ever smoking (past/current), Ever alcohol (past/current), Body mass index, kg/m2",1.667178530261771e-29
ls_bmd,weight,beta,0.946301236415332,0.786717990428621,1.10588448240204,1.14819410771104e-27,37480,"Age, years, Male sex, Ever smoking (past/current), Ever alcohol (past/current), Body mass index, kg/m2",4.126469027916615e-27
insulin,weight,beta,0.0495095071569233,-0.058444895969229,0.157463910283075,0.368888654339182,37480,"Age, years, Male sex, Ever smoking (past/current), Ever alcohol (past/current), Body mass index, kg/m2",0.4195110883379396
dm,weight,beta,-0.241391683500339,-0.434095483691501,-0.0486878833091767,0.0141387653265422,37480,"Age, years, Male sex, Ever smoking (past/current), Ever alcohol (past/current), Body mass index, kg/m2",0.019918692592032654
prediabetes,weight,beta,0.433214517070264,0.29593927229974,0.570489761840789,7.06776282704096e-10,37480,"Age, years, Male sex, Ever smoking (past/current), Ever alcohol (past/current), Body mass index, kg/m2",1.575484852964447e-09
htn,weight,beta,-0.455089257892637,-0.607471181573484,-0.302707334211791,5.35218751784481e-09,37480,"Age, years, Male sex, Ever smoking (past/current), Ever alcohol (past/current), Body mass index, kg/m2",1.149414904746916e-08
mets,weight,beta,0.42632908333457,0.252759839123633,0.599898327545506,1.55364030763574e-06,37480,"Age, years, Male sex, Ever smoking (past/current), Ever alcohol (past/current), Body mass index, kg/m2",2.9706412396813658e-06
dyslipidemia,weight,beta,-0.0813581312972351,-0.213078280519349,0.0503620179248783,0.226143131222146,37480,"Age, years, Male sex, Ever smoking (past/current), Ever alcohol (past/current), Body mass index, kg/m2",0.26745336069993225
low_hdl,weight,beta,-0.209233187468047,-0.346943085738572,-0.0715232891975225,0.0029256452398343,37480,"Age, years, Male sex, Ever smoking (past/current), Ever alcohol (past/current), Body mass index, kg/m2",0.004437606604089752
high_tg,weight,beta,0.0614329542048021,-0.0914852849204031,0.214351193330007,0.431109263649817,37480,"Age, years, Male sex, Ever smoking (past/current), Ever alcohol (past/current), Body mass index, kg/m2",0.4806479349714009
high_ldl,weight,beta,-0.111531897911468,-0.453841013313329,0.230777217490392,0.52314119399266,37480,"Age, years, Male sex, Ever smoking (past/current), Ever alcohol (past/current), Body mass index, kg/m2",0.5700814620179916
high_nonhdl,weight,beta,-0.0219361886435411,-0.253562396943852,0.20969001965677,0.852754170872782,37480,"Age, years, Male sex, Ever smoking (past/current), Ever alcohol (past/current), Body mass index, kg/m2",0.8751166054236418
atherogenic_dyslipidemia,weight,beta,0.0501672978987986,-0.135552157450444,0.235886753248042,0.596538627759173,37480,"Age, years, Male sex, Ever smoking (past/current), Ever alcohol (past/current), Body mass index, kg/m2",0.6415667816098028
insulin_resistance,weight,beta,0.435225122639016,0.20151396220986,0.668936283068172,0.0002731941975768,37480,"Age, years, Male sex, Ever smoking (past/current), Ever alcohol (past/current), Body mass index, kg/m2",0.00045386319050258944
ckd,weight,beta,-0.367957494895272,-0.6550957910776,-0.0808191987129449,0.0121115495413859,37480,"Age, years, Male sex, Ever smoking (past/current), Ever alcohol (past/current), Body mass index, kg/m2",0.017228141148934225
high_alt,weight,beta,0.560223575904603,0.301607579117112,0.818839572692095,2.24646221918389e-05,37480,"Age, years, Male sex, Ever smoking (past/current), Ever alcohol (past/current), Body mass index, kg/m2",4.018303674944469e-05
high_ast,weight,beta,0.158838267559612,-0.179716439163699,0.497392974282924,0.357876819843452,37480,"Age, years, Male sex, Ever smoking (past/current), Ever alcohol (past/current), Body mass index, kg/m2",0.4079100839769054
adv_fibrosis,weight,beta,-0.0895769866838725,-0.424290440537642,0.245136467169897,0.599943923264662,37480,"Age, years, Male sex, Ever smoking (past/current), Ever alcohol (past/current), Body mass index, kg/m2",0.6442080785787011
anemia,weight,beta,-0.0484151600598184,-0.24425481539153,0.147424495271893,0.628033662900142,37480,"Age, years, Male sex, Ever smoking (past/current), Ever alcohol (past/current), Body mass index, kg/m2",0.6702832002225151
leukocytosis,weight,beta,-1.04685365541601,-1.59606061654524,-0.497646694286787,0.0001905855982047,37480,"Age, years, Male sex, Ever smoking (past/current), Ever alcohol (past/current), Body mass index, kg/m2",0.0003202492733191571
vitd_deficiency,weight,beta,0.0768897066357219,-0.163245666462115,0.317025079733559,0.530405044068528,37480,"Age, years, Male sex, Ever smoking (past/current), Ever alcohol (past/current), Body mass index, kg/m2",0.5774610711620882
osteoporosis,weight,beta,-1.50440967420695,-1.93172617668552,-1.07709317172838,1.7340250922093e-11,37480,"Age, years, Male sex, Ever smoking (past/current), Ever alcohol (past/current), Body mass index, kg/m2",4.1015690898328773e-11
smoking,weight,beta,0.380478534627429,-0.048670587653308,0.809627656908166,0.082367658551833,37480,"Age, years, Male sex",0.10436704024516474
alcohol,weight,beta,0.367091753756579,-0.037185134203129,0.771368641716287,0.0752264898471189,37480,"Age, years, Male sex",0.0959607740824168
current_smoking,weight,beta,-0.184871421017831,-0.358665208208137,-0.0110776338275252,0.0371629895870995,37480,"Age, years, Male sex, Ever alcohol (past/current), Body mass index, kg/m2",0.049691742340836925
age,whtr,beta,0.0263431922272295,0.0255673839093289,0.0271190005451301,0.0,37073,unadjusted,0.0
men,whtr,beta,0.0020944506321951,0.0004852685587766,0.0037036327056135,0.0107905909517204,37073,unadjusted,0.015423888527580865
sbp,whtr,beta,0.0018496307973194,0.0014639137100208,0.002235347884618,1.0864162878084201e-20,37073,"Age, years, Male sex, Ever smoking (past/current), Ever alcohol (past/current), Body mass index, kg/m2",3.333064604234543e-20
dbp,whtr,beta,-0.0003680144468311,-0.0007345025468921,-1.52634677007377e-06,0.0491448420783987,37073,"Age, years, Male sex, Ever smoking (past/current), Ever alcohol (past/current), Body mass index, kg/m2",0.06429722652307586
glucose,whtr,beta,0.0022711074241138,0.0018915488393622,0.0026506660088654,4.60070851613161e-31,37073,"Age, years, Male sex, Ever smoking (past/current), Ever alcohol (past/current), Body mass index, kg/m2",1.767033303578575e-30
hba1c,whtr,beta,0.0030377787832517,0.0025986531970681,0.0034769043694353,1.5235673032619599e-40,37073,"Age, years, Male sex, Ever smoking (past/current), Ever alcohol (past/current), Body mass index, kg/m2",6.95078243793863e-40
homa_ir,whtr,beta,0.0042143907953541,0.0036674149753895,0.0047613666153188,2.02827828109413e-47,37073,"Age, years, Male sex, Ever smoking (past/current), Ever alcohol (past/current), Body mass index, kg/m2",1.0293366146993553e-46
tg,whtr,beta,0.0022699793516225,0.0018114616437496,0.0027284970594953,6.28442038631803e-22,37073,"Age, years, Male sex, Ever smoking (past/current), Ever alcohol (past/current), Body mass index, kg/m2",1.9904432194795055e-21
tchol,whtr,beta,0.0004582063504509,0.0001002281833728,0.0008161845175289,0.0121696664603379,37073,"Age, years, Male sex, Ever smoking (past/current), Ever alcohol (past/current), Body mass index, kg/m2",0.01728986094123037
hdl,whtr,beta,-0.0024907655756119,-0.002865765122566,-0.0021157660286577,1.08389646114725e-37,37073,"Age, years, Male sex, Ever smoking (past/current), Ever alcohol (past/current), Body mass index, kg/m2",4.707131117337379e-37
ldl,whtr,beta,0.0002430204673197,-0.0003737912664632,0.0008598322011027,0.440060660007919,37073,"Age, years, Male sex, Ever smoking (past/current), Ever alcohol (past/current), Body mass index, kg/m2",0.4890797237449955
nonhdl,whtr,beta,0.0012552532124599,0.0008987694720934,0.0016117369528265,6.29726720399751e-12,37073,"Age, years, Male sex, Ever smoking (past/current), Ever alcohol (past/current), Body mass index, kg/m2",1.5057009567195675e-11
alt,whtr,beta,0.0017422822753911,0.0013322067183095,0.0021523578324726,1.2595395049411899e-16,37073,"Age, years, Male sex, Ever smoking (past/current), Ever alcohol (past/current), Body mass index, kg/m2",3.4602949581925667e-16
ast,whtr,beta,0.0011066738248812,0.0007370810293222,0.0014762666204402,4.888003203449221e-09,37073,"Age, years, Male sex, Ever smoking (past/current), Ever alcohol (past/current), Body mass index, kg/m2",1.0522950661704251e-08
creatinine,whtr,beta,-0.0014233066448483,-0.0021952508697569,-0.0006513624199397,0.0003073425843993,37073,"Age, years, Male sex, Ever smoking (past/current), Ever alcohol (past/current), Body mass index, kg/m2",0.000507007298479782
egfr,whtr,beta,0.0032208894848648,0.002699316834919,0.0037424621348107,7.38822138691628e-33,37073,"Age, years, Male sex, Ever smoking (past/current), Ever alcohol (past/current), Body mass index, kg/m2",2.936943084054079e-32
hemoglobin,whtr,beta,0.0010371117309517,0.0005562617853772,0.0015179616765263,2.43758957683471e-05,37073,"Age, years, Male sex, Ever smoking (past/current), Ever alcohol (past/current), Body mass index, kg/m2",4.346931893474354e-05
platelet,whtr,beta,0.0019551936841402,0.0016047785102809,0.0023056088579994,2.74874293796743e-27,37073,"Age, years, Male sex, Ever smoking (past/current), Ever alcohol (past/current), Body mass index, kg/m2",9.838488442602934e-27
wbc,whtr,beta,0.0034905404946965,0.0030965089891,0.003884572000293,2.6146591120369997e-64,37073,"Age, years, Male sex, Ever smoking (past/current), Ever alcohol (past/current), Body mass index, kg/m2",1.7212765219802453e-63
fib4,whtr,beta,-0.0006562669706962,-0.0011443164465143,-0.0001682174948782,0.00844636438681,37073,"Age, years, Male sex, Ever smoking (past/current), Ever alcohol (past/current), Body mass index, kg/m2",0.012216876948806908
vitd,whtr,beta,0.0011314672350298,0.0004258539797,0.0018370804903597,0.0017157263484238,37073,"Age, years, Male sex, Ever smoking (past/current), Ever alcohol (past/current), Body mass index, kg/m2",0.0026631944465176833
fn_bmd,whtr,beta,-0.0055763511897487,-0.0065905859250656,-0.0045621164544318,2.2065656555587002e-24,37073,"Age, years, Male sex, Ever smoking (past/current), Ever alcohol (past/current), Body mass index, kg/m2",7.422659253942448e-24
ls_bmd,whtr,beta,-0.004498143959571,-0.0055202112062916,-0.0034760767128503,9.48524861616743e-17,37073,"Age, years, Male sex, Ever smoking (past/current), Ever alcohol (past/current), Body mass index, kg/m2",2.609925439542319e-16
insulin,whtr,beta,0.0038750175499888,0.0033374882046226,0.004412546895355,3.9117199291375897e-42,37073,"Age, years, Male sex, Ever smoking (past/current), Ever alcohol (past/current), Body mass index, kg/m2",1.83205819021577e-41
hsi,whtr,beta,0.0054252987775886,0.0047493311955452,0.006101266359632,1.4621415255142002e-53,37073,"Age, years, Male sex, Ever smoking (past/current), Ever alcohol (past/current), Body mass index, kg/m2",8.3059071820338915e-53
dm,whtr,beta,0.0093128229036072,0.0082565150135798,0.0103691307936347,9.59669411918451e-64,37073,"Age, years, Male sex, Ever smoking (past/current), Ever alcohol (past/current), Body mass index, kg/m2",6.236080569698864e-63
prediabetes,whtr,beta,-0.0013649673239832,-0.0021077243154018,-0.0006222103325646,0.0003212272698608,37073,"Age, years, Male sex, Ever smoking (past/current), Ever alcohol (past/current), Body mass index, kg/m2",0.0005291685895461823
htn,whtr,beta,0.0047656037577631,0.0039561629276413,0.0055750445878849,3.78223238395799e-30,37073,"Age, years, Male sex, Ever smoking (past/current), Ever alcohol (past/current), Body mass index, kg/m2",1.4201516477931812e-29
dyslipidemia,whtr,beta,0.0056140586768339,0.0049131516865344,0.0063149656671333,2.32420633278623e-53,37073,"Age, years, Male sex, Ever smoking (past/current), Ever alcohol (past/current), Body mass index, kg/m2",1.311835689755305e-52
low_hdl,whtr,beta,0.0040978877129088,0.0033504493969839,0.0048453260288337,1.9465851040242198e-26,37073,"Age, years, Male sex, Ever smoking (past/current), Ever alcohol (past/current), Body mass index, kg/m2",6.835366636463911e-26
high_tg,whtr,beta,0.0061591969781238,0.0053989775150707,0.0069194164411769,1.6654835991290102e-54,37073,"Age, years, Male sex, Ever smoking (past/current), Ever alcohol (past/current), Body mass index, kg/m2",9.663646188026976e-54
high_ldl,whtr,beta,0.0017152471075181,-0.00014409018293,0.0035745843979663,0.0707245815577173,37073,"Age, years, Male sex, Ever smoking (past/current), Ever alcohol (past/current), Body mass index, kg/m2",0.09054597464423131
high_nonhdl,whtr,beta,0.0040472230035422,0.0028520064308462,0.0052424395762382,3.81114851086706e-11,37073,"Age, years, Male sex, Ever smoking (past/current), Ever alcohol (past/current), Body mass index, kg/m2",8.907010653798132e-11
atherogenic_dyslipidemia,whtr,beta,0.0050760631491707,0.004112288738019,0.0060398375603225,1.47400177402984e-24,37073,"Age, years, Male sex, Ever smoking (past/current), Ever alcohol (past/current), Body mass index, kg/m2",4.982182579782243e-24
insulin_resistance,whtr,beta,0.00630368506797,0.00516225418436,0.0074451159515801,3.75877304639196e-26,37073,"Age, years, Male sex, Ever smoking (past/current), Ever alcohol (past/current), Body mass index, kg/m2",1.3146374051035237e-25
ckd,whtr,beta,0.0055684660449608,0.0039383785705107,0.0071985535194108,2.94808449894546e-11,37073,"Age, years, Male sex, Ever smoking (past/current), Ever alcohol (past/current), Body mass index, kg/m2",6.926720217001941e-11
high_alt,whtr,beta,0.0049821480584314,0.0038409549690532,0.0061233411478096,1.85411805446323e-17,37073,"Age, years, Male sex, Ever smoking (past/current), Ever alcohol (past/current), Body mass index, kg/m2",5.228345706821054e-17
high_ast,whtr,beta,0.0043097617456435,0.0026908193084776,0.0059287041828094,1.93999474203236e-07,37073,"Age, years, Male sex, Ever smoking (past/current), Ever alcohol (past/current), Body mass index, kg/m2",3.8844010696065783e-07
adv_fibrosis,whtr,beta,0.0013362982798889,-0.0006190116599373,0.0032916082197151,0.180515857329606,37073,"Age, years, Male sex, Ever smoking (past/current), Ever alcohol (past/current), Body mass index, kg/m2",0.2175827684855826
anemia,whtr,beta,-0.0007195094365959,-0.0019553800004891,0.0005163611272971,0.253927467738844,37073,"Age, years, Male sex, Ever smoking (past/current), Ever alcohol (past/current), Body mass index, kg/m2",0.29801150995541775
leukocytosis,whtr,beta,0.0094553669946236,0.0062810298285925,0.0126297041606546,5.863447332160831e-09,37073,"Age, years, Male sex, Ever smoking (past/current), Ever alcohol (past/current), Body mass index, kg/m2",1.2553836780468357e-08
vitd_deficiency,whtr,beta,-0.0016921481921238,-0.0031491403466442,-0.0002351560376034,0.0230094336524798,37073,"Age, years, Male sex, Ever smoking (past/current), Ever alcohol (past/current), Body mass index, kg/m2",0.031643586616178776
osteoporosis,whtr,beta,0.0063284720979475,0.0032939821104819,0.009362962085413,5.1489893183781e-05,37073,"Age, years, Male sex, Ever smoking (past/current), Ever alcohol (past/current), Body mass index, kg/m2",8.999871155993881e-05
smoking,whtr,beta,0.0005452675265482,-0.0015482343732742,0.0026387694263706,0.60974300301081,37073,"Age, years, Male sex",0.6539326603544678
alcohol,whtr,beta,-0.0070528315587812,-0.0094932133074189,-0.0046124498101434,1.61961197601493e-08,37073,"Age, years, Male sex",3.3954008211455856e-08
current_smoking,whtr,beta,0.0027679622009946,0.0019105584342327,0.0036253659677565,2.87879666389481e-10,37073,"Age, years, Male sex, Ever alcohol (past/current), Body mass index, kg/m2",6.49943708348559e-10
age,sbp,beta,6.75632799585245,6.57806287025929,6.93459312144562,0.0,37324,unadjusted,0.0
men,sbp,beta,4.8231085871515,4.46845933019021,5.1777578441128,3.39824126326293e-140,37324,unadjusted,4.585672693184689e-139
bmi,sbp,beta,3.49727257932489,3.32495650751221,3.66958865113756,1.71943050682491e-276,37324,"Age, years, Male sex",1.0093057075062222e-274
smoking,sbp,beta,-1.17331796012805,-1.61422085755532,-0.732415062700782,1.95819826644382e-07,37324,"Age, years, Male sex",3.918621758190417e-07
alcohol,sbp,beta,-2.37596780753229,-2.9771855250078,-1.77475009005677,1.3038243128330601e-14,37324,"Age, years, Male sex",3.3889809814007656e-14
wc,sbp,beta,3.55259354635103,3.36364240499636,3.74154468770571,5.2004000031879096e-244,37324,"Age, years, Male sex, Ever smoking (past/current), Ever alcohol (past/current)",2.2612109643491135e-242
height,sbp,beta,-1.03998609478167,-1.32518994920898,-0.75478224035435,1.11725868998814e-12,37324,"Age, years, Male sex, Ever smoking (past/current), Ever alcohol (past/current)",2.749814888985485e-12
weight,sbp,beta,3.40934176442223,3.21176269850613,3.60692083033833,1.3241953014475902e-211,37324,"Age, years, Male sex, Ever smoking (past/current), Ever alcohol (past/current)",3.986167394614028e-210
whtr,sbp,beta,3.89990244598493,3.70886917277501,4.09093571919485,6.140924435764561e-279,37324,"Age, years, Male sex, Ever smoking (past/current), Ever alcohol (past/current)",3.665819637756404e-277
fat_kg,sbp,beta,2.95999937560802,2.48762170958905,3.43237704162699,2.5641350712224697e-30,37324,"Age, years, Male sex, Ever smoking (past/current), Ever alcohol (past/current)",9.721080431480665e-30
lean_kg,sbp,beta,3.63058111116215,2.9434360422883,4.31772618003599,8.33226253061033e-23,37324,"Age, years, Male sex, Ever smoking (past/current), Ever alcohol (past/current)",2.6898468041072026e-22
asmm_kg,sbp,beta,3.20829884000464,2.49215150388752,3.92444617612175,2.9245006147913504e-17,37324,"Age, years, Male sex, Ever smoking (past/current), Ever alcohol (past/current)",8.194185493472662e-17
asmi,sbp,beta,3.29076331986737,2.6435922085417,3.93793443119305,2.22379010743528e-21,37324,"Age, years, Male sex, Ever smoking (past/current), Ever alcohol (past/current)",6.937279679705099e-21
bodyfat_pct,sbp,beta,3.29370453483317,2.61976623277216,3.96764283689418,5.3768987451901204e-20,37324,"Age, years, Male sex, Ever smoking (past/current), Ever alcohol (past/current)",1.6116967983454982e-19
asm_pct,sbp,beta,-3.50868663582309,-4.32841081235052,-2.68896245929566,5.57366396211957e-16,37324,"Age, years, Male sex, Ever smoking (past/current), Ever alcohol (past/current)",1.507714629384418e-15
obesity,sbp,beta,6.12851767450183,5.76566065775161,6.49137469125205,4.41697570654223e-204,37324,"Age, years, Male sex, Ever smoking (past/current), Ever alcohol (past/current)",1.1785294271546767e-202
overweight,sbp,beta,5.70150010346463,5.35364071392265,6.04935949300662,6.205212698941141e-194,37324,"Age, years, Male sex, Ever smoking (past/current), Ever alcohol (past/current)",1.4099844597206902e-192
abdominal_obesity,sbp,beta,5.78678791507043,5.39812350006943,6.17545233007143,2.71978222156765e-164,37324,"Age, years, Male sex, Ever smoking (past/current), Ever alcohol (past/current)",4.354124083800574e-163
central_obesity,sbp,beta,6.28968193488102,5.9166428258467,6.66272104391534,2.03280807324678e-203,37324,"Age, years, Male sex, Ever smoking (past/current), Ever alcohol (past/current)",5.225948929908875e-202
high_bodyfat,sbp,beta,3.66767086188891,2.65485879068053,4.6804829330973,4.62236630728337e-12,37324,"Age, years, Male sex, Ever smoking (past/current), Ever alcohol (past/current)",1.1120200911374337e-11
sarcopenia,sbp,beta,-3.71195102939043,-4.98807559180528,-2.43582646697557,2.08771696936638e-08,37324,"Age, years, Male sex, Ever smoking (past/current), Ever alcohol (past/current)",4.361173882626566e-08
dbp,sbp,beta,9.8848295710576,9.71551326495919,10.054145877156,0.0,37324,"Age, years, Male sex, Ever smoking (past/current), Ever alcohol (past/current), Body mass index, kg/m2",0.0
glucose,sbp,beta,0.849021489782579,0.614179888507411,1.08386309105775,1.7270238588728498e-12,37324,"Age, years, Male sex, Ever smoking (past/current), Ever alcohol (past/current), Body mass index, kg/m2",4.218153974306642e-12
hba1c,sbp,beta,0.360401282209697,0.137668546554367,0.583134017865028,0.0015340239399563,37324,"Age, years, Male sex, Ever smoking (past/current), Ever alcohol (past/current), Body mass index, kg/m2",0.0023916920391881757
homa_ir,sbp,beta,1.37006150878628,1.06109307223083,1.67902994534173,1.1183773951824e-17,37324,"Age, years, Male sex, Ever smoking (past/current), Ever alcohol (past/current), Body mass index, kg/m2",3.1688859097605893e-17
tg,sbp,beta,1.28169532089286,1.07427996754879,1.48911067423694,5.6786159561614596e-33,37324,"Age, years, Male sex, Ever smoking (past/current), Ever alcohol (past/current), Body mass index, kg/m2",2.2650153338166095e-32
tchol,sbp,beta,0.935006988237234,0.756172391055923,1.11384158541854,3.13256246597206e-24,37324,"Age, years, Male sex, Ever smoking (past/current), Ever alcohol (past/current), Body mass index, kg/m2",1.045771090535886e-23
hdl,sbp,beta,0.565294044070086,0.391592998661988,0.738995089478183,2.07289924637987e-10,37324,"Age, years, Male sex, Ever smoking (past/current), Ever alcohol (past/current), Body mass index, kg/m2",4.713202805519627e-10
ldl,sbp,beta,0.171334261972847,-0.128813247999606,0.4714817719453,0.263331587638373,37324,"Age, years, Male sex, Ever smoking (past/current), Ever alcohol (past/current), Body mass index, kg/m2",0.308124203210083
nonhdl,sbp,beta,0.784746518046126,0.601382743055389,0.968110293036862,7.60600508885089e-17,37324,"Age, years, Male sex, Ever smoking (past/current), Ever alcohol (past/current), Body mass index, kg/m2",2.101047052779046e-16
alt,sbp,beta,0.579664611791651,0.35914866986082,0.800180553722482,2.7473578444923e-07,37324,"Age, years, Male sex, Ever smoking (past/current), Ever alcohol (past/current), Body mass index, kg/m2",5.460606280080069e-07
ast,sbp,beta,0.635985212383451,0.42045158452802,0.851518840238881,8.100232415731891e-09,37324,"Age, years, Male sex, Ever smoking (past/current), Ever alcohol (past/current), Body mass index, kg/m2",1.7248499738940578e-08
creatinine,sbp,beta,0.233236961840264,-0.0422916860539575,0.508765609734485,0.0972034188310587,37324,"Age, years, Male sex, Ever smoking (past/current), Ever alcohol (past/current), Body mass index, kg/m2",0.12178955571788998
egfr,sbp,beta,0.119553655323148,-0.161400968130085,0.400508278776382,0.404338287107663,37324,"Age, years, Male sex, Ever smoking (past/current), Ever alcohol (past/current), Body mass index, kg/m2",0.45497745916715304
hemoglobin,sbp,beta,1.82836837085767,1.57955726294198,2.07717947877337,1.78584162330975e-45,37324,"Age, years, Male sex, Ever smoking (past/current), Ever alcohol (past/current), Body mass index, kg/m2",8.833896344518173e-45
platelet,sbp,beta,0.570966539030627,0.392556857603344,0.74937622045791,4.1001278896998005e-10,37324,"Age, years, Male sex, Ever smoking (past/current), Ever alcohol (past/current), Body mass index, kg/m2",9.192011729804391e-10
wbc,sbp,beta,0.737156099498535,0.549873257117298,0.924438941879772,1.6569827003953e-14,37324,"Age, years, Male sex, Ever smoking (past/current), Ever alcohol (past/current), Body mass index, kg/m2",4.29741757790298e-14
fib4,sbp,beta,0.1520976446551,-0.0929412230473025,0.397136512357503,0.223863565828175,37324,"Age, years, Male sex, Ever smoking (past/current), Ever alcohol (past/current), Body mass index, kg/m2",0.26502436263759066
vitd,sbp,beta,-0.576226579394475,-0.934055169062579,-0.218397989726371,0.0016396613012848,37324,"Age, years, Male sex, Ever smoking (past/current), Ever alcohol (past/current), Body mass index, kg/m2",0.002547369697011498
fn_bmd,sbp,beta,-0.588844289967896,-1.16857185115169,-0.009116728784106,0.0470704708410458,37324,"Age, years, Male sex, Ever smoking (past/current), Ever alcohol (past/current), Body mass index, kg/m2",0.061812900187234635
ls_bmd,sbp,beta,-0.467285672150016,-0.969200259072152,0.0346289147721193,0.0686606873076157,37324,"Age, years, Male sex, Ever smoking (past/current), Ever alcohol (past/current), Body mass index, kg/m2",0.08809578896080965
insulin,sbp,beta,1.04002645833899,0.723315629772742,1.35673728690525,1.74674102824063e-10,37324,"Age, years, Male sex, Ever smoking (past/current), Ever alcohol (past/current), Body mass index, kg/m2",3.987052431279001e-10
hsi,sbp,beta,0.865660091589816,0.536859041548925,1.19446114163071,2.63294253950795e-07,37324,"Age, years, Male sex, Ever smoking (past/current), Ever alcohol (past/current), Body mass index, kg/m2",5.23615111470751e-07
dm,sbp,beta,1.16426222262534,0.577340132275352,1.75118431297533,0.0001033440623854,37324,"Age, years, Male sex, Ever smoking (past/current), Ever alcohol (past/current), Body mass index, kg/m2",0.0001773770895328357
prediabetes,sbp,beta,1.24187182157491,0.862691233117538,1.62105241003229,1.5943926398337e-10,37324,"Age, years, Male sex, Ever smoking (past/current), Ever alcohol (past/current), Body mass index, kg/m2",3.6440304201779957e-10
dyslipidemia,sbp,beta,0.85895066177549,0.51610594480441,1.20179537874657,9.58821530795194e-07,37324,"Age, years, Male sex, Ever smoking (past/current), Ever alcohol (past/current), Body mass index, kg/m2",1.8534409612846727e-06
low_hdl,sbp,beta,-0.468768369504814,-0.834893026991298,-0.102643712018331,0.0121447822243133,37324,"Age, years, Male sex, Ever smoking (past/current), Ever alcohol (past/current), Body mass index, kg/m2",0.01726147013479881
high_tg,sbp,beta,2.7910820567874,2.3781041275102,3.20405998606461,6.27649330655522e-39,37324,"Age, years, Male sex, Ever smoking (past/current), Ever alcohol (past/current), Body mass index, kg/m2",2.787617834260717e-38
high_ldl,sbp,beta,0.35078577088728,-0.644375074421641,1.3459466161962,0.489710723896809,37324,"Age, years, Male sex, Ever smoking (past/current), Ever alcohol (past/current), Body mass index, kg/m2",0.5376437560986786
high_nonhdl,sbp,beta,2.27566271014178,1.59501206718162,2.95631335310193,6.6513900867496e-11,37324,"Age, years, Male sex, Ever smoking (past/current), Ever alcohol (past/current), Body mass index, kg/m2",1.5391718715855513e-10
atherogenic_dyslipidemia,sbp,beta,1.36271600786323,0.86365231876488,1.86177969696158,9.38550452887014e-08,37324,"Age, years, Male sex, Ever smoking (past/current), Ever alcohol (past/current), Body mass index, kg/m2",1.9019417117767914e-07
insulin_resistance,sbp,beta,2.36690851198916,1.71310972462252,3.0207072993558,2.1621900213720098e-12,37324,"Age, years, Male sex, Ever smoking (past/current), Ever alcohol (past/current), Body mass index, kg/m2",5.2700576161053415e-12
ckd,sbp,beta,6.49753704778938,5.45312700639639,7.54194708918237,8.446512799520139e-33,37324,"Age, years, Male sex, Ever smoking (past/current), Ever alcohol (past/current), Body mass index, kg/m2",3.3538464577125063e-32
high_alt,sbp,beta,1.78320065412626,1.17508354292076,2.39131776533176,1.00090995465511e-08,37324,"Age, years, Male sex, Ever smoking (past/current), Ever alcohol (past/current), Body mass index, kg/m2",2.1208384006549878e-08
high_ast,sbp,beta,2.34927912602005,1.4630537021053,3.2355045499348,2.18080807260116e-07,37324,"Age, years, Male sex, Ever smoking (past/current), Ever alcohol (past/current), Body mass index, kg/m2",4.3566681972213755e-07
adv_fibrosis,sbp,beta,1.22550497664826,-0.0274620142930944,2.47847196758961,0.0553343907766039,37324,"Age, years, Male sex, Ever smoking (past/current), Ever alcohol (past/current), Body mass index, kg/m2",0.07193279931975254
anemia,sbp,beta,-1.27280232390203,-1.93225011979664,-0.613354528007428,0.0001580854203241,37324,"Age, years, Male sex, Ever smoking (past/current), Ever alcohol (past/current), Body mass index, kg/m2",0.0002676811780680193
leukocytosis,sbp,beta,0.634612201146782,-0.914878543618381,2.18410294591194,0.422190306489599,37324,"Age, years, Male sex, Ever smoking (past/current), Ever alcohol (past/current), Body mass index, kg/m2",0.47174944779707095
vitd_deficiency,sbp,beta,1.00769949979459,0.318849552073795,1.69654944751539,0.0042166343164355,37324,"Age, years, Male sex, Ever smoking (past/current), Ever alcohol (past/current), Body mass index, kg/m2",0.0063061511942614995
osteoporosis,sbp,beta,0.464272092439471,-1.26047499421939,2.18901917909834,0.598033796559968,37324,"Age, years, Male sex, Ever smoking (past/current), Ever alcohol (past/current), Body mass index, kg/m2",0.6427448982252693
current_smoking,sbp,beta,0.454726431698905,0.0023208682794937,0.907131995118316,0.048927250139618,37324,"Age, years, Male sex, Ever alcohol (past/current), Body mass index, kg/m2",0.06406013940213182
age,dbp,beta,0.779606779850624,0.648647145279173,0.910566414422075,8.959589558261191e-31,37324,unadjusted,3.418816297312667e-30
men,dbp,beta,5.19027614994218,4.94917296347141,5.43137933641295,9.666933871852051e-304,37324,unadjusted,6.423951150313758e-302
bmi,dbp,beta,2.35697209665674,2.22923283606187,2.48471135725161,1.11566569321691e-236,37324,"Age, years, Male sex",4.465198376715861e-235
smoking,dbp,beta,0.293515209120836,-0.0386799224838965,0.625710340725568,0.0834186941066193,37324,"Age, years, Male sex",0.10560770691715068
alcohol,dbp,beta,0.486657252754851,0.100792969765444,0.872521535744258,0.0134938167623024,37324,"Age, years, Male sex",0.01904055394103728
wc,dbp,beta,2.329506614219,2.19345711477363,2.46555611366436,8.713059553627889e-209,37324,"Age, years, Male sex, Ever smoking (past/current), Ever alcohol (past/current)",2.515360307203068e-207
height,dbp,beta,0.354716261861284,0.145189961626567,0.564242562096002,0.0009172992446855,37324,"Age, years, Male sex, Ever smoking (past/current), Ever alcohol (past/current)",0.001463854979511704
weight,dbp,beta,2.58596886445695,2.43828403541623,2.73365369349767,7.075053331524699e-217,37324,"Age, years, Male sex, Ever smoking (past/current), Ever alcohol (past/current)",2.3288166199654197e-215
whtr,dbp,beta,2.30355479797432,2.16539715847527,2.44171243747336,1.33174944638736e-199,37324,"Age, years, Male sex, Ever smoking (past/current), Ever alcohol (past/current)",3.2126175001207416e-198
fat_kg,dbp,beta,2.50861837401496,2.13942928961229,2.87780745841762,1.24753070459434e-34,37324,"Age, years, Male sex, Ever smoking (past/current), Ever alcohol (past/current)",5.138951042785105e-34
lean_kg,dbp,beta,3.69099104800442,3.20947438671489,4.17250770929395,4.7401967017379496e-42,37324,"Age, years, Male sex, Ever smoking (past/current), Ever alcohol (past/current)",2.2112546733140477e-41
asmm_kg,dbp,beta,3.26873326416307,2.76399144114531,3.77347508718083,5.2135387216677e-32,37324,"Age, years, Male sex, Ever smoking (past/current), Ever alcohol (past/current)",2.037967078547574e-31
asmi,dbp,beta,2.67412402012349,2.25573294314979,3.09251509709718,2.5259586757006704e-31,37324,"Age, years, Male sex, Ever smoking (past/current), Ever alcohol (past/current)",9.765561422412472e-31
bodyfat_pct,dbp,beta,2.63280046823115,2.0940285424942,3.17157239396809,5.42672056014447e-20,37324,"Age, years, Male sex, Ever smoking (past/current), Ever alcohol (past/current)",1.6252474330636755e-19
asm_pct,dbp,beta,-2.81734920807374,-3.46113005614741,-2.17356836000007,1.3681098990503001e-16,37324,"Age, years, Male sex, Ever smoking (past/current), Ever alcohol (past/current)",3.755637618437379e-16
obesity,dbp,beta,4.33588284172556,4.07902316570572,4.59274251774541,6.83382120187086e-204,37324,"Age, years, Male sex, Ever smoking (past/current), Ever alcohol (past/current)",1.8096780656382833e-202
overweight,dbp,beta,4.15705591278083,3.91864239704044,4.39546942852123,2.40194167697674e-215,37324,"Age, years, Male sex, Ever smoking (past/current), Ever alcohol (past/current)",7.69058053301098e-214
abdominal_obesity,dbp,beta,3.71703475314335,3.44017829938449,3.99389120690221,5.52125796212766e-137,37324,"Age, years, Male sex, Ever smoking (past/current), Ever alcohol (past/current)",7.123029502788871e-136
central_obesity,dbp,beta,4.09163916463761,3.82166617395367,4.36161215532155,1.9281770795144998e-169,37324,"Age, years, Male sex, Ever smoking (past/current), Ever alcohol (past/current)",3.2493012794497934e-168
high_bodyfat,dbp,beta,2.48949988500428,1.7163919764664,3.26260779354217,6.32571278515076e-10,37324,"Age, years, Male sex, Ever smoking (past/current), Ever alcohol (past/current)",1.4124305273793276e-09
sarcopenia,dbp,beta,-3.15185816119432,-4.02164900907137,-2.28206731331727,4.48099676929244e-12,37324,"Age, years, Male sex, Ever smoking (past/current), Ever alcohol (past/current)",1.0794849946270844e-11
sbp,dbp,beta,7.83996638486975,7.71070459031113,7.96922817942838,0.0,37324,"Age, years, Male sex, Ever smoking (past/current), Ever alcohol (past/current), Body mass index, kg/m2",0.0
glucose,dbp,beta,0.391429567976249,0.24820988629706,0.534649249655437,9.1345106352122e-08,37324,"Age, years, Male sex, Ever smoking (past/current), Ever alcohol (past/current), Body mass index, kg/m2",1.8521442980551163e-07
hba1c,dbp,beta,0.0630694429858325,-0.0926696481865278,0.218808534158193,0.427418391188657,37324,"Age, years, Male sex, Ever smoking (past/current), Ever alcohol (past/current), Body mass index, kg/m2",0.4769859232466571
homa_ir,dbp,beta,0.704358788954036,0.495207339890473,0.913510238017599,6.056767687656039e-11,37324,"Age, years, Male sex, Ever smoking (past/current), Ever alcohol (past/current), Body mass index, kg/m2",1.403416828679248e-10
tg,dbp,beta,1.38395969305985,1.2182848842148,1.5496345019049,1.08470516503774e-57,37324,"Age, years, Male sex, Ever smoking (past/current), Ever alcohol (past/current), Body mass index, kg/m2",6.575441637285576e-57
tchol,dbp,beta,1.65167069173881,1.52415961982385,1.77918176365377,1.5018084639068e-128,37324,"Age, years, Male sex, Ever smoking (past/current), Ever alcohol (past/current), Body mass index, kg/m2",1.7690198695249997e-127
hdl,dbp,beta,0.243166509763003,0.112683402251741,0.373649617274265,0.0002641719144034,37324,"Age, years, Male sex, Ever smoking (past/current), Ever alcohol (past/current), Body mass index, kg/m2",0.00043991181207034274
ldl,dbp,beta,0.923544857142127,0.707521780271844,1.13956793401241,9.28168566074686e-17,37324,"Age, years, Male sex, Ever smoking (past/current), Ever alcohol (past/current), Body mass index, kg/m2",2.555910625265867e-16
nonhdl,dbp,beta,1.62493894612752,1.49567153850331,1.75420635375173,7.734540756006509e-122,37324,"Age, years, Male sex, Ever smoking (past/current), Ever alcohol (past/current), Body mass index, kg/m2",8.675494440335964e-121
alt,dbp,beta,0.801864665176307,0.605729618725915,0.997999711626699,1.60589515216077e-15,37324,"Age, years, Male sex, Ever smoking (past/current), Ever alcohol (past/current), Body mass index, kg/m2",4.301112339095233e-15
ast,dbp,beta,0.617061316585626,0.451473025548136,0.782649607623116,3.5963471726410897e-13,37324,"Age, years, Male sex, Ever smoking (past/current), Ever alcohol (past/current), Body mass index, kg/m2",9.015184869780724e-13
creatinine,dbp,beta,-0.0907763029303403,-0.272134644731846,0.0905820388711656,0.326658006703264,37324,"Age, years, Male sex, Ever smoking (past/current), Ever alcohol (past/current), Body mass index, kg/m2",0.37548612911517487
egfr,dbp,beta,-0.0848890944781847,-0.282194531107171,0.112416342150801,0.399151301979369,37324,"Age, years, Male sex, Ever smoking (past/current), Ever alcohol (past/current), Body mass index, kg/m2",0.4500576556585202
hemoglobin,dbp,beta,2.79329225484431,2.61994726469263,2.96663724499598,2.2482725027242703e-188,37324,"Age, years, Male sex, Ever smoking (past/current), Ever alcohol (past/current), Body mass index, kg/m2",4.657891620349929e-187
platelet,dbp,beta,0.418704519709131,0.288357172925811,0.549051866492452,3.53554979143948e-10,37324,"Age, years, Male sex, Ever smoking (past/current), Ever alcohol (past/current), Body mass index, kg/m2",7.956681383674025e-10
wbc,dbp,beta,0.248882286221426,0.114136337040247,0.383628235402605,0.0002994054210369,37324,"Age, years, Male sex, Ever smoking (past/current), Ever alcohol (past/current), Body mass index, kg/m2",0.0004946087677729651
fib4,dbp,beta,-0.394914610488973,-0.600224120527715,-0.18960510045023,0.000166571839556,37324,"Age, years, Male sex, Ever smoking (past/current), Ever alcohol (past/current), Body mass index, kg/m2",0.00028123970226089746
vitd,dbp,beta,-0.182969856029446,-0.433392948359093,0.0674532363002021,0.152399306052475,37324,"Age, years, Male sex, Ever smoking (past/current), Ever alcohol (past/current), Body mass index, kg/m2",0.18591976304704433
fn_bmd,dbp,beta,-0.0778457822539648,-0.490862881411504,0.335171316903575,0.711976905814164,37324,"Age, years, Male sex, Ever smoking (past/current), Ever alcohol (past/current), Body mass index, kg/m2",0.7500995101039442
ls_bmd,dbp,beta,-0.30111036969384,-0.662896898006723,0.0606761586190425,0.103490572298803,37324,"Age, years, Male sex, Ever smoking (past/current), Ever alcohol (past/current), Body mass index, kg/m2",0.12916151510856988
insulin,dbp,beta,0.432631535111334,0.223197666007059,0.64206540421561,5.46776055250542e-05,37324,"Age, years, Male sex, Ever smoking (past/current), Ever alcohol (past/current), Body mass index, kg/m2",9.538114247609753e-05
hsi,dbp,beta,1.36229871206615,1.12477425714334,1.59982316698896,9.96687594604407e-29,37324,"Age, years, Male sex, Ever smoking (past/current), Ever alcohol (past/current), Body mass index, kg/m2",3.656597612704918e-28
dm,dbp,beta,-1.65879182646111,-2.05528432384626,-1.26229932907597,3.5724168753166897e-16,37324,"Age, years, Male sex, Ever smoking (past/current), Ever alcohol (past/current), Body mass index, kg/m2",9.70088838463021e-16
prediabetes,dbp,beta,1.67447356194786,1.39657665943691,1.95237046445881,1.8074494964350501e-31,37324,"Age, years, Male sex, Ever smoking (past/current), Ever alcohol (past/current), Body mass index, kg/m2",7.018563535219677e-31
dyslipidemia,dbp,beta,1.15317065319159,0.900951136801893,1.40539016958129,5.620862762349241e-19,37324,"Age, years, Male sex, Ever smoking (past/current), Ever alcohol (past/current), Body mass index, kg/m2",1.6510991366967494e-18
low_hdl,dbp,beta,-0.0924950833026298,-0.353344798833054,0.168354632227794,0.487111551086851,37324,"Age, years, Male sex, Ever smoking (past/current), Ever alcohol (past/current), Body mass index, kg/m2",0.5351237938015874
high_tg,dbp,beta,3.08093351555642,2.78315350775039,3.37871352336244,1.33666655284479e-85,37324,"Age, years, Male sex, Ever smoking (past/current), Ever alcohol (past/current), Body mass index, kg/m2",1.1182279332825059e-84
high_ldl,dbp,beta,1.50191230612111,0.789554203997302,2.21427040824493,3.72253991096817e-05,37324,"Age, years, Male sex, Ever smoking (past/current), Ever alcohol (past/current), Body mass index, kg/m2",6.552116724852521e-05
high_nonhdl,dbp,beta,3.07188794574135,2.59215326945567,3.55162262202703,3.21039375878874e-35,37324,"Age, years, Male sex, Ever smoking (past/current), Ever alcohol (past/current), Body mass index, kg/m2",1.338107315793366e-34
atherogenic_dyslipidemia,dbp,beta,1.57049044687765,1.21596418304343,1.92501671071186,6.35561853939529e-18,37324,"Age, years, Male sex, Ever smoking (past/current), Ever alcohol (past/current), Body mass index, kg/m2",1.813977998034863e-17
insulin_resistance,dbp,beta,1.16262150682851,0.7130990608691,1.61214395278792,4.60233750481897e-07,37324,"Age, years, Male sex, Ever smoking (past/current), Ever alcohol (past/current), Body mass index, kg/m2",9.025296599093771e-07
ckd,dbp,beta,1.53392480926666,0.811664998572042,2.25618461996128,3.30957122429706e-05,37324,"Age, years, Male sex, Ever smoking (past/current), Ever alcohol (past/current), Body mass index, kg/m2",5.857442136670476e-05
high_alt,dbp,beta,2.66590753903784,2.21362940732428,3.11818567075141,3.24456305412718e-30,37324,"Age, years, Male sex, Ever smoking (past/current), Ever alcohol (past/current), Body mass index, kg/m2",1.2234851259781507e-29
high_ast,dbp,beta,1.72927002742383,1.10623953885962,2.35230051598804,5.76845984013368e-08,37324,"Age, years, Male sex, Ever smoking (past/current), Ever alcohol (past/current), Body mass index, kg/m2",1.1825678438271723e-07
adv_fibrosis,dbp,beta,-3.05165339168233,-3.81371380044398,-2.28959298292069,5.93201419546441e-15,37324,"Age, years, Male sex, Ever smoking (past/current), Ever alcohol (past/current), Body mass index, kg/m2",1.5603102312491153e-14
anemia,dbp,beta,-3.42259992842212,-3.84560528729101,-2.99959456955323,2.23884873464296e-54,37324,"Age, years, Male sex, Ever smoking (past/current), Ever alcohol (past/current), Body mass index, kg/m2",1.2947824701826775e-53
leukocytosis,dbp,beta,-0.0075825941761224,-1.12698580152241,1.11182061317016,0.989408020803911,37324,"Age, years, Male sex, Ever smoking (past/current), Ever alcohol (past/current), Body mass index, kg/m2",0.9913783923958391
vitd_deficiency,dbp,beta,0.450230260598628,-0.0562381717582768,0.956698692955533,0.0817133908220659,37324,"Age, years, Male sex, Ever smoking (past/current), Ever alcohol (past/current), Body mass index, kg/m2",0.10374713859960925
osteoporosis,dbp,beta,0.564681025205034,-0.42992681383457,1.55928886424464,0.266388753057243,37324,"Age, years, Male sex, Ever smoking (past/current), Ever alcohol (past/current), Body mass index, kg/m2",0.3111844737206003
current_smoking,dbp,beta,0.661545549632536,0.320023193652897,1.00306790561218,0.0001496945416644,37324,"Age, years, Male sex, Ever alcohol (past/current), Body mass index, kg/m2",0.00025396154900867866
age,glucose,beta,6.10614694822124,5.86289228856287,6.34940160787962,0.0,34799,unadjusted,0.0
men,glucose,beta,4.59085747221481,4.00994573046078,5.17176921396883,4.68861278789284e-52,34799,unadjusted,2.5721642116757917e-51
bmi,glucose,beta,4.10882039343616,3.77700636147662,4.4406344253957,1.2994348700485201e-118,34799,"Age, years, Male sex",1.4125338309601506e-117
smoking,glucose,beta,2.08097163482944,1.39806398059686,2.76387928906203,2.6200985738093803e-09,34799,"Age, years, Male sex",5.706856633863103e-09
alcohol,glucose,beta,0.293124773044155,-0.654468433867326,1.24071797995563,0.544363891099334,34799,"Age, years, Male sex",0.591926404585321
wc,glucose,beta,4.9932890544261,4.63186598249108,5.35471212636113,4.2458300795359603e-144,34799,"Age, years, Male sex, Ever smoking (past/current), Ever alcohol (past/current)",5.8413334141115825e-143
height,glucose,beta,0.737861843015509,0.268562970257835,1.20716071577318,0.0020780100946663,34799,"Age, years, Male sex, Ever smoking (past/current), Ever alcohol (past/current)",0.0031917800058502872
weight,glucose,beta,4.45070446035273,4.07255849326508,4.82885042744038,3.08072861484302e-108,34799,"Age, years, Male sex, Ever smoking (past/current), Ever alcohol (past/current)",3.13593242239223e-107
whtr,glucose,beta,4.93190970127119,4.56268157039401,5.30113783214838,9.54086784057458e-136,34799,"Age, years, Male sex, Ever smoking (past/current), Ever alcohol (past/current)",1.208738724262722e-134
fat_kg,glucose,beta,2.93600449747001,2.29309004138745,3.57891895355257,7.88730063677323e-18,34799,"Age, years, Male sex, Ever smoking (past/current), Ever alcohol (past/current)",2.2474978028086825e-17
lean_kg,glucose,beta,3.95008835304661,2.8477862548334,5.05239045125982,7.48906275308931e-12,34799,"Age, years, Male sex, Ever smoking (past/current), Ever alcohol (past/current)",1.7846061580771686e-11
asmm_kg,glucose,beta,2.41464284182233,1.23440484006096,3.5948808435837,7.04723647614999e-05,34799,"Age, years, Male sex, Ever smoking (past/current), Ever alcohol (past/current)",0.00012208739237088177
asmi,glucose,beta,2.1890739772659,1.1603371173551,3.2178108371767,3.60747195308776e-05,34799,"Age, years, Male sex, Ever smoking (past/current), Ever alcohol (past/current)",6.365489087562671e-05
bodyfat_pct,glucose,beta,3.21171900462731,2.35721993404187,4.06621807521276,7.74512221307793e-13,34799,"Age, years, Male sex, Ever smoking (past/current), Ever alcohol (past/current)",1.9196566104476053e-12
asm_pct,glucose,beta,-5.08763665714531,-6.06055964978072,-4.11471366450989,2.0615386628306001e-22,34799,"Age, years, Male sex, Ever smoking (past/current), Ever alcohol (past/current)",6.632616950426442e-22
obesity,glucose,beta,7.26628646811216,6.61665021152715,7.91592272469718,1.0879685766008e-98,34799,"Age, years, Male sex, Ever smoking (past/current), Ever alcohol (past/current)",1.0272990152246697e-97
overweight,glucose,beta,6.25421607007743,5.70786623076236,6.80056590939251,6.281421139061249e-103,34799,"Age, years, Male sex, Ever smoking (past/current), Ever alcohol (past/current)",6.128300623760034e-102
abdominal_obesity,glucose,beta,8.25069873123521,7.53338679152689,8.96801067094352,8.356777780611311e-104,34799,"Age, years, Male sex, Ever smoking (past/current), Ever alcohol (past/current)",8.267576220031752e-103
central_obesity,glucose,beta,7.53752925176655,6.91821814275736,8.15684036077574,5.93626739750792e-115,34799,"Age, years, Male sex, Ever smoking (past/current), Ever alcohol (past/current)",6.297449931934607e-114
high_bodyfat,glucose,beta,3.43810522635699,1.81420016097004,5.06201029174395,3.94299056062795e-05,34799,"Age, years, Male sex, Ever smoking (past/current), Ever alcohol (past/current)",6.926290650639221e-05
sarcopenia,glucose,beta,-1.03315672289093,-3.51529263051995,1.44897918473808,0.415007736173595,34799,"Age, years, Male sex, Ever smoking (past/current), Ever alcohol (past/current)",0.46534773855568334
sbp,glucose,beta,1.50958697863787,1.12447308855582,1.89470086871993,2.1141253534778902e-14,34799,"Age, years, Male sex, Ever smoking (past/current), Ever alcohol (past/current), Body mass index, kg/m2",5.4709401138494707e-14
dbp,glucose,beta,0.873206813534106,0.556747484449483,1.18966614261873,6.88389483104247e-08,34799,"Age, years, Male sex, Ever smoking (past/current), Ever alcohol (past/current), Body mass index, kg/m2",1.4055117446337149e-07
tg,glucose,beta,3.46274961075473,2.68146201778008,4.24403720372938,6.1158939023404195e-18,34799,"Age, years, Male sex, Ever smoking (past/current), Ever alcohol (past/current), Body mass index, kg/m2",1.7483910977307595e-17
tchol,glucose,beta,0.196675974337479,-0.201412504678258,0.594764453353216,0.332955593635988,34799,"Age, years, Male sex, Ever smoking (past/current), Ever alcohol (past/current), Body mass index, kg/m2",0.38222607587547247
hdl,glucose,beta,-1.54163028634819,-1.83641472455591,-1.24684584814047,3.04975561849901e-24,34799,"Age, years, Male sex, Ever smoking (past/current), Ever alcohol (past/current), Body mass index, kg/m2",1.0190929116084926e-23
ldl,glucose,beta,-1.01418150254547,-1.66932998134897,-0.359033023741965,0.0024402225320425,34799,"Age, years, Male sex, Ever smoking (past/current), Ever alcohol (past/current), Body mass index, kg/m2",0.0037318557350645614
nonhdl,glucose,beta,0.68930196733316,0.265655438563234,1.11294849610309,0.0014426259633345,34799,"Age, years, Male sex, Ever smoking (past/current), Ever alcohol (past/current), Body mass index, kg/m2",0.0022521846821206156
alt,glucose,beta,1.83297023467884,1.41268480987995,2.25325565947772,1.99459944069372e-17,34799,"Age, years, Male sex, Ever smoking (past/current), Ever alcohol (past/current), Body mass index, kg/m2",5.619983384098625e-17
ast,glucose,beta,1.11153257001384,0.619208908871837,1.60385623115585,9.99375141009946e-06,34799,"Age, years, Male sex, Ever smoking (past/current), Ever alcohol (past/current), Body mass index, kg/m2",1.809665422435491e-05
creatinine,glucose,beta,-0.28138194785766,-0.967784919492601,0.405021023777282,0.421771632824048,34799,"Age, years, Male sex, Ever smoking (past/current), Ever alcohol (past/current), Body mass index, kg/m2",0.4714311935278632
egfr,glucose,beta,0.87658263065701,0.384616945343509,1.36854831597051,0.0004866959553857,34799,"Age, years, Male sex, Ever smoking (past/current), Ever alcohol (past/current), Body mass index, kg/m2",0.0007928506729271209
hemoglobin,glucose,beta,1.79606393092741,1.33288265731805,2.25924520453677,3.96695311793476e-14,34799,"Age, years, Male sex, Ever smoking (past/current), Ever alcohol (past/current), Body mass index, kg/m2",1.0198254657931551e-13
platelet,glucose,beta,0.224824958750569,-0.100415599488692,0.550065516989831,0.175570039906494,34799,"Age, years, Male sex, Ever smoking (past/current), Ever alcohol (past/current), Body mass index, kg/m2",0.21191147380077854
wbc,glucose,beta,1.78137326893716,1.44751291537959,2.11523362249473,3.75984582786202e-25,34799,"Age, years, Male sex, Ever smoking (past/current), Ever alcohol (past/current), Body mass index, kg/m2",1.2919197078761009e-24
fib4,glucose,beta,-0.072585992129848,-0.698912551040421,0.553740566780725,0.820325597783043,34799,"Age, years, Male sex, Ever smoking (past/current), Ever alcohol (past/current), Body mass index, kg/m2",0.8472688432234246
vitd,glucose,beta,-0.549769566537359,-1.08165754501445,-0.017881588060272,0.0430072353346353,34799,"Age, years, Male sex, Ever smoking (past/current), Ever alcohol (past/current), Body mass index, kg/m2",0.05696558211680539
fn_bmd,glucose,beta,-0.758242187185169,-1.92225747292186,0.405773098551525,0.202312270743838,34799,"Age, years, Male sex, Ever smoking (past/current), Ever alcohol (past/current), Body mass index, kg/m2",0.24129489250247121
ls_bmd,glucose,beta,0.877131235063348,-0.232382177021467,1.98664464714816,0.121927753138314,34799,"Age, years, Male sex, Ever smoking (past/current), Ever alcohol (past/current), Body mass index, kg/m2",0.15088880764340895
htn,glucose,beta,4.40693242368777,3.57900873286607,5.23485611450947,4.85207644112925e-25,34799,"Age, years, Male sex, Ever smoking (past/current), Ever alcohol (past/current), Body mass index, kg/m2",1.660739866438991e-24
dyslipidemia,glucose,beta,4.70206415482674,4.11075214910239,5.29337616055109,1.1828606997821e-52,34799,"Age, years, Male sex, Ever smoking (past/current), Ever alcohol (past/current), Body mass index, kg/m2",6.590424857608894e-52
low_hdl,glucose,beta,3.06629079818232,2.3659569363709,3.76662465999374,1.50254190713955e-17,34799,"Age, years, Male sex, Ever smoking (past/current), Ever alcohol (past/current), Body mass index, kg/m2",4.243747070525658e-17
high_tg,glucose,beta,6.19988468753102,5.43351356988551,6.96625580517652,2.31507827547514e-54,34799,"Age, years, Male sex, Ever smoking (past/current), Ever alcohol (past/current), Body mass index, kg/m2",1.334485382360629e-53
high_ldl,glucose,beta,0.657097783516596,-1.33326478224518,2.64746034927837,0.517650599737752,34799,"Age, years, Male sex, Ever smoking (past/current), Ever alcohol (past/current), Body mass index, kg/m2",0.5644474960607933
high_nonhdl,glucose,beta,4.40386018310214,2.76546850685484,6.04225185934944,1.47782566043049e-07,34799,"Age, years, Male sex, Ever smoking (past/current), Ever alcohol (past/current), Body mass index, kg/m2",2.9759302321533363e-07
atherogenic_dyslipidemia,glucose,beta,6.08906292125916,4.98149241513854,7.19663342737979,1.42503700879125e-26,34799,"Age, years, Male sex, Ever smoking (past/current), Ever alcohol (past/current), Body mass index, kg/m2",5.0240043493120944e-26
ckd,glucose,beta,13.4874721965075,10.5891315018129,16.3858128912021,2.1190684341850201e-19,34799,"Age, years, Male sex, Ever smoking (past/current), Ever alcohol (past/current), Body mass index, kg/m2",6.2875813186180625e-19
high_alt,glucose,beta,5.255811755162,3.98656988643466,6.52505362388935,7.03714147564303e-16,34799,"Age, years, Male sex, Ever smoking (past/current), Ever alcohol (past/current), Body mass index, kg/m2",1.8963131046070965e-15
high_ast,glucose,beta,7.70518653918621,5.72382221685748,9.68655086151493,3.36042343706882e-14,34799,"Age, years, Male sex, Ever smoking (past/current), Ever alcohol (past/current), Body mass index, kg/m2",8.670631022239108e-14
adv_fibrosis,glucose,beta,2.14348229788951,-1.26786871519536,5.55483331097437,0.218223320989709,34799,"Age, years, Male sex, Ever smoking (past/current), Ever alcohol (past/current), Body mass index, kg/m2",0.2586948961715769
anemia,glucose,beta,-0.817148429885048,-1.70919733483304,0.0749004750629441,0.0726895518279767,34799,"Age, years, Male sex, Ever smoking (past/current), Ever alcohol (past/current), Body mass index, kg/m2",0.09285912279221398
leukocytosis,glucose,beta,5.52637373448059,2.06505933581679,8.98768813314439,0.0017693258417003,34799,"Age, years, Male sex, Ever smoking (past/current), Ever alcohol (past/current), Body mass index, kg/m2",0.0027391497206454753
vitd_deficiency,glucose,beta,1.43395234575053,0.411793573562266,2.4561111179388,0.0060603762429779,34799,"Age, years, Male sex, Ever smoking (past/current), Ever alcohol (past/current), Body mass index, kg/m2",0.008949536741202585
osteoporosis,glucose,beta,3.90302924581814,0.367215361806245,7.43884312983004,0.0310181724781151,34799,"Age, years, Male sex, Ever smoking (past/current), Ever alcohol (past/current), Body mass index, kg/m2",0.041904872830042725
current_smoking,glucose,beta,2.0755130415243,1.21742939210065,2.93359669094795,2.23157747780722e-06,34799,"Age, years, Male sex, Ever alcohol (past/current), Body mass index, kg/m2",4.227872983774626e-06
age,hba1c,beta,0.278085816424556,0.268550212473662,0.28762142037545,0.0,28577,unadjusted,0.0
men,hba1c,beta,0.0629172545314905,0.0391126972496871,0.0867218118132939,2.37864063927415e-07,28577,unadjusted,4.7464999045459247e-07
bmi,hba1c,beta,0.145870957569208,0.131948513126662,0.159793402011755,3.9696560223415e-87,28577,"Age, years, Male sex",3.3689466290811476e-86
smoking,hba1c,beta,0.0834615643065051,0.0563334865430629,0.110589642069947,1.8650493239674103e-09,28577,"Age, years, Male sex",4.087556763542762e-09
alcohol,hba1c,beta,-0.109618053743809,-0.152023936034571,-0.0672121714530475,4.32744059106293e-07,28577,"Age, years, Male sex",8.514662436717117e-07
wc,hba1c,beta,0.17767680583931,0.162101541030844,0.193252070647776,1.34028913984731e-101,28577,"Age, years, Male sex, Ever smoking (past/current), Ever alcohol (past/current)",1.2897536476891327e-100
height,hba1c,beta,-0.0275388562997417,-0.0463983542215516,-0.0086793583779317,0.0042424011121526,28577,"Age, years, Male sex, Ever smoking (past/current), Ever alcohol (past/current)",0.006341993513158514
weight,hba1c,beta,0.142310042833354,0.126439131210434,0.158180954456275,1.65058729829633e-65,28577,"Age, years, Male sex, Ever smoking (past/current), Ever alcohol (past/current)",1.0968619744527688e-64
whtr,hba1c,beta,0.187363683212315,0.171496200574401,0.203231165850229,4.2246786551063e-108,28577,"Age, years, Male sex, Ever smoking (past/current), Ever alcohol (past/current)",4.287987960600688e-107
fat_kg,hba1c,beta,0.138340555182162,0.0473322063109391,0.229348904053386,0.0031269054057596,28577,"Age, years, Male sex, Ever smoking (past/current), Ever alcohol (past/current)",0.004728622086339764
lean_kg,hba1c,beta,0.106523353371006,-0.0369798512673772,0.25002655800939,0.146747304228994,28577,"Age, years, Male sex, Ever smoking (past/current), Ever alcohol (past/current)",0.17977182799809283
asmm_kg,hba1c,beta,-0.0270616055199219,-0.177252043748916,0.123128832709072,0.724221555315594,28577,"Age, years, Male sex, Ever smoking (past/current), Ever alcohol (past/current)",0.7609511688011701
asmi,hba1c,beta,0.0338827270735937,-0.0971605996980019,0.164926053845189,0.612685177151423,28577,"Age, years, Male sex, Ever smoking (past/current), Ever alcohol (past/current)",0.6564883461902379
bodyfat_pct,hba1c,beta,0.188318944329859,0.0639467286519339,0.312691160007784,0.0032440061115304,28577,"Age, years, Male sex, Ever smoking (past/current), Ever alcohol (past/current)",0.004903600654424922
asm_pct,hba1c,beta,-0.361542646547732,-0.487595776662562,-0.235489516432901,4.36137013872452e-08,28577,"Age, years, Male sex, Ever smoking (past/current), Ever alcohol (past/current)",8.988148407599625e-08
obesity,hba1c,beta,0.244479397428124,0.218519519433018,0.270439275423229,1.08422920436039e-71,28577,"Age, years, Male sex, Ever smoking (past/current), Ever alcohol (past/current)",7.777301950625852e-71
overweight,hba1c,beta,0.21000893138309,0.186830469710265,0.233187393055915,8.930647925960971e-67,28577,"Age, years, Male sex, Ever smoking (past/current), Ever alcohol (past/current)",6.025621071884011e-66
abdominal_obesity,hba1c,beta,0.288305873785243,0.259517805684338,0.317093941886147,3.25253333659841e-80,28577,"Age, years, Male sex, Ever smoking (past/current), Ever alcohol (past/current)",2.58005009268009e-79
central_obesity,hba1c,beta,0.273549212178275,0.247647604048274,0.299450820308275,2.29687510129937e-88,28577,"Age, years, Male sex, Ever smoking (past/current), Ever alcohol (past/current)",1.973071733360093e-87
high_bodyfat,hba1c,beta,0.248466102389707,0.0276992378041378,0.469232966975277,0.0281553035081229,28577,"Age, years, Male sex, Ever smoking (past/current), Ever alcohol (past/current)",0.03821309400986854
sarcopenia,hba1c,beta,0.0398400615925745,-0.296755682899592,0.376435806084741,0.816706297355634,28577,"Age, years, Male sex, Ever smoking (past/current), Ever alcohol (past/current)",0.8443892282153406
sbp,hba1c,beta,0.0231641199021939,0.0090539281244182,0.0372743116799696,0.0013079488910556,28577,"Age, years, Male sex, Ever smoking (past/current), Ever alcohol (past/current), Body mass index, kg/m2",0.002052850264838602
dbp,hba1c,beta,0.00510539683047,-0.0075425883799652,0.0177533820409053,0.428921161350114,28577,"Age, years, Male sex, Ever smoking (past/current), Ever alcohol (past/current), Body mass index, kg/m2",0.4785113494694651
tg,hba1c,beta,0.111460351637186,0.085676104862266,0.137244598412106,3.91551989602644e-17,28577,"Age, years, Male sex, Ever smoking (past/current), Ever alcohol (past/current), Body mass index, kg/m2",1.0910174900162281e-16
tchol,hba1c,beta,-0.0043066646984496,-0.0192940192285083,0.010680689831609,0.573337708916315,28577,"Age, years, Male sex, Ever smoking (past/current), Ever alcohol (past/current), Body mass index, kg/m2",0.6199863097338844
hdl,hba1c,beta,-0.105450390005184,-0.116904044091107,-0.0939967359192608,9.09887342862492e-69,28577,"Age, years, Male sex, Ever smoking (past/current), Ever alcohol (past/current), Body mass index, kg/m2",6.320755861068436e-68
ldl,hba1c,beta,-0.0426458014500962,-0.0678123996197608,-0.0174792032804316,0.0009124268216729,28577,"Age, years, Male sex, Ever smoking (past/current), Ever alcohol (past/current), Body mass index, kg/m2",0.0014580613729273837
nonhdl,hba1c,beta,0.0281963492951831,0.0124515496704479,0.0439411489199183,0.0004554749967948,28577,"Age, years, Male sex, Ever smoking (past/current), Ever alcohol (past/current), Body mass index, kg/m2",0.0007430212777727121
alt,hba1c,beta,0.0797575824990821,0.0609168141629391,0.0985983508352251,1.67187106654198e-16,28577,"Age, years, Male sex, Ever smoking (past/current), Ever alcohol (past/current), Body mass index, kg/m2",4.575236904709288e-16
ast,hba1c,beta,0.0399301593067562,0.0190619993727214,0.060798319240791,0.0001803402190646,28577,"Age, years, Male sex, Ever smoking (past/current), Ever alcohol (past/current), Body mass index, kg/m2",0.00030419456491643734
creatinine,hba1c,beta,0.0109964672864257,-0.0107115193235123,0.0327044538963638,0.320871919263208,28577,"Age, years, Male sex, Ever smoking (past/current), Ever alcohol (past/current), Body mass index, kg/m2",0.36955882918411337
egfr,hba1c,beta,-0.0134011539659323,-0.0316527951608313,0.0048504872289667,0.150241738152905,28577,"Age, years, Male sex, Ever smoking (past/current), Ever alcohol (past/current), Body mass index, kg/m2",0.18354193609938657
hemoglobin,hba1c,beta,0.0110522217398993,-0.0068158179586851,0.0289202614384838,0.225485111221647,28577,"Age, years, Male sex, Ever smoking (past/current), Ever alcohol (past/current), Body mass index, kg/m2",0.2667647167358551
platelet,hba1c,beta,0.0394797127745173,0.0274344944716049,0.0515249310774298,1.57091148708723e-10,28577,"Age, years, Male sex, Ever smoking (past/current), Ever alcohol (past/current), Body mass index, kg/m2",3.5950294070963123e-10
wbc,hba1c,beta,0.125807418692088,0.111858382973328,0.139756454410848,3.25953537114811e-66,28577,"Age, years, Male sex, Ever smoking (past/current), Ever alcohol (past/current), Body mass index, kg/m2",2.186682586130218e-65
fib4,hba1c,beta,-0.0425552266577822,-0.0685596615478885,-0.0165507917676759,0.0013553364054324,28577,"Age, years, Male sex, Ever smoking (past/current), Ever alcohol (past/current), Body mass index, kg/m2",0.002123440756197915
vitd,hba1c,beta,-0.0219121514100928,-0.0583743930944476,0.014550090274262,0.239141473693168,28577,"Age, years, Male sex, Ever smoking (past/current), Ever alcohol (past/current), Body mass index, kg/m2",0.2818796085499792
fn_bmd,hba1c,beta,-0.0307930183547688,-0.209835494401005,0.148249457691468,0.736281028790344,28577,"Age, years, Male sex, Ever smoking (past/current), Ever alcohol (past/current), Body mass index, kg/m2",0.7713211729326566
ls_bmd,hba1c,beta,0.0526633775247075,-0.0903104234040918,0.195637178453507,0.470893926135471,28577,"Age, years, Male sex, Ever smoking (past/current), Ever alcohol (past/current), Body mass index, kg/m2",0.5200653521006989
htn,hba1c,beta,0.134021139354189,0.100765373710633,0.167276904997744,4.0803610837911e-15,28577,"Age, years, Male sex, Ever smoking (past/current), Ever alcohol (past/current), Body mass index, kg/m2",1.0797168848318749e-14
mets,hba1c,beta,0.496249333245436,0.459805301331277,0.532693365159595,3.86124968330862e-139,28577,"Age, years, Male sex, Ever smoking (past/current), Ever alcohol (past/current), Body mass index, kg/m2",5.1125268363206615e-138
dyslipidemia,hba1c,beta,0.229562230902064,0.205481535512713,0.253642926291416,2.6156595101673903e-73,28577,"Age, years, Male sex, Ever smoking (past/current), Ever alcohol (past/current), Body mass index, kg/m2",1.9232469300228702e-72
low_hdl,hba1c,beta,0.194181123038806,0.165030711799364,0.223331534278249,8.26024143755062e-38,28577,"Age, years, Male sex, Ever smoking (past/current), Ever alcohol (past/current), Body mass index, kg/m2",3.5961149991413207e-37
high_tg,hba1c,beta,0.216054334299689,0.185697746513968,0.24641092208541,9.842193423319889e-43,28577,"Age, years, Male sex, Ever smoking (past/current), Ever alcohol (past/current), Body mass index, kg/m2",4.6529134546218324e-42
high_ldl,hba1c,beta,0.0637873065405101,-0.0163500691754656,0.143924682256486,0.118895083731277,28577,"Age, years, Male sex, Ever smoking (past/current), Ever alcohol (past/current), Body mass index, kg/m2",0.14739475005334654
high_nonhdl,hba1c,beta,0.205633295844549,0.144638961642709,0.266627630046389,4.692080453234559e-11,28577,"Age, years, Male sex, Ever smoking (past/current), Ever alcohol (past/current), Body mass index, kg/m2",1.0929568357336057e-10
atherogenic_dyslipidemia,hba1c,beta,0.271283671804057,0.226466810491081,0.316100533117034,1.1322772086135402e-31,28577,"Age, years, Male sex, Ever smoking (past/current), Ever alcohol (past/current), Body mass index, kg/m2",4.406497600814241e-31
ckd,hba1c,beta,0.524364094155608,0.437250625428454,0.611477562882762,6.829392245579899e-31,28577,"Age, years, Male sex, Ever smoking (past/current), Ever alcohol (past/current), Body mass index, kg/m2",2.6087982092117572e-30
high_alt,hba1c,beta,0.22192855248502,0.170204093896865,0.273653011073175,6.61149039757813e-17,28577,"Age, years, Male sex, Ever smoking (past/current), Ever alcohol (past/current), Body mass index, kg/m2",1.8277605322033106e-16
high_ast,hba1c,beta,0.267074794966738,0.185324000547468,0.348825589386007,1.79209267287795e-10,28577,"Age, years, Male sex, Ever smoking (past/current), Ever alcohol (past/current), Body mass index, kg/m2",4.082632855029845e-10
adv_fibrosis,hba1c,beta,-0.0863922745042797,-0.183251443084092,0.0104668940755323,0.0805477185310872,28577,"Age, years, Male sex, Ever smoking (past/current), Ever alcohol (past/current), Body mass index, kg/m2",0.10234093241936837
anemia,hba1c,beta,0.105686905668518,0.0664345133566469,0.14493929798039,1.41654995709365e-07,28577,"Age, years, Male sex, Ever smoking (past/current), Ever alcohol (past/current), Body mass index, kg/m2",2.854169879224162e-07
leukocytosis,hba1c,beta,0.375632330352691,0.221686654521816,0.529578006183567,1.82585808507356e-06,28577,"Age, years, Male sex, Ever smoking (past/current), Ever alcohol (past/current), Body mass index, kg/m2",3.47228519202434e-06
vitd_deficiency,hba1c,beta,0.0592256968117228,-0.0089888732273853,0.127440266850831,0.0891326135362952,28577,"Age, years, Male sex, Ever smoking (past/current), Ever alcohol (past/current), Body mass index, kg/m2",0.112356859296647
osteoporosis,hba1c,beta,0.287529086242183,0.0131274858736218,0.561930686610744,0.0409684151975087,28577,"Age, years, Male sex, Ever smoking (past/current), Ever alcohol (past/current), Body mass index, kg/m2",0.05446989744266728
current_smoking,hba1c,beta,0.16742958866741,0.1326288543629,0.20223032297192,8.630738174520031e-21,28577,"Age, years, Male sex, Ever alcohol (past/current), Body mass index, kg/m2",2.652483407561915e-20
age,homa_ir,beta,0.0812366559442588,0.0327762458818291,0.129697066006688,0.0010458902284321,15529,unadjusted,0.0016548182320475543
men,homa_ir,beta,0.203688073149105,0.114582915466804,0.292793230831407,8.13587520140172e-06,15529,unadjusted,1.4800905195938461e-05
bmi,homa_ir,beta,0.840646141051701,0.770115714923991,0.911176567179411,2.5465451882929e-100,15529,"Age, years, Male sex",2.424035717072323e-99
smoking,homa_ir,beta,0.0872548134947397,-0.0274029503465017,0.201912577335981,0.136067732946519,15529,"Age, years, Male sex",0.16744603614173303
alcohol,homa_ir,beta,-0.22802433326618,-0.365346814817002,-0.090701851715358,0.0011662329156425,15529,"Age, years, Male sex",0.0018394412579009784
wc,homa_ir,beta,0.933920768895078,0.861761197956187,1.00608033983397,1.1605395180762498e-114,15529,"Age, years, Male sex, Ever smoking (past/current), Ever alcohol (past/current)",1.2274535083076733e-113
height,homa_ir,beta,0.099038006062872,0.0242224839328522,0.173853528192892,0.0095826760467645,15529,"Age, years, Male sex, Ever smoking (past/current), Ever alcohol (past/current)",0.013788304312093541
weight,homa_ir,beta,0.907886391713592,0.829357221053786,0.986415562373398,2.23488037782999e-95,15529,"Age, years, Male sex, Ever smoking (past/current), Ever alcohol (past/current)",2.0444801794070713e-94
whtr,homa_ir,beta,0.930500169984405,0.855562578079587,1.00543776188922,3.10289596230301e-107,15529,"Age, years, Male sex, Ever smoking (past/current), Ever alcohol (past/current)",3.1313465843069343e-106
fat_kg,homa_ir,beta,0.605312929677331,0.515119644482387,0.695506214872275,2.46142013519792e-33,15529,"Age, years, Male sex, Ever smoking (past/current), Ever alcohol (past/current)",9.918903565408552e-33
lean_kg,homa_ir,beta,0.722607671282076,0.525288838041223,0.919926504522929,3.2361093010714497e-12,15529,"Age, years, Male sex, Ever smoking (past/current), Ever alcohol (past/current)",7.838773699019014e-12
asmm_kg,homa_ir,beta,0.654633294284965,0.438143316088886,0.871123272481043,6.44773672285946e-09,15529,"Age, years, Male sex, Ever smoking (past/current), Ever alcohol (past/current)",1.3771333376537914e-08
asmi,homa_ir,beta,0.542276326465407,0.386141993518313,0.6984106594125,3.4461441167630395e-11,15529,"Age, years, Male sex, Ever smoking (past/current), Ever alcohol (past/current)",8.07002631598366e-11
bodyfat_pct,homa_ir,beta,0.647761962465125,0.56826562028878,0.72725830464147,3.30881521577206e-45,15529,"Age, years, Male sex, Ever smoking (past/current), Ever alcohol (past/current)",1.6344526213112474e-44
asm_pct,homa_ir,beta,-0.680403901366099,-0.765212462035751,-0.595595340696446,3.83092056560897e-44,15529,"Age, years, Male sex, Ever smoking (past/current), Ever alcohol (past/current)",1.853365691219065e-43
obesity,homa_ir,beta,1.436459571951,1.32987353896517,1.54304560493684,2.57727877697756e-122,15529,"Age, years, Male sex, Ever smoking (past/current), Ever alcohol (past/current)",2.90005618291213e-121
overweight,homa_ir,beta,1.1590873498369,1.08079588715296,1.23737881252085,1.15700022893476e-141,15529,"Age, years, Male sex, Ever smoking (past/current), Ever alcohol (past/current)",1.5794398474062887e-140
abdominal_obesity,homa_ir,beta,1.55900088975276,1.43968175936394,1.67832002014157,2.0254597565771698e-116,15529,"Age, years, Male sex, Ever smoking (past/current), Ever alcohol (past/current)",2.188242105111899e-115
central_obesity,homa_ir,beta,1.29913132443561,1.20347121306643,1.39479143580478,8.24493251441538e-124,15529,"Age, years, Male sex, Ever smoking (past/current), Ever alcohol (past/current)",9.397622108663744e-123
high_bodyfat,homa_ir,beta,0.784906541558116,0.647907099280739,0.921905983835493,9.12837396636862e-26,15529,"Age, years, Male sex, Ever smoking (past/current), Ever alcohol (past/current)",3.1675007989704707e-25
sarcopenia,homa_ir,beta,-0.380992228619895,-0.505648130358097,-0.256336326881693,4.5015159851803e-09,15529,"Age, years, Male sex, Ever smoking (past/current), Ever alcohol (past/current)",9.720624953896393e-09
sbp,homa_ir,beta,0.127967088762014,0.0727065740386901,0.183227603485338,6.20905174678061e-06,15529,"Age, years, Male sex, Ever smoking (past/current), Ever alcohol (past/current), Body mass index, kg/m2",1.1419467494601206e-05
dbp,homa_ir,beta,0.0684857292246761,0.025374810578671,0.111596647870681,0.0018903413907132,15529,"Age, years, Male sex, Ever smoking (past/current), Ever alcohol (past/current), Body mass index, kg/m2",0.002913690318639777
tg,homa_ir,beta,0.345483129942644,0.263312725336909,0.42765353454838,4.3188417473997e-16,15529,"Age, years, Male sex, Ever smoking (past/current), Ever alcohol (past/current), Body mass index, kg/m2",1.17187678230676e-15
tchol,homa_ir,beta,-0.0338182096601258,-0.0696832733584591,0.0020468540382075,0.0648205258874244,15529,"Age, years, Male sex, Ever smoking (past/current), Ever alcohol (past/current), Body mass index, kg/m2",0.08341172531074488
hdl,homa_ir,beta,-0.245935332579398,-0.290310962070877,-0.201559703087918,2.5658307745168002e-26,15529,"Age, years, Male sex, Ever smoking (past/current), Ever alcohol (past/current), Body mass index, kg/m2",9.000852577538018e-26
ldl,homa_ir,beta,-0.121713991328261,-0.217703577323557,-0.025724405332965,0.0131398404652586,15529,"Age, years, Male sex, Ever smoking (past/current), Ever alcohol (past/current), Body mass index, kg/m2",0.018570833915987475
nonhdl,homa_ir,beta,0.0400126063554392,0.0032287785458686,0.0767964341650097,0.0331998528878881,15529,"Age, years, Male sex, Ever smoking (past/current), Ever alcohol (past/current), Body mass index, kg/m2",0.04473216597977884
alt,homa_ir,beta,0.337856192496052,0.259341539739243,0.416370845252861,9.191914741663931e-17,15529,"Age, years, Male sex, Ever smoking (past/current), Ever alcohol (past/current), Body mass index, kg/m2",2.535154559133936e-16
ast,homa_ir,beta,0.234959123262024,0.155742277826913,0.314175968697135,7.781945689711771e-09,15529,"Age, years, Male sex, Ever smoking (past/current), Ever alcohol (past/current), Body mass index, kg/m2",1.6590806730729332e-08
creatinine,homa_ir,beta,0.0095599945201551,-0.0446685507008626,0.0637885397411728,0.729769663224542,15529,"Age, years, Male sex, Ever smoking (past/current), Ever alcohol (past/current), Body mass index, kg/m2",0.7660950086071049
egfr,homa_ir,beta,-0.0538561545190786,-0.121849889072761,0.0141375800346033,0.120871302390267,15529,"Age, years, Male sex, Ever smoking (past/current), Ever alcohol (past/current), Body mass index, kg/m2",0.14968661287571042
hemoglobin,homa_ir,beta,0.147588360667241,0.0952790871599754,0.199897634174506,3.90227292768821e-08,15529,"Age, years, Male sex, Ever smoking (past/current), Ever alcohol (past/current), Body mass index, kg/m2",8.051438342892722e-08
platelet,homa_ir,beta,0.0148799875666882,-0.0288165869707802,0.0585765621041565,0.504627050951974,15529,"Age, years, Male sex, Ever smoking (past/current), Ever alcohol (past/current), Body mass index, kg/m2",0.5522984690655228
wbc,homa_ir,beta,0.251208848406651,0.201407302237613,0.301010394575689,3.0954058192934397e-22,15529,"Age, years, Male sex, Ever smoking (past/current), Ever alcohol (past/current), Body mass index, kg/m2",9.919944763923107e-22
fib4,homa_ir,beta,0.0684160860453695,-0.0137017089424188,0.150533881033158,0.102752146908796,15529,"Age, years, Male sex, Ever smoking (past/current), Ever alcohol (past/current), Body mass index, kg/m2",0.12837639638622897
vitd,homa_ir,beta,-0.0678798977342502,-0.108116302953918,-0.0276434925145826,0.0010136400319442,15529,"Age, years, Male sex, Ever smoking (past/current), Ever alcohol (past/current), Body mass index, kg/m2",0.001608850920463034
fn_bmd,homa_ir,beta,-0.168549988392428,-0.232549984296714,-0.104549992488142,3.78097233356238e-07,15529,"Age, years, Male sex, Ever smoking (past/current), Ever alcohol (past/current), Body mass index, kg/m2",7.460271461516361e-07
ls_bmd,homa_ir,beta,-0.0903301292773092,-0.162920176283979,-0.0177400822706393,0.0151412073080466,15529,"Age, years, Male sex, Ever smoking (past/current), Ever alcohol (past/current), Body mass index, kg/m2",0.02120371059202391
hsi,homa_ir,beta,0.79649284400126,0.688758105189272,0.904227582813247,4.55592745159277e-44,15529,"Age, years, Male sex, Ever smoking (past/current), Ever alcohol (past/current), Body mass index, kg/m2",2.201094167971157e-43
htn,homa_ir,beta,0.388288377515132,0.282766775409528,0.493809979620736,9.56363373156107e-13,15529,"Age, years, Male sex, Ever smoking (past/current), Ever alcohol (past/current), Body mass index, kg/m2",2.3637275791268835e-12
dyslipidemia,homa_ir,beta,0.457248434681962,0.375714503281818,0.538782366082106,7.00170493093333e-27,15529,"Age, years, Male sex, Ever smoking (past/current), Ever alcohol (past/current), Body mass index, kg/m2",2.4858875772930632e-26
low_hdl,homa_ir,beta,0.456263808010925,0.369774292058397,0.542753323963453,4.31649385407263e-24,15529,"Age, years, Male sex, Ever smoking (past/current), Ever alcohol (past/current), Body mass index, kg/m2",1.4315151934127874e-23
high_tg,homa_ir,beta,0.597194021571669,0.494106801585469,0.700281241557869,1.71507267333033e-28,15529,"Age, years, Male sex, Ever smoking (past/current), Ever alcohol (past/current), Body mass index, kg/m2",6.2595709383102825e-28
high_ldl,homa_ir,beta,-0.294262134643241,-0.54502013365039,-0.0435041356360914,0.0216910918798583,15529,"Age, years, Male sex, Ever smoking (past/current), Ever alcohol (past/current), Body mass index, kg/m2",0.029912304463923626
high_nonhdl,homa_ir,beta,0.215686868803066,0.0664675026454142,0.364906234960719,0.0046854212328627,15529,"Age, years, Male sex, Ever smoking (past/current), Ever alcohol (past/current), Body mass index, kg/m2",0.006989433961093787
atherogenic_dyslipidemia,homa_ir,beta,0.713111211072225,0.570980145376551,0.855242276767899,5.03845924648705e-22,15529,"Age, years, Male sex, Ever smoking (past/current), Ever alcohol (past/current), Body mass index, kg/m2",1.600131060967303e-21
ckd,homa_ir,beta,0.795198451976924,0.400028794030221,1.19036810992363,9.21220992624955e-05,15529,"Age, years, Male sex, Ever smoking (past/current), Ever alcohol (past/current), Body mass index, kg/m2",0.0001584248210949752
high_alt,homa_ir,beta,1.04153019057242,0.843467316512181,1.23959306463266,5.91767718356946e-24,15529,"Age, years, Male sex, Ever smoking (past/current), Ever alcohol (past/current), Body mass index, kg/m2",1.9515036554804903e-23
high_ast,homa_ir,beta,1.18617603301792,0.867544227080523,1.50480783895531,5.26254432235904e-13,15529,"Age, years, Male sex, Ever smoking (past/current), Ever alcohol (past/current), Body mass index, kg/m2",1.3107978149468558e-12
adv_fibrosis,homa_ir,beta,0.38579904780463,0.102803685154648,0.668794410454613,0.0076472728087985,15529,"Age, years, Male sex, Ever smoking (past/current), Ever alcohol (past/current), Body mass index, kg/m2",0.01112962596387947
anemia,homa_ir,beta,-0.0316167689335506,-0.148655835143915,0.085422297276814,0.596573313393556,15529,"Age, years, Male sex, Ever smoking (past/current), Ever alcohol (past/current), Body mass index, kg/m2",0.6415667816098028
leukocytosis,homa_ir,beta,1.17676876909543,0.672891945829362,1.6806455923615,5.1811958368906e-06,15529,"Age, years, Male sex, Ever smoking (past/current), Ever alcohol (past/current), Body mass index, kg/m2",9.569046532526846e-06
vitd_deficiency,homa_ir,beta,0.153822723221157,0.0639547466885721,0.243690699753742,0.0008555948485802,15529,"Age, years, Male sex, Ever smoking (past/current), Ever alcohol (past/current), Body mass index, kg/m2",0.0013691072497498701
osteoporosis,homa_ir,beta,0.254656051454607,0.0216926098235907,0.487619493085623,0.0327557150259548,15529,"Age, years, Male sex, Ever smoking (past/current), Ever alcohol (past/current), Body mass index, kg/m2",0.04418446124910486
current_smoking,homa_ir,beta,0.0202894858208654,-0.0892994118738559,0.129878383515587,0.716758019119808,15529,"Age, years, Male sex, Ever alcohol (past/current), Body mass index, kg/m2",0.7544595766108677
age,tg,beta,9.66351026693529,8.53790755599021,10.7891129778804,1.0703576740449e-60,34799,unadjusted,6.743827778150515e-60
men,tg,beta,47.1823374151304,44.1741318989148,50.190542931346,6.97800062483684e-180,34799,unadjusted,1.2935009579302816e-178
bmi,tg,beta,24.2180654816892,22.7438102155582,25.6923207478202,1.03875888174458e-194,34799,"Age, years, Male sex",2.391182210133602e-193
smoking,tg,beta,25.3959713907363,21.6391584590712,29.1527843224014,6.02099050513572e-39,34799,"Age, years, Male sex",2.6775162322080815e-38
alcohol,tg,beta,1.49235617790013,-1.89600190542808,4.88071426122834,0.388068544930142,34799,"Age, years, Male sex",0.43961962535991
wc,tg,beta,28.4152060267767,26.8100290400503,30.0203830135031,8.49382365758614e-221,34799,"Age, years, Male sex, Ever smoking (past/current), Ever alcohol (past/current)",2.8490711354303224e-219
height,tg,beta,-0.482455642323281,-2.9572944427319,1.99238315808534,0.702422074440283,34799,"Age, years, Male sex, Ever smoking (past/current), Ever alcohol (past/current)",0.7411415656616767
weight,tg,beta,25.6786153397089,23.7880516655977,27.5691790138202,7.21900569758932e-140,34799,"Age, years, Male sex, Ever smoking (past/current), Ever alcohol (past/current)",9.66742892277931e-139
whtr,tg,beta,28.7137578558609,27.1972359164155,30.2302797953062,7.72028014034489e-247,34799,"Age, years, Male sex, Ever smoking (past/current), Ever alcohol (past/current)",3.3988533317868382e-245
fat_kg,tg,beta,23.3422434150255,18.2272964340834,28.4571903959676,8.27728619179491e-18,34799,"Age, years, Male sex, Ever smoking (past/current), Ever alcohol (past/current)",2.3567180248586637e-17
lean_kg,tg,beta,29.5789099762253,17.295744125867,41.8620758265835,3.10640073815966e-06,34799,"Age, years, Male sex, Ever smoking (past/current), Ever alcohol (past/current)",5.825741959424027e-06
asmm_kg,tg,beta,25.5315727196678,12.011737255545,39.0514081837905,0.0002394614684956,34799,"Age, years, Male sex, Ever smoking (past/current), Ever alcohol (past/current)",0.0004002768353305663
asmi,tg,beta,24.8327177016399,15.1470528395344,34.5183825637455,7.12529099946649e-07,34799,"Age, years, Male sex, Ever smoking (past/current), Ever alcohol (past/current)",1.3880129922633281e-06
bodyfat_pct,tg,beta,28.2989593802904,23.8390616329847,32.7588571275961,5.95821928530163e-31,34799,"Age, years, Male sex, Ever smoking (past/current), Ever alcohol (past/current)",2.2834437783277847e-30
asm_pct,tg,beta,-31.9873690877863,-37.3496472068525,-26.6250909687201,6.08736964528747e-28,34799,"Age, years, Male sex, Ever smoking (past/current), Ever alcohol (past/current)",2.1969082741297875e-27
obesity,tg,beta,44.6658976280061,41.2247180429829,48.1070772130294,4.96547642681326e-129,34799,"Age, years, Male sex, Ever smoking (past/current), Ever alcohol (past/current)",5.948438086815069e-128
overweight,tg,beta,44.0639750125458,41.3292435848326,46.7987064402589,2.297876836497e-188,34799,"Age, years, Male sex, Ever smoking (past/current), Ever alcohol (past/current)",4.732820010609611e-187
abdominal_obesity,tg,beta,44.4695553629347,40.93029949847,48.0088112273995,1.02276087168583e-121,34799,"Age, years, Male sex, Ever smoking (past/current), Ever alcohol (past/current)",1.1399252500245233e-120
central_obesity,tg,beta,49.8330960963043,46.3855952484132,53.2805969441955,5.05944594701135e-156,34799,"Age, years, Male sex, Ever smoking (past/current), Ever alcohol (past/current)",7.714012391936785e-155
high_bodyfat,tg,beta,26.2944938679371,18.0442144455858,34.5447732902885,9.29042090249036e-10,34799,"Age, years, Male sex, Ever smoking (past/current), Ever alcohol (past/current)",2.063106079355047e-09
sarcopenia,tg,beta,-17.4616201694643,-29.8320604497103,-5.0911798892184,0.0058833607267396,34799,"Age, years, Male sex, Ever smoking (past/current), Ever alcohol (past/current)",0.008706385075452468
sbp,tg,beta,12.3283054858811,10.5875731972496,14.0690377745126,1.8348729378710297e-42,34799,"Age, years, Male sex, Ever smoking (past/current), Ever alcohol (past/current), Body mass index, kg/m2",8.628067406117179e-42
dbp,tg,beta,16.7109745045251,14.9031423247828,18.5188066842674,1.40784752182787e-69,34799,"Age, years, Male sex, Ever smoking (past/current), Ever alcohol (past/current), Body mass index, kg/m2",9.936751446648813e-69
glucose,tg,beta,18.6906376232084,14.3379014754122,23.0433737710046,6.02658071996095e-17,34799,"Age, years, Male sex, Ever smoking (past/current), Ever alcohol (past/current), Body mass index, kg/m2",1.6686806050080555e-16
hba1c,tg,beta,17.222269866281,12.9801671079283,21.4643726246338,2.5810222723228604e-15,34799,"Age, years, Male sex, Ever smoking (past/current), Ever alcohol (past/current), Body mass index, kg/m2",6.871020743099859e-15
homa_ir,tg,beta,24.4617434928732,21.8920130479898,27.0314739377566,1.19717163163777e-68,34799,"Age, years, Male sex, Ever smoking (past/current), Ever alcohol (past/current), Body mass index, kg/m2",8.300075761079185e-68
tchol,tg,beta,30.4574956834048,27.0699687015068,33.8450226653028,4.1537768226255003e-66,34799,"Age, years, Male sex, Ever smoking (past/current), Ever alcohol (past/current), Body mass index, kg/m2",2.781293150054565e-65
hdl,tg,beta,-33.3123529742661,-35.1317894033582,-31.492916545174,1.22736398052405e-233,34799,"Age, years, Male sex, Ever smoking (past/current), Ever alcohol (past/current), Body mass index, kg/m2",4.8030843771174494e-232
ldl,tg,beta,-10.1048570710052,-14.3624372255995,-5.84727691641082,3.48239878149914e-06,34799,"Age, years, Male sex, Ever smoking (past/current), Ever alcohol (past/current), Body mass index, kg/m2",6.506635813496006e-06
nonhdl,tg,beta,41.9396187573329,38.2868127327033,45.5924247819625,1.7478980363625498e-103,34799,"Age, years, Male sex, Ever smoking (past/current), Ever alcohol (past/current), Body mass index, kg/m2",1.7147902184035934e-102
alt,tg,beta,17.049187949601,13.1779070097204,20.9204688894817,9.79263885859736e-18,34799,"Age, years, Male sex, Ever smoking (past/current), Ever alcohol (past/current), Body mass index, kg/m2",2.781425327417734e-17
ast,tg,beta,15.0428895269857,10.971238082227,19.1145409717443,5.66922975868107e-13,34799,"Age, years, Male sex, Ever smoking (past/current), Ever alcohol (past/current), Body mass index, kg/m2",1.4101007916719443e-12
creatinine,tg,beta,-2.77545201130717,-4.59231026552381,-0.958593757090525,0.0027779172508231,34799,"Age, years, Male sex, Ever smoking (past/current), Ever alcohol (past/current), Body mass index, kg/m2",0.0042262741068678005
egfr,tg,beta,2.91774598074907,0.0437748568493808,5.79171710464876,0.0467098903920434,34799,"Age, years, Male sex, Ever smoking (past/current), Ever alcohol (past/current), Body mass index, kg/m2",0.061408075386628166
hemoglobin,tg,beta,16.6956993908446,14.6864547168927,18.7049440647965,3.9533718367636596e-57,34799,"Age, years, Male sex, Ever smoking (past/current), Ever alcohol (past/current), Body mass index, kg/m2",2.3760709230514695e-56
platelet,tg,beta,7.10657569805976,5.68505121431425,8.52810018180526,2.5976494048509e-22,34799,"Age, years, Male sex, Ever smoking (past/current), Ever alcohol (past/current), Body mass index, kg/m2",8.332350823210264e-22
wbc,tg,beta,12.4404551990789,10.8479290559809,14.032981342177,6.06060954096038e-51,34799,"Age, years, Male sex, Ever smoking (past/current), Ever alcohol (past/current), Body mass index, kg/m2",3.253882134643667e-50
fib4,tg,beta,-0.0138087544580685,-5.26603460832206,5.23841709940592,0.995888819601596,34799,"Age, years, Male sex, Ever smoking (past/current), Ever alcohol (past/current), Body mass index, kg/m2",0.9964546655218243
vitd,tg,beta,-4.31928796705609,-7.12071854229777,-1.51785739181441,0.0025672527091333,34799,"Age, years, Male sex, Ever smoking (past/current), Ever alcohol (past/current), Body mass index, kg/m2",0.003919316879743166
fn_bmd,tg,beta,-9.6449392064912,-14.3962920143045,-4.8935863986779,8.00726977151514e-05,34799,"Age, years, Male sex, Ever smoking (past/current), Ever alcohol (past/current), Body mass index, kg/m2",0.000138310957014597
ls_bmd,tg,beta,-4.87502158893635,-9.07974296906256,-0.670300208810134,0.0235032042597829,34799,"Age, years, Male sex, Ever smoking (past/current), Ever alcohol (past/current), Body mass index, kg/m2",0.03227223602454401
insulin,tg,beta,20.9417395097464,18.5151599330973,23.3683190863956,6.71153454358909e-58,34799,"Age, years, Male sex, Ever smoking (past/current), Ever alcohol (past/current), Body mass index, kg/m2",4.075521493538065e-57
hsi,tg,beta,30.3622838728732,26.4129752060915,34.311592539655,1.8669186223486698e-49,34799,"Age, years, Male sex, Ever smoking (past/current), Ever alcohol (past/current), Body mass index, kg/m2",9.872803885753777e-49
dm,tg,beta,27.3364597907129,20.3656750907076,34.3072444907183,2.05974105662465e-14,34799,"Age, years, Male sex, Ever smoking (past/current), Ever alcohol (past/current), Body mass index, kg/m2",5.334123530464719e-14
prediabetes,tg,beta,13.4605609465113,10.1035766126838,16.8175452803388,5.41258202918721e-15,34799,"Age, years, Male sex, Ever smoking (past/current), Ever alcohol (past/current), Body mass index, kg/m2",1.4247469287591446e-14
htn,tg,beta,17.8661864572304,13.0827172761783,22.6496556382825,3.18348042059022e-13,34799,"Age, years, Male sex, Ever smoking (past/current), Ever alcohol (past/current), Body mass index, kg/m2",7.991602310277088e-13
low_hdl,tg,beta,64.1960253450425,60.1081399559069,68.283910734178,3.15924507478529e-180,34799,"Age, years, Male sex, Ever smoking (past/current), Ever alcohol (past/current), Body mass index, kg/m2",5.887228123488779e-179
high_ldl,tg,beta,-4.47440277465976,-11.2124369108129,2.2636313614934,0.193207451461929,34799,"Age, years, Male sex, Ever smoking (past/current), Ever alcohol (past/current), Body mass index, kg/m2",0.23137594153312274
high_nonhdl,tg,beta,102.583758181063,91.7497580497162,113.417758312411,9.79375217497557e-73,34799,"Age, years, Male sex, Ever smoking (past/current), Ever alcohol (past/current), Body mass index, kg/m2",7.156347543623228e-72
insulin_resistance,tg,beta,39.5576716758985,34.4602005010654,44.6551428507317,5.03718860405225e-48,34799,"Age, years, Male sex, Ever smoking (past/current), Ever alcohol (past/current), Body mass index, kg/m2",2.5899238340835073e-47
ckd,tg,beta,20.9600516790722,10.7948254230651,31.1252779350794,5.55936077344011e-05,34799,"Age, years, Male sex, Ever smoking (past/current), Ever alcohol (past/current), Body mass index, kg/m2",9.690652633697795e-05
high_alt,tg,beta,57.7721698167172,47.901810052427,67.6425295810075,7.958602971913259e-30,34799,"Age, years, Male sex, Ever smoking (past/current), Ever alcohol (past/current), Body mass index, kg/m2",2.9724495935396073e-29
high_ast,tg,beta,64.4630376912538,48.1677546185347,80.7583207639728,1.2274458145044901e-14,34799,"Age, years, Male sex, Ever smoking (past/current), Ever alcohol (past/current), Body mass index, kg/m2",3.1951693707943937e-14
adv_fibrosis,tg,beta,-6.66252840217267,-15.9825278752696,2.65747107092427,0.161285267145383,34799,"Age, years, Male sex, Ever smoking (past/current), Ever alcohol (past/current), Body mass index, kg/m2",0.19601335779366422
anemia,tg,beta,-15.0933624973897,-18.3049752259805,-11.8817497687989,6.01680969334252e-20,34799,"Age, years, Male sex, Ever smoking (past/current), Ever alcohol (past/current), Body mass index, kg/m2",1.8004421189424263e-19
leukocytosis,tg,beta,24.2267866334273,10.3666528321243,38.0869204347304,0.0006211276547041,34799,"Age, years, Male sex, Ever smoking (past/current), Ever alcohol (past/current), Body mass index, kg/m2",0.0010025717689586802
vitd_deficiency,tg,beta,10.4853162321013,5.15309500900904,15.8175374551936,0.0001225809089952,34799,"Age, years, Male sex, Ever smoking (past/current), Ever alcohol (past/current), Body mass index, kg/m2",0.00020937437511207293
osteoporosis,tg,beta,17.34688870119,2.88051953038498,31.813257871995,0.0191858805031832,34799,"Age, years, Male sex, Ever smoking (past/current), Ever alcohol (past/current), Body mass index, kg/m2",0.02658248274280536
current_smoking,tg,beta,34.7255525018315,29.9358808848494,39.5152241188136,2.369327131014e-44,34799,"Age, years, Male sex, Ever alcohol (past/current), Body mass index, kg/m2",1.1494173767811718e-43
age,tchol,beta,2.09078588341121,1.62523410620652,2.5563376606159,2.25759102505617e-18,35798,unadjusted,6.5388450577695974e-18
men,tchol,beta,-1.60331472801924,-2.51868742225789,-0.687942033780601,0.0006052547988591,35798,unadjusted,0.000977847431918234
bmi,tchol,beta,4.77709515607597,4.29495302806561,5.25923728408634,4.50499235006251e-79,35798,"Age, years, Male sex",3.5495711536734143e-78
smoking,tchol,beta,1.66451837842023,0.375195192336195,2.95384156450426,0.0114469794503409,35798,"Age, years, Male sex",0.01630916732366531
alcohol,tchol,beta,2.48489520312281,0.90324298405069,4.06654742219493,0.0020942632344299,35798,"Age, years, Male sex",0.0032153422457114676
wc,tchol,beta,4.98168262938294,4.4599661072856,5.50339915148027,7.32568511202218e-74,35798,"Age, years, Male sex, Ever smoking (past/current), Ever alcohol (past/current)",5.4510121831325856e-73
height,tchol,beta,-0.0927493923031969,-0.879386984872751,0.693888200266357,0.817256539835077,35798,"Age, years, Male sex, Ever smoking (past/current), Ever alcohol (past/current)",0.8445943466253347
weight,tchol,beta,5.105762679106,4.55283511624202,5.65869024196997,1.90305519739089e-69,35798,"Age, years, Male sex, Ever smoking (past/current), Ever alcohol (past/current)",1.3405120810421428e-68
whtr,tchol,beta,5.03780624301604,4.50433976041198,5.5712727256201,2.26996735653125e-72,35798,"Age, years, Male sex, Ever smoking (past/current), Ever alcohol (past/current)",1.6552432773712345e-71
fat_kg,tchol,beta,7.29251761639398,6.24031604249839,8.34471919028956,9.17907271411013e-36,35798,"Age, years, Male sex, Ever smoking (past/current), Ever alcohol (past/current)",3.8532412513821064e-35
lean_kg,tchol,beta,5.19113640759583,3.54960492021048,6.83266789498117,1.2364010344352e-09,35798,"Age, years, Male sex, Ever smoking (past/current), Ever alcohol (past/current)",2.7301595255678838e-09
asmm_kg,tchol,beta,5.32975634026597,3.60463172574905,7.05488095478288,2.8408035384958e-09,35798,"Age, years, Male sex, Ever smoking (past/current), Ever alcohol (past/current)",6.183751583796173e-09
asmi,tchol,beta,5.76716535054232,4.38071964759714,7.15361105348749,3.1589508256101204e-15,35798,"Age, years, Male sex, Ever smoking (past/current), Ever alcohol (past/current)",8.390516446303804e-15
bodyfat_pct,tchol,beta,10.4541079892451,9.11464744995157,11.7935685285386,2.86328639166472e-43,35798,"Age, years, Male sex, Ever smoking (past/current), Ever alcohol (past/current)",1.3683167803857726e-42
asm_pct,tchol,beta,-9.85106005026363,-11.4901503264301,-8.2119697740972,2.71973025182041e-28,35798,"Age, years, Male sex, Ever smoking (past/current), Ever alcohol (past/current)",9.905780710353138e-28
obesity,tchol,beta,7.70618564206514,6.70869614170575,8.70367514242453,6.61682783082536e-50,35798,"Age, years, Male sex, Ever smoking (past/current), Ever alcohol (past/current)",3.5150026576420695e-49
overweight,tchol,beta,9.33321278686511,8.40919302135429,10.2572325523759,6.48042801094398e-82,35798,"Age, years, Male sex, Ever smoking (past/current), Ever alcohol (past/current)",5.222898731017093e-81
abdominal_obesity,tchol,beta,5.60962300337158,4.53638578842172,6.68286021832144,3.2326076613143102e-24,35798,"Age, years, Male sex, Ever smoking (past/current), Ever alcohol (past/current)",1.0781481234042615e-23
central_obesity,tchol,beta,8.22608971484728,7.22487283194991,9.22730659774465,6.12179998071086e-56,35798,"Age, years, Male sex, Ever smoking (past/current), Ever alcohol (past/current)",3.64205735338913e-55
high_bodyfat,tchol,beta,10.9712241771094,8.85385842391121,13.0885899303076,4.542769096844701e-22,35798,"Age, years, Male sex, Ever smoking (past/current), Ever alcohol (past/current)",1.4479305664332159e-21
sarcopenia,tchol,beta,-7.20857860468825,-10.3322901707518,-4.08486703862475,7.70052419022463e-06,35798,"Age, years, Male sex, Ever smoking (past/current), Ever alcohol (past/current)",1.4067036409736072e-05
sbp,tchol,beta,2.96048176933783,2.39916832715396,3.52179521152169,1.27239810300386e-24,35798,"Age, years, Male sex, Ever smoking (past/current), Ever alcohol (past/current), Body mass index, kg/m2",4.309025114211149e-24
dbp,tchol,beta,6.58196615126831,6.07857330483896,7.08535899769766,1.02249130216273e-130,35798,"Age, years, Male sex, Ever smoking (past/current), Ever alcohol (past/current), Body mass index, kg/m2",1.2375307100402526e-129
glucose,tchol,beta,0.352972301889137,-0.350465622825631,1.05641022660391,0.325447437018204,35798,"Age, years, Male sex, Ever smoking (past/current), Ever alcohol (past/current), Body mass index, kg/m2",0.37421673952925705
hba1c,tchol,beta,-0.215315378083734,-0.970000224042744,0.539369467875276,0.576073707809184,35798,"Age, years, Male sex, Ever smoking (past/current), Ever alcohol (past/current), Body mass index, kg/m2",0.6225626262362522
homa_ir,tchol,beta,-0.889773797151089,-1.72107393474631,-0.0584736595558637,0.0361194115110757,35798,"Age, years, Male sex, Ever smoking (past/current), Ever alcohol (past/current), Body mass index, kg/m2",0.048425035151126235
tg,tchol,beta,10.1299232286814,9.4606774304789,10.7991690268839,4.0926467482735403e-169,35798,"Age, years, Male sex, Ever smoking (past/current), Ever alcohol (past/current), Body mass index, kg/m2",6.86395326067591e-168
alt,tchol,beta,3.42779470152477,2.77250308365049,4.08308631939905,2.97555315354115e-24,35798,"Age, years, Male sex, Ever smoking (past/current), Ever alcohol (past/current), Body mass index, kg/m2",9.961880424688146e-24
ast,tchol,beta,1.76831808549529,1.11463944354594,2.42199672744464,1.23060379135722e-07,35798,"Age, years, Male sex, Ever smoking (past/current), Ever alcohol (past/current), Body mass index, kg/m2",2.4866245284911814e-07
creatinine,tchol,beta,-0.572999396280978,-1.0091331681155,-0.136865624446458,0.0100756221867798,35798,"Age, years, Male sex, Ever smoking (past/current), Ever alcohol (past/current), Body mass index, kg/m2",0.01444295536908362
egfr,tchol,beta,-0.717374825491532,-1.46943977917083,0.034690128187764,0.0616509372328843,35798,"Age, years, Male sex, Ever smoking (past/current), Ever alcohol (past/current), Body mass index, kg/m2",0.07956562877765427
hemoglobin,tchol,beta,8.71798101302803,8.08531648890926,9.3506455371468,1.78450905145762e-143,35798,"Age, years, Male sex, Ever smoking (past/current), Ever alcohol (past/current), Body mass index, kg/m2",2.4455411981454234e-142
platelet,tchol,beta,4.59239720088853,4.08944787771707,5.09534652405999,6.6215207450383304e-68,35798,"Age, years, Male sex, Ever smoking (past/current), Ever alcohol (past/current), Body mass index, kg/m2",4.5371587673200386e-67
wbc,tchol,beta,1.07559141562773,0.563624427195069,1.5875584040604,3.93269536370798e-05,35798,"Age, years, Male sex, Ever smoking (past/current), Ever alcohol (past/current), Body mass index, kg/m2",6.911653229031689e-05
fib4,tchol,beta,-3.84118800968067,-5.14500145202653,-2.53737456733481,8.57283526246598e-09,35798,"Age, years, Male sex, Ever smoking (past/current), Ever alcohol (past/current), Body mass index, kg/m2",1.8232805431404097e-08
vitd,tchol,beta,0.802999388365901,0.0026922672183044,1.6033065095135,0.0494711093859499,35798,"Age, years, Male sex, Ever smoking (past/current), Ever alcohol (past/current), Body mass index, kg/m2",0.0647000546815134
fn_bmd,tchol,beta,-1.27823997648044,-2.65774111812087,0.101261165159985,0.0699783824593221,35798,"Age, years, Male sex, Ever smoking (past/current), Ever alcohol (past/current), Body mass index, kg/m2",0.08965582503518822
ls_bmd,tchol,beta,-2.35365401366979,-3.53566757853913,-1.17164044880046,0.0001087698280758,35798,"Age, years, Male sex, Ever smoking (past/current), Ever alcohol (past/current), Body mass index, kg/m2",0.00018650795252335328
insulin,tchol,beta,-1.59829824940123,-2.38818860705206,-0.808407891750395,7.72970268464334e-05,35798,"Age, years, Male sex, Ever smoking (past/current), Ever alcohol (past/current), Body mass index, kg/m2",0.00013364758397306747
hsi,tchol,beta,4.5975577854623,3.59697114594165,5.59814442498294,3.78673228456349e-19,35798,"Age, years, Male sex, Ever smoking (past/current), Ever alcohol (past/current), Body mass index, kg/m2",1.1160561595173733e-18
dm,tchol,beta,-15.7236799034534,-17.4420557204172,-14.0053040864896,2.74752518412339e-68,35798,"Age, years, Male sex, Ever smoking (past/current), Ever alcohol (past/current), Body mass index, kg/m2",1.889996816109879e-67
prediabetes,tchol,beta,9.28857572884215,8.25452965374819,10.3226218039361,5.38903529243568e-66,35798,"Age, years, Male sex, Ever smoking (past/current), Ever alcohol (past/current), Body mass index, kg/m2",3.5947314962042546e-65
htn,tchol,beta,-8.06472532235312,-9.27628532408411,-6.85316532062213,7.5873887141106e-38,35798,"Age, years, Male sex, Ever smoking (past/current), Ever alcohol (past/current), Body mass index, kg/m2",3.3113733644482696e-37
mets,tchol,beta,0.445421003188292,-0.899200604040715,1.7900426104173,0.516214226100216,35798,"Age, years, Male sex, Ever smoking (past/current), Ever alcohol (past/current), Body mass index, kg/m2",0.5630555913053454
high_tg,tchol,beta,19.9955562328069,18.8852826883431,21.1058297772707,2.5558026459507e-227,35798,"Age, years, Male sex, Ever smoking (past/current), Ever alcohol (past/current), Body mass index, kg/m2",9.279934968080789e-226
atherogenic_dyslipidemia,tchol,beta,5.71977275480024,4.3268134316046,7.11273207799588,1.21437074057473e-15,35798,"Age, years, Male sex, Ever smoking (past/current), Ever alcohol (past/current), Body mass index, kg/m2",3.2574362134837772e-15
insulin_resistance,tchol,beta,-1.00900677317795,-2.74653231490847,0.728518768552569,0.25525696273731,35798,"Age, years, Male sex, Ever smoking (past/current), Ever alcohol (past/current), Body mass index, kg/m2",0.29947202623611124
ckd,tchol,beta,-6.53088013331538,-9.14363542805207,-3.91812483857869,1.0570173507982e-06,35798,"Age, years, Male sex, Ever smoking (past/current), Ever alcohol (past/current), Body mass index, kg/m2",2.035437457359902e-06
high_alt,tchol,beta,8.89195160316321,6.93650654885356,10.8473966574729,8.623064319938541e-19,35798,"Age, years, Male sex, Ever smoking (past/current), Ever alcohol (past/current), Body mass index, kg/m2",2.5099531020515325e-18
high_ast,tchol,beta,4.15965046595503,1.62926051097683,6.69004042093323,0.0012871089551226,35798,"Age, years, Male sex, Ever smoking (past/current), Ever alcohol (past/current), Body mass index, kg/m2",0.0020210422380480594
adv_fibrosis,tchol,beta,-17.8035049082527,-20.5141229280069,-15.0928868884984,6.92792658539307e-37,35798,"Age, years, Male sex, Ever smoking (past/current), Ever alcohol (past/current), Body mass index, kg/m2",2.9792622019236134e-36
steatosis,tchol,beta,1.65824470460327,0.167949755726453,3.14853965348008,0.0292722682600569,35798,"Age, years, Male sex, Ever smoking (past/current), Ever alcohol (past/current), Body mass index, kg/m2",0.039667921820669645
masld,tchol,beta,0.531434764613635,-0.962128443741921,2.02499797296919,0.485608018175926,35798,"Age, years, Male sex, Ever smoking (past/current), Ever alcohol (past/current), Body mass index, kg/m2",0.5339717265112742
anemia,tchol,beta,-13.014099448319,-14.6776679339698,-11.3505309626682,4.43094726027022e-51,35798,"Age, years, Male sex, Ever smoking (past/current), Ever alcohol (past/current), Body mass index, kg/m2",2.38620737777855e-50
leukocytosis,tchol,beta,3.89144255349416,-0.524123594596373,8.3070087015847,0.0842115137477661,35798,"Age, years, Male sex, Ever smoking (past/current), Ever alcohol (past/current), Body mass index, kg/m2",0.10645834580747746
vitd_deficiency,tchol,beta,-1.15800949403952,-2.82396704780132,0.507948059722292,0.173339743418435,35798,"Age, years, Male sex, Ever smoking (past/current), Ever alcohol (past/current), Body mass index, kg/m2",0.20936302342926202
osteoporosis,tchol,beta,0.960555565021936,-3.16813499397775,5.08924612402162,0.648606016487222,35798,"Age, years, Male sex, Ever smoking (past/current), Ever alcohol (past/current), Body mass index, kg/m2",0.6907742334647705
current_smoking,tchol,beta,1.94218806969831,0.631945596031045,3.25243054336557,0.0036964539687142,35798,"Age, years, Male sex, Ever alcohol (past/current), Body mass index, kg/m2",0.005561260520209916
age,hdl,beta,-1.20181539560875,-1.36409151657179,-1.03953927464571,3.84328611151003e-46,35794,unadjusted,1.914576193032295e-45
men,hdl,beta,-7.55450532859987,-7.8606746681818,-7.24833598901794,0.0,35794,unadjusted,0.0
bmi,hdl,beta,-3.2887869758576,-3.4346038026201,-3.14297014909509,0.0,35794,"Age, years, Male sex",0.0
smoking,hdl,beta,0.147500747931716,-0.287041492360954,0.582042988224386,0.505910818291422,35794,"Age, years, Male sex",0.5533595969013628
alcohol,hdl,beta,3.56726809356535,3.08544332552218,4.04909286160853,4.0991210418238004e-46,35794,"Age, years, Male sex",2.039139026737772e-45
wc,hdl,beta,-3.65417927454788,-3.81615500144567,-3.4922035476501,0.0,35794,"Age, years, Male sex, Ever smoking (past/current), Ever alcohol (past/current)",0.0
height,hdl,beta,0.437837009695732,0.178994923856232,0.696679095535233,0.0009264568336793,35794,"Age, years, Male sex, Ever smoking (past/current), Ever alcohol (past/current)",0.0014771303613483455
weight,hdl,beta,-3.32088453681774,-3.48751252215878,-3.1542565514767,1.75992014273159e-268,35794,"Age, years, Male sex, Ever smoking (past/current), Ever alcohol (past/current)",9.838791655080412e-267
whtr,hdl,beta,-3.81975475413552,-3.98532126061041,-3.65418824766063,0.0,35794,"Age, years, Male sex, Ever smoking (past/current), Ever alcohol (past/current)",0.0
fat_kg,hdl,beta,-2.59337376153022,-2.94549374067836,-2.24125378238209,1.88609436692756e-39,35794,"Age, years, Male sex, Ever smoking (past/current), Ever alcohol (past/current)",8.419295767197549e-39
lean_kg,hdl,beta,-3.23825425985781,-3.79085296422306,-2.68565555549255,3.98276525306929e-27,35794,"Age, years, Male sex, Ever smoking (past/current), Ever alcohol (past/current)",1.4197671276629594e-26
asmm_kg,hdl,beta,-3.08688581971212,-3.65926097954649,-2.51451065987774,1.31875683357569e-23,35794,"Age, years, Male sex, Ever smoking (past/current), Ever alcohol (past/current)",4.320615411956819e-23
asmi,hdl,beta,-2.87635951759935,-3.38558260967287,-2.36713642552584,1.64298131124888e-25,35794,"Age, years, Male sex, Ever smoking (past/current), Ever alcohol (past/current)",5.667561389048537e-25
bodyfat_pct,hdl,beta,-3.13157308426947,-3.62224305896172,-2.64090310957723,2.9973456802320204e-31,35794,"Age, years, Male sex, Ever smoking (past/current), Ever alcohol (past/current)",1.15625974652543e-30
asm_pct,hdl,beta,2.95963490012288,2.40879527289182,3.51047452735394,1.8547482789192998e-23,35794,"Age, years, Male sex, Ever smoking (past/current), Ever alcohol (past/current)",6.059762002183463e-23
obesity,hdl,beta,-5.58474852477393,-5.88273726279989,-5.28675978674797,7.71629739234686e-243,35794,"Age, years, Male sex, Ever smoking (past/current), Ever alcohol (past/current)",3.274313182632005e-241
overweight,hdl,beta,-6.06842604551,-6.38740662350204,-5.74944546751796,6.77831083258785e-249,35794,"Age, years, Male sex, Ever smoking (past/current), Ever alcohol (past/current)",3.021925411692963e-247
abdominal_obesity,hdl,beta,-5.43281205275509,-5.74870076730469,-5.11692333820549,2.37238837157828e-210,35794,"Age, years, Male sex, Ever smoking (past/current), Ever alcohol (past/current)",7.021472138402271e-209
central_obesity,hdl,beta,-6.3937412614151,-6.71402285304975,-6.07345966978045,4.6177729518514105e-269,35794,"Age, years, Male sex, Ever smoking (past/current), Ever alcohol (past/current)",2.6231929574872048e-267
high_bodyfat,hdl,beta,-3.0695723879858,-3.70566423271527,-2.43348054325633,1.42662085659368e-19,35794,"Age, years, Male sex, Ever smoking (past/current), Ever alcohol (past/current)",4.2473023304505e-19
sarcopenia,hdl,beta,3.60005805851863,2.3733356579339,4.82678045910337,1.57765726706363e-08,35794,"Age, years, Male sex, Ever smoking (past/current), Ever alcohol (past/current)",3.311387899045355e-08
sbp,hdl,beta,0.547161889349109,0.378153419793117,0.716170358905102,2.56512478902831e-10,35794,"Age, years, Male sex, Ever smoking (past/current), Ever alcohol (past/current), Body mass index, kg/m2",5.809883927303993e-10
dbp,hdl,beta,0.296245131762534,0.136702450128523,0.455787813396544,0.0002780482101555,35794,"Age, years, Male sex, Ever smoking (past/current), Ever alcohol (past/current), Body mass index, kg/m2",0.00046149189263320977
glucose,hdl,beta,-0.846949629665241,-1.0085583078152,-0.685340951515286,2.45591039777424e-24,35794,"Age, years, Male sex, Ever smoking (past/current), Ever alcohol (past/current), Body mass index, kg/m2",8.245678189667182e-24
hba1c,hdl,beta,-1.5970114524808,-1.77914782710509,-1.4148750778565,7.3529020642808e-63,35794,"Age, years, Male sex, Ever smoking (past/current), Ever alcohol (past/current), Body mass index, kg/m2",4.734354857476596e-62
homa_ir,hdl,beta,-2.79473729033677,-3.04635598294112,-2.54311859773241,3.2437243604067e-89,35794,"Age, years, Male sex, Ever smoking (past/current), Ever alcohol (past/current), Body mass index, kg/m2",2.8069771983666823e-88
tg,hdl,beta,-3.39192063713233,-3.72501207549058,-3.05882919877409,3.82014822576547e-83,35794,"Age, years, Male sex, Ever smoking (past/current), Ever alcohol (past/current), Body mass index, kg/m2",3.1144819562837923e-82
alt,hdl,beta,-0.532066868732442,-0.713766489300312,-0.350367248164572,1.04842486545031e-08,35794,"Age, years, Male sex, Ever smoking (past/current), Ever alcohol (past/current), Body mass index, kg/m2",2.216417992866742e-08
ast,hdl,beta,0.310656204640177,0.126925959112559,0.494386450167796,0.0009309618202089,35794,"Age, years, Male sex, Ever smoking (past/current), Ever alcohol (past/current), Body mass index, kg/m2",0.0014822999687051292
creatinine,hdl,beta,-0.53550475994974,-0.923253916289837,-0.147755603609643,0.0068356038480257,35794,"Age, years, Male sex, Ever smoking (past/current), Ever alcohol (past/current), Body mass index, kg/m2",0.010039614992805052
egfr,hdl,beta,0.81479821439751,0.587661871081161,1.04193455771386,2.5993529889289997e-12,35794,"Age, years, Male sex, Ever smoking (past/current), Ever alcohol (past/current), Body mass index, kg/m2",6.331204168055281e-12
hemoglobin,hdl,beta,-0.0600662901709988,-0.281189303165353,0.161056722823355,0.594477203825126,35794,"Age, years, Male sex, Ever smoking (past/current), Ever alcohol (past/current), Body mass index, kg/m2",0.6400943784384266
platelet,hdl,beta,-0.220165892586152,-0.3796750039912,-0.0606567811811041,0.0068649606897834,35794,"Age, years, Male sex, Ever smoking (past/current), Ever alcohol (past/current), Body mass index, kg/m2",0.010078529199423565
wbc,hdl,beta,-1.1600875069553,-1.32218228782484,-0.997992726085763,2.68374459377752e-43,35794,"Age, years, Male sex, Ever smoking (past/current), Ever alcohol (past/current), Body mass index, kg/m2",1.2842593015332098e-42
fib4,hdl,beta,0.542350183314638,0.0824806546167761,1.0022197120125,0.0208753868087646,35794,"Age, years, Male sex, Ever smoking (past/current), Ever alcohol (past/current), Body mass index, kg/m2",0.028821290607788683
vitd,hdl,beta,0.346810150078389,0.0910159621608255,0.602604337995952,0.0079840639998567,35794,"Age, years, Male sex, Ever smoking (past/current), Ever alcohol (past/current), Body mass index, kg/m2",0.01158149646107714
fn_bmd,hdl,beta,0.301596260595435,-0.119634286115113,0.722826807305983,0.161166806501553,35794,"Age, years, Male sex, Ever smoking (past/current), Ever alcohol (past/current), Body mass index, kg/m2",0.1959370012076181
ls_bmd,hdl,beta,-0.0057728871380165,-0.36023450043478,0.348688726158747,0.974548202001869,35794,"Age, years, Male sex, Ever smoking (past/current), Ever alcohol (past/current), Body mass index, kg/m2",0.9778799907266617
insulin,hdl,beta,-2.61869384363124,-2.88310802552295,-2.35427966173953,1.76128991935719e-73,35794,"Age, years, Male sex, Ever smoking (past/current), Ever alcohol (past/current), Body mass index, kg/m2",1.303206532768072e-72
hsi,hdl,beta,-3.20764349149898,-3.52486062102774,-2.89042636197022,4.4377953193900195e-82,35794,"Age, years, Male sex, Ever smoking (past/current), Ever alcohol (past/current), Body mass index, kg/m2",3.5848429162595526e-81
dm,hdl,beta,-2.7547984500208,-3.18705242025213,-2.32254447978948,6.50967059217627e-35,35794,"Age, years, Male sex, Ever smoking (past/current), Ever alcohol (past/current), Body mass index, kg/m2",2.6973011559582144e-34
prediabetes,hdl,beta,-0.0197293989110622,-0.337226945693547,0.297768147871423,0.90306980664838,35794,"Age, years, Male sex, Ever smoking (past/current), Ever alcohol (past/current), Body mass index, kg/m2",0.9173959789488302
htn,hdl,beta,0.164867831489814,-0.201129041540139,0.530864704519767,0.377360199262145,35794,"Age, years, Male sex, Ever smoking (past/current), Ever alcohol (past/current), Body mass index, kg/m2",0.4285916226382698
high_tg,hdl,beta,-7.84220281361668,-8.14935105187347,-7.5350545753599,0.0,35794,"Age, years, Male sex, Ever smoking (past/current), Ever alcohol (past/current), Body mass index, kg/m2",0.0
insulin_resistance,hdl,beta,-4.01516235876694,-4.49695463210717,-3.53337008542671,1.8481418196699e-54,35794,"Age, years, Male sex, Ever smoking (past/current), Ever alcohol (past/current), Body mass index, kg/m2",1.0705847843548336e-53
ckd,hdl,beta,-2.3391907923012,-3.02436421173709,-1.65401737286531,3.02303514662791e-11,35794,"Age, years, Male sex, Ever smoking (past/current), Ever alcohol (past/current), Body mass index, kg/m2",7.098086524282333e-11
high_alt,hdl,beta,-2.32249934367943,-2.81894058520154,-1.82605810215731,8.77673164161605e-20,35794,"Age, years, Male sex, Ever smoking (past/current), Ever alcohol (past/current), Body mass index, kg/m2",2.6218531672410284e-19
high_ast,hdl,beta,0.0106403856220372,-0.74572757362879,0.767008344872864,0.978004804426701,35794,"Age, years, Male sex, Ever smoking (past/current), Ever alcohol (past/current), Body mass index, kg/m2",0.981068903785486
adv_fibrosis,hdl,beta,0.66345321994048,-0.27730663522787,1.60421307510883,0.167004260730743,35794,"Age, years, Male sex, Ever smoking (past/current), Ever alcohol (past/current), Body mass index, kg/m2",0.20233539948182902
anemia,hdl,beta,-1.0803452374008,-1.66124280172044,-0.499447673081158,0.000271903839979,35794,"Age, years, Male sex, Ever smoking (past/current), Ever alcohol (past/current), Body mass index, kg/m2",0.0004521460455174873
leukocytosis,hdl,beta,-1.65623343286754,-2.97310384690716,-0.339363018827916,0.0137551295952869,35794,"Age, years, Male sex, Ever smoking (past/current), Ever alcohol (past/current), Body mass index, kg/m2",0.019401508383900864
vitd_deficiency,hdl,beta,-0.459814049172633,-0.965440633018217,0.0458125346729509,0.0749465392832301,35794,"Age, years, Male sex, Ever smoking (past/current), Ever alcohol (past/current), Body mass index, kg/m2",0.09563830121577406
osteoporosis,hdl,beta,-0.888550819787645,-2.03284339318421,0.255741753608923,0.128713960705282,35794,"Age, years, Male sex, Ever smoking (past/current), Ever alcohol (past/current), Body mass index, kg/m2",0.15872919103781624
current_smoking,hdl,beta,-1.68654693218408,-2.10963909781167,-1.26345476655649,7.746878193477441e-15,35794,"Age, years, Male sex, Ever alcohol (past/current), Body mass index, kg/m2",2.031608711647621e-14
age,ldl,beta,-1.86952539392252,-2.56913456304988,-1.16991622479516,1.77712723881229e-07,12077,unadjusted,3.5643747921964035e-07
men,ldl,beta,1.51463119679676,0.117731484415185,2.91153090917833,0.0336787865912151,12077,unadjusted,0.04532544378076408
bmi,ldl,beta,4.20698454023668,3.45029978890811,4.96366929156525,5.50874183164644e-27,12077,"Age, years, Male sex",1.959776639500885e-26
smoking,ldl,beta,-2.76062446105741,-4.76233474030788,-0.758914181806952,0.0069215039331139,12077,"Age, years, Male sex",0.010157307021844648
alcohol,ldl,beta,-0.582585015321226,-3.09926478097557,1.93409475033312,0.650074717984127,12077,"Age, years, Male sex",0.6919199627501043
wc,ldl,beta,4.28780765029749,3.42052365201125,5.15509164858373,8.87774332242619e-22,12077,"Age, years, Male sex, Ever smoking (past/current), Ever alcohol (past/current)",2.7992311532305318e-21
height,ldl,beta,0.217456923174078,-0.95583995849032,1.39075380483848,0.716442640800715,12077,"Age, years, Male sex, Ever smoking (past/current), Ever alcohol (past/current)",0.7544595766108677
weight,ldl,beta,4.55425400384723,3.65842846531549,5.45007954237898,6.502989032337661e-23,12077,"Age, years, Male sex, Ever smoking (past/current), Ever alcohol (past/current)",2.1070402366047139e-22
whtr,ldl,beta,4.19989945642477,3.33075113216579,5.06904778068375,6.811154211420071e-21,12077,"Age, years, Male sex, Ever smoking (past/current), Ever alcohol (past/current)",2.0950991382202174e-20
fat_kg,ldl,beta,6.62601101602718,4.44696878826187,8.80505324379248,5.727575490941851e-09,12077,"Age, years, Male sex, Ever smoking (past/current), Ever alcohol (past/current)",1.2285335492751034e-08
lean_kg,ldl,beta,3.62994670519887,-0.0988292249816891,7.35872263537943,0.0571320769097288,12077,"Age, years, Male sex, Ever smoking (past/current), Ever alcohol (past/current)",0.07408658868780002
asmm_kg,ldl,beta,4.40281165137782,0.443686285081847,8.3619370176738,0.0298918787764527,12077,"Age, years, Male sex, Ever smoking (past/current), Ever alcohol (past/current)",0.04046087511555204
asmi,ldl,beta,4.86939599190071,1.76625201264517,7.97253997115626,0.0022516202678966,12077,"Age, years, Male sex, Ever smoking (past/current), Ever alcohol (past/current)",0.00345091670301646
bodyfat_pct,ldl,beta,10.185891948421,7.8355810681751,12.536202828667,4.46141822337361e-16,12077,"Age, years, Male sex, Ever smoking (past/current), Ever alcohol (past/current)",1.2087011525170657e-15
asm_pct,ldl,beta,-8.68892484335058,-11.4780708690786,-5.89977881762253,2.50976540233823e-09,12077,"Age, years, Male sex, Ever smoking (past/current), Ever alcohol (past/current)",5.476699967184168e-09
obesity,ldl,beta,5.46962449811841,3.91665321202263,7.02259578421419,6.6003726018656796e-12,12077,"Age, years, Male sex, Ever smoking (past/current), Ever alcohol (past/current)",1.5771039554797097e-11
overweight,ldl,beta,8.09525183866101,6.56715386640061,9.62334981092141,1.06592211188842e-24,12077,"Age, years, Male sex, Ever smoking (past/current), Ever alcohol (past/current)",3.616741501031806e-24
abdominal_obesity,ldl,beta,4.11892562829907,2.47995859910769,5.75789265749044,9.02291514070745e-07,12077,"Age, years, Male sex, Ever smoking (past/current), Ever alcohol (past/current)",1.7499288064742093e-06
central_obesity,ldl,beta,6.44590669848085,4.81770896683676,8.07410443012493,1.2892737795093801e-14,12077,"Age, years, Male sex, Ever smoking (past/current), Ever alcohol (past/current)",3.353635340791755e-14
high_bodyfat,ldl,beta,12.3865217606993,8.61878965574074,16.1542538656579,3.5093123122422203e-10,12077,"Age, years, Male sex, Ever smoking (past/current), Ever alcohol (past/current)",7.903694721563011e-10
sarcopenia,ldl,beta,-7.27763299465047,-12.3869558829056,-2.16831010639538,0.0055043646675656,12077,"Age, years, Male sex, Ever smoking (past/current), Ever alcohol (past/current)",0.008183356842197571
sbp,ldl,beta,0.517303430706699,-0.385753416062091,1.42036027747549,0.261660951859687,12077,"Age, years, Male sex, Ever smoking (past/current), Ever alcohol (past/current), Body mass index, kg/m2",0.3063729629154979
dbp,ldl,beta,3.45940137112595,2.66292076075999,4.2558819814919,3.0648273719441703e-17,12077,"Age, years, Male sex, Ever smoking (past/current), Ever alcohol (past/current), Body mass index, kg/m2",8.573726770442707e-17
glucose,ldl,beta,-1.50727054278667,-2.53305359435566,-0.481487491217674,0.0040146862029496,12077,"Age, years, Male sex, Ever smoking (past/current), Ever alcohol (past/current), Body mass index, kg/m2",0.0060143448774089715
hba1c,ldl,beta,-1.83664622814228,-2.98880652853103,-0.684485927753532,0.001807629520556,12077,"Age, years, Male sex, Ever smoking (past/current), Ever alcohol (past/current), Body mass index, kg/m2",0.0027947634641783286
homa_ir,ldl,beta,-0.683873341811828,-2.04034614660048,0.672599462976824,0.323367225937696,12077,"Age, years, Male sex, Ever smoking (past/current), Ever alcohol (past/current), Body mass index, kg/m2",0.3719462344064551
tg,ldl,beta,-2.32810479843909,-3.03895759043257,-1.61725200644561,1.6681175687612801e-10,12077,"Age, years, Male sex, Ever smoking (past/current), Ever alcohol (past/current), Body mass index, kg/m2",3.8100584158088384e-10
alt,ldl,beta,1.2803440149891,0.413753501647024,2.14693452833117,0.003818655577893,12077,"Age, years, Male sex, Ever smoking (past/current), Ever alcohol (past/current), Body mass index, kg/m2",0.005735311277330127
ast,ldl,beta,-1.34574086705908,-2.08832746497228,-0.60315426914588,0.0003902621932697,12077,"Age, years, Male sex, Ever smoking (past/current), Ever alcohol (past/current), Body mass index, kg/m2",0.0006396014167965953
creatinine,ldl,beta,-0.413699662105063,-0.917325872232745,0.0899265480226195,0.107533440099869,12077,"Age, years, Male sex, Ever smoking (past/current), Ever alcohol (past/current), Body mass index, kg/m2",0.1338962768488798
egfr,ldl,beta,-0.573271565334659,-1.67841270048677,0.531869569817451,0.309399683329168,12077,"Age, years, Male sex, Ever smoking (past/current), Ever alcohol (past/current), Body mass index, kg/m2",0.3575149884138221
hemoglobin,ldl,beta,6.67032069737237,5.62319626123346,7.71744513351127,1.2469277459641099e-34,12077,"Age, years, Male sex, Ever smoking (past/current), Ever alcohol (past/current), Body mass index, kg/m2",5.138951042785105e-34
platelet,ldl,beta,4.53124513154099,3.7789157847757,5.28357447830627,3.0555917994460302e-31,12077,"Age, years, Male sex, Ever smoking (past/current), Ever alcohol (past/current), Body mass index, kg/m2",1.1774392032438642e-30
wbc,ldl,beta,0.669014958359027,-0.113409889603434,1.45143980632149,0.0938968323764041,12077,"Age, years, Male sex, Ever smoking (past/current), Ever alcohol (past/current), Body mass index, kg/m2",0.11798239159104361
fib4,ldl,beta,-4.93350555647558,-7.39318020442867,-2.47383090852249,8.70662490825694e-05,12077,"Age, years, Male sex, Ever smoking (past/current), Ever alcohol (past/current), Body mass index, kg/m2",0.0001499497942634765
vitd,ldl,beta,-0.150755248500685,-1.78924657047666,1.48773607347529,0.856937806375888,12077,"Age, years, Male sex, Ever smoking (past/current), Ever alcohol (past/current), Body mass index, kg/m2",0.8786419080220895
fn_bmd,ldl,beta,-0.175711861429743,-2.73319061869581,2.38176689583632,0.892949658788853,12077,"Age, years, Male sex, Ever smoking (past/current), Ever alcohol (past/current), Body mass index, kg/m2",0.9102659039809957
ls_bmd,ldl,beta,-1.92752042443713,-4.11864286960777,0.263602020733501,0.0854801860476959,12077,"Age, years, Male sex, Ever smoking (past/current), Ever alcohol (past/current), Body mass index, kg/m2",0.10790724561289784
insulin,ldl,beta,-0.337442996856025,-1.6655469904567,0.99066099674465,0.618618846380613,12077,"Age, years, Male sex, Ever smoking (past/current), Ever alcohol (past/current), Body mass index, kg/m2",0.6622418167028934
hsi,ldl,beta,3.65493754527709,2.09037428324721,5.21950080730697,4.93554458346436e-06,12077,"Age, years, Male sex, Ever smoking (past/current), Ever alcohol (past/current), Body mass index, kg/m2",9.129720600294892e-06
dm,ldl,beta,-16.7430611129121,-19.1242933306517,-14.3618288951726,1.57170929806539e-41,12077,"Age, years, Male sex, Ever smoking (past/current), Ever alcohol (past/current), Body mass index, kg/m2",7.302849799190374e-41
prediabetes,ldl,beta,7.15771865431715,5.56957891852145,8.74585839011285,2.0052485474357398e-18,12077,"Age, years, Male sex, Ever smoking (past/current), Ever alcohol (past/current), Body mass index, kg/m2",5.8175332652954494e-18
htn,ldl,beta,-12.8093948439735,-14.6117996896385,-11.0069899983085,2.3635411150521896e-42,12077,"Age, years, Male sex, Ever smoking (past/current), Ever alcohol (past/current), Body mass index, kg/m2",1.1084409863134236e-41
mets,ldl,beta,-5.74340055917618,-7.61360654757839,-3.87319457077397,2.04550536782061e-09,12077,"Age, years, Male sex, Ever smoking (past/current), Ever alcohol (past/current), Body mass index, kg/m2",4.4774828498845175e-09
high_tg,ldl,beta,7.26899512342489,5.69140637990567,8.84658386694412,3.5812372279594704e-19,12077,"Age, years, Male sex, Ever smoking (past/current), Ever alcohol (past/current), Body mass index, kg/m2",1.0563750014131704e-18
atherogenic_dyslipidemia,ldl,beta,-4.58200620637113,-6.37822630029355,-2.7857861124487,6.18545305786371e-07,12077,"Age, years, Male sex, Ever smoking (past/current), Ever alcohol (past/current), Body mass index, kg/m2",1.206934386138282e-06
insulin_resistance,ldl,beta,-0.723550901634659,-3.59061488945691,2.14351308618759,0.620985238211695,12077,"Age, years, Male sex, Ever smoking (past/current), Ever alcohol (past/current), Body mass index, kg/m2",0.6641694530767052
ckd,ldl,beta,-7.49608892030861,-11.4111499693403,-3.58102787127689,0.000182320086771,12077,"Age, years, Male sex, Ever smoking (past/current), Ever alcohol (past/current), Body mass index, kg/m2",0.0003069461499079646
high_alt,ldl,beta,1.27707052843713,-1.39778376519046,3.95192482206472,0.34949086884266,12077,"Age, years, Male sex, Ever smoking (past/current), Ever alcohol (past/current), Body mass index, kg/m2",0.3989973549639703
high_ast,ldl,beta,-4.4239268425959,-7.80009347477939,-1.0477602104124,0.0102853037271784,12077,"Age, years, Male sex, Ever smoking (past/current), Ever alcohol (past/current), Body mass index, kg/m2",0.01472554460452127
adv_fibrosis,ldl,beta,-18.3412882171145,-22.8596886355059,-13.8228877987232,2.79517771771782e-15,12077,"Age, years, Male sex, Ever smoking (past/current), Ever alcohol (past/current), Body mass index, kg/m2",7.429898808907292e-15
steatosis,ldl,beta,-0.665806315091118,-2.89127695284796,1.55966432266573,0.557676735101942,12077,"Age, years, Male sex, Ever smoking (past/current), Ever alcohol (past/current), Body mass index, kg/m2",0.6041640913654384
masld,ldl,beta,1.43192473975012,-0.738412515197032,3.60226199469728,0.196092811412747,12077,"Age, years, Male sex, Ever smoking (past/current), Ever alcohol (past/current), Body mass index, kg/m2",0.23459201147951594
anemia,ldl,beta,-10.8815872468693,-13.4755450626488,-8.28762943108987,3.34926441478365e-16,12077,"Age, years, Male sex, Ever smoking (past/current), Ever alcohol (past/current), Body mass index, kg/m2",9.108964686384568e-16
leukocytosis,ldl,beta,1.03436459424064,-5.55402870267526,7.62275789115655,0.758327062385148,12077,"Age, years, Male sex, Ever smoking (past/current), Ever alcohol (past/current), Body mass index, kg/m2",0.7925305381959915
vitd_deficiency,ldl,beta,-0.099236039082289,-3.48441096157112,3.28593888340654,0.954196602726843,12077,"Age, years, Male sex, Ever smoking (past/current), Ever alcohol (past/current), Body mass index, kg/m2",0.960468829609586
osteoporosis,ldl,beta,-0.392165897925365,-8.2037516789351,7.41941988308437,0.921681248971016,12077,"Age, years, Male sex, Ever smoking (past/current), Ever alcohol (past/current), Body mass index, kg/m2",0.931199471851956
current_smoking,ldl,beta,-2.7477959490457,-4.7569898574423,-0.738602040649093,0.0074048250355895,12077,"Age, years, Male sex, Ever alcohol (past/current), Body mass index, kg/m2",0.010803559973217159
age,nonhdl,beta,3.29271371959219,2.82062749647214,3.76479994271224,2.81555812442032e-41,35794,unadjusted,1.306507999236939e-40
men,nonhdl,beta,5.9510637010173,5.01604532230661,6.88608207972799,7.90401506857124e-35,35794,unadjusted,3.263533537105265e-34
bmi,nonhdl,beta,8.06565996776298,7.58065617621616,8.5506637593098,8.082317937234501e-199,35794,"Age, years, Male sex",1.9233732280364806e-197
smoking,nonhdl,beta,1.5150596635156,0.208403325894601,2.8217160011366,0.0231227765310169,35794,"Age, years, Male sex",0.031787048767463515
alcohol,nonhdl,beta,-1.09274642289751,-2.66419669514338,0.478703849348357,0.173009203776673,35794,"Age, years, Male sex",0.20903547708454281
wc,nonhdl,beta,8.63550045654556,8.11986583203862,9.1511350810525,4.16712480667884e-201,35794,"Age, years, Male sex, Ever smoking (past/current), Ever alcohol (past/current)",1.0335643358537236e-199
height,nonhdl,beta,-0.530518667457092,-1.31398052161199,0.25294318669781,0.18454461525933,35794,"Age, years, Male sex, Ever smoking (past/current), Ever alcohol (past/current)",0.2218314453731605
weight,nonhdl,beta,8.42638250792766,7.87896753822494,8.97379747763039,4.0294402518852097e-174,35794,"Age, years, Male sex, Ever smoking (past/current), Ever alcohol (past/current)",7.131501792532516e-173
whtr,nonhdl,beta,8.85713569795772,8.32756099758055,9.38671039833489,1.18699861227311e-200,35794,"Age, years, Male sex, Ever smoking (past/current), Ever alcohol (past/current)",2.9032007725179815e-199
fat_kg,nonhdl,beta,9.88589137792425,8.77536479525086,10.9964179605976,4.34749827820258e-53,35794,"Age, years, Male sex, Ever smoking (past/current), Ever alcohol (past/current)",2.4459886478960844e-52
lean_kg,nonhdl,beta,8.42939066745365,6.78555204222708,10.0732292926802,1.0994944628961001e-21,35794,"Age, years, Male sex, Ever smoking (past/current), Ever alcohol (past/current)",3.460607237104615e-21
asmm_kg,nonhdl,beta,8.4166421599781,6.67536710314108,10.1579172168151,1.25864883738803e-19,35794,"Age, years, Male sex, Ever smoking (past/current), Ever alcohol (past/current)",3.7535657961732784e-19
asmi,nonhdl,beta,8.64352486814172,7.24649773724149,10.0405519990419,1.09436023895431e-29,35794,"Age, years, Male sex, Ever smoking (past/current), Ever alcohol (past/current)",4.074351756445116e-29
bodyfat_pct,nonhdl,beta,13.5856810735146,12.2237166195451,14.947645527484,5.98095661980065e-63,35794,"Age, years, Male sex, Ever smoking (past/current), Ever alcohol (past/current)",3.858045643761518e-62
asm_pct,nonhdl,beta,-12.8106949503866,-14.4643492310402,-11.1570406697329,9.19218977413619e-43,35794,"Age, years, Male sex, Ever smoking (past/current), Ever alcohol (past/current)",4.3514640301757615e-42
obesity,nonhdl,beta,13.2900235246033,12.2946906680203,14.2853563811862,1.07951106921924e-135,35794,"Age, years, Male sex, Ever smoking (past/current), Ever alcohol (past/current)",1.3627376293154707e-134
overweight,nonhdl,beta,15.4023675104597,14.4872007662141,16.3175342547052,7.104173630836099e-203,35794,"Age, years, Male sex, Ever smoking (past/current), Ever alcohol (past/current)",1.8131086614351264e-201
abdominal_obesity,nonhdl,beta,11.0413195453721,9.96620350770562,12.1164355830386,1.95858299940058e-84,35794,"Age, years, Male sex, Ever smoking (past/current), Ever alcohol (past/current)",1.6230892526797277e-83
central_obesity,nonhdl,beta,14.622529435003,13.626479249864,15.618579620142,2.63999221216261e-160,35794,"Age, years, Male sex, Ever smoking (past/current), Ever alcohol (past/current)",4.114182553644563e-159
high_bodyfat,nonhdl,beta,14.0407965650953,11.8694542851907,16.2121388449998,6.24325481498366e-32,35794,"Age, years, Male sex, Ever smoking (past/current), Ever alcohol (past/current)",2.4377764366266576e-31
sarcopenia,nonhdl,beta,-10.808636663207,-13.7571398013686,-7.86013352504546,2.6044475919749398e-12,35794,"Age, years, Male sex, Ever smoking (past/current), Ever alcohol (past/current)",6.33922903865635e-12
sbp,nonhdl,beta,2.41228456831654,1.85098840926648,2.9735807273666,5.67350568366765e-17,35794,"Age, years, Male sex, Ever smoking (past/current), Ever alcohol (past/current), Body mass index, kg/m2",1.5733926785730285e-16
dbp,nonhdl,beta,6.28698203441042,5.78656903296,6.78739503586083,1.01432851039003e-121,35794,"Age, years, Male sex, Ever smoking (past/current), Ever alcohol (past/current), Body mass index, kg/m2",1.1341158773313288e-120
glucose,nonhdl,beta,1.19929470500562,0.498348035867238,1.900241374144,0.0008082589825175,35794,"Age, years, Male sex, Ever smoking (past/current), Ever alcohol (past/current), Body mass index, kg/m2",0.0012963060730540232
hba1c,nonhdl,beta,1.38119489550427,0.639870005249222,2.12251978575931,0.0002654622131366,35794,"Age, years, Male sex, Ever smoking (past/current), Ever alcohol (past/current), Body mass index, kg/m2",0.000441851566477838
homa_ir,nonhdl,beta,1.90496349318565,1.10125375388523,2.70867323248606,3.7530199413224e-06,35794,"Age, years, Male sex, Ever smoking (past/current), Ever alcohol (past/current), Body mass index, kg/m2",6.993722874781741e-06
tg,nonhdl,beta,13.5215501300374,12.6948018748783,14.3482983851965,3.17355105933618e-193,35794,"Age, years, Male sex, Ever smoking (past/current), Ever alcohol (past/current), Body mass index, kg/m2",6.985779269363767e-192
alt,nonhdl,beta,3.95964844444571,3.23332481994885,4.68597206894257,3.64544675964628e-26,35794,"Age, years, Male sex, Ever smoking (past/current), Ever alcohol (past/current), Body mass index, kg/m2",1.2762687363294432e-25
ast,nonhdl,beta,1.45806340904871,0.794685768432078,2.12144104966533,1.70252909538215e-05,35794,"Age, years, Male sex, Ever smoking (past/current), Ever alcohol (past/current), Body mass index, kg/m2",3.06246551273541e-05
creatinine,nonhdl,beta,-0.0372585132703149,-0.613015683723824,0.538498657183195,0.899079915775319,35794,"Age, years, Male sex, Ever smoking (past/current), Ever alcohol (past/current), Body mass index, kg/m2",0.9143977659141419
egfr,nonhdl,beta,-1.53312737883827,-2.27638395740524,-0.789870800271302,5.42973610120238e-05,35794,"Age, years, Male sex, Ever smoking (past/current), Ever alcohol (past/current), Body mass index, kg/m2",9.481175284300835e-05
hemoglobin,nonhdl,beta,8.77770484339452,8.15844153935065,9.39696814743839,8.58568186697928e-151,35794,"Age, years, Male sex, Ever smoking (past/current), Ever alcohol (past/current), Body mass index, kg/m2",1.2443938903498365e-149
platelet,nonhdl,beta,4.81106474885381,4.31641289485188,5.30571660285573,2.8340333064528503e-76,35794,"Age, years, Male sex, Ever smoking (past/current), Ever alcohol (past/current), Body mass index, kg/m2",2.1746111776311413e-75
wbc,nonhdl,beta,2.23304008034314,1.73356905772608,2.7325111029602,3.1826936316717e-18,35794,"Age, years, Male sex, Ever smoking (past/current), Ever alcohol (past/current), Body mass index, kg/m2",9.180546249588637e-18
fib4,nonhdl,beta,-4.38194206205121,-6.04187849353731,-2.7220056305651,2.45255565986073e-07,35794,"Age, years, Male sex, Ever smoking (past/current), Ever alcohol (past/current), Body mass index, kg/m2",4.888455593678264e-07
vitd,nonhdl,beta,0.456189238287514,-0.30450544864888,1.21688392522391,0.240073413185665,35794,"Age, years, Male sex, Ever smoking (past/current), Ever alcohol (past/current), Body mass index, kg/m2",0.2828834263097732
fn_bmd,nonhdl,beta,-1.5798362370759,-2.96832775783,-0.191344716321797,0.0262051395768597,35794,"Age, years, Male sex, Ever smoking (past/current), Ever alcohol (past/current), Body mass index, kg/m2",0.03570386908692451
ls_bmd,nonhdl,beta,-2.34788112653175,-3.53115392947398,-1.16460832358952,0.0001149016194701,35794,"Age, years, Male sex, Ever smoking (past/current), Ever alcohol (past/current), Body mass index, kg/m2",0.000196734809807337
insulin,nonhdl,beta,1.02039559423005,0.262279716023292,1.77851147243681,0.0084421471381682,35794,"Age, years, Male sex, Ever smoking (past/current), Ever alcohol (past/current), Body mass index, kg/m2",0.01221579384577995
hsi,nonhdl,beta,7.80304377908754,6.79334827744782,8.81273928072727,6.178135675568779e-50,35794,"Age, years, Male sex, Ever smoking (past/current), Ever alcohol (past/current), Body mass index, kg/m2",3.2869174999023022e-49
dm,nonhdl,beta,-12.9699382815985,-14.7025859206891,-11.2372906425078,4.58852198182127e-47,35794,"Age, years, Male sex, Ever smoking (past/current), Ever alcohol (past/current), Body mass index, kg/m2",2.3152971948387556e-46
prediabetes,nonhdl,beta,9.31092821519674,8.29528915735759,10.3265672730359,1.58906547625716e-68,35794,"Age, years, Male sex, Ever smoking (past/current), Ever alcohol (past/current), Body mass index, kg/m2",1.0973899230152387e-67
htn,nonhdl,beta,-8.2308277658943,-9.44274953968478,-7.01890599210381,2.77000584858131e-39,35794,"Age, years, Male sex, Ever smoking (past/current), Ever alcohol (past/current), Body mass index, kg/m2",1.2333704928828537e-38
high_tg,nonhdl,beta,27.8374334048374,26.7632872456576,28.9115795640173,0.0,35794,"Age, years, Male sex, Ever smoking (past/current), Ever alcohol (past/current), Body mass index, kg/m2",0.0
insulin_resistance,nonhdl,beta,3.00615558558913,1.30298782732282,4.70932334385544,0.0005596459053535,35794,"Age, years, Male sex, Ever smoking (past/current), Ever alcohol (past/current), Body mass index, kg/m2",0.0009070744954694095
ckd,nonhdl,beta,-4.19168934101421,-6.80478134384771,-1.57859733818072,0.0016960832719321,35794,"Age, years, Male sex, Ever smoking (past/current), Ever alcohol (past/current), Body mass index, kg/m2",0.002633864763555933
high_alt,nonhdl,beta,11.2141363930896,9.2401338175946,13.1881389685845,3.16013358938256e-28,35794,"Age, years, Male sex, Ever smoking (past/current), Ever alcohol (past/current), Body mass index, kg/m2",1.1486058309396672e-27
high_ast,nonhdl,beta,4.14857273782477,1.57715815393163,6.71998732171792,0.0015822818173035,35794,"Age, years, Male sex, Ever smoking (past/current), Ever alcohol (past/current), Body mass index, kg/m2",0.002461482579745109
adv_fibrosis,nonhdl,beta,-18.4680701151856,-21.1330001514363,-15.8031400789349,9.6165528213997e-41,35794,"Age, years, Male sex, Ever smoking (past/current), Ever alcohol (past/current), Body mass index, kg/m2",4.404356181660564e-40
anemia,nonhdl,beta,-11.9346574592022,-13.4987753749873,-10.3705395434171,9.087230263378819e-49,35794,"Age, years, Male sex, Ever smoking (past/current), Ever alcohol (past/current), Body mass index, kg/m2",4.734500737813639e-48
leukocytosis,nonhdl,beta,5.54704704360378,1.184980018747,9.90911406846056,0.0127421993170419,35794,"Age, years, Male sex, Ever smoking (past/current), Ever alcohol (past/current), Body mass index, kg/m2",0.018045044629924234
vitd_deficiency,nonhdl,beta,-0.698195444866894,-2.31779488226402,0.921403992530234,0.398321140822244,35794,"Age, years, Male sex, Ever smoking (past/current), Ever alcohol (past/current), Body mass index, kg/m2",0.4494992175507669
osteoporosis,nonhdl,beta,1.84910638480966,-2.0703277577896,5.76854052740892,0.355617981197928,35794,"Age, years, Male sex, Ever smoking (past/current), Ever alcohol (past/current), Body mass index, kg/m2",0.40559796948805127
current_smoking,nonhdl,beta,3.62819206813592,2.30926956210116,4.94711457417069,7.54035630291703e-08,35794,"Age, years, Male sex, Ever alcohol (past/current), Body mass index, kg/m2",1.5333218763783937e-07
age,alt,beta,-0.474649787311996,-0.723884144431344,-0.225415430192649,0.0001930873679855,35803,unadjusted,0.0003242983834262904
men,alt,beta,9.73010980886289,9.24047216972327,10.2197474480025,2.74568388691989e-267,35803,unadjusted,1.4651967651108867e-265
bmi,alt,beta,5.75908864505163,5.40558338018945,6.11259390991381,5.7265735729185496e-192,35803,"Age, years, Male sex",1.2373614799889038e-190
smoking,alt,beta,0.942013618668566,0.240786490216428,1.6432407471207,0.0085078266259586,35803,"Age, years, Male sex",0.01229567721650644
alcohol,alt,beta,-1.70875922021916,-2.60607584858547,-0.811442591852861,0.00019328823808,35803,"Age, years, Male sex",0.00032448101740598664
wc,alt,beta,6.39965969469353,6.03218344200841,6.76713594737864,7.90086790309991e-215,35803,"Age, years, Male sex, Ever smoking (past/current), Ever alcohol (past/current)",2.506924031956566e-213
height,alt,beta,0.044231983569106,-0.37471754364828,0.463181510786492,0.836076349356441,35803,"Age, years, Male sex, Ever smoking (past/current), Ever alcohol (past/current)",0.8617678965271832
weight,alt,beta,6.29426446490198,5.86946330231326,6.7190656274907,5.78016042095328e-163,35803,"Age, years, Male sex, Ever smoking (past/current), Ever alcohol (past/current)",9.21164027266853e-162
whtr,alt,beta,6.40931889331864,6.04732493190756,6.77131285472972,7.22427334914681e-221,35803,"Age, years, Male sex, Ever smoking (past/current), Ever alcohol (past/current)",2.4465279553552944e-219
fat_kg,alt,beta,5.02011928643336,4.32729814524389,5.71294042762283,1.97630066043091e-38,35803,"Age, years, Male sex, Ever smoking (past/current), Ever alcohol (past/current)",8.678966241942225e-38
lean_kg,alt,beta,6.08818900933838,4.9385924692476,7.23778554942917,6.775086993674741e-23,35803,"Age, years, Male sex, Ever smoking (past/current), Ever alcohol (past/current)",2.1931853301215476e-22
asmm_kg,alt,beta,5.85106348717614,4.62645599107266,7.07567098327961,3.02406197703592e-19,35803,"Age, years, Male sex, Ever smoking (past/current), Ever alcohol (past/current)",8.942692093300177e-19
asmi,alt,beta,5.43537822907847,4.43226438453823,6.43849207361871,8.57405095801033e-24,35803,"Age, years, Male sex, Ever smoking (past/current), Ever alcohol (past/current)",2.8169596524358565e-23
bodyfat_pct,alt,beta,5.67342902981934,4.90755855565888,6.4392995039798,8.08166540509431e-40,35803,"Age, years, Male sex, Ever smoking (past/current), Ever alcohol (past/current)",3.621326406710199e-39
asm_pct,alt,beta,-5.58237255524089,-6.43041072479935,-4.73433438568242,7.0335930296549e-33,35803,"Age, years, Male sex, Ever smoking (past/current), Ever alcohol (past/current)",2.799131598920289e-32
obesity,alt,beta,9.71785350018921,9.14154704901413,10.2941599513643,1.5624823989241802e-203,35803,"Age, years, Male sex, Ever smoking (past/current), Ever alcohol (past/current)",4.046369859566884e-202
overweight,alt,beta,8.17416950838737,7.69612845359016,8.65221056318458,2.15164193551595e-208,35803,"Age, years, Male sex, Ever smoking (past/current), Ever alcohol (past/current)",6.16104300559933e-207
abdominal_obesity,alt,beta,10.5268049657602,9.83798237003876,11.2156275614816,6.68894084218151e-172,35803,"Age, years, Male sex, Ever smoking (past/current), Ever alcohol (past/current)",1.1548259630472195e-170
central_obesity,alt,beta,10.0250687013076,9.43694273329953,10.6131946693157,3.2848911951494595e-207,35803,"Age, years, Male sex, Ever smoking (past/current), Ever alcohol (past/current)",9.109753377414486e-206
high_bodyfat,alt,beta,6.9639609699344,5.70710645044792,8.22081548942089,1.06011123825461e-24,35803,"Age, years, Male sex, Ever smoking (past/current), Ever alcohol (past/current)",3.600493520860884e-24
sarcopenia,alt,beta,-4.24279566273269,-5.70571736937986,-2.77987395608552,2.28868760313442e-08,35803,"Age, years, Male sex, Ever smoking (past/current), Ever alcohol (past/current)",4.7696791350529156e-08
sbp,alt,beta,0.895662485665823,0.629413982461187,1.16191098887046,5.0882832572723793e-11,35803,"Age, years, Male sex, Ever smoking (past/current), Ever alcohol (past/current), Body mass index, kg/m2",1.1828999097104502e-10
dbp,alt,beta,1.5597704958313,1.32128044122157,1.79826055044103,1.2526281804051e-36,35803,"Age, years, Male sex, Ever smoking (past/current), Ever alcohol (past/current), Body mass index, kg/m2",5.34110950531085e-36
glucose,alt,beta,1.61672686576518,1.12193453453286,2.1115191969975,1.75693088534848e-10,35803,"Age, years, Male sex, Ever smoking (past/current), Ever alcohol (past/current), Body mass index, kg/m2",4.0077141050500946e-10
hba1c,alt,beta,1.98972494173605,1.35973771056842,2.61971217290369,6.92811320698792e-10,35803,"Age, years, Male sex, Ever smoking (past/current), Ever alcohol (past/current), Body mass index, kg/m2",1.5453334208366978e-09
homa_ir,alt,beta,3.73469294972784,3.14595271418565,4.32343318527003,1.582953515812e-33,35803,"Age, years, Male sex, Ever smoking (past/current), Ever alcohol (past/current), Body mass index, kg/m2",6.408232508838925e-33
tg,alt,beta,2.7852549715534,2.45130059519241,3.11920934791439,1.59933791948007e-57,35803,"Age, years, Male sex, Ever smoking (past/current), Ever alcohol (past/current), Body mass index, kg/m2",9.645322178782203e-57
tchol,alt,beta,1.67507251909445,1.40300156783328,1.94714347035562,9.48485092125781e-33,35803,"Age, years, Male sex, Ever smoking (past/current), Ever alcohol (past/current), Body mass index, kg/m2",3.761896953228604e-32
hdl,alt,beta,-0.850683892478418,-1.11019057302641,-0.591177211930427,1.53598789105683e-10,35803,"Age, years, Male sex, Ever smoking (past/current), Ever alcohol (past/current), Body mass index, kg/m2",3.5173922966854066e-10
ldl,alt,beta,0.761862348260786,0.259282765212514,1.26444193130906,0.0029983147624876,35803,"Age, years, Male sex, Ever smoking (past/current), Ever alcohol (past/current), Body mass index, kg/m2",0.004545873694998419
nonhdl,alt,beta,1.99466656654184,1.70318073911389,2.28615239396978,7.71196328866416e-40,35803,"Age, years, Male sex, Ever smoking (past/current), Ever alcohol (past/current), Body mass index, kg/m2",3.464481467177955e-39
creatinine,alt,beta,-0.716069155562247,-1.05083280820207,-0.381305502922422,2.84967257290611e-05,35803,"Age, years, Male sex, Ever smoking (past/current), Ever alcohol (past/current), Body mass index, kg/m2",5.0638480331863374e-05
egfr,alt,beta,0.698965570901995,0.320182852064747,1.07774828973924,0.0003038752674323,35803,"Age, years, Male sex, Ever smoking (past/current), Ever alcohol (past/current), Body mass index, kg/m2",0.0005017574739318146
hemoglobin,alt,beta,3.24505262214758,2.87831637556214,3.61178886873302,3.50125505266566e-64,35803,"Age, years, Male sex, Ever smoking (past/current), Ever alcohol (past/current), Body mass index, kg/m2",2.2963538725304385e-63
wbc,alt,beta,0.651183390618579,0.399085151555841,0.903281629681318,4.39049227900477e-07,35803,"Age, years, Male sex, Ever smoking (past/current), Ever alcohol (past/current), Body mass index, kg/m2",8.633899389533668e-07
vitd,alt,beta,-0.185826742534752,-0.537430633787653,0.165777148718149,0.300475362406494,35803,"Age, years, Male sex, Ever smoking (past/current), Ever alcohol (past/current), Body mass index, kg/m2",0.3483456966411033
fn_bmd,alt,beta,-0.984968214520768,-1.62763974232856,-0.342296686712976,0.0028053495648919,35803,"Age, years, Male sex, Ever smoking (past/current), Ever alcohol (past/current), Body mass index, kg/m2",0.004262485404464742
ls_bmd,alt,beta,-0.745876150959759,-1.35799099858054,-0.133761303338975,0.0173142805783338,35803,"Age, years, Male sex, Ever smoking (past/current), Ever alcohol (past/current), Body mass index, kg/m2",0.02409359786522783
insulin,alt,beta,3.10139234116024,2.63609147564612,3.56669320667437,1.24212651889408e-36,35803,"Age, years, Male sex, Ever smoking (past/current), Ever alcohol (past/current), Body mass index, kg/m2",5.3027510297514536e-36
dm,alt,beta,3.5671756789822,2.56557184755952,4.56877951040487,3.6331988403335198e-12,35803,"Age, years, Male sex, Ever smoking (past/current), Ever alcohol (past/current), Body mass index, kg/m2",8.788548293718857e-12
prediabetes,alt,beta,1.73728419483662,1.18041624017111,2.29415214950213,1.0973760372453501e-09,35803,"Age, years, Male sex, Ever smoking (past/current), Ever alcohol (past/current), Body mass index, kg/m2",2.4292636097914033e-09
htn,alt,beta,1.19023934697817,0.568061090937776,1.81241760301856,0.0001806415428183,35803,"Age, years, Male sex, Ever smoking (past/current), Ever alcohol (past/current), Body mass index, kg/m2",0.0003045569716639792
mets,alt,beta,5.36578523224622,4.58848499798431,6.14308546650814,1.7353581517780899e-40,35803,"Age, years, Male sex, Ever smoking (past/current), Ever alcohol (past/current), Body mass index, kg/m2",7.906767672137687e-40
dyslipidemia,alt,beta,3.77061688691845,3.26198852143504,4.27924525240186,3.18177640791261e-46,35803,"Age, years, Male sex, Ever smoking (past/current), Ever alcohol (past/current), Body mass index, kg/m2",1.5872827915960643e-45
low_hdl,alt,beta,1.60762179976412,1.03268429745179,2.18255930207645,4.60611343320702e-08,35803,"Age, years, Male sex, Ever smoking (past/current), Ever alcohol (past/current), Body mass index, kg/m2",9.481432794713692e-08
high_tg,alt,beta,5.61956570060439,4.97989040534255,6.25924099586623,2.47119006680451e-63,35803,"Age, years, Male sex, Ever smoking (past/current), Ever alcohol (past/current), Body mass index, kg/m2",1.5969782413367862e-62
high_ldl,alt,beta,5.28193601850006,3.09640807162616,7.46746396537396,2.30651800797645e-06,35803,"Age, years, Male sex, Ever smoking (past/current), Ever alcohol (past/current), Body mass index, kg/m2",4.365156595428832e-06
high_nonhdl,alt,beta,6.61255066996268,5.34279884963959,7.88230249028577,4.68087982668586e-24,35803,"Age, years, Male sex, Ever smoking (past/current), Ever alcohol (past/current), Body mass index, kg/m2",1.5508992238558417e-23
atherogenic_dyslipidemia,alt,beta,4.17488917042194,3.31866805972462,5.03111028111927,2.49634463216346e-21,35803,"Age, years, Male sex, Ever smoking (past/current), Ever alcohol (past/current), Body mass index, kg/m2",7.760040418781734e-21
insulin_resistance,alt,beta,6.98857106503627,5.99556085729356,7.98158127277898,2.28387876379776e-40,35803,"Age, years, Male sex, Ever smoking (past/current), Ever alcohol (past/current), Body mass index, kg/m2",1.0325829276117728e-39
ckd,alt,beta,0.186995136825829,-0.969063931352587,1.34305420500424,0.75125786945059,35803,"Age, years, Male sex, Ever smoking (past/current), Ever alcohol (past/current), Body mass index, kg/m2",0.7856087340276063
anemia,alt,beta,-2.52885829714505,-3.13872374476383,-1.91899284952627,6.43360472992417e-16,35803,"Age, years, Male sex, Ever smoking (past/current), Ever alcohol (past/current), Body mass index, kg/m2",1.7350042770898107e-15
leukocytosis,alt,beta,2.6717298613307,0.20822982608081,5.1352298965806,0.0336150946435115,35803,"Age, years, Male sex, Ever smoking (past/current), Ever alcohol (past/current), Body mass index, kg/m2",0.045257019623259745
vitd_deficiency,alt,beta,0.351492896450769,-0.449423380965893,1.15240917386743,0.389873925207108,35803,"Age, years, Male sex, Ever smoking (past/current), Ever alcohol (past/current), Body mass index, kg/m2",0.4412907208417104
osteoporosis,alt,beta,0.168166097781849,-1.04547965107513,1.38181184663883,0.78606558186078,35803,"Age, years, Male sex, Ever smoking (past/current), Ever alcohol (past/current), Body mass index, kg/m2",0.8186052570412973
current_smoking,alt,beta,1.21553047588543,0.48951763166656,1.9415433201043,0.0010446688377349,35803,"Age, years, Male sex, Ever alcohol (past/current), Body mass index, kg/m2",0.0016548182320475543
age,ast,beta,1.5055159096912,1.35995688183929,1.6510749375431,1.46461133936909e-85,35817,unadjusted,1.2223604590658614e-84
men,ast,beta,4.2461956427287,3.91190434551266,4.58048693994474,3.7195274802395598e-124,35817,unadjusted,4.253303826429782e-123
bmi,ast,beta,1.84033671652827,1.61506001196288,2.06561342109366,2.34166966962115e-55,35817,"Age, years, Male sex",1.3837853316116929e-54
smoking,ast,beta,0.951366425500243,0.512715275808708,1.39001757519178,2.19603440137973e-05,35817,"Age, years, Male sex",3.932096167595023e-05
alcohol,ast,beta,-0.247892885830715,-0.808444751172539,0.31265897951111,0.386139296178805,35817,"Age, years, Male sex",0.4377156746513522
wc,ast,beta,2.09797099070249,1.87173653569064,2.32420544571433,5.51640781925015e-70,35817,"Age, years, Male sex, Ever smoking (past/current), Ever alcohol (past/current)",3.909212945553124e-69
height,ast,beta,-0.189785583353409,-0.480770460687026,0.101199293980208,0.201229425713194,35817,"Age, years, Male sex, Ever smoking (past/current), Ever alcohol (past/current)",0.24016605806908478
weight,ast,beta,1.94996521870923,1.68948070462826,2.21044973279019,4.54611623510687e-47,35817,"Age, years, Male sex, Ever smoking (past/current), Ever alcohol (past/current)",2.300491577592873e-46
whtr,ast,beta,2.14326719213209,1.91595622954998,2.3705781547142,3.66520008111185e-72,35817,"Age, years, Male sex, Ever smoking (past/current), Ever alcohol (past/current)",2.6561388242131554e-71
fat_kg,ast,beta,1.38871959666222,1.00434250002477,1.77309669329966,5.145264633509599e-12,35817,"Age, years, Male sex, Ever smoking (past/current), Ever alcohol (past/current)",1.2344429182030524e-11
lean_kg,ast,beta,1.83161084809463,1.18156829402956,2.48165340215969,5.49604891681792e-08,35817,"Age, years, Male sex, Ever smoking (past/current), Ever alcohol (past/current)",1.1280352147454963e-07
asmm_kg,ast,beta,1.71608332434958,1.00801410818744,2.42415254051172,2.69175208756843e-06,35817,"Age, years, Male sex, Ever smoking (past/current), Ever alcohol (past/current)",5.069706338190381e-06
asmi,ast,beta,1.74839683629979,1.12685043248858,2.36994324011101,5.7735203013209e-08,35817,"Age, years, Male sex, Ever smoking (past/current), Ever alcohol (past/current)",1.1829167249128685e-07
bodyfat_pct,ast,beta,1.4117468871578,0.963213783838444,1.86027999047715,1.4674514026754702e-09,35817,"Age, years, Male sex, Ever smoking (past/current), Ever alcohol (past/current)",3.2302274001393786e-09
asm_pct,ast,beta,-1.49092328029044,-1.9808634683684,-1.00098309221249,4.786096380759651e-09,35817,"Age, years, Male sex, Ever smoking (past/current), Ever alcohol (past/current)",1.031617591985036e-08
obesity,ast,beta,3.02422062383239,2.65624626895946,3.39219497870532,5.61542320352499e-56,35817,"Age, years, Male sex, Ever smoking (past/current), Ever alcohol (past/current)",3.346450173065146e-55
overweight,ast,beta,2.24427811833094,1.88162557537785,2.60693066128403,4.6062018007692395e-33,35817,"Age, years, Male sex, Ever smoking (past/current), Ever alcohol (past/current)",1.843527584353325e-32
abdominal_obesity,ast,beta,3.41889155738015,3.00200211777429,3.83578099698601,9.50282472336001e-56,35817,"Age, years, Male sex, Ever smoking (past/current), Ever alcohol (past/current)",5.644004835695439e-55
central_obesity,ast,beta,3.14370928005457,2.75684095644539,3.53057760366374,8.2922258808783e-55,35817,"Age, years, Male sex, Ever smoking (past/current), Ever alcohol (past/current)",4.827309016934442e-54
high_bodyfat,ast,beta,2.03974995846502,1.28123077400578,2.79826914292426,2.06313070106313e-07,35817,"Age, years, Male sex, Ever smoking (past/current), Ever alcohol (past/current)",4.1239195965631915e-07
sarcopenia,ast,beta,-0.273318648543817,-1.36127083904541,0.814633541957772,0.622665170795216,35817,"Age, years, Male sex, Ever smoking (past/current), Ever alcohol (past/current)",0.6657640350761236
sbp,ast,beta,0.736274450521369,0.552924327718053,0.919624573324684,4.94082093907643e-15,35817,"Age, years, Male sex, Ever smoking (past/current), Ever alcohol (past/current), Body mass index, kg/m2",1.3044656182479152e-14
dbp,ast,beta,0.899187703599466,0.715879011728707,1.08249639547022,1.4542916285560901e-21,35817,"Age, years, Male sex, Ever smoking (past/current), Ever alcohol (past/current), Body mass index, kg/m2",4.565075860761631e-21
glucose,ast,beta,0.704886899163497,0.397108788785715,1.01266500954128,7.43953482630493e-06,35817,"Age, years, Male sex, Ever smoking (past/current), Ever alcohol (past/current), Body mass index, kg/m2",1.3611450212075825e-05
hba1c,ast,beta,0.754389468947933,0.376742904489568,1.1320360334063,9.25522882032934e-05,35817,"Age, years, Male sex, Ever smoking (past/current), Ever alcohol (past/current), Body mass index, kg/m2",0.00015908694926891135
homa_ir,ast,beta,1.18301979076831,0.781498438801796,1.58454114273481,9.733227335204251e-09,35817,"Age, years, Male sex, Ever smoking (past/current), Ever alcohol (past/current), Body mass index, kg/m2",2.0638426655381922e-08
tg,ast,beta,1.76104877237772,1.44792142383284,2.07417612092261,1.04260521713338e-27,35817,"Age, years, Male sex, Ever smoking (past/current), Ever alcohol (past/current), Body mass index, kg/m2",3.7508228546923024e-27
tchol,ast,beta,0.645536538409147,0.428785057687401,0.862288019130893,5.89294307562564e-09,35817,"Age, years, Male sex, Ever smoking (past/current), Ever alcohol (past/current), Body mass index, kg/m2",1.2601666977749549e-08
hdl,ast,beta,0.370974636501699,0.155197974712903,0.586751298290495,0.0007622589563536,35817,"Age, years, Male sex, Ever smoking (past/current), Ever alcohol (past/current), Body mass index, kg/m2",0.0012236445051401
ldl,ast,beta,-0.621674657308872,-1.04956880067476,-0.193780513942985,0.0044449312647228,35817,"Age, years, Male sex, Ever smoking (past/current), Ever alcohol (past/current), Body mass index, kg/m2",0.006641938020514935
nonhdl,ast,beta,0.548691356012537,0.316318869112854,0.781063842912219,3.85332843787396e-06,35817,"Age, years, Male sex, Ever smoking (past/current), Ever alcohol (past/current), Body mass index, kg/m2",7.169267172843152e-06
creatinine,ast,beta,-0.398829506519162,-0.625238468254075,-0.172420544784249,0.0005638774478029,35817,"Age, years, Male sex, Ever smoking (past/current), Ever alcohol (past/current), Body mass index, kg/m2",0.000913512590230825
egfr,ast,beta,0.326348932927019,0.0303078218337301,0.622390044020308,0.0308112388032572,35817,"Age, years, Male sex, Ever smoking (past/current), Ever alcohol (past/current), Body mass index, kg/m2",0.04164128283387255
hemoglobin,ast,beta,1.09434085387332,0.823606302627821,1.36507540511881,3.2888942293862703e-15,35817,"Age, years, Male sex, Ever smoking (past/current), Ever alcohol (past/current), Body mass index, kg/m2",8.729077223736582e-15
wbc,ast,beta,-0.206181360098352,-0.422400148065691,0.0100374278689873,0.0617220727385674,35817,"Age, years, Male sex, Ever smoking (past/current), Ever alcohol (past/current), Body mass index, kg/m2",0.07959909929887747
vitd,ast,beta,0.151294028826698,-0.0967587241898555,0.399346781843252,0.232156002785617,35817,"Age, years, Male sex, Ever smoking (past/current), Ever alcohol (past/current), Body mass index, kg/m2",0.27410440556853605
fn_bmd,ast,beta,-0.238672939641285,-0.628007770245828,0.150661890963257,0.230140418972451,35817,"Age, years, Male sex, Ever smoking (past/current), Ever alcohol (past/current), Body mass index, kg/m2",0.2719069290912353
ls_bmd,ast,beta,-0.352784037956823,-0.710282915576253,0.0047148396626081,0.0536857219359004,35817,"Age, years, Male sex, Ever smoking (past/current), Ever alcohol (past/current), Body mass index, kg/m2",0.06987476447089476
insulin,ast,beta,0.859170066176842,0.520221882541123,1.19811824981256,7.70420552942988e-07,35817,"Age, years, Male sex, Ever smoking (past/current), Ever alcohol (past/current), Body mass index, kg/m2",1.4999564330929816e-06
dm,ast,beta,1.77445698591391,1.01897804057449,2.52993593125332,4.33105788080191e-06,35817,"Age, years, Male sex, Ever smoking (past/current), Ever alcohol (past/current), Body mass index, kg/m2",8.049596757880913e-06
prediabetes,ast,beta,0.568564436317798,0.192189975051924,0.944938897583671,0.0030928935907084,35817,"Age, years, Male sex, Ever smoking (past/current), Ever alcohol (past/current), Body mass index, kg/m2",0.0046832206476676635
htn,ast,beta,1.05956961463059,0.580740555321349,1.53839867393982,1.49270713625238e-05,35817,"Age, years, Male sex, Ever smoking (past/current), Ever alcohol (past/current), Body mass index, kg/m2",2.6877886165035185e-05
mets,ast,beta,2.29920754731508,1.79920240998542,2.79921268464474,3.56842335276169e-19,35817,"Age, years, Male sex, Ever smoking (past/current), Ever alcohol (past/current), Body mass index, kg/m2",1.053477539683711e-18
dyslipidemia,ast,beta,1.45757924607155,1.07787115691509,1.83728733522801,7.05841708768199e-14,35817,"Age, years, Male sex, Ever smoking (past/current), Ever alcohol (past/current), Body mass index, kg/m2",1.8014307958562298e-13
low_hdl,ast,beta,-0.131487124246478,-0.504875723535228,0.241901475042272,0.490120462540199,35817,"Age, years, Male sex, Ever smoking (past/current), Ever alcohol (past/current), Body mass index, kg/m2",0.5377583392730781
high_tg,ast,beta,2.67370511296037,2.21054652723836,3.13686369868239,4.48891788985763e-29,35817,"Age, years, Male sex, Ever smoking (past/current), Ever alcohol (past/current), Body mass index, kg/m2",1.6520343582109272e-28
high_ldl,ast,beta,1.43502156481804,0.293224099480133,2.57681903015595,0.0138395841284831,35817,"Age, years, Male sex, Ever smoking (past/current), Ever alcohol (past/current), Body mass index, kg/m2",0.019512816373305635
high_nonhdl,ast,beta,2.65707247686388,1.84375914957249,3.47038580415527,1.76838148517665e-10,35817,"Age, years, Male sex, Ever smoking (past/current), Ever alcohol (past/current), Body mass index, kg/m2",4.0312230361114316e-10
atherogenic_dyslipidemia,ast,beta,1.24891439724595,0.712417201796933,1.78541159269496,5.26029506086247e-06,35817,"Age, years, Male sex, Ever smoking (past/current), Ever alcohol (past/current), Body mass index, kg/m2",9.70495505728529e-06
insulin_resistance,ast,beta,2.56122932773272,1.90394929891721,3.21850935654824,4.41244585594245e-14,35817,"Age, years, Male sex, Ever smoking (past/current), Ever alcohol (past/current), Body mass index, kg/m2",1.1326992933403286e-13
ckd,ast,beta,0.908786751553489,-0.0334557449987002,1.85102924810568,0.0588796782468203,35817,"Age, years, Male sex, Ever smoking (past/current), Ever alcohol (past/current), Body mass index, kg/m2",0.0761006336826793
anemia,ast,beta,-0.55887989344335,-1.11275511694047,-0.0050046699462258,0.0480561205568554,35817,"Age, years, Male sex, Ever smoking (past/current), Ever alcohol (past/current), Body mass index, kg/m2",0.06298982381884806
leukocytosis,ast,beta,0.382394051425058,-2.6981694241644,3.46295752701452,0.807792442662505,35817,"Age, years, Male sex, Ever smoking (past/current), Ever alcohol (past/current), Body mass index, kg/m2",0.8365318973999832
vitd_deficiency,ast,beta,-0.221403729407355,-0.724535862266765,0.281728403452055,0.388593051941014,35817,"Age, years, Male sex, Ever smoking (past/current), Ever alcohol (past/current), Body mass index, kg/m2",0.4400722601081194
osteoporosis,ast,beta,0.800480688410397,-0.588401518766839,2.18936289558763,0.25922022671685,35817,"Age, years, Male sex, Ever smoking (past/current), Ever alcohol (past/current), Body mass index, kg/m2",0.30371711194169854
current_smoking,ast,beta,1.10458025496923,0.576601154959878,1.63255935497858,4.2360726672603e-05,35817,"Age, years, Male sex, Ever alcohol (past/current), Body mass index, kg/m2",7.437411731849838e-05
age,creatinine,beta,0.0107876207322962,0.0079459920149068,0.0136292494496854,1.34584292625804e-13,32444,unadjusted,3.4101142347344e-13
men,creatinine,beta,0.250383063787746,0.244910976129674,0.255855151445818,0.0,32444,unadjusted,0.0
bmi,creatinine,beta,0.0055962990233911,0.0034761966681595,0.0077164013786226,2.46696888587769e-07,32444,"Age, years, Male sex",4.914402950260874e-07
smoking,creatinine,beta,-0.0087679971899467,-0.0146263808167753,-0.0029096135631183,0.0033809777397393,32444,"Age, years, Male sex",0.005104073553091219
alcohol,creatinine,beta,-0.0204299553855804,-0.0337589092727612,-0.0071010014983997,0.0026878476104215,32444,"Age, years, Male sex",0.004096321628690836
wc,creatinine,beta,0.0026115238531865,-0.0005289299725472,0.0057519776789203,0.10324468657478,32444,"Age, years, Male sex, Ever smoking (past/current), Ever alcohol (past/current)",0.1289003141142769
height,creatinine,beta,0.0108394423399092,0.0052183079626333,0.016460576717185,0.0001605888684527,32444,"Age, years, Male sex, Ever smoking (past/current), Ever alcohol (past/current)",0.0002716589791980833
weight,creatinine,beta,0.0086993708780325,0.00563124529058,0.0117674964654851,3.01188213062648e-08,32444,"Age, years, Male sex, Ever smoking (past/current), Ever alcohol (past/current)",6.239911096509684e-08
whtr,creatinine,beta,0.0007133417345033,-0.0020319516872435,0.0034586351562503,0.610591754675601,32444,"Age, years, Male sex, Ever smoking (past/current), Ever alcohol (past/current)",0.6546435798987723
fat_kg,creatinine,beta,0.0068720829721079,0.0015454437923045,0.0121987221519114,0.0118402772469915,32444,"Age, years, Male sex, Ever smoking (past/current), Ever alcohol (past/current)",0.01686269974278369
lean_kg,creatinine,beta,0.0255844745383726,0.0171780505626368,0.0339908985141085,5.45428073326523e-09,32444,"Age, years, Male sex, Ever smoking (past/current), Ever alcohol (past/current)",1.1706262487848957e-08
asmm_kg,creatinine,beta,0.0297484591318318,0.0196098939605141,0.0398870243031495,1.78469899890369e-08,32444,"Age, years, Male sex, Ever smoking (past/current), Ever alcohol (past/current)",3.7370451094760975e-08
asmi,creatinine,beta,0.0229468445658541,0.0154990852288081,0.0303946039029001,3.5988275985489603e-09,32444,"Age, years, Male sex, Ever smoking (past/current), Ever alcohol (past/current)",7.804846553010738e-09
bodyfat_pct,creatinine,beta,0.0038189107775015,-0.0038865283974889,0.0115243499524921,0.331946508565315,32444,"Age, years, Male sex, Ever smoking (past/current), Ever alcohol (past/current)",0.3811919149550177
asm_pct,creatinine,beta,0.0059587898334988,-0.0066261012937869,0.0185436809607846,0.353958667599922,32444,"Age, years, Male sex, Ever smoking (past/current), Ever alcohol (past/current)",0.40383622523062046
obesity,creatinine,beta,0.0099902667113149,0.0042005356477749,0.0157799977748549,0.0007300389950439,32444,"Age, years, Male sex, Ever smoking (past/current), Ever alcohol (past/current)",0.0011729914874747335
overweight,creatinine,beta,0.0154982709525479,0.0108751003479366,0.0201214415571592,6.01676199446737e-11,32444,"Age, years, Male sex, Ever smoking (past/current), Ever alcohol (past/current)",1.3950648943063907e-10
abdominal_obesity,creatinine,beta,0.0067981735003725,0.0005403244964816,0.0130560225042635,0.0333273690886128,32444,"Age, years, Male sex, Ever smoking (past/current), Ever alcohol (past/current)",0.04488680456217754
central_obesity,creatinine,beta,-0.0008775792279335,-0.0079397917933278,0.0061846333374607,0.807592442936334,32444,"Age, years, Male sex, Ever smoking (past/current), Ever alcohol (past/current)",0.8365318973999832
high_bodyfat,creatinine,beta,0.00531486119829,-0.0080662021632051,0.0186959245597853,0.436744084705501,32444,"Age, years, Male sex, Ever smoking (past/current), Ever alcohol (past/current)",0.4860071615585386
sarcopenia,creatinine,beta,-0.0329634160186988,-0.0525179512745689,-0.0134088807628286,0.0010405810003184,32444,"Age, years, Male sex, Ever smoking (past/current), Ever alcohol (past/current)",0.0016501243958223348
sbp,creatinine,beta,0.0036078145077473,-0.0020111791840446,0.0092268081995394,0.20833417769297,32444,"Age, years, Male sex, Ever smoking (past/current), Ever alcohol (past/current), Body mass index, kg/m2",0.24772213836415946
dbp,creatinine,beta,-0.0017609221223865,-0.0048945499442674,0.0013727056994944,0.270818777904462,32444,"Age, years, Male sex, Ever smoking (past/current), Ever alcohol (past/current), Body mass index, kg/m2",0.3161497301224777
glucose,creatinine,beta,-0.0024741856927819,-0.0085441607007026,0.0035957893151387,0.424410515617702,32444,"Age, years, Male sex, Ever smoking (past/current), Ever alcohol (past/current), Body mass index, kg/m2",0.4739004887721287
hba1c,creatinine,beta,0.0028478487088859,-0.0016689837143246,0.0073646811320965,0.216658181085922,32444,"Age, years, Male sex, Ever smoking (past/current), Ever alcohol (past/current), Body mass index, kg/m2",0.2570990949409088
homa_ir,creatinine,beta,-0.0035301681346909,-0.0190977791984292,0.0120374429290473,0.656809939786555,32444,"Age, years, Male sex, Ever smoking (past/current), Ever alcohol (past/current), Body mass index, kg/m2",0.6980339794593382
tg,creatinine,beta,-0.0043959088993271,-0.0076440475453407,-0.0011477702533134,0.0080354265167237,32444,"Age, years, Male sex, Ever smoking (past/current), Ever alcohol (past/current), Body mass index, kg/m2",0.011651203043186856
tchol,creatinine,beta,-0.002781787496758,-0.005524358644084,-3.92163494320153e-05,0.0469117511027801,32444,"Age, years, Male sex, Ever smoking (past/current), Ever alcohol (past/current), Body mass index, kg/m2",0.061650443053728174
hdl,creatinine,beta,-0.00850213522184,-0.0110472116622837,-0.0059570587813964,6.99847496172209e-11,32444,"Age, years, Male sex, Ever smoking (past/current), Ever alcohol (past/current), Body mass index, kg/m2",1.6173640954845933e-10
ldl,creatinine,beta,-0.0027405572465934,-0.0076244179230855,0.0021433034298986,0.271517945293989,32444,"Age, years, Male sex, Ever smoking (past/current), Ever alcohol (past/current), Body mass index, kg/m2",0.3168609023609772
nonhdl,creatinine,beta,-0.0001855083931135,-0.0031249493304817,0.0027539325442545,0.901565552212859,32444,"Age, years, Male sex, Ever smoking (past/current), Ever alcohol (past/current), Body mass index, kg/m2",0.9163965006908193
alt,creatinine,beta,-0.0070273075524822,-0.0097088947675471,-0.0043457203374173,3.00545900621951e-07,32444,"Age, years, Male sex, Ever smoking (past/current), Ever alcohol (past/current), Body mass index, kg/m2",5.960150123820448e-07
ast,creatinine,beta,-0.0052432621253462,-0.0081109293205551,-0.0023755949301373,0.0003449132633836,32444,"Age, years, Male sex, Ever smoking (past/current), Ever alcohol (past/current), Body mass index, kg/m2",0.0005668616489206903
hemoglobin,creatinine,beta,-0.0142267561426398,-0.0349959148780761,0.0065424025927965,0.179520379268551,32444,"Age, years, Male sex, Ever smoking (past/current), Ever alcohol (past/current), Body mass index, kg/m2",0.21653108759720432
platelet,creatinine,beta,-0.0078553298570174,-0.0107057531909868,-0.005004906523048,7.19875781767046e-08,32444,"Age, years, Male sex, Ever smoking (past/current), Ever alcohol (past/current), Body mass index, kg/m2",1.466398209013034e-07
wbc,creatinine,beta,0.0030550513496543,-0.0011376389843348,0.0072477416836435,0.153359250427369,32444,"Age, years, Male sex, Ever smoking (past/current), Ever alcohol (past/current), Body mass index, kg/m2",0.1870260664837928
fib4,creatinine,beta,0.0035542830555489,0.0004288243103782,0.0066797418007196,0.0259030262381256,32444,"Age, years, Male sex, Ever smoking (past/current), Ever alcohol (past/current), Body mass index, kg/m2",0.0353469424295538
vitd,creatinine,beta,0.0065522008157252,0.0024127878087533,0.0106916138226972,0.0019736161427362,32444,"Age, years, Male sex, Ever smoking (past/current), Ever alcohol (past/current), Body mass index, kg/m2",0.003036730473882436
fn_bmd,creatinine,beta,0.0047266938784134,-0.0043627131874504,0.0138161009442773,0.308714359932768,32444,"Age, years, Male sex, Ever smoking (past/current), Ever alcohol (past/current), Body mass index, kg/m2",0.35684016267909713
ls_bmd,creatinine,beta,0.0112622255719969,0.00323949040116,0.0192849607428338,0.0062082681664784,32444,"Age, years, Male sex, Ever smoking (past/current), Ever alcohol (past/current), Body mass index, kg/m2",0.009148753339889928
insulin,creatinine,beta,0.0013242280244981,-0.0126159707296199,0.0152644267786161,0.852336238807352,32444,"Age, years, Male sex, Ever smoking (past/current), Ever alcohol (past/current), Body mass index, kg/m2",0.8749426502709104
hsi,creatinine,beta,-0.0140077137426905,-0.0197056414278111,-0.0083097860575697,1.5286209304591e-06,32444,"Age, years, Male sex, Ever smoking (past/current), Ever alcohol (past/current), Body mass index, kg/m2",2.9243905035724883e-06
dm,creatinine,beta,0.0200960854105375,0.0086737496857139,0.031518421135361,0.0005728221172513,32444,"Age, years, Male sex, Ever smoking (past/current), Ever alcohol (past/current), Body mass index, kg/m2",0.0009267246196412855
prediabetes,creatinine,beta,-0.0104345806391236,-0.0164762114166431,-0.0043929498616041,0.0007217967274575,32444,"Age, years, Male sex, Ever smoking (past/current), Ever alcohol (past/current), Body mass index, kg/m2",0.001161337630929792
htn,creatinine,beta,0.0284041955553104,0.0188699323794638,0.037938458731157,5.88723152442925e-09,32444,"Age, years, Male sex, Ever smoking (past/current), Ever alcohol (past/current), Body mass index, kg/m2",1.2597101718736221e-08
mets,creatinine,beta,0.0128755981218964,0.0049951861052772,0.0207560101385154,0.0013791424830466,32444,"Age, years, Male sex, Ever smoking (past/current), Ever alcohol (past/current), Body mass index, kg/m2",0.0021588177001289443
dyslipidemia,creatinine,beta,0.0091311734174432,0.0029560136655241,0.0153063331693624,0.0037835108290939,32444,"Age, years, Male sex, Ever smoking (past/current), Ever alcohol (past/current), Body mass index, kg/m2",0.005687377353849218
low_hdl,creatinine,beta,0.0150524608880264,0.0095336774732938,0.020571244302759,9.76587941299487e-08,32444,"Age, years, Male sex, Ever smoking (past/current), Ever alcohol (past/current), Body mass index, kg/m2",1.9778854107284608e-07
high_tg,creatinine,beta,-0.0001470483749897,-0.0069989098968179,0.0067048131468383,0.96645107432654,32444,"Age, years, Male sex, Ever smoking (past/current), Ever alcohol (past/current), Body mass index, kg/m2",0.9714157202562996
high_ldl,creatinine,beta,0.0053574504602564,-0.004982330393511,0.0156972313140239,0.309951924832909,32444,"Age, years, Male sex, Ever smoking (past/current), Ever alcohol (past/current), Body mass index, kg/m2",0.3579182554955756
high_nonhdl,creatinine,beta,0.0052605785748034,-0.0017153211471448,0.0122364782967517,0.139513296950474,32444,"Age, years, Male sex, Ever smoking (past/current), Ever alcohol (past/current), Body mass index, kg/m2",0.17138675683975213
atherogenic_dyslipidemia,creatinine,beta,0.0142934073132172,0.007198751114135,0.0213880635122993,8.06091530201501e-05,32444,"Age, years, Male sex, Ever smoking (past/current), Ever alcohol (past/current), Body mass index, kg/m2",0.00013916933183184737
insulin_resistance,creatinine,beta,0.0027479067786207,-0.0084696896993358,0.0139655032565774,0.631241915279927,32444,"Age, years, Male sex, Ever smoking (past/current), Ever alcohol (past/current), Body mass index, kg/m2",0.6735031886143298
high_alt,creatinine,beta,-0.0137149056197118,-0.0217878905078719,-0.0056419207315516,0.0008810928896823,32444,"Age, years, Male sex, Ever smoking (past/current), Ever alcohol (past/current), Body mass index, kg/m2",0.0014092684638787741
high_ast,creatinine,beta,-0.016484588589349,-0.0274037966817484,-0.0055653804969496,0.0031139230443233,32444,"Age, years, Male sex, Ever smoking (past/current), Ever alcohol (past/current), Body mass index, kg/m2",0.0047110124407674665
adv_fibrosis,creatinine,beta,0.0294372606152938,0.0070659500582074,0.05180857117238,0.0099604293749755,32444,"Age, years, Male sex, Ever smoking (past/current), Ever alcohol (past/current), Body mass index, kg/m2",0.014289463241818214
steatosis,creatinine,beta,-0.0100284232323215,-0.0174022958246736,-0.0026545506399693,0.007732128936617,32444,"Age, years, Male sex, Ever smoking (past/current), Ever alcohol (past/current), Body mass index, kg/m2",0.011243830765798957
masld,creatinine,beta,-0.0012271007949627,-0.0081065374162503,0.0056523358263248,0.726659496926008,32444,"Age, years, Male sex, Ever smoking (past/current), Ever alcohol (past/current), Body mass index, kg/m2",0.7632850427000895
anemia,creatinine,beta,0.0630065992081839,0.0341409806211469,0.0918722177952208,1.95103717301237e-05,32444,"Age, years, Male sex, Ever smoking (past/current), Ever alcohol (past/current), Body mass index, kg/m2",3.495194772812598e-05
leukocytosis,creatinine,beta,-0.0073670790102583,-0.0257132636086173,0.0109791055881007,0.431319620532474,32444,"Age, years, Male sex, Ever smoking (past/current), Ever alcohol (past/current), Body mass index, kg/m2",0.48073028592258654
vitd_deficiency,creatinine,beta,-0.0110261273243396,-0.0196560038850993,-0.00239625076358,0.0124315003158907,32444,"Age, years, Male sex, Ever smoking (past/current), Ever alcohol (past/current), Body mass index, kg/m2",0.017626306003448892
osteoporosis,creatinine,beta,-0.0267130783242221,-0.0457546445793114,-0.0076715120691328,0.0062531897446355,32444,"Age, years, Male sex, Ever smoking (past/current), Ever alcohol (past/current), Body mass index, kg/m2",0.009207246772828692
current_smoking,creatinine,beta,-0.0175389295922575,-0.0256352203578755,-0.0094426388266394,2.25195096954427e-05,32444,"Age, years, Male sex, Ever alcohol (past/current), Body mass index, kg/m2",4.026076809510112e-05
bmi,egfr,beta,-0.601537630098738,-0.759178441745067,-0.443896818452409,1.01184367866471e-13,32444,"Age, years, Male sex",2.5767993031504764e-13
smoking,egfr,beta,0.93784999027791,0.505422899014182,1.37027708154164,2.20326301148071e-05,32444,"Age, years, Male sex",3.9430347187170025e-05
alcohol,egfr,beta,1.07312376391922,0.487277503374333,1.65897002446411,0.0003363919569564,32444,"Age, years, Male sex",0.000553115066480131
wc,egfr,beta,-0.326046562788585,-0.502171492325584,-0.149921633251586,0.0002906008848774,32444,"Age, years, Male sex, Ever smoking (past/current), Ever alcohol (past/current)",0.00048051470260009516
height,egfr,beta,-1.26428513916224,-1.52201117566617,-1.00655910265832,1.5502685521111601e-21,32444,"Age, years, Male sex, Ever smoking (past/current), Ever alcohol (past/current)",4.85769202894618e-21
weight,egfr,beta,-0.975794755373282,-1.16261000414048,-0.788979506606084,3.76838312173766e-24,32444,"Age, years, Male sex, Ever smoking (past/current), Ever alcohol (past/current)",1.2532809589008536e-23
whtr,egfr,beta,-0.114148008529177,-0.290990253985022,0.0626942369266676,0.205933134652785,32444,"Age, years, Male sex, Ever smoking (past/current), Ever alcohol (past/current)",0.24503260143483407
fat_kg,egfr,beta,-0.500802584127748,-0.937461625047851,-0.0641435432076442,0.0251352890577183,32444,"Age, years, Male sex, Ever smoking (past/current), Ever alcohol (past/current)",0.03439257500438378
lean_kg,egfr,beta,-2.51141419218882,-3.17193156307558,-1.85089682130207,5.89442049136876e-13,32444,"Age, years, Male sex, Ever smoking (past/current), Ever alcohol (past/current)",1.4640443561777697e-12
asmm_kg,egfr,beta,-3.13544486806892,-3.86880172211439,-2.40208801402345,9.51786314844065e-16,32444,"Age, years, Male sex, Ever smoking (past/current), Ever alcohol (past/current)",2.5589247334967913e-15
asmi,egfr,beta,-2.42382624223715,-2.99004732704507,-1.85760515742922,8.838862222360101e-16,32444,"Age, years, Male sex, Ever smoking (past/current), Ever alcohol (past/current)",2.38000556170889e-15
bodyfat_pct,egfr,beta,-0.0428222492359106,-0.645575312474484,0.559930814002663,0.889326229006554,32444,"Age, years, Male sex, Ever smoking (past/current), Ever alcohol (past/current)",0.9075117881779952
asm_pct,egfr,beta,-1.24180791907928,-1.97228934298198,-0.511326495176584,0.0009440384586041,32444,"Age, years, Male sex, Ever smoking (past/current), Ever alcohol (past/current)",0.0015024416860386987
obesity,egfr,beta,-1.16543672197708,-1.49607817149394,-0.834795272460214,6.1106704009750994e-12,32444,"Age, years, Male sex, Ever smoking (past/current), Ever alcohol (past/current)",1.463071458343596e-11
overweight,egfr,beta,-1.36726804199992,-1.68143526103606,-1.05310082296377,2.42474532224855e-17,32444,"Age, years, Male sex, Ever smoking (past/current), Ever alcohol (past/current)",6.815604968044208e-17
abdominal_obesity,egfr,beta,-0.630946809677409,-0.97650368926602,-0.285389930088798,0.0003514880350712,32444,"Age, years, Male sex, Ever smoking (past/current), Ever alcohol (past/current)",0.0005773977889555813
central_obesity,egfr,beta,-0.0831021479137139,-0.40965359131773,0.243449295490302,0.617969765982173,32444,"Age, years, Male sex, Ever smoking (past/current), Ever alcohol (past/current)",0.6617481045269727
high_bodyfat,egfr,beta,-0.0299887231149803,-0.906824999218174,0.846847552988214,0.946588675704461,32444,"Age, years, Male sex, Ever smoking (past/current), Ever alcohol (past/current)",0.9544475567795911
sarcopenia,egfr,beta,3.30412617343984,2.1982678092812,4.40998453759847,1.0014066610702e-08,32444,"Age, years, Male sex, Ever smoking (past/current), Ever alcohol (past/current)",2.1208384006549878e-08
sbp,egfr,beta,0.0835656313935575,-0.112383544547169,0.279514807334284,0.403301877226331,32444,"Age, years, Male sex, Ever smoking (past/current), Ever alcohol (past/current), Body mass index, kg/m2",0.45410141035522306
dbp,egfr,beta,-0.074411074211358,-0.247474692393894,0.098652543971178,0.39945635744841,32444,"Age, years, Male sex, Ever smoking (past/current), Ever alcohol (past/current), Body mass index, kg/m2",0.450203293098656
glucose,egfr,beta,0.347098084840004,0.15586920921854,0.538326960461468,0.0003808659821078,32444,"Age, years, Male sex, Ever smoking (past/current), Ever alcohol (past/current), Body mass index, kg/m2",0.0006250745521825125
hba1c,egfr,beta,-0.153066244837413,-0.364422398560817,0.0582899088859902,0.155891461085277,32444,"Age, years, Male sex, Ever smoking (past/current), Ever alcohol (past/current), Body mass index, kg/m2",0.18991688894581304
homa_ir,egfr,beta,-0.183720583516504,-0.497103166025596,0.129661998992589,0.25081390516667,32444,"Age, years, Male sex, Ever smoking (past/current), Ever alcohol (past/current), Body mass index, kg/m2",0.29455370923541574
tg,egfr,beta,0.208106420336876,0.0018956829972644,0.414317157676489,0.0480303210320782,32444,"Age, years, Male sex, Ever smoking (past/current), Ever alcohol (past/current), Body mass index, kg/m2",0.062979445523075
tchol,egfr,beta,-0.157692382229046,-0.32230302402208,0.0069182595639876,0.0605424694213333,32444,"Age, years, Male sex, Ever smoking (past/current), Ever alcohol (past/current), Body mass index, kg/m2",0.07819236424713454
hdl,egfr,beta,0.585747529299449,0.421138428404,0.750356630194897,3.86380681502158e-12,32444,"Age, years, Male sex, Ever smoking (past/current), Ever alcohol (past/current), Body mass index, kg/m2",9.333558026410155e-12
ldl,egfr,beta,-0.134321349744519,-0.392553699353481,0.123910999864443,0.308072434366047,32444,"Age, years, Male sex, Ever smoking (past/current), Ever alcohol (past/current), Body mass index, kg/m2",0.3562150734856262
nonhdl,egfr,beta,-0.345630457467832,-0.511900830112421,-0.179360084823242,4.7511202560592e-05,32444,"Age, years, Male sex, Ever smoking (past/current), Ever alcohol (past/current), Body mass index, kg/m2",8.320957504644706e-05
alt,egfr,beta,0.310586030022513,0.142124372351761,0.479047687693265,0.0003076368836335,32444,"Age, years, Male sex, Ever smoking (past/current), Ever alcohol (past/current), Body mass index, kg/m2",0.0005072551985754621
ast,egfr,beta,0.194261842368261,0.0069701682900814,0.381553516446441,0.0421580427896565,32444,"Age, years, Male sex, Ever smoking (past/current), Ever alcohol (past/current), Body mass index, kg/m2",0.05596706622886173
hemoglobin,egfr,beta,-0.495195514379215,-0.774896676603203,-0.215494352155226,0.0005286497480131,32444,"Age, years, Male sex, Ever smoking (past/current), Ever alcohol (past/current), Body mass index, kg/m2",0.000858416050024038
platelet,egfr,beta,0.494334277370336,0.334847810429643,0.65382074431103,1.4174933831254602e-09,32444,"Age, years, Male sex, Ever smoking (past/current), Ever alcohol (past/current), Body mass index, kg/m2",3.122208690036192e-09
wbc,egfr,beta,-0.196914993864045,-0.361657856105106,-0.0321721316229841,0.0192153476842546,32444,"Age, years, Male sex, Ever smoking (past/current), Ever alcohol (past/current), Body mass index, kg/m2",0.026612840953183132
fib4,egfr,beta,-0.188370290804857,-0.382709630742088,0.0059690491323744,0.0575681520880811,32444,"Age, years, Male sex, Ever smoking (past/current), Ever alcohol (past/current), Body mass index, kg/m2",0.07456970638257508
vitd,egfr,beta,-0.765566125766597,-1.09835029062198,-0.432781960911213,7.29291534005346e-06,32444,"Age, years, Male sex, Ever smoking (past/current), Ever alcohol (past/current), Body mass index, kg/m2",1.33501288085594e-05
fn_bmd,egfr,beta,-0.671930733131385,-1.18413745322224,-0.159724013040525,0.0105017550647712,32444,"Age, years, Male sex, Ever smoking (past/current), Ever alcohol (past/current), Body mass index, kg/m2",0.015023225563819726
ls_bmd,egfr,beta,-0.815541230292047,-1.29848187939128,-0.332600581192817,0.0010196800772373,32444,"Age, years, Male sex, Ever smoking (past/current), Ever alcohol (past/current), Body mass index, kg/m2",0.001617708663076473
insulin,egfr,beta,-0.44950239073539,-0.755965827539196,-0.143038953931583,0.0041296057667798,32444,"Age, years, Male sex, Ever smoking (past/current), Ever alcohol (past/current), Body mass index, kg/m2",0.006178620012998495
hsi,egfr,beta,0.772964568709873,0.460485986903243,1.0854431505165,1.31691230497709e-06,32444,"Age, years, Male sex, Ever smoking (past/current), Ever alcohol (past/current), Body mass index, kg/m2",2.530368324129466e-06
dm,egfr,beta,-0.893315719927324,-1.43866382178058,-0.347967618074071,0.0013404222628129,32444,"Age, years, Male sex, Ever smoking (past/current), Ever alcohol (past/current), Body mass index, kg/m2",0.002101008994048524
prediabetes,egfr,beta,0.35557848243745,0.0168139942699927,0.694342970604908,0.0397570534225062,32444,"Age, years, Male sex, Ever smoking (past/current), Ever alcohol (past/current), Body mass index, kg/m2",0.05303952354320713
htn,egfr,beta,-1.45505574768764,-1.8464946005199,-1.06361689485538,4.2032850103868397e-13,32444,"Age, years, Male sex, Ever smoking (past/current), Ever alcohol (past/current), Body mass index, kg/m2",1.0506720941506351e-12
mets,egfr,beta,-0.885624580044966,-1.30530825857324,-0.465940901516696,3.64421299800231e-05,32444,"Age, years, Male sex, Ever smoking (past/current), Ever alcohol (past/current), Body mass index, kg/m2",6.423882972454522e-05
dyslipidemia,egfr,beta,-0.811422882848215,-1.13504276932453,-0.487802996371896,9.45077528925371e-07,32444,"Age, years, Male sex, Ever smoking (past/current), Ever alcohol (past/current), Body mass index, kg/m2",1.8298862324767217e-06
low_hdl,egfr,beta,-1.06895265534726,-1.41772980760122,-0.720175503093291,2.1478546638411503e-09,32444,"Age, years, Male sex, Ever smoking (past/current), Ever alcohol (past/current), Body mass index, kg/m2",4.698598836054989e-09
high_tg,egfr,beta,-0.162711119784279,-0.538493684557779,0.213071444989221,0.396144131901992,32444,"Age, years, Male sex, Ever smoking (past/current), Ever alcohol (past/current), Body mass index, kg/m2",0.4474726210900628
high_ldl,egfr,beta,-0.945800400052383,-1.75883023550853,-0.132770564596234,0.0226971040343149,32444,"Age, years, Male sex, Ever smoking (past/current), Ever alcohol (past/current), Body mass index, kg/m2",0.031238452680288034
high_nonhdl,egfr,beta,-1.03708464781806,-1.59006408766723,-0.484105207968887,0.0002417458072774,32444,"Age, years, Male sex, Ever smoking (past/current), Ever alcohol (past/current), Body mass index, kg/m2",0.0004039035736389957
atherogenic_dyslipidemia,egfr,beta,-1.11715915384286,-1.5931550603346,-0.64116324735112,4.42167554316844e-06,32444,"Age, years, Male sex, Ever smoking (past/current), Ever alcohol (past/current), Body mass index, kg/m2",8.209352273610568e-06
insulin_resistance,egfr,beta,-0.253219076232996,-0.888195151617803,0.381756999151811,0.434626133378512,32444,"Age, years, Male sex, Ever smoking (past/current), Ever alcohol (past/current), Body mass index, kg/m2",0.48395613081224137
high_alt,egfr,beta,0.608486852925761,0.0105702072666666,1.20640349858486,0.0461836034799279,32444,"Age, years, Male sex, Ever smoking (past/current), Ever alcohol (past/current), Body mass index, kg/m2",0.060761543315766185
high_ast,egfr,beta,0.769750548173828,-0.0190559304538109,1.55855702680147,0.0559007464143643,32444,"Age, years, Male sex, Ever smoking (past/current), Ever alcohol (past/current), Body mass index, kg/m2",0.07259676580803505
leukocytosis,egfr,beta,0.204484399075185,-1.2556977250706,1.66466652322098,0.783737934118825,32444,"Age, years, Male sex, Ever smoking (past/current), Ever alcohol (past/current), Body mass index, kg/m2",0.8167638174315467
vitd_deficiency,egfr,beta,1.33578128128552,0.631231240009992,2.04033132256105,0.0002136943305538,32444,"Age, years, Male sex, Ever smoking (past/current), Ever alcohol (past/current), Body mass index, kg/m2",0.00035805491541887895
osteoporosis,egfr,beta,1.89794776952492,0.69844238773652,3.09745315131333,0.0020720200610427,32444,"Age, years, Male sex, Ever smoking (past/current), Ever alcohol (past/current), Body mass index, kg/m2",0.003183967999560379
current_smoking,egfr,beta,1.23159436220998,0.784043600426476,1.67914512399348,7.51577711187685e-08,32444,"Age, years, Male sex, Ever alcohol (past/current), Body mass index, kg/m2",1.5292066428671443e-07
age,hemoglobin,beta,-0.261034624556845,-0.280527856708223,-0.241541392405468,2.06981812795033e-136,35736,unadjusted,2.650872526051295e-135
men,hemoglobin,beta,2.23831426936802,2.20924733867447,2.26738120006156,0.0,35736,unadjusted,0.0
bmi,hemoglobin,beta,0.193865133046452,0.178910437224176,0.208819828868727,9.48427270121154e-129,35736,"Age, years, Male sex",1.1247006213355909e-127
smoking,hemoglobin,beta,0.0991118273162515,0.0608614504484283,0.137362204184075,4.04264384987624e-07,35736,"Age, years, Male sex",7.963194429118634e-07
alcohol,hemoglobin,beta,-0.0222480999957437,-0.073461897439821,0.0289656974483337,0.394586653093172,35736,"Age, years, Male sex",0.4458563337164427
wc,hemoglobin,beta,0.205924884190096,0.189366874824017,0.222482893556175,1.67931030795374e-119,35736,"Age, years, Male sex, Ever smoking (past/current), Ever alcohol (past/current)",1.836810839941948e-118
height,hemoglobin,beta,0.0295223458305855,0.0036785635130893,0.0553661281480817,0.0252326558585285,35736,"Age, years, Male sex, Ever smoking (past/current), Ever alcohol (past/current)",0.034503150879994796
weight,hemoglobin,beta,0.206846888051607,0.189477818897701,0.224215957205514,1.469938368722e-110,35736,"Age, years, Male sex, Ever smoking (past/current), Ever alcohol (past/current)",1.527174906973122e-109
whtr,hemoglobin,beta,0.207227505661747,0.190307765418722,0.224147245904771,2.91674043930004e-116,35736,"Age, years, Male sex, Ever smoking (past/current), Ever alcohol (past/current)",3.131938971711811e-115
fat_kg,hemoglobin,beta,0.188287325013146,0.151947607688218,0.224627042338073,4.560411060910389e-22,35736,"Age, years, Male sex, Ever smoking (past/current), Ever alcohol (past/current)",1.452239399324267e-21
lean_kg,hemoglobin,beta,0.240969286309385,0.184006666105502,0.297931906513268,1.14916226868311e-15,35736,"Age, years, Male sex, Ever smoking (past/current), Ever alcohol (past/current)",3.0848700535837753e-15
asmm_kg,hemoglobin,beta,0.244369879804108,0.183739442964663,0.305000316643554,1.9446976952375202e-14,35736,"Age, years, Male sex, Ever smoking (past/current), Ever alcohol (past/current)",5.0399008702182094e-14
asmi,hemoglobin,beta,0.202932929836868,0.154434914699748,0.251430944973987,2.2217816895170504e-15,35736,"Age, years, Male sex, Ever smoking (past/current), Ever alcohol (past/current)",5.92362990952237e-15
bodyfat_pct,hemoglobin,beta,0.235440635089994,0.187475521179112,0.283405749000877,3.82735167271222e-20,35736,"Age, years, Male sex, Ever smoking (past/current), Ever alcohol (past/current)",1.1521309907087555e-19
asm_pct,hemoglobin,beta,-0.194450125136494,-0.250553585930612,-0.138346664342376,3.2773664380239394e-11,35736,"Age, years, Male sex, Ever smoking (past/current), Ever alcohol (past/current)",7.685009716857732e-11
obesity,hemoglobin,beta,0.318076713883977,0.287425955057413,0.34872747271054,4.47148417030701e-86,35736,"Age, years, Male sex, Ever smoking (past/current), Ever alcohol (past/current)",3.75860793504088e-85
overweight,hemoglobin,beta,0.340737130333855,0.310827999947067,0.370646260720644,4.90834470597514e-102,35736,"Age, years, Male sex, Ever smoking (past/current), Ever alcohol (past/current)",4.73621645327245e-101
abdominal_obesity,hemoglobin,beta,0.313433267058327,0.28088518936906,0.345981344747594,5.05662996621223e-75,35736,"Age, years, Male sex, Ever smoking (past/current), Ever alcohol (past/current)",3.813586882441001e-74
central_obesity,hemoglobin,beta,0.314088635080566,0.282246059925602,0.345931210235531,2.0763529293888498e-78,35736,"Age, years, Male sex, Ever smoking (past/current), Ever alcohol (past/current)",1.628711585146443e-77
high_bodyfat,hemoglobin,beta,0.255964248549729,0.185609476389023,0.326319020710435,3.71947447953402e-12,35736,"Age, years, Male sex, Ever smoking (past/current), Ever alcohol (past/current)",8.991070087109689e-12
sarcopenia,hemoglobin,beta,-0.316678180477252,-0.424794844503895,-0.208561516450608,1.67734877778755e-08,35736,"Age, years, Male sex, Ever smoking (past/current), Ever alcohol (past/current)",3.514350026988549e-08
sbp,hemoglobin,beta,0.132096854337314,0.114414178242548,0.14977953043208,6.912815745887761e-47,35736,"Age, years, Male sex, Ever smoking (past/current), Ever alcohol (past/current), Body mass index, kg/m2",3.4781338652880993e-46
dbp,hemoglobin,beta,0.253958647184777,0.239058493207543,0.26885880116201,3.0903771490847698e-207,35736,"Age, years, Male sex, Ever smoking (past/current), Ever alcohol (past/current), Body mass index, kg/m2",8.638339935775048e-206
glucose,hemoglobin,beta,0.073142013077049,0.0548584431735945,0.0914255829805034,6.23988896870722e-15,35736,"Age, years, Male sex, Ever smoking (past/current), Ever alcohol (past/current), Body mass index, kg/m2",1.6400663393870767e-14
hba1c,hemoglobin,beta,0.0125730795219376,-0.0074366129509027,0.0325827719947779,0.218220303642283,35736,"Age, years, Male sex, Ever smoking (past/current), Ever alcohol (past/current), Body mass index, kg/m2",0.2586948961715769
homa_ir,hemoglobin,beta,0.0934993891674258,0.0680894290153948,0.118909349319457,9.57284679577974e-13,35736,"Age, years, Male sex, Ever smoking (past/current), Ever alcohol (past/current), Body mass index, kg/m2",2.3643454708791194e-12
tg,hemoglobin,beta,0.125742334484595,0.106680372774892,0.144804296194298,3.2382319373115702e-37,35736,"Age, years, Male sex, Ever smoking (past/current), Ever alcohol (past/current), Body mass index, kg/m2",1.401112147814662e-36
tchol,hemoglobin,beta,0.199037839660394,0.183882135206052,0.214193544114736,9.48901334132858e-132,35736,"Age, years, Male sex, Ever smoking (past/current), Ever alcohol (past/current), Body mass index, kg/m2",1.1564119373065488e-130
hdl,hemoglobin,beta,-0.0044843447602034,-0.0209669352989937,0.0119982457785867,0.593902545430557,35736,"Age, years, Male sex, Ever smoking (past/current), Ever alcohol (past/current), Body mass index, kg/m2",0.6398668598979571
ldl,hemoglobin,beta,0.154406960765973,0.129137165342432,0.179676756189513,4.4411889786523503e-32,35736,"Age, years, Male sex, Ever smoking (past/current), Ever alcohol (past/current), Body mass index, kg/m2",1.7418560782643182e-31
nonhdl,hemoglobin,beta,0.206578758396439,0.191689820463064,0.221467696329813,3.18874507996649e-145,35736,"Age, years, Male sex, Ever smoking (past/current), Ever alcohol (past/current), Body mass index, kg/m2",4.4215591226936926e-144
alt,hemoglobin,beta,0.151491051552168,0.129329076508616,0.17365302659572,9.286752013992139e-40,35736,"Age, years, Male sex, Ever smoking (past/current), Ever alcohol (past/current), Body mass index, kg/m2",4.1560280296417173e-39
ast,hemoglobin,beta,0.0683284630027196,0.0455723634274777,0.0910845625779615,4.43251745501451e-09,35736,"Age, years, Male sex, Ever smoking (past/current), Ever alcohol (past/current), Body mass index, kg/m2",9.577500905865708e-09
creatinine,hemoglobin,beta,-0.066611303472544,-0.1278435025214,-0.0053791044236877,0.0330838522892821,35736,"Age, years, Male sex, Ever smoking (past/current), Ever alcohol (past/current), Body mass index, kg/m2",0.044592930640203435
egfr,hemoglobin,beta,-0.0512244214431916,-0.0804743850249948,-0.0219744578613884,0.0006072852533306,35736,"Age, years, Male sex, Ever smoking (past/current), Ever alcohol (past/current), Body mass index, kg/m2",0.000980677974429332
platelet,hemoglobin,beta,-0.116709490865073,-0.135775415762495,-0.0976435659676503,2.23786639022725e-32,35736,"Age, years, Male sex, Ever smoking (past/current), Ever alcohol (past/current), Body mass index, kg/m2",8.826165091131438e-32
wbc,hemoglobin,beta,0.138579485648977,0.119954140563052,0.157204830734901,1.5441862805975501e-46,35736,"Age, years, Male sex, Ever smoking (past/current), Ever alcohol (past/current), Body mass index, kg/m2",7.758379572417362e-46
fib4,hemoglobin,beta,-0.0527827699735681,-0.078027396683245,-0.0275381432638913,4.28450143679631e-05,35736,"Age, years, Male sex, Ever smoking (past/current), Ever alcohol (past/current), Body mass index, kg/m2",7.518691609564824e-05
vitd,hemoglobin,beta,0.043309956336849,0.0162403170641167,0.0703795956095812,0.0017569171244465,35736,"Age, years, Male sex, Ever smoking (past/current), Ever alcohol (past/current), Body mass index, kg/m2",0.0027211354935358723
fn_bmd,hemoglobin,beta,-0.0359971441778641,-0.0826313910962321,0.0106371027405039,0.130959412149643,35736,"Age, years, Male sex, Ever smoking (past/current), Ever alcohol (past/current), Body mass index, kg/m2",0.1613852517813305
ls_bmd,hemoglobin,beta,-0.107344230665086,-0.147921925232459,-0.0667665360977145,3.19766020525736e-07,35736,"Age, years, Male sex, Ever smoking (past/current), Ever alcohol (past/current), Body mass index, kg/m2",6.33417280254017e-07
insulin,hemoglobin,beta,0.0613749809582391,0.0356209800401504,0.0871289818763278,3.32605942890468e-06,35736,"Age, years, Male sex, Ever smoking (past/current), Ever alcohol (past/current), Body mass index, kg/m2",6.224432151223316e-06
hsi,hemoglobin,beta,0.361096821040562,0.330370743471079,0.391822898610046,6.0981215103121496e-108,35736,"Age, years, Male sex, Ever smoking (past/current), Ever alcohol (past/current), Body mass index, kg/m2",6.171719528540055e-107
dm,hemoglobin,beta,-0.0146966304650305,-0.0638184908350828,0.0344252299050219,0.55764785653477,35736,"Age, years, Male sex, Ever smoking (past/current), Ever alcohol (past/current), Body mass index, kg/m2",0.6041640913654384
prediabetes,hemoglobin,beta,0.00325883926183,-0.0281879273062569,0.034705605829917,0.839059050202619,35736,"Age, years, Male sex, Ever smoking (past/current), Ever alcohol (past/current), Body mass index, kg/m2",0.8640836183665567
htn,hemoglobin,beta,0.0951294891890566,0.0586446207768493,0.131614357601264,3.42297351600586e-07,35736,"Age, years, Male sex, Ever smoking (past/current), Ever alcohol (past/current), Body mass index, kg/m2",6.776679439782259e-07
mets,hemoglobin,beta,0.19398064837048,0.155684843380649,0.232276453360311,7.27755331226463e-23,35736,"Age, years, Male sex, Ever smoking (past/current), Ever alcohol (past/current), Body mass index, kg/m2",2.3536770216525277e-22
dyslipidemia,hemoglobin,beta,0.11330093752781,0.0832105589083291,0.14339131614729,2.05607353581127e-13,35736,"Age, years, Male sex, Ever smoking (past/current), Ever alcohol (past/current), Body mass index, kg/m2",5.194756809990885e-13
low_hdl,hemoglobin,beta,-0.0066230773195868,-0.0389190697710031,0.0256729151318294,0.687753745476365,35736,"Age, years, Male sex, Ever smoking (past/current), Ever alcohol (past/current), Body mass index, kg/m2",0.7271896402184802
high_tg,hemoglobin,beta,0.303912829885951,0.271628483733265,0.336197176038637,5.87124500382557e-72,35736,"Age, years, Male sex, Ever smoking (past/current), Ever alcohol (past/current), Body mass index, kg/m2",4.237402644154438e-71
high_ldl,hemoglobin,beta,0.360956925558688,0.289588456093399,0.432325395023977,1.06705188525082e-22,35736,"Age, years, Male sex, Ever smoking (past/current), Ever alcohol (past/current), Body mass index, kg/m2",3.4383867702226787e-22
high_nonhdl,hemoglobin,beta,0.382215332096422,0.335209832833912,0.429220831358931,7.04285339022335e-55,35736,"Age, years, Male sex, Ever smoking (past/current), Ever alcohol (past/current), Body mass index, kg/m2",4.113587005035927e-54
atherogenic_dyslipidemia,hemoglobin,beta,0.215159140899986,0.1752933491026,0.255024932697372,1.0988826148292501e-25,35736,"Age, years, Male sex, Ever smoking (past/current), Ever alcohol (past/current), Body mass index, kg/m2",3.798100656946633e-25
insulin_resistance,hemoglobin,beta,0.142265568075178,0.0908241540859226,0.193706982064433,7.13739025581704e-08,35736,"Age, years, Male sex, Ever smoking (past/current), Ever alcohol (past/current), Body mass index, kg/m2",1.4555812669940717e-07
ckd,hemoglobin,beta,-0.209029197682773,-0.293865193209345,-0.124193202156202,1.49790738219149e-06,35736,"Age, years, Male sex, Ever smoking (past/current), Ever alcohol (past/current), Body mass index, kg/m2",2.8687492115706512e-06
high_alt,hemoglobin,beta,0.391822408244755,0.340805953056415,0.442838863433095,2.30618353422261e-49,35736,"Age, years, Male sex, Ever smoking (past/current), Ever alcohol (past/current), Body mass index, kg/m2",1.2177478871862117e-48
high_ast,hemoglobin,beta,0.176070865518318,0.101568189789427,0.250573541247208,3.78071948529006e-06,35736,"Age, years, Male sex, Ever smoking (past/current), Ever alcohol (past/current), Body mass index, kg/m2",7.037893249044182e-06
adv_fibrosis,hemoglobin,beta,-0.332282994418449,-0.435707583581095,-0.228858405255803,3.50976108589567e-10,35736,"Age, years, Male sex, Ever smoking (past/current), Ever alcohol (past/current), Body mass index, kg/m2",7.903694721563011e-10
steatosis,hemoglobin,beta,0.287459846755743,0.245474626067028,0.329445067444458,7.05240147203907e-40,35736,"Age, years, Male sex, Ever smoking (past/current), Ever alcohol (past/current), Body mass index, kg/m2",3.172229627652823e-39
masld,hemoglobin,beta,0.24087593124999,0.19845496926961,0.28329689323037,3.34415762881114e-28,35736,"Age, years, Male sex, Ever smoking (past/current), Ever alcohol (past/current), Body mass index, kg/m2",1.2142395019250345e-27
leukocytosis,hemoglobin,beta,0.280868930566239,0.158141480793232,0.403596380339246,7.55493217172624e-06,35736,"Age, years, Male sex, Ever smoking (past/current), Ever alcohol (past/current), Body mass index, kg/m2",1.38154055601349e-05
vitd_deficiency,hemoglobin,beta,-0.0510972449548697,-0.10432463623327,0.0021301463235302,0.0601488949719743,35736,"Age, years, Male sex, Ever smoking (past/current), Ever alcohol (past/current), Body mass index, kg/m2",0.07771254882292498
osteoporosis,hemoglobin,beta,-0.0231714421676423,-0.135426013836286,0.0890831295010009,0.685975493973909,35736,"Age, years, Male sex, Ever smoking (past/current), Ever alcohol (past/current), Body mass index, kg/m2",0.7257451756611918
current_smoking,hemoglobin,beta,0.308604861937007,0.269682915205689,0.347526808668326,2.26904216602477e-52,35736,"Age, years, Male sex, Ever alcohol (past/current), Body mass index, kg/m2",1.250636386344169e-51
age,platelet,beta,-9.66476216078425,-10.4149321099943,-8.91459221157417,6.0695038125725195e-127,34403,unadjusted,7.055047005901126e-126
men,platelet,beta,-14.0265212921104,-15.5178420747549,-12.5352005094659,1.01336666135659e-71,34403,unadjusted,7.283831390403897e-71
bmi,platelet,beta,6.42979987947735,5.67197519064126,7.18762456831344,2.69293603378883e-59,34403,"Age, years, Male sex",1.6757103729689505e-58
smoking,platelet,beta,7.26045070067668,5.23191577780662,9.28898562354674,2.86854657209386e-12,34403,"Age, years, Male sex",6.962798778025207e-12
alcohol,platelet,beta,-1.01473056401933,-3.63046746725564,1.60100633921698,0.44711020865314,34403,"Age, years, Male sex",0.4959754818508218
wc,platelet,beta,7.14059370059739,6.29899830710064,7.98218909409414,2.74839372372993e-59,34403,"Age, years, Male sex, Ever smoking (past/current), Ever alcohol (past/current)",1.707203297174041e-58
height,platelet,beta,-6.58261444366727,-7.84716674166534,-5.3180621456692,5.04494834000055e-24,34403,"Age, years, Male sex, Ever smoking (past/current), Ever alcohol (past/current)",1.6683857327213086e-23
weight,platelet,beta,4.93101000558464,4.04227616987761,5.81974384129167,5.2286484700215e-27,34403,"Age, years, Male sex, Ever smoking (past/current), Ever alcohol (past/current)",1.8620121245111952e-26
whtr,platelet,beta,8.63828041624284,7.78846159911467,9.48809923337101,1.0960169988346699e-82,34403,"Age, years, Male sex, Ever smoking (past/current), Ever alcohol (past/current)",8.914946581745284e-82
fat_kg,platelet,beta,4.2090785663306,2.43269971652222,5.98545741613899,4.4215221512237e-06,34403,"Age, years, Male sex, Ever smoking (past/current), Ever alcohol (past/current)",8.209352273610568e-06
lean_kg,platelet,beta,-2.24956672276567,-5.19879828801212,0.699664842480783,0.135571307520812,34403,"Age, years, Male sex, Ever smoking (past/current), Ever alcohol (past/current)",0.1668934446306536
asmm_kg,platelet,beta,-2.95897597493829,-6.10779210633875,0.189840156462156,0.0661202060106468,34403,"Age, years, Male sex, Ever smoking (past/current), Ever alcohol (past/current)",0.08492901734846756
asmi,platelet,beta,0.256789682068155,-2.44250066786714,2.95608003200345,0.852163868935127,34403,"Age, years, Male sex, Ever smoking (past/current), Ever alcohol (past/current)",0.8749426502709104
bodyfat_pct,platelet,beta,7.48029831897621,5.1872012639512,9.77339537400121,3.86281303098405e-10,34403,"Age, years, Male sex, Ever smoking (past/current), Ever alcohol (past/current)",8.682085191528924e-10
asm_pct,platelet,beta,-8.53866863650416,-11.2020119914278,-5.87532528158051,7.45906749398907e-10,34403,"Age, years, Male sex, Ever smoking (past/current), Ever alcohol (past/current)",1.66165943793988e-09
obesity,platelet,beta,10.1959183123915,8.624113585943,11.7677230388399,4.8061014401143094e-36,34403,"Age, years, Male sex, Ever smoking (past/current), Ever alcohol (past/current)",2.0345059221253124e-35
overweight,platelet,beta,10.1661103592762,8.60964585807528,11.7225748604771,1.6573252606181e-36,34403,"Age, years, Male sex, Ever smoking (past/current), Ever alcohol (past/current)",7.032650081803552e-36
abdominal_obesity,platelet,beta,10.7509659366582,9.10666945370597,12.3952624196103,1.4183559554429198e-36,34403,"Age, years, Male sex, Ever smoking (past/current), Ever alcohol (past/current)",6.040447007339738e-36
central_obesity,platelet,beta,13.0078784873879,11.4120822627733,14.6036747120026,4.7581313828464696e-55,34403,"Age, years, Male sex, Ever smoking (past/current), Ever alcohol (past/current)",2.7883758286830727e-54
high_bodyfat,platelet,beta,8.35161068834519,4.91754221744747,11.7856791592429,2.49068067033313e-06,34403,"Age, years, Male sex, Ever smoking (past/current), Ever alcohol (past/current)",4.701059657509799e-06
sarcopenia,platelet,beta,0.0391826849663693,-5.42237582903343,5.50074119896617,0.988786743025828,34403,"Age, years, Male sex, Ever smoking (past/current), Ever alcohol (past/current)",0.9910378226912254
sbp,platelet,beta,2.80598687047415,1.92975646931025,3.68221727163805,3.99814844763827e-10,34403,"Age, years, Male sex, Ever smoking (past/current), Ever alcohol (past/current), Body mass index, kg/m2",8.974811238101968e-10
dbp,platelet,beta,2.5755809530794,1.77664372357397,3.37451818258483,3.06137474221877e-10,34403,"Age, years, Male sex, Ever smoking (past/current), Ever alcohol (past/current), Body mass index, kg/m2",6.907214504865156e-10
glucose,platelet,beta,0.626996600101633,-0.296066404623061,1.55005960482633,0.18318464248378,34403,"Age, years, Male sex, Ever smoking (past/current), Ever alcohol (past/current), Body mass index, kg/m2",0.22034710069257965
hba1c,platelet,beta,3.12290695922241,2.11153808281081,4.13427583563401,1.6353704049741501e-09,34403,"Age, years, Male sex, Ever smoking (past/current), Ever alcohol (past/current), Body mass index, kg/m2",3.595364897827064e-09
homa_ir,platelet,beta,1.56507252454499,0.240451693906004,2.88969335518398,0.0207463994536129,34403,"Age, years, Male sex, Ever smoking (past/current), Ever alcohol (past/current), Body mass index, kg/m2",0.028654438774754758
tg,platelet,beta,3.59859426903389,2.73877028761362,4.45841825045415,3.5287371682195297e-16,34403,"Age, years, Male sex, Ever smoking (past/current), Ever alcohol (past/current), Body mass index, kg/m2",9.589669989559554e-16
tchol,platelet,beta,7.11743946665958,6.33930478444618,7.89557414887298,4.01149691743836e-68,34403,"Age, years, Male sex, Ever smoking (past/current), Ever alcohol (past/current), Body mass index, kg/m2",2.754092035714991e-67
hdl,platelet,beta,-1.11314592659828,-1.92183506350837,-0.304456789688195,0.0070196164357733,34403,"Age, years, Male sex, Ever smoking (past/current), Ever alcohol (past/current), Body mass index, kg/m2",0.01028414687470614
ldl,platelet,beta,7.42676537185677,6.19522872756905,8.65830201614449,2.5900305568210803e-31,34403,"Age, years, Male sex, Ever smoking (past/current), Ever alcohol (past/current), Body mass index, kg/m2",1.000228905824983e-30
nonhdl,platelet,beta,7.65849349807275,6.86687770244993,8.45010929369556,1.56605387442639e-75,34403,"Age, years, Male sex, Ever smoking (past/current), Ever alcohol (past/current), Body mass index, kg/m2",1.186159515210698e-74
creatinine,platelet,beta,-2.50167677215902,-3.71326013261482,-1.29009341170322,5.33649157387695e-05,34403,"Age, years, Male sex, Ever smoking (past/current), Ever alcohol (past/current), Body mass index, kg/m2",9.32297783888622e-05
egfr,platelet,beta,3.47824681582843,2.35767655940399,4.59881707225288,1.3433059691043502e-09,34403,"Age, years, Male sex, Ever smoking (past/current), Ever alcohol (past/current), Body mass index, kg/m2",2.964363172422006e-09
hemoglobin,platelet,beta,-7.96990214029779,-9.25551861673792,-6.68428566385766,3.83263414221036e-33,34403,"Age, years, Male sex, Ever smoking (past/current), Ever alcohol (past/current), Body mass index, kg/m2",1.5391718869857342e-32
wbc,platelet,beta,18.1915305935218,17.2800228303169,19.1030383567266,2.1931241428974197e-267,34403,"Age, years, Male sex, Ever smoking (past/current), Ever alcohol (past/current), Body mass index, kg/m2",1.1883358817361096e-265
vitd,platelet,beta,-1.16955676867133,-2.54653481530795,0.207421277965284,0.0962349679826236,34403,"Age, years, Male sex, Ever smoking (past/current), Ever alcohol (past/current), Body mass index, kg/m2",0.12074797193972223
fn_bmd,platelet,beta,-1.52809802060733,-3.80246319369565,0.746267152480985,0.188510255265467,34403,"Age, years, Male sex, Ever smoking (past/current), Ever alcohol (past/current), Body mass index, kg/m2",0.22652102321561746
ls_bmd,platelet,beta,-0.771988198132601,-2.61610279260826,1.07212639634305,0.412340704522494,34403,"Age, years, Male sex, Ever smoking (past/current), Ever alcohol (past/current), Body mass index, kg/m2",0.46279922285794256
insulin,platelet,beta,0.67610344497399,-0.557779180834624,1.9099860707826,0.283059626031372,34403,"Age, years, Male sex, Ever smoking (past/current), Ever alcohol (past/current), Body mass index, kg/m2",0.32945670947868216
dm,platelet,beta,-0.353340768305424,-2.86674811179611,2.16006657518526,0.782920624056903,34403,"Age, years, Male sex, Ever smoking (past/current), Ever alcohol (past/current), Body mass index, kg/m2",0.8162955707307319
prediabetes,platelet,beta,7.96986661472392,6.32787863315726,9.61185459629057,3.83589597544206e-21,34403,"Age, years, Male sex, Ever smoking (past/current), Ever alcohol (past/current), Body mass index, kg/m2",1.1871727263187112e-20
htn,platelet,beta,4.56535318561075,2.74420982829988,6.38649654292162,9.46418510905858e-07,34403,"Age, years, Male sex, Ever smoking (past/current), Ever alcohol (past/current), Body mass index, kg/m2",1.8314758216540833e-06
mets,platelet,beta,6.60767203672218,4.6938609313576,8.52148314208676,1.59450119710029e-11,34403,"Age, years, Male sex, Ever smoking (past/current), Ever alcohol (past/current), Body mass index, kg/m2",3.7766195132395566e-11
dyslipidemia,platelet,beta,6.05686183670285,4.49581013244623,7.61791354095948,3.8710983471702e-14,34403,"Age, years, Male sex, Ever smoking (past/current), Ever alcohol (past/current), Body mass index, kg/m2",9.959100349695723e-14
low_hdl,platelet,beta,1.09754789735161,-0.588085277752221,2.78318107245543,0.20199305575681,34403,"Age, years, Male sex, Ever smoking (past/current), Ever alcohol (past/current), Body mass index, kg/m2",0.24099577993749488
high_tg,platelet,beta,11.1041641237819,9.40184306026597,12.8064851872978,2.0352327121623598e-36,34403,"Age, years, Male sex, Ever smoking (past/current), Ever alcohol (past/current), Body mass index, kg/m2",8.625859942522059e-36
high_ldl,platelet,beta,14.2020064412521,10.038842604264,18.3651702782402,2.88334583323812e-11,34403,"Age, years, Male sex, Ever smoking (past/current), Ever alcohol (past/current), Body mass index, kg/m2",6.779134862927009e-11
high_nonhdl,platelet,beta,15.750442202624,13.0830244660524,18.4178599391957,2.7216503675180398e-30,34403,"Age, years, Male sex, Ever smoking (past/current), Ever alcohol (past/current), Body mass index, kg/m2",1.0307153327310254e-29
atherogenic_dyslipidemia,platelet,beta,7.1051748997632,4.96523883048238,9.24511096904402,9.0070076634908e-11,34403,"Age, years, Male sex, Ever smoking (past/current), Ever alcohol (past/current), Body mass index, kg/m2",2.0760916878805363e-10
insulin_resistance,platelet,beta,3.68680184435152,1.06562771483471,6.30797597386833,0.0059295286906895,34403,"Age, years, Male sex, Ever smoking (past/current), Ever alcohol (past/current), Body mass index, kg/m2",0.008767338391523266
ckd,platelet,beta,3.54336954217895,-0.45235647558136,7.53909555993927,0.0823794355143549,34403,"Age, years, Male sex, Ever smoking (past/current), Ever alcohol (past/current), Body mass index, kg/m2",0.10436704024516474
steatosis,platelet,beta,5.9782234881471,3.74558331781809,8.2108636584761,1.65092805825752e-07,34403,"Age, years, Male sex, Ever smoking (past/current), Ever alcohol (past/current), Body mass index, kg/m2",3.3150334214270157e-07
masld,platelet,beta,7.42218645450398,5.23609486489159,9.60827804411637,3.40553850366111e-11,34403,"Age, years, Male sex, Ever smoking (past/current), Ever alcohol (past/current), Body mass index, kg/m2",7.980243918758767e-11
anemia,platelet,beta,20.6375687056397,17.4069918911306,23.8681455201488,4.896910869777461e-35,34403,"Age, years, Male sex, Ever smoking (past/current), Ever alcohol (past/current), Body mass index, kg/m2",2.03383491549012e-34
leukocytosis,platelet,beta,45.8826045396131,38.1778586433818,53.5873504358445,9.038689313071911e-31,34403,"Age, years, Male sex, Ever smoking (past/current), Ever alcohol (past/current), Body mass index, kg/m2",3.445266640761826e-30
vitd_deficiency,platelet,beta,2.62829854435977,0.0526264800989713,5.20397060862058,0.0457308428656595,34403,"Age, years, Male sex, Ever smoking (past/current), Ever alcohol (past/current), Body mass index, kg/m2",0.060255902945324645
osteoporosis,platelet,beta,4.74889526222783,-2.21458731593083,11.7123778403865,0.18199893240962,34403,"Age, years, Male sex, Ever smoking (past/current), Ever alcohol (past/current), Body mass index, kg/m2",0.2191453811783527
current_smoking,platelet,beta,9.60511901652565,7.5125092214198,11.6977288116315,4.1978342995358404e-19,34403,"Age, years, Male sex, Ever alcohol (past/current), Body mass index, kg/m2",1.2351522475326006e-18
age,wbc,beta,-0.113847785598872,-0.136189925693846,-0.0915056455038987,4.06775395590003e-23,35736,unadjusted,1.3216447816125374e-22
men,wbc,beta,0.723306941957671,0.679042278659963,0.767571605255379,5.6286320234318e-193,35736,unadjusted,1.2313069556848943e-191
bmi,wbc,beta,0.309552069661339,0.287609154033978,0.331494985288701,1.49001155138949e-149,35736,"Age, years, Male sex",2.1160567274168485e-148
smoking,wbc,beta,0.572493069159247,0.513612403147753,0.631373735170741,2.2345525135659602e-76,35736,"Age, years, Male sex",1.7221212150501778e-75
alcohol,wbc,beta,-0.177443471447422,-0.250063768944118,-0.104823173950726,1.75907847090858e-06,35736,"Age, years, Male sex",3.3489050673189288e-06
wc,wbc,beta,0.364869675531359,0.34093844036733,0.388800910695388,3.31702191528765e-171,35736,"Age, years, Male sex, Ever smoking (past/current), Ever alcohol (past/current)",5.6437445341271025e-170
height,wbc,beta,-0.21520308109857,-0.251860242031424,-0.178545920165717,5.4296193005644395e-30,35736,"Age, years, Male sex, Ever smoking (past/current), Ever alcohol (past/current)",2.0322124523472854e-29
weight,wbc,beta,0.261732160856894,0.235627377697852,0.287836944015937,8.24816571915257e-81,35736,"Age, years, Male sex, Ever smoking (past/current), Ever alcohol (past/current)",6.602281741558034e-80
whtr,wbc,beta,0.417352643364142,0.393161425617775,0.441543861110509,1.8488739825758101e-211,35736,"Age, years, Male sex, Ever smoking (past/current), Ever alcohol (past/current)",5.5184187852813585e-210
fat_kg,wbc,beta,0.298944671979367,0.244386758940404,0.353502585018329,3.03801545605206e-24,35736,"Age, years, Male sex, Ever smoking (past/current), Ever alcohol (past/current)",1.0161339445598629e-23
lean_kg,wbc,beta,0.140976325026616,0.0615178444455318,0.220434805607701,0.0005525222917886,35736,"Age, years, Male sex, Ever smoking (past/current), Ever alcohol (past/current)",0.0008963535291015427
asmm_kg,wbc,beta,0.089624026802419,0.0068918717803955,0.172356181824442,0.0342450637155971,35736,"Age, years, Male sex, Ever smoking (past/current), Ever alcohol (past/current)",0.04601721266933727
asmi,wbc,beta,0.171343297005747,0.102011450172984,0.240675143838511,1.72422801207839e-06,35736,"Age, years, Male sex, Ever smoking (past/current), Ever alcohol (past/current)",3.2843326438832288e-06
bodyfat_pct,wbc,beta,0.424491636504131,0.348259329788473,0.500723943219789,6.58737900335977e-25,35736,"Age, years, Male sex, Ever smoking (past/current), Ever alcohol (past/current)",2.2459582623265355e-24
asm_pct,wbc,beta,-0.487132892273755,-0.577830763097738,-0.396435021449771,1.91884858126833e-23,35736,"Age, years, Male sex, Ever smoking (past/current), Ever alcohol (past/current)",6.263377852851768e-23
obesity,wbc,beta,0.540296859233287,0.494414785922301,0.586178932544273,2.45169743850204e-108,35736,"Age, years, Male sex, Ever smoking (past/current), Ever alcohol (past/current)",2.5028632980881694e-107
overweight,wbc,beta,0.481708272522437,0.436460515449985,0.526956029594888,3.41214606460659e-90,35736,"Age, years, Male sex, Ever smoking (past/current), Ever alcohol (past/current)",2.9746481286001014e-89
abdominal_obesity,wbc,beta,0.612944254329014,0.56433931875247,0.661549189905558,1.61890518306529e-122,35736,"Age, years, Male sex, Ever smoking (past/current), Ever alcohol (past/current)",1.827494889344856e-121
central_obesity,wbc,beta,0.632224651535268,0.584808242996832,0.679641060073704,2.5722891627050697e-135,35736,"Age, years, Male sex, Ever smoking (past/current), Ever alcohol (past/current)",3.2355722968025913e-134
high_bodyfat,wbc,beta,0.46457454049652,0.347366973027344,0.581782107965696,4.8943253690130904e-14,35736,"Age, years, Male sex, Ever smoking (past/current), Ever alcohol (past/current)",1.2545716120570673e-13
sarcopenia,wbc,beta,-0.199759347376607,-0.345909494416158,-0.0536092003370549,0.0076405657585647,35736,"Age, years, Male sex, Ever smoking (past/current), Ever alcohol (past/current)",0.01112446159638895
sbp,wbc,beta,0.103463672891394,0.0778548848963542,0.129072460886433,3.3899976425123002e-15,35736,"Age, years, Male sex, Ever smoking (past/current), Ever alcohol (past/current), Body mass index, kg/m2",8.990641338048435e-15
dbp,wbc,beta,0.0439582371292309,0.0204154482370165,0.0675010260214452,0.0002570803200731,35736,"Age, years, Male sex, Ever smoking (past/current), Ever alcohol (past/current), Body mass index, kg/m2",0.00042830505548602563
glucose,wbc,beta,0.141160082081905,0.115144152972439,0.167176011191371,6.14146637890921e-26,35736,"Age, years, Male sex, Ever smoking (past/current), Ever alcohol (past/current), Body mass index, kg/m2",2.1416083749027955e-25
hba1c,wbc,beta,0.269378457965547,0.23856416462128,0.300192751309815,1.62687624870545e-62,35736,"Age, years, Male sex, Ever smoking (past/current), Ever alcohol (past/current), Body mass index, kg/m2",1.0455945525439041e-61
homa_ir,wbc,beta,0.287572720803265,0.248130322600591,0.32701511900594,5.43747495596363e-43,35736,"Age, years, Male sex, Ever smoking (past/current), Ever alcohol (past/current), Body mass index, kg/m2",2.584451659231296e-42
tg,wbc,beta,0.182076569782861,0.15181545727277,0.212337682292952,2.19038888825284e-31,35736,"Age, years, Male sex, Ever smoking (past/current), Ever alcohol (past/current), Body mass index, kg/m2",8.486853316200773e-31
tchol,wbc,beta,0.0475304585145011,0.0251387574881048,0.0699221595408974,3.26857313030375e-05,35736,"Age, years, Male sex, Ever smoking (past/current), Ever alcohol (past/current), Body mass index, kg/m2",5.787790128169838e-05
hdl,wbc,beta,-0.167627108659424,-0.191162459676415,-0.144091757642433,6.53906330835118e-43,35736,"Age, years, Male sex, Ever smoking (past/current), Ever alcohol (past/current), Body mass index, kg/m2",3.1038518830206005e-42
ldl,wbc,beta,0.0307360805785614,-0.0052856514395234,0.0667578125966462,0.0945856451657425,35736,"Age, years, Male sex, Ever smoking (past/current), Ever alcohol (past/current), Body mass index, kg/m2",0.11880550723029425
nonhdl,wbc,beta,0.10171535697298,0.0794172927036551,0.124013421242304,6.7341137653039e-19,35736,"Age, years, Male sex, Ever smoking (past/current), Ever alcohol (past/current), Body mass index, kg/m2",1.9698960698837488e-18
alt,wbc,beta,0.0589378148648608,0.0348815501821262,0.0829940795475954,1.65075420338777e-06,35736,"Age, years, Male sex, Ever smoking (past/current), Ever alcohol (past/current), Body mass index, kg/m2",3.149488788912094e-06
ast,wbc,beta,-0.0249670688009542,-0.0525390809406247,0.0026049433387163,0.076032094326962,35736,"Age, years, Male sex, Ever smoking (past/current), Ever alcohol (past/current), Body mass index, kg/m2",0.09695330782750186
creatinine,wbc,beta,0.0268514705738255,-0.0223824679578903,0.0760854091055412,0.285187366758083,35736,"Age, years, Male sex, Ever smoking (past/current), Ever alcohol (past/current), Body mass index, kg/m2",0.33182355656490525
egfr,wbc,beta,-0.0382372510774457,-0.0699968609624539,-0.0064776411924375,0.0183591172571894,35736,"Age, years, Male sex, Ever smoking (past/current), Ever alcohol (past/current), Body mass index, kg/m2",0.025477072884090256
hemoglobin,wbc,beta,0.268739092675597,0.237514303719644,0.299963881631551,5.6698551977502e-61,35736,"Age, years, Male sex, Ever smoking (past/current), Ever alcohol (past/current), Body mass index, kg/m2",3.585140037069337e-60
platelet,wbc,beta,0.5022600439116,0.479382438516866,0.525137649306334,6.0153545043405e-311,35736,"Age, years, Male sex, Ever smoking (past/current), Ever alcohol (past/current), Body mass index, kg/m2",4.154133051821033e-309
fib4,wbc,beta,-0.317564336877484,-0.408449540425004,-0.226679133329963,9.13919587820513e-12,35736,"Age, years, Male sex, Ever smoking (past/current), Ever alcohol (past/current), Body mass index, kg/m2",2.174881613718815e-11
vitd,wbc,beta,-0.0129788016976268,-0.0503637110379369,0.0244061076426833,0.496358881151738,35736,"Age, years, Male sex, Ever smoking (past/current), Ever alcohol (past/current), Body mass index, kg/m2",0.5442640035543029
fn_bmd,wbc,beta,-0.124873914372575,-0.186490954002056,-0.0632568747430938,8.22212686556525e-05,35736,"Age, years, Male sex, Ever smoking (past/current), Ever alcohol (past/current), Body mass index, kg/m2",0.00014188305154591284
ls_bmd,wbc,beta,-0.0610581624396219,-0.118142413260561,-0.0039739116186832,0.0365688906796988,35736,"Age, years, Male sex, Ever smoking (past/current), Ever alcohol (past/current), Body mass index, kg/m2",0.048953110214328834
insulin,wbc,beta,0.254981571795881,0.215173434442168,0.294789709149593,4.1006519961044994e-34,35736,"Age, years, Male sex, Ever smoking (past/current), Ever alcohol (past/current), Body mass index, kg/m2",1.6735221703684873e-33
hsi,wbc,beta,0.372581990243229,0.323826199249882,0.421337781236575,6.6314420175729796e-49,35736,"Age, years, Male sex, Ever smoking (past/current), Ever alcohol (past/current), Body mass index, kg/m2",3.480765839924297e-48
dm,wbc,beta,0.582331637738095,0.510887404321885,0.653775871154305,4.00429656559538e-55,35736,"Age, years, Male sex, Ever smoking (past/current), Ever alcohol (past/current), Body mass index, kg/m2",2.350522084004488e-54
prediabetes,wbc,beta,0.053553083046443,0.0069203666017107,0.100185799491175,0.0244687006859673,35736,"Age, years, Male sex, Ever smoking (past/current), Ever alcohol (past/current), Body mass index, kg/m2",0.033532592924504605
htn,wbc,beta,0.283546861468293,0.229206247070661,0.337887475865926,3.83588167062441e-24,35736,"Age, years, Male sex, Ever smoking (past/current), Ever alcohol (past/current), Body mass index, kg/m2",1.274525966409356e-23
mets,wbc,beta,0.480504097950305,0.424215052216193,0.536793143684417,4.77616024446199e-60,35736,"Age, years, Male sex, Ever smoking (past/current), Ever alcohol (past/current), Body mass index, kg/m2",3.003863639463416e-59
dyslipidemia,wbc,beta,0.3363982921938,0.29372351986777,0.379073064519831,8.29504491192243e-52,35736,"Age, years, Male sex, Ever smoking (past/current), Ever alcohol (past/current), Body mass index, kg/m2",4.5365136925140994e-51
low_hdl,wbc,beta,0.290782294432719,0.245393023141001,0.336171565724437,2.98262724763083e-35,35736,"Age, years, Male sex, Ever smoking (past/current), Ever alcohol (past/current), Body mass index, kg/m2",1.2446461097340975e-34
high_tg,wbc,beta,0.506191857916347,0.45675314426562,0.555630571567073,5.59238634473151e-84,35736,"Age, years, Male sex, Ever smoking (past/current), Ever alcohol (past/current), Body mass index, kg/m2",4.6019590434916764e-83
high_ldl,wbc,beta,0.281742432646072,0.158266667183427,0.405218198108717,8.12760717974558e-06,35736,"Age, years, Male sex, Ever smoking (past/current), Ever alcohol (past/current), Body mass index, kg/m2",1.4793505161273349e-05
high_nonhdl,wbc,beta,0.31740132697815,0.235773482923786,0.399029171032514,3.38217873157661e-14,35736,"Age, years, Male sex, Ever smoking (past/current), Ever alcohol (past/current), Body mass index, kg/m2",8.720375909672636e-14
atherogenic_dyslipidemia,wbc,beta,0.46440497363787,0.401795251241097,0.527014696034642,2.8480963743255902e-46,35736,"Age, years, Male sex, Ever smoking (past/current), Ever alcohol (past/current), Body mass index, kg/m2",1.4248573054509557e-45
insulin_resistance,wbc,beta,0.500093369064459,0.413222321534189,0.586964416594729,3.58246845261121e-28,35736,"Age, years, Male sex, Ever smoking (past/current), Ever alcohol (past/current), Body mass index, kg/m2",1.2994288249327169e-27
ckd,wbc,beta,0.471011105526531,0.366087214540485,0.575934996512577,3.4377355225489297e-18,35736,"Age, years, Male sex, Ever smoking (past/current), Ever alcohol (past/current), Body mass index, kg/m2",9.900003687994547e-18
high_alt,wbc,beta,0.201086475823035,0.118756370850694,0.283416580795377,1.77629524442581e-06,35736,"Age, years, Male sex, Ever smoking (past/current), Ever alcohol (past/current), Body mass index, kg/m2",3.379855132829661e-06
high_ast,wbc,beta,0.0319803439424019,-0.0769288021119366,0.14088948999674,0.564971472217959,35736,"Age, years, Male sex, Ever smoking (past/current), Ever alcohol (past/current), Body mass index, kg/m2",0.6116906010303264
adv_fibrosis,wbc,beta,-0.616414282925617,-0.72920767799815,-0.503620887853083,2.88470976225863e-26,35736,"Age, years, Male sex, Ever smoking (past/current), Ever alcohol (past/current), Body mass index, kg/m2",1.010940077878099e-25
steatosis,wbc,beta,0.416453579673409,0.35190719339937,0.480999965947449,1.01879057898713e-35,35736,"Age, years, Male sex, Ever smoking (past/current), Ever alcohol (past/current), Body mass index, kg/m2",4.271643356181752e-35
masld,wbc,beta,0.437558486590955,0.374423441399663,0.500693531782248,8.65169333893308e-41,35736,"Age, years, Male sex, Ever smoking (past/current), Ever alcohol (past/current), Body mass index, kg/m2",3.972785389794304e-40
anemia,wbc,beta,-0.297298703106192,-0.372792338853054,-0.22180506735933,1.60751704974656e-14,35736,"Age, years, Male sex, Ever smoking (past/current), Ever alcohol (past/current), Body mass index, kg/m2",4.172199741494019e-14
vitd_deficiency,wbc,beta,0.0082420973907347,-0.0741996793662758,0.0906838741477454,0.844683615878298,35736,"Age, years, Male sex, Ever smoking (past/current), Ever alcohol (past/current), Body mass index, kg/m2",0.8688597240430389
osteoporosis,wbc,beta,0.198439414895313,-0.0014788322624712,0.398357662053098,0.0523287795273791,35736,"Age, years, Male sex, Ever smoking (past/current), Ever alcohol (past/current), Body mass index, kg/m2",0.06823471362289121
current_smoking,wbc,beta,0.954671201038621,0.890648376245305,1.01869402583194,8.87892309000672e-165,35736,"Age, years, Male sex, Ever alcohol (past/current), Body mass index, kg/m2",1.4344755561010855e-163
bmi,fib4,beta,-0.0604060889877661,-0.0678817396663351,-0.0529304383091971,3.5813411163392804e-54,34384,"Age, years, Male sex",2.061026701265841e-53
smoking,fib4,beta,-0.0183271448314088,-0.0384189451923714,0.0017646555295537,0.0739076092769858,34384,"Age, years, Male sex",0.09434671978018991
alcohol,fib4,beta,0.0266162739484292,0.0011716151157722,0.0520609327810863,0.0404329573036021,34384,"Age, years, Male sex",0.05381892502769712
wc,fib4,beta,-0.0639583415880684,-0.0719842218689865,-0.0559324613071503,8.65012493769818e-53,34384,"Age, years, Male sex, Ever smoking (past/current), Ever alcohol (past/current)",4.835831750884602e-52
height,fib4,beta,0.0019206365757597,-0.0114475770796385,0.0152888502311579,0.778273417051528,34384,"Age, years, Male sex, Ever smoking (past/current), Ever alcohol (past/current)",0.8121715481053279
weight,fib4,beta,-0.0612482820543641,-0.0704278281414796,-0.0520687359672486,5.60176756612658e-38,34384,"Age, years, Male sex, Ever smoking (past/current), Ever alcohol (past/current)",2.4478195245530786e-37
whtr,fib4,beta,-0.0665760955094866,-0.0747514639937819,-0.0584007270251913,5.9634937523059396e-55,34384,"Age, years, Male sex, Ever smoking (past/current), Ever alcohol (past/current)",3.4889410291730095e-54
fat_kg,fib4,beta,-0.0552558550704184,-0.0775238136978225,-0.0329878964430144,1.56836796592132e-06,34384,"Age, years, Male sex, Ever smoking (past/current), Ever alcohol (past/current)",2.997174159508893e-06
lean_kg,fib4,beta,-0.040833980269797,-0.072214606587464,-0.00945335395213,0.0110698978888854,34384,"Age, years, Male sex, Ever smoking (past/current), Ever alcohol (past/current)",0.0157974798884337
asmm_kg,fib4,beta,-0.0432056119000418,-0.0787472682147637,-0.0076639555853199,0.0175797161538853,34384,"Age, years, Male sex, Ever smoking (past/current), Ever alcohol (past/current)",0.024453301853864146
asmi,fib4,beta,-0.0462392583644716,-0.0771080894283992,-0.015370427300544,0.0034860468009535,34384,"Age, years, Male sex, Ever smoking (past/current), Ever alcohol (past/current)",0.005260435661078932
bodyfat_pct,fib4,beta,-0.0833829239505519,-0.115868489849793,-0.0508973580513107,6.92722354684461e-07,34384,"Age, years, Male sex, Ever smoking (past/current), Ever alcohol (past/current)",1.3501760560036922e-06
asm_pct,fib4,beta,0.071301814683678,0.0407637642775432,0.101839865089813,6.04311302257454e-06,34384,"Age, years, Male sex, Ever smoking (past/current), Ever alcohol (past/current)",1.112008571865597e-05
obesity,fib4,beta,-0.102953852355348,-0.11994256460755,-0.0859651401031453,8.82567918569934e-32,34384,"Age, years, Male sex, Ever smoking (past/current), Ever alcohol (past/current)",3.442308094355822e-31
overweight,fib4,beta,-0.117538005410466,-0.132954405475424,-0.102121605345508,1.2252736272265001e-48,34384,"Age, years, Male sex, Ever smoking (past/current), Ever alcohol (past/current)",6.364916983911112e-48
abdominal_obesity,fib4,beta,-0.0984510147070972,-0.115869973924332,-0.081032055489862,6.0879684143971395e-28,34384,"Age, years, Male sex, Ever smoking (past/current), Ever alcohol (past/current)",2.1969082741297875e-27
central_obesity,fib4,beta,-0.11529590200921,-0.133841425841414,-0.0967503781770055,2.57607317281435e-33,34384,"Age, years, Male sex, Ever smoking (past/current), Ever alcohol (past/current)",1.0369062531031017e-32
high_bodyfat,fib4,beta,-0.0641920740078982,-0.109389450301077,-0.0189946977147197,0.0055875206585364,34384,"Age, years, Male sex, Ever smoking (past/current), Ever alcohol (past/current)",0.008296478819293929
sarcopenia,fib4,beta,0.105267648196994,0.0392863378557699,0.171248958538218,0.0018738000683044,34384,"Age, years, Male sex, Ever smoking (past/current), Ever alcohol (past/current)",0.0028913366616607787
sbp,fib4,beta,0.0069890997385867,-0.0037954736392831,0.0177736731164567,0.204116688326084,34384,"Age, years, Male sex, Ever smoking (past/current), Ever alcohol (past/current), Body mass index, kg/m2",0.2431176788246425
dbp,fib4,beta,-0.0227141489323134,-0.0321933000903339,-0.013234997774293,2.7729422851951e-06,34384,"Age, years, Male sex, Ever smoking (past/current), Ever alcohol (past/current), Body mass index, kg/m2",5.211474241439243e-06
glucose,fib4,beta,-0.0018296300268569,-0.0174615343886656,0.0138022743349516,0.818569030882938,34384,"Age, years, Male sex, Ever smoking (past/current), Ever alcohol (past/current), Body mass index, kg/m2",0.8457025892548277
hba1c,fib4,beta,-0.0312716898709172,-0.0447486029573169,-0.0177947767845176,5.66433203986295e-06,34384,"Age, years, Male sex, Ever smoking (past/current), Ever alcohol (past/current), Body mass index, kg/m2",1.0428529767066028e-05
homa_ir,fib4,beta,-0.0050331675195705,-0.0301590183541904,0.0200926833150494,0.694670654335197,34384,"Age, years, Male sex, Ever smoking (past/current), Ever alcohol (past/current), Body mass index, kg/m2",0.7336222022694344
tg,fib4,beta,-6.32452182440948e-05,-0.0241036835905639,0.0239771931540757,0.995886223145042,34384,"Age, years, Male sex, Ever smoking (past/current), Ever alcohol (past/current), Body mass index, kg/m2",0.9964546655218243
tchol,fib4,beta,-0.056032848792883,-0.0645309484366259,-0.04753474914914,3.75521691569124e-37,34384,"Age, years, Male sex, Ever smoking (past/current), Ever alcohol (past/current), Body mass index, kg/m2",1.6208178893461455e-36
hdl,fib4,beta,0.0258165589450149,0.0101333040142329,0.0414998138757969,0.0012680306504395,34384,"Age, years, Male sex, Ever smoking (past/current), Ever alcohol (past/current), Body mass index, kg/m2",0.0019955334901018405
ldl,fib4,beta,-0.08290485682312,-0.101922998641286,-0.0638867150049536,2.3589972034858102e-17,34384,"Age, years, Male sex, Ever smoking (past/current), Ever alcohol (past/current), Body mass index, kg/m2",6.636092772106249e-17
nonhdl,fib4,beta,-0.0656578966276187,-0.0748037046009875,-0.0565120886542499,1.6821623039095499e-43,34384,"Age, years, Male sex, Ever smoking (past/current), Ever alcohol (past/current), Body mass index, kg/m2",8.093682560613982e-43
creatinine,fib4,beta,0.0107071766736168,0.001025648500218,0.0203887048470156,0.0302750671247958,34384,"Age, years, Male sex, Ever smoking (past/current), Ever alcohol (past/current), Body mass index, kg/m2",0.04094807465957405
egfr,fib4,beta,-0.0125374983476558,-0.0254963489255765,0.0004213522302649,0.058033093573595,34384,"Age, years, Male sex, Ever smoking (past/current), Ever alcohol (past/current), Body mass index, kg/m2",0.07511670546350666
hemoglobin,fib4,beta,-0.0339334607411759,-0.05457479509846,-0.0132921263838919,0.0012868972589935,34384,"Age, years, Male sex, Ever smoking (past/current), Ever alcohol (past/current), Body mass index, kg/m2",0.0020210422380480594
wbc,fib4,beta,-0.108315267096903,-0.118129437199011,-0.0985010969947958,4.37150723509954e-96,34384,"Age, years, Male sex, Ever smoking (past/current), Ever alcohol (past/current), Body mass index, kg/m2",4.0304838958169055e-95
vitd,fib4,beta,-0.0036468086492235,-0.0180680650050352,0.0107744477065881,0.620243775877211,34384,"Age, years, Male sex, Ever smoking (past/current), Ever alcohol (past/current), Body mass index, kg/m2",0.6635779400484622
fn_bmd,fib4,beta,-0.0049068137313621,-0.0249651772676214,0.0151515498048971,0.631825071737154,34384,"Age, years, Male sex, Ever smoking (past/current), Ever alcohol (past/current), Body mass index, kg/m2",0.6739212303628881
ls_bmd,fib4,beta,-0.0165902386734554,-0.0421317934732892,0.0089513161263784,0.203603851274991,34384,"Age, years, Male sex, Ever smoking (past/current), Ever alcohol (past/current), Body mass index, kg/m2",0.24267098618968472
insulin,fib4,beta,0.0005170560554189,-0.0188638751641451,0.0198979872749829,0.958306734053216,34384,"Age, years, Male sex, Ever smoking (past/current), Ever alcohol (past/current), Body mass index, kg/m2",0.9640549321152319
dm,fib4,beta,0.0172861663530135,-0.02354690437899,0.0581192370850169,0.406755812347167,34384,"Age, years, Male sex, Ever smoking (past/current), Ever alcohol (past/current), Body mass index, kg/m2",0.4571135836269056
prediabetes,fib4,beta,-0.0493037104299368,-0.0676139424881592,-0.0309934783717144,1.40850435019685e-07,34384,"Age, years, Male sex, Ever smoking (past/current), Ever alcohol (past/current), Body mass index, kg/m2",2.839583469601205e-07
htn,fib4,beta,-0.0004841849489502,-0.0240053631607346,0.0230369932628342,0.967819580751574,34384,"Age, years, Male sex, Ever smoking (past/current), Ever alcohol (past/current), Body mass index, kg/m2",0.972365352081649
mets,fib4,beta,-0.0367544244211176,-0.063111430781603,-0.0103974180606322,0.0063119895204369,34384,"Age, years, Male sex, Ever smoking (past/current), Ever alcohol (past/current), Body mass index, kg/m2",0.009289940280392294
dyslipidemia,fib4,beta,-0.0465720951188524,-0.0635227433497624,-0.0296214468879425,7.84003209577077e-08,34384,"Age, years, Male sex, Ever smoking (past/current), Ever alcohol (past/current), Body mass index, kg/m2",1.592421744019876e-07
low_hdl,fib4,beta,-0.0252758722884865,-0.0460014872379922,-0.0045502573389809,0.0168997612478561,34384,"Age, years, Male sex, Ever smoking (past/current), Ever alcohol (past/current), Body mass index, kg/m2",0.02356332506530055
high_tg,fib4,beta,-0.0729940282204365,-0.0930401119449348,-0.0529479444959383,1.21036637713044e-12,34384,"Age, years, Male sex, Ever smoking (past/current), Ever alcohol (past/current), Body mass index, kg/m2",2.9748153386276412e-12
high_ldl,fib4,beta,-0.106334856159053,-0.141106738895671,-0.0715629734224346,2.3833098930629603e-09,34384,"Age, years, Male sex, Ever smoking (past/current), Ever alcohol (past/current), Body mass index, kg/m2",5.203978576173432e-09
high_nonhdl,fib4,beta,-0.0907549524017228,-0.12979075199456,-0.0517191528088861,5.41551345732714e-06,34384,"Age, years, Male sex, Ever smoking (past/current), Ever alcohol (past/current), Body mass index, kg/m2",9.980867816172782e-06
atherogenic_dyslipidemia,fib4,beta,-0.0783397468187907,-0.104401726495162,-0.0522777671424194,4.28238393610689e-09,34384,"Age, years, Male sex, Ever smoking (past/current), Ever alcohol (past/current), Body mass index, kg/m2",9.258782211767015e-09
insulin_resistance,fib4,beta,-0.0050518539498314,-0.0437979207922264,0.0336942128925636,0.79834286809918,34384,"Age, years, Male sex, Ever smoking (past/current), Ever alcohol (past/current), Body mass index, kg/m2",0.8291841879815134
anemia,fib4,beta,0.0744631100092915,0.0276841022697229,0.12124211774886,0.0018272996365142,34384,"Age, years, Male sex, Ever smoking (past/current), Ever alcohol (past/current), Body mass index, kg/m2",0.002823935638351475
leukocytosis,fib4,beta,-0.219196724384833,-0.281371993368504,-0.157021455401162,5.98112559400552e-12,34384,"Age, years, Male sex, Ever smoking (past/current), Ever alcohol (past/current), Body mass index, kg/m2",1.4330288668086696e-11
vitd_deficiency,fib4,beta,0.0018924738713829,-0.0250569098742742,0.0288418576170401,0.890551007427498,34384,"Age, years, Male sex, Ever smoking (past/current), Ever alcohol (past/current), Body mass index, kg/m2",0.9083465531884298
osteoporosis,fib4,beta,0.0527312137040522,-0.105375282436117,0.210837709844221,0.513638825928406,34384,"Age, years, Male sex, Ever smoking (past/current), Ever alcohol (past/current), Body mass index, kg/m2",0.5609413782697197
men,fib4,beta,-0.0070287602269434,-0.026232891215612,0.012175370761725,0.473208708190755,34384,unadjusted,0.5224580157516737
current_smoking,fib4,beta,-0.0181132976274907,-0.0427372896336935,0.0065106943787121,0.149479898385789,34384,"Age, years, Male sex, Ever alcohol (past/current), Body mass index, kg/m2",0.18273800837027038
age,vitd,beta,1.38182204913651,1.22827685546038,1.53536724281264,7.62124483451392e-62,12088,unadjusted,4.8626855628909464e-61
men,vitd,beta,1.92743356050001,1.66897402277151,2.18589309822851,1.60554145450146e-44,12088,unadjusted,7.79960965897123e-44
bmi,vitd,beta,-0.0538055600011325,-0.183355354457486,0.0757442344552214,0.41578931123667,12088,"Age, years, Male sex",0.46607573334677016
smoking,vitd,beta,-0.0986809785507154,-0.466927865421493,0.269565908320062,0.599523880090851,12088,"Age, years, Male sex",0.6439533716620851
alcohol,vitd,beta,0.0594870101847089,-0.415664700679566,0.534638721048984,0.806203079248057,12088,"Age, years, Male sex",0.8353772418686839
wc,vitd,beta,0.0585120523391712,-0.092686942329516,0.209711047007858,0.448310761366369,12088,"Age, years, Male sex, Ever smoking (past/current), Ever alcohol (past/current)",0.4969941773787698
height,vitd,beta,-0.0723063854433323,-0.313478721750253,0.168865950863588,0.556895177180141,12088,"Age, years, Male sex, Ever smoking (past/current), Ever alcohol (past/current)",0.6036887700918611
weight,vitd,beta,-0.0750796243774117,-0.231492601695196,0.0813333529403726,0.34699649250307,12088,"Age, years, Male sex, Ever smoking (past/current), Ever alcohol (past/current)",0.396278095523934
whtr,vitd,beta,0.0683683617118773,-0.0858353369806298,0.222572060404384,0.385032562826699,12088,"Age, years, Male sex, Ever smoking (past/current), Ever alcohol (past/current)",0.436811718947529
fat_kg,vitd,beta,-0.378358489072107,-0.573668115104242,-0.183048863039972,0.0001653801030501,12088,"Age, years, Male sex, Ever smoking (past/current), Ever alcohol (past/current)",0.00027936149781412575
lean_kg,vitd,beta,0.616479140923025,0.295618992113751,0.9373392897323,0.0001867399368753,12088,"Age, years, Male sex, Ever smoking (past/current), Ever alcohol (past/current)",0.00031408694253811205
asmm_kg,vitd,beta,0.758853288352807,0.416349407461682,1.10135716924393,1.72102037355747e-05,12088,"Age, years, Male sex, Ever smoking (past/current), Ever alcohol (past/current)",3.094146889060444e-05
asmi,vitd,beta,0.70136876136066,0.413419192495399,0.98931833022592,2.40549441643188e-06,12088,"Age, years, Male sex, Ever smoking (past/current), Ever alcohol (past/current)",4.5475852574734724e-06
bodyfat_pct,vitd,beta,-0.812068427513032,-1.12076824645435,-0.503368608571716,3.70363248095352e-07,12088,"Age, years, Male sex, Ever smoking (past/current), Ever alcohol (past/current)",7.311767711837612e-07
asm_pct,vitd,beta,1.09538465057212,0.728231889836578,1.46253741130766,9.26469795795299e-09,12088,"Age, years, Male sex, Ever smoking (past/current), Ever alcohol (past/current)",1.9656786872235198e-08
obesity,vitd,beta,-0.0644974864342519,-0.361115661322162,0.232120688453658,0.670050908541461,12088,"Age, years, Male sex, Ever smoking (past/current), Ever alcohol (past/current)",0.7101773397180337
overweight,vitd,beta,-0.0152146898267693,-0.297398087480337,0.266968707826799,0.915855709610713,12088,"Age, years, Male sex, Ever smoking (past/current), Ever alcohol (past/current)",0.9274421533205669
abdominal_obesity,vitd,beta,0.0306649232478464,-0.286626359061625,0.347956205557318,0.849792385435302,12088,"Age, years, Male sex, Ever smoking (past/current), Ever alcohol (past/current)",0.8730947437290355
central_obesity,vitd,beta,0.0808209849837766,-0.205670423272109,0.367312393239662,0.580420434338871,12088,"Age, years, Male sex, Ever smoking (past/current), Ever alcohol (past/current)",0.6266832525265186
high_bodyfat,vitd,beta,-1.28474524551794,-1.7442921804054,-0.825198310630468,6.91721291474232e-08,12088,"Age, years, Male sex, Ever smoking (past/current), Ever alcohol (past/current)",1.4114961695088326e-07
sarcopenia,vitd,beta,-0.913948754811027,-1.57845699022307,-0.249440519398981,0.0072714817633274,12088,"Age, years, Male sex, Ever smoking (past/current), Ever alcohol (past/current)",0.010631033113507308
sbp,vitd,beta,-0.287932949531404,-0.464681320724648,-0.11118457833816,0.0014466016299497,12088,"Age, years, Male sex, Ever smoking (past/current), Ever alcohol (past/current), Body mass index, kg/m2",0.0022573907579454336
dbp,vitd,beta,-0.114258813476884,-0.270157055038468,0.0416394280847012,0.151134045727353,12088,"Age, years, Male sex, Ever smoking (past/current), Ever alcohol (past/current), Body mass index, kg/m2",0.1845040239347443
glucose,vitd,beta,-0.154450367682011,-0.297054315639776,-0.0118464197242465,0.0339829143697976,12088,"Age, years, Male sex, Ever smoking (past/current), Ever alcohol (past/current), Body mass index, kg/m2",0.045682375729170666
hba1c,vitd,beta,-0.138553511356957,-0.360840288919627,0.0837332662057133,0.222127465873541,12088,"Age, years, Male sex, Ever smoking (past/current), Ever alcohol (past/current), Body mass index, kg/m2",0.26314202805454273
homa_ir,vitd,beta,-0.443879074571284,-0.681905688408819,-0.20585246073375,0.0002848305716116,12088,"Age, years, Male sex, Ever smoking (past/current), Ever alcohol (past/current), Body mass index, kg/m2",0.00047163764608183133
tg,vitd,beta,-0.222757010599964,-0.35938444063408,-0.0861295805658488,0.0014336331788319,12088,"Age, years, Male sex, Ever smoking (past/current), Ever alcohol (past/current), Body mass index, kg/m2",0.0022391379405081826
tchol,vitd,beta,0.141773717496564,0.0001035118818431,0.283443923111284,0.050070462089823,12088,"Age, years, Male sex, Ever smoking (past/current), Ever alcohol (past/current), Body mass index, kg/m2",0.06543531260866664
hdl,vitd,beta,0.201992010948666,0.0533578738740838,0.350626148023248,0.0078389742531696,12088,"Age, years, Male sex, Ever smoking (past/current), Ever alcohol (past/current), Body mass index, kg/m2",0.011385099925634364
ldl,vitd,beta,-0.0274778966239864,-0.326111507134434,0.271155713886461,0.856932428082173,12088,"Age, years, Male sex, Ever smoking (past/current), Ever alcohol (past/current), Body mass index, kg/m2",0.8786419080220895
nonhdl,vitd,beta,0.0839752903660619,-0.0565512239928557,0.224501804724979,0.241742085287794,12088,"Age, years, Male sex, Ever smoking (past/current), Ever alcohol (past/current), Body mass index, kg/m2",0.2843739560399501
alt,vitd,beta,-0.0668721317614682,-0.194266858802114,0.0605225952791772,0.303769794852239,12088,"Age, years, Male sex, Ever smoking (past/current), Ever alcohol (past/current), Body mass index, kg/m2",0.3517019123831643
ast,vitd,beta,0.0841048665348731,-0.0546288673300906,0.222838600399837,0.234994800390528,12088,"Age, years, Male sex, Ever smoking (past/current), Ever alcohol (past/current), Body mass index, kg/m2",0.2772702468929446
creatinine,vitd,beta,0.329009192614751,0.0872377592091285,0.570780626020374,0.0077728135579005,12088,"Age, years, Male sex, Ever smoking (past/current), Ever alcohol (past/current), Body mass index, kg/m2",0.011298328250485169
egfr,vitd,beta,-0.531944152860482,-0.757992972380063,-0.305895333340902,4.50306394385007e-06,12088,"Age, years, Male sex, Ever smoking (past/current), Ever alcohol (past/current), Body mass index, kg/m2",8.356054378419359e-06
hemoglobin,vitd,beta,0.321954043821529,0.123226130440742,0.520681957202317,0.0015364771247769,12088,"Age, years, Male sex, Ever smoking (past/current), Ever alcohol (past/current), Body mass index, kg/m2",0.002394456828966479
platelet,vitd,beta,-0.129510294615465,-0.282259594102864,0.0232390048719336,0.0968245471761248,12088,"Age, years, Male sex, Ever smoking (past/current), Ever alcohol (past/current), Body mass index, kg/m2",0.1214012300300148
wbc,vitd,beta,-0.0494416250942419,-0.191588373457541,0.0927051232690578,0.495547963993958,12088,"Age, years, Male sex, Ever smoking (past/current), Ever alcohol (past/current), Body mass index, kg/m2",0.543544045215422
fib4,vitd,beta,-0.0451728760620026,-0.22072178897744,0.130376036853435,0.614109427513138,12088,"Age, years, Male sex, Ever smoking (past/current), Ever alcohol (past/current), Body mass index, kg/m2",0.657814295529584
fn_bmd,vitd,beta,0.662435110063803,0.369291008246936,0.95557921188067,1.17439695063848e-05,12088,"Age, years, Male sex, Ever smoking (past/current), Ever alcohol (past/current), Body mass index, kg/m2",2.1222298923287464e-05
ls_bmd,vitd,beta,0.138244440047473,-0.0989372751655868,0.375426155260534,0.253856144002385,12088,"Age, years, Male sex, Ever smoking (past/current), Ever alcohol (past/current), Body mass index, kg/m2",0.29801150995541775
insulin,vitd,beta,-0.505637975019936,-0.765634501342098,-0.245641448697775,0.0001555074700386,12088,"Age, years, Male sex, Ever smoking (past/current), Ever alcohol (past/current), Body mass index, kg/m2",0.00026356944633106316
hsi,vitd,beta,-0.351151012203916,-0.616535454607666,-0.0857665698001664,0.0096234892499908,12088,"Age, years, Male sex, Ever smoking (past/current), Ever alcohol (past/current), Body mass index, kg/m2",0.0138399057323265
dm,vitd,beta,-0.571707113682455,-1.04479564889631,-0.0986185784685965,0.0180218633466639,12088,"Age, years, Male sex, Ever smoking (past/current), Ever alcohol (past/current), Body mass index, kg/m2",0.02505842980929738
prediabetes,vitd,beta,-0.258071941028132,-0.604561671525294,0.0884177894690305,0.144606975660221,12088,"Age, years, Male sex, Ever smoking (past/current), Ever alcohol (past/current), Body mass index, kg/m2",0.17727315289777176
htn,vitd,beta,-0.433990228023028,-0.777647413983448,-0.0903330420626079,0.0134598691267528,12088,"Age, years, Male sex, Ever smoking (past/current), Ever alcohol (past/current), Body mass index, kg/m2",0.0190002641540775
mets,vitd,beta,-0.424209493333549,-0.791585170165709,-0.0568338165013887,0.0238089713708586,12088,"Age, years, Male sex, Ever smoking (past/current), Ever alcohol (past/current), Body mass index, kg/m2",0.032679344180890094
dyslipidemia,vitd,beta,-0.262526142103666,-0.539244684629954,0.0141924004226214,0.0632159460270149,12088,"Age, years, Male sex, Ever smoking (past/current), Ever alcohol (past/current), Body mass index, kg/m2",0.08143619674731034
low_hdl,vitd,beta,-0.378991550569703,-0.671157363665466,-0.0868257374739408,0.0111378375373903,12088,"Age, years, Male sex, Ever smoking (past/current), Ever alcohol (past/current), Body mass index, kg/m2",0.015887996681526382
high_tg,vitd,beta,-0.421543208592622,-0.73024349055071,-0.112842926634534,0.007546646220775,12088,"Age, years, Male sex, Ever smoking (past/current), Ever alcohol (past/current), Body mass index, kg/m2",0.011001360922835077
high_ldl,vitd,beta,-0.12329914465591,-1.08911608456926,0.842517795257441,0.802487359717486,12088,"Age, years, Male sex, Ever smoking (past/current), Ever alcohol (past/current), Body mass index, kg/m2",0.8325067690500694
high_nonhdl,vitd,beta,0.303303835908844,-0.195262966650237,0.801870638467925,0.23336348778263,12088,"Age, years, Male sex, Ever smoking (past/current), Ever alcohol (past/current), Body mass index, kg/m2",0.2754377359150211
atherogenic_dyslipidemia,vitd,beta,-0.591972482863008,-0.97310268254035,-0.210842283185667,0.0023856414975212,12088,"Age, years, Male sex, Ever smoking (past/current), Ever alcohol (past/current), Body mass index, kg/m2",0.0036531431975085505
insulin_resistance,vitd,beta,-0.866637527816992,-1.31969401933583,-0.413581036298153,0.0001985090771258,12088,"Age, years, Male sex, Ever smoking (past/current), Ever alcohol (past/current), Body mass index, kg/m2",0.0003327696190561959
ckd,vitd,beta,-1.06604163147362,-1.81235412554226,-0.319729137404985,0.0052673060626218,12088,"Age, years, Male sex, Ever smoking (past/current), Ever alcohol (past/current), Body mass index, kg/m2",0.007837537791531044
high_alt,vitd,beta,-0.503127435177357,-1.01127677320782,0.0050219028531005,0.0525481757894792,12088,"Age, years, Male sex, Ever smoking (past/current), Ever alcohol (past/current), Body mass index, kg/m2",0.06849543861234113
high_ast,vitd,beta,-0.510824574790412,-1.16711314365879,0.145463994077962,0.127392139459474,12088,"Age, years, Male sex, Ever smoking (past/current), Ever alcohol (past/current), Body mass index, kg/m2",0.1572092204541932
adv_fibrosis,vitd,beta,-1.45492487788788,-2.51626851340826,-0.393581242367501,0.0073176705289641,12088,"Age, years, Male sex, Ever smoking (past/current), Ever alcohol (past/current), Body mass index, kg/m2",0.010685255225129172
steatosis,vitd,beta,-0.542729597707868,-0.949493532153471,-0.135965663262265,0.0090358483523714,12088,"Age, years, Male sex, Ever smoking (past/current), Ever alcohol (past/current), Body mass index, kg/m2",0.013032046640889463
masld,vitd,beta,-0.631713667121746,-1.03774497573214,-0.225682358511353,0.0023454795488468,12088,"Age, years, Male sex, Ever smoking (past/current), Ever alcohol (past/current), Body mass index, kg/m2",0.0035932052940576033
anemia,vitd,beta,-1.08168114802391,-1.58470581814216,-0.578656477905664,2.69779347585563e-05,12088,"Age, years, Male sex, Ever smoking (past/current), Ever alcohol (past/current), Body mass index, kg/m2",4.7963799202238915e-05
leukocytosis,vitd,beta,-0.612731740350418,-1.77550065398943,0.550037173288596,0.301896705077218,12088,"Age, years, Male sex, Ever smoking (past/current), Ever alcohol (past/current), Body mass index, kg/m2",0.34987831368277783
osteoporosis,vitd,beta,-0.773206225041766,-1.57242176252237,0.0260093124388389,0.0585635062528796,12088,"Age, years, Male sex, Ever smoking (past/current), Ever alcohol (past/current), Body mass index, kg/m2",0.07577541110310138
current_smoking,vitd,beta,-0.480762316739531,-0.845922332394655,-0.115602301084407,0.0099892376514911,12088,"Age, years, Male sex, Ever alcohol (past/current), Body mass index, kg/m2",0.014324957251038948
age,fat_kg,beta,0.085664938240468,-0.0979685522363777,0.269298428717314,0.360996804182755,6585,unadjusted,0.4109343065066784
men,fat_kg,beta,-3.35118766073879,-3.72368867967852,-2.97868664179906,4.83883080837991e-54,6585,unadjusted,2.775629007673297e-53
sbp,fat_kg,beta,1.29749160272287,1.10216252015598,1.49282068528976,2.2675736574757697e-33,6585,"Age, years, Male sex, Ever smoking (past/current), Ever alcohol (past/current)",9.148218123287126e-33
dbp,fat_kg,beta,1.35965789575489,1.16655990077209,1.55275589073769,1.07871024654835e-36,6585,"Age, years, Male sex, Ever smoking (past/current), Ever alcohol (past/current)",4.616303145010071e-36
glucose,fat_kg,beta,0.737418989271101,0.505780797912689,0.969057180629513,9.68715526018324e-10,6585,"Age, years, Male sex, Ever smoking (past/current), Ever alcohol (past/current)",2.149852604055789e-09
hba1c,fat_kg,beta,0.602520276050642,0.211622266790364,0.993418285310921,0.0027377401451941,6585,"Age, years, Male sex, Ever smoking (past/current), Ever alcohol (past/current)",0.004168750882565336
homa_ir,fat_kg,beta,2.5655335018873,2.36948312345638,2.76158388031823,5.50862899659621e-88,6585,"Age, years, Male sex, Ever smoking (past/current), Ever alcohol (past/current)",4.720533169345949e-87
tg,fat_kg,beta,1.12152557137198,0.861813037040369,1.38123810570359,3.20327586606644e-16,6585,"Age, years, Male sex, Ever smoking (past/current), Ever alcohol (past/current)",8.725396442603248e-16
tchol,fat_kg,beta,1.19620326243226,1.03621881537703,1.35618770948749,2.0452298277895e-40,6585,"Age, years, Male sex, Ever smoking (past/current), Ever alcohol (past/current)",9.25873965742239e-40
hdl,fat_kg,beta,-1.33977752579903,-1.50167229455949,-1.17788275703857,1.9366180380389302e-47,6585,"Age, years, Male sex, Ever smoking (past/current), Ever alcohol (past/current)",9.842379119730322e-47
ldl,fat_kg,beta,1.2341198776983,0.914534248965897,1.5537055064307,2.83725314327715e-13,6585,"Age, years, Male sex, Ever smoking (past/current), Ever alcohol (past/current)",7.127536070343883e-13
nonhdl,fat_kg,beta,1.63796931924624,1.47593823856372,1.80000039992875,3.43148290402307e-64,6585,"Age, years, Male sex, Ever smoking (past/current), Ever alcohol (past/current)",2.2547915649196364e-63
alt,fat_kg,beta,1.64422915644343,1.41805777895539,1.87040053393146,1.23431290420923e-38,6585,"Age, years, Male sex, Ever smoking (past/current), Ever alcohol (past/current)",5.44086364033155e-38
ast,fat_kg,beta,0.717872760549725,0.472192703566379,0.963552817533072,1.81042759887281e-08,6585,"Age, years, Male sex, Ever smoking (past/current), Ever alcohol (past/current)",3.7886666685858797e-08
creatinine,fat_kg,beta,0.288744644212697,0.0691432246808651,0.508346063744528,0.010326443436226,6585,"Age, years, Male sex, Ever smoking (past/current), Ever alcohol (past/current)",0.014778437132217784
egfr,fat_kg,beta,-0.350864218028219,-0.652170606040569,-0.0495578300158689,0.0230009107621832,6585,"Age, years, Male sex, Ever smoking (past/current), Ever alcohol (past/current)",0.031643586616178776
hemoglobin,fat_kg,beta,1.26415830062085,1.02501305584732,1.50330354539438,7.98038707029804e-23,6585,"Age, years, Male sex, Ever smoking (past/current), Ever alcohol (past/current)",2.57861681298988e-22
platelet,fat_kg,beta,0.440754536077953,0.262812704099152,0.618696368056754,1.63555478619613e-06,6585,"Age, years, Male sex, Ever smoking (past/current), Ever alcohol (past/current)",3.122181006494726e-06
wbc,fat_kg,beta,1.05648621170981,0.867641380695992,1.24533104272362,4.197965030770941e-25,6585,"Age, years, Male sex, Ever smoking (past/current), Ever alcohol (past/current)",1.4396526619644841e-24
fib4,fat_kg,beta,-0.483876689131312,-0.830715372340259,-0.137038005922366,0.0064818124666589,6585,"Age, years, Male sex, Ever smoking (past/current), Ever alcohol (past/current)",0.009531917957232837
vitd,fat_kg,beta,-0.33305969832879,-0.500451409735861,-0.16566798692172,0.0001100763019953,6585,"Age, years, Male sex, Ever smoking (past/current), Ever alcohol (past/current)",0.00018865631904012
fn_bmd,fat_kg,beta,1.76774256552873,1.53944255451537,1.99604257654209,9.930011342395139e-43,6585,"Age, years, Male sex, Ever smoking (past/current), Ever alcohol (past/current)",4.688136722240707e-42
ls_bmd,fat_kg,beta,1.45532607087065,1.26666951000377,1.64398263173753,1.77725730674535e-42,6585,"Age, years, Male sex, Ever smoking (past/current), Ever alcohol (past/current)",8.368315821333051e-42
insulin,fat_kg,beta,2.45838332084079,2.25710492890981,2.65966171277176,1.67546501048384e-80,6585,"Age, years, Male sex, Ever smoking (past/current), Ever alcohol (past/current)",1.3380924641551211e-79
hsi,fat_kg,beta,4.04766121318094,3.88831866447168,4.2070037618902,4.65629203373999e-191,6585,"Age, years, Male sex, Ever smoking (past/current), Ever alcohol (past/current)",9.939066995655907e-190
dm,fat_kg,beta,1.75369982185627,1.12699057923446,2.38040906447809,6.73302774476759e-08,6585,"Age, years, Male sex, Ever smoking (past/current), Ever alcohol (past/current)",1.37550601607143e-07
prediabetes,fat_kg,beta,1.93528220848333,1.44992253739582,2.42064187957083,3.5357237327394605e-14,6585,"Age, years, Male sex, Ever smoking (past/current), Ever alcohol (past/current)",9.109596917855435e-14
htn,fat_kg,beta,2.40114871511427,2.0113377269068,2.79095970332173,1.80222778693675e-29,6585,"Age, years, Male sex, Ever smoking (past/current), Ever alcohol (past/current)",6.667485573100035e-29
mets,fat_kg,beta,5.21997844661016,4.81607341089814,5.62388348232219,2.49185489809461e-90,6585,"Age, years, Male sex, Ever smoking (past/current), Ever alcohol (past/current)",2.1886067209698798e-89
dyslipidemia,fat_kg,beta,2.55589337347731,2.23512133286138,2.87666541409324,1.04725654011513e-44,6585,"Age, years, Male sex, Ever smoking (past/current), Ever alcohol (past/current)",5.094526981057304e-44
low_hdl,fat_kg,beta,1.98187184957323,1.66083596971364,2.30290772943283,1.40625293153676e-29,6585,"Age, years, Male sex, Ever smoking (past/current), Ever alcohol (past/current)",5.213497710392072e-29
high_tg,fat_kg,beta,3.02576049054488,2.64645494862845,3.4050660324613,8.69190971993232e-45,6585,"Age, years, Male sex, Ever smoking (past/current), Ever alcohol (past/current)",4.2400146860944086e-44
high_ldl,fat_kg,beta,1.35353545769808,0.21714883505031,2.48992208034585,0.0200841038678948,6585,"Age, years, Male sex, Ever smoking (past/current), Ever alcohol (past/current)",0.027772365065852175
high_nonhdl,fat_kg,beta,2.57690932696401,1.97469310614568,3.17912554778233,5.67846765734771e-16,6585,"Age, years, Male sex, Ever smoking (past/current), Ever alcohol (past/current)",1.5348858855854669e-15
atherogenic_dyslipidemia,fat_kg,beta,2.65681051246839,2.26332393881231,3.05029708612448,2.8353320742898198e-34,6585,"Age, years, Male sex, Ever smoking (past/current), Ever alcohol (past/current)",1.1584732674766526e-33
insulin_resistance,fat_kg,beta,4.43892301622363,4.02586720495689,4.85197882749038,9.64133156552183e-68,6585,"Age, years, Male sex, Ever smoking (past/current), Ever alcohol (past/current)",6.580769336001527e-67
ckd,fat_kg,beta,1.18617000971618,-0.133892079727842,2.50623209916019,0.0840836768081642,6585,"Age, years, Male sex, Ever smoking (past/current), Ever alcohol (past/current)",0.10633490474626725
high_alt,fat_kg,beta,4.36136224529269,3.65578434733617,5.0669401432492,1.21728129711432e-29,6585,"Age, years, Male sex, Ever smoking (past/current), Ever alcohol (past/current)",4.5224311481399103e-29
high_ast,fat_kg,beta,2.51202719787593,1.49037413158007,3.5336802641718,1.94002140212939e-06,6585,"Age, years, Male sex, Ever smoking (past/current), Ever alcohol (past/current)",3.6834260799459363e-06
adv_fibrosis,fat_kg,beta,-0.986535637919514,-1.94587369390232,-0.0271975819367056,0.0444056095873377,6585,"Age, years, Male sex, Ever smoking (past/current), Ever alcohol (past/current)",0.05868538722949471
steatosis,fat_kg,beta,7.40660833843465,6.98498378096449,7.82823289590482,2.04604735788702e-131,6585,"Age, years, Male sex, Ever smoking (past/current), Ever alcohol (past/current)",2.4848892394752015e-130
masld,fat_kg,beta,6.75426027193839,6.33893974036918,7.1695808035076,2.8695154672887103e-120,6585,"Age, years, Male sex, Ever smoking (past/current), Ever alcohol (past/current)",3.158260461184637e-119
anemia,fat_kg,beta,-1.80121092701431,-2.33184265454021,-1.27057919948842,7.88784179833104e-11,6585,"Age, years, Male sex, Ever smoking (past/current), Ever alcohol (past/current)",1.8217035287686506e-10
leukocytosis,fat_kg,beta,1.92067936204744,0.196571432183332,3.64478729191154,0.0294880656209243,6585,"Age, years, Male sex, Ever smoking (past/current), Ever alcohol (past/current)",0.03992962980272794
vitd_deficiency,fat_kg,beta,0.773233134096579,0.423400139719859,1.1230661284733,1.80123658036578e-05,6585,"Age, years, Male sex, Ever smoking (past/current), Ever alcohol (past/current)",3.231301000934772e-05
osteoporosis,fat_kg,beta,-2.53512989078106,-2.99037785946402,-2.0798819220981,8.47393380966175e-25,6585,"Age, years, Male sex, Ever smoking (past/current), Ever alcohol (past/current)",2.883593707983448e-24
smoking,fat_kg,beta,-0.100054490383951,-0.609811562421335,0.409702581653434,0.700625708715491,6585,"Age, years, Male sex",0.7394677093485044
alcohol,fat_kg,beta,-0.181280731917499,-0.634305828840177,0.271744365005179,0.433248348981207,6585,"Age, years, Male sex",0.48257453672100287
current_smoking,fat_kg,beta,-0.353900056222517,-0.839136239817059,0.131336127372026,0.153514398232135,6585,"Age, years, Male sex, Ever alcohol (past/current)",0.18715047094966406
age,lean_kg,beta,-2.25420626281891,-2.56543164620436,-1.94298087943345,1.87210414447219e-38,6582,unadjusted,8.231648934870229e-38
men,lean_kg,beta,16.1527898990952,15.7686557722591,16.5369240259312,7.57490538066086e-286,6582,unadjusted,4.5997959914978533e-284
sbp,lean_kg,beta,1.02858440592789,0.840938232659069,1.21623057919671,2.93040608792417e-24,6582,"Age, years, Male sex, Ever smoking (past/current), Ever alcohol (past/current)",9.820066833176906e-24
dbp,lean_kg,beta,1.2933322963468,1.13185988496404,1.45480470772955,4.4842885989563203e-45,6582,"Age, years, Male sex, Ever smoking (past/current), Ever alcohol (past/current)",2.2027426004915146e-44
glucose,lean_kg,beta,0.639628822858898,0.4126751687513,0.866582476966496,5.4589851659433e-08,6582,"Age, years, Male sex, Ever smoking (past/current), Ever alcohol (past/current)",1.1210813850992596e-07
hba1c,lean_kg,beta,0.295186598956569,-0.0983845739151063,0.688757771828244,0.142609208329948,6582,"Age, years, Male sex, Ever smoking (past/current), Ever alcohol (past/current)",0.1748849692681326
homa_ir,lean_kg,beta,1.80769344780637,1.52550479159658,2.08988210401617,6.34958798855958e-31,6582,"Age, years, Male sex, Ever smoking (past/current), Ever alcohol (past/current)",2.4281486314556832e-30
tg,lean_kg,beta,0.916588417123335,0.533416077029955,1.29976075721672,3.59714512179033e-06,6582,"Age, years, Male sex, Ever smoking (past/current), Ever alcohol (past/current)",6.717468249706014e-06
tchol,lean_kg,beta,0.549818258869734,0.368850592613576,0.730785925125892,5.0528446914165105e-09,6582,"Age, years, Male sex, Ever smoking (past/current), Ever alcohol (past/current)",1.086454151597616e-08
hdl,lean_kg,beta,-1.08043142390191,-1.25809798091215,-0.902764866891672,7.519287577383169e-29,6582,"Age, years, Male sex, Ever smoking (past/current), Ever alcohol (past/current)",2.7615152082944236e-28
ldl,lean_kg,beta,0.435986183075163,0.0289512646014745,0.843021101548852,0.0364347515280393,6582,"Age, years, Male sex, Ever smoking (past/current), Ever alcohol (past/current)",0.04881064849058746
nonhdl,lean_kg,beta,0.901931440525752,0.716692780818895,1.08717010023261,7.18348862757378e-20,6582,"Age, years, Male sex, Ever smoking (past/current), Ever alcohol (past/current)",2.147728942811108e-19
alt,lean_kg,beta,1.28763215917025,1.04106293283826,1.53420138550225,2.31706893844302e-22,6582,"Age, years, Male sex, Ever smoking (past/current), Ever alcohol (past/current)",7.445909490142624e-22
ast,lean_kg,beta,0.611344385813139,0.344679182837569,0.878009588788709,8.80579113839759e-06,6582,"Age, years, Male sex, Ever smoking (past/current), Ever alcohol (past/current)",1.6003094112196242e-05
creatinine,lean_kg,beta,0.693137266330466,0.32600297055831,1.06027156210262,0.0002459413758238,6582,"Age, years, Male sex, Ever smoking (past/current), Ever alcohol (past/current)",0.00041052394580636187
egfr,lean_kg,beta,-1.13439360409854,-1.41969183051057,-0.84909537768651,5.89826911736742e-14,6582,"Age, years, Male sex, Ever smoking (past/current), Ever alcohol (past/current)",1.5075256771674929e-13
hemoglobin,lean_kg,beta,1.04444618474515,0.811186201748547,1.27770616774176,3.0288296920035403e-17,6582,"Age, years, Male sex, Ever smoking (past/current), Ever alcohol (past/current)",8.479760075704666e-17
platelet,lean_kg,beta,-0.152264675129518,-0.354016706477784,0.0494873562187486,0.139737470225418,6582,"Age, years, Male sex, Ever smoking (past/current), Ever alcohol (past/current)",0.17160229084167442
wbc,lean_kg,beta,0.321751894085585,0.139311550541733,0.504192237629438,0.0005958355203809,6582,"Age, years, Male sex, Ever smoking (past/current), Ever alcohol (past/current)",0.0009635136376407392
fib4,lean_kg,beta,-0.23084115434039,-0.458476859892089,-0.0032054487886903,0.0474273191459041,6582,"Age, years, Male sex, Ever smoking (past/current), Ever alcohol (past/current)",0.062235103588626765
vitd,lean_kg,beta,0.350341838743507,0.165434848380947,0.535248829106067,0.0002284869610263,6582,"Age, years, Male sex, Ever smoking (past/current), Ever alcohol (past/current)",0.00038229504832998986
fn_bmd,lean_kg,beta,3.25229911423521,3.03679784519398,3.46780038327644,5.58978642514296e-110,6582,"Age, years, Male sex, Ever smoking (past/current), Ever alcohol (past/current)",5.756499353612136e-109
ls_bmd,lean_kg,beta,2.2541041021903,2.08081062375903,2.42739758062157,4.2317053029073103e-91,6582,"Age, years, Male sex, Ever smoking (past/current), Ever alcohol (past/current)",3.735354906476077e-90
insulin,lean_kg,beta,1.67246367480097,1.3927673791107,1.95215997049124,1.21720188191251e-27,6582,"Age, years, Male sex, Ever smoking (past/current), Ever alcohol (past/current)",4.3700153191598975e-27
hsi,lean_kg,beta,3.3103352328816,3.12370130244668,3.49696916331652,7.60903404471101e-133,6582,"Age, years, Male sex, Ever smoking (past/current), Ever alcohol (past/current)",9.403164177358659e-132
dm,lean_kg,beta,0.990814436711484,0.38091768247661,1.60071119094636,0.0015468109451335,6582,"Age, years, Male sex, Ever smoking (past/current), Ever alcohol (past/current)",0.002409494979548955
prediabetes,lean_kg,beta,1.85347274076218,1.36019638820221,2.34674909332215,7.86095567654282e-13,6582,"Age, years, Male sex, Ever smoking (past/current), Ever alcohol (past/current)",1.9469961949918292e-12
htn,lean_kg,beta,1.66989939219608,1.2669422169675,2.07285656742466,3.940952195183961e-15,6582,"Age, years, Male sex, Ever smoking (past/current), Ever alcohol (past/current)",1.0436115512359331e-14
mets,lean_kg,beta,4.27803921984183,3.82488321896084,4.73119522072282,5.14377476123034e-58,6582,"Age, years, Male sex, Ever smoking (past/current), Ever alcohol (past/current)",3.134320883919249e-57
dyslipidemia,lean_kg,beta,1.77156907583464,1.43609171189947,2.10704643976981,8.73628755431528e-23,6582,"Age, years, Male sex, Ever smoking (past/current), Ever alcohol (past/current)",2.817692744166522e-22
low_hdl,lean_kg,beta,1.50973170685117,1.15420003388047,1.86526337982187,9.11016314309284e-16,6582,"Age, years, Male sex, Ever smoking (past/current), Ever alcohol (past/current)",2.4511836967129857e-15
high_tg,lean_kg,beta,2.21313611563363,1.76771606277071,2.65855616849655,1.46188436980998e-20,6582,"Age, years, Male sex, Ever smoking (past/current), Ever alcohol (past/current)",4.457798052355627e-20
high_ldl,lean_kg,beta,0.224754502944162,-1.01959377700436,1.46910278289269,0.723521928190173,6582,"Age, years, Male sex, Ever smoking (past/current), Ever alcohol (past/current)",0.760442921839985
high_nonhdl,lean_kg,beta,1.26283498677341,0.514790021735348,2.01087995181147,0.001007731771175,6582,"Age, years, Male sex, Ever smoking (past/current), Ever alcohol (past/current)",0.0016001944535970918
atherogenic_dyslipidemia,lean_kg,beta,2.10842133277357,1.61768950424057,2.59915316130658,4.40623271706314e-16,6582,"Age, years, Male sex, Ever smoking (past/current), Ever alcohol (past/current)",1.1946691015778582e-15
insulin_resistance,lean_kg,beta,3.08973691163468,2.63990997459508,3.53956384867428,1.34819337426291e-34,6582,"Age, years, Male sex, Ever smoking (past/current), Ever alcohol (past/current)",5.534192382463833e-34
ckd,lean_kg,beta,0.077060025563093,-1.40517111674143,1.55929116786761,0.919228884431283,6582,"Age, years, Male sex, Ever smoking (past/current), Ever alcohol (past/current)",0.9294006978206342
high_alt,lean_kg,beta,3.28171986657611,2.37488842358385,4.18855130956837,4.76608832850482e-12,6582,"Age, years, Male sex, Ever smoking (past/current), Ever alcohol (past/current)",1.1458131804091451e-11
high_ast,lean_kg,beta,2.01856163236961,0.595879730727062,3.44124353401217,0.0056348135402468,6582,"Age, years, Male sex, Ever smoking (past/current), Ever alcohol (past/current)",0.008356131911052308
adv_fibrosis,lean_kg,beta,-0.968045252918887,-2.1117766698414,0.175686164003622,0.0977875232329486,6582,"Age, years, Male sex, Ever smoking (past/current), Ever alcohol (past/current)",0.12247782959688655
steatosis,lean_kg,beta,6.00687565756715,5.56435877245228,6.44939254268202,2.69408954197892e-96,6582,"Age, years, Male sex, Ever smoking (past/current), Ever alcohol (past/current)",2.496995622855199e-95
masld,lean_kg,beta,5.32005471353472,4.86346391372952,5.77664551333991,1.51473363688923e-78,6582,"Age, years, Male sex, Ever smoking (past/current), Ever alcohol (past/current)",1.1908240779294348e-77
anemia,lean_kg,beta,-1.20756502456482,-1.77471053921373,-0.640419509915905,3.56953523162217e-05,6582,"Age, years, Male sex, Ever smoking (past/current), Ever alcohol (past/current)",6.301705807405153e-05
leukocytosis,lean_kg,beta,-0.580767330967534,-1.92876201717952,0.767227355244456,0.398845512997455,6582,"Age, years, Male sex, Ever smoking (past/current), Ever alcohol (past/current)",0.4499467958927087
vitd_deficiency,lean_kg,beta,-0.391402001005845,-0.770908505969934,-0.011895496041756,0.0437926385074361,6582,"Age, years, Male sex, Ever smoking (past/current), Ever alcohol (past/current)",0.05794052322433882
osteoporosis,lean_kg,beta,-2.89573970143333,-3.3629321480333,-2.42854725483336,1.2910853848626e-29,6582,"Age, years, Male sex, Ever smoking (past/current), Ever alcohol (past/current)",4.791572945717679e-29
smoking,lean_kg,beta,0.000836438339252,-0.551806930592896,0.5534798072714,0.997634310212158,6582,"Age, years, Male sex",0.997634310212158
alcohol,lean_kg,beta,0.0373793351377752,-0.419443184658377,0.494201854933927,0.872652282973702,6582,"Age, years, Male sex",0.8924161848528973
current_smoking,lean_kg,beta,-0.0847196657054521,-0.629517607044038,0.460078275633134,0.760656549515288,6582,"Age, years, Male sex, Ever alcohol (past/current)",0.7947292694728106
age,asmm_kg,beta,-1.34942941726466,-1.5095595010108,-1.18929933351852,7.13875720602944e-49,6585,unadjusted,3.741473642802929e-48
men,asmm_kg,beta,8.58669012045794,8.39523986898157,8.77814037193432,1.7629503375381e-298,6585,unadjusted,1.1498353868165162e-296
sbp,asmm_kg,beta,0.42401066073809,0.329036770565479,0.518984550910702,3.6860587563524e-17,6585,"Age, years, Male sex, Ever smoking (past/current), Ever alcohol (past/current)",1.0278938194673914e-16
dbp,asmm_kg,beta,0.534150400335487,0.450287008611548,0.618013792059427,3.8119469339805203e-31,6585,"Age, years, Male sex, Ever smoking (past/current), Ever alcohol (past/current)",1.4656852730872698e-30
glucose,asmm_kg,beta,0.182635547969866,0.0796786347380486,0.285592461201683,0.0005537484785974,6585,"Age, years, Male sex, Ever smoking (past/current), Ever alcohol (past/current)",0.0008979291628084911
hba1c,asmm_kg,beta,-0.0347956463937322,-0.230937263220689,0.161345970433224,0.72830785474082,6585,"Age, years, Male sex, Ever smoking (past/current), Ever alcohol (past/current)",0.764788391293133
homa_ir,asmm_kg,beta,0.754438522855998,0.609786682375117,0.899090363336879,4.70230444471071e-22,6585,"Age, years, Male sex, Ever smoking (past/current), Ever alcohol (past/current)",1.4947216835984764e-21
tg,asmm_kg,beta,0.369802086973142,0.173160818110534,0.566443355835751,0.0002539942038943,6585,"Age, years, Male sex, Ever smoking (past/current), Ever alcohol (past/current)",0.00042356419797146054
tchol,asmm_kg,beta,0.263838775170533,0.173875792494432,0.353801757846634,1.61133413559342e-08,6585,"Age, years, Male sex, Ever smoking (past/current), Ever alcohol (past/current)",3.38005885977369e-08
hdl,asmm_kg,beta,-0.481273460238689,-0.569050747087596,-0.393496173389782,2.86193130657565e-24,6585,"Age, years, Male sex, Ever smoking (past/current), Ever alcohol (past/current)",9.599735296913752e-24
ldl,asmm_kg,beta,0.248962472145589,0.0501891917977105,0.447735752493468,0.0145366820676603,6585,"Age, years, Male sex, Ever smoking (past/current), Ever alcohol (past/current)",0.020422095828599753
nonhdl,asmm_kg,beta,0.42085506983862,0.327906989041133,0.513803150636106,1.42150849322498e-17,6585,"Age, years, Male sex, Ever smoking (past/current), Ever alcohol (past/current)",4.0181002513149114e-17
alt,asmm_kg,beta,0.578344873582767,0.456677241717465,0.70001250544807,4.43215253646746e-19,6585,"Age, years, Male sex, Ever smoking (past/current), Ever alcohol (past/current)",1.3030084502035386e-18
ast,asmm_kg,beta,0.267716447400623,0.134007538863226,0.401425355938019,9.97459892103373e-05,6585,"Age, years, Male sex, Ever smoking (past/current), Ever alcohol (past/current)",0.00017128492150112528
creatinine,asmm_kg,beta,0.379816500484776,0.140318024000147,0.619314976969404,0.0020183722320715,6585,"Age, years, Male sex, Ever smoking (past/current), Ever alcohol (past/current)",0.0031042388652208833
egfr,asmm_kg,beta,-0.667506496791258,-0.820985515741601,-0.514027477840915,3.34014145080559e-16,6585,"Age, years, Male sex, Ever smoking (past/current), Ever alcohol (past/current)",9.091173253274565e-16
hemoglobin,asmm_kg,beta,0.49472489051687,0.379032331841496,0.610417449192244,5.91753584597671e-16,6585,"Age, years, Male sex, Ever smoking (past/current), Ever alcohol (past/current)",1.5982792369271451e-15
platelet,asmm_kg,beta,-0.0934301202744767,-0.194289052217697,0.007428811668744,0.0700540760808325,6585,"Age, years, Male sex, Ever smoking (past/current), Ever alcohol (past/current)",0.08972016580243347
wbc,asmm_kg,beta,0.0955065548820475,0.0071104070100058,0.183902702754089,0.0347207525860265,6585,"Age, years, Male sex, Ever smoking (past/current), Ever alcohol (past/current)",0.046620850403349345
fib4,asmm_kg,beta,-0.114094227543145,-0.225927441645213,-0.0022610134410766,0.0461072329260789,6585,"Age, years, Male sex, Ever smoking (past/current), Ever alcohol (past/current)",0.060683734815265275
vitd,asmm_kg,beta,0.201595203057725,0.109266239462491,0.293924166652959,2.26433517100282e-05,6585,"Age, years, Male sex, Ever smoking (past/current), Ever alcohol (past/current)",4.046163608458616e-05
fn_bmd,asmm_kg,beta,1.5347132256817,1.4260110033697,1.64341544799371,3.03903665401633e-101,6585,"Age, years, Male sex, Ever smoking (past/current), Ever alcohol (past/current)",2.90067400960583e-100
ls_bmd,asmm_kg,beta,0.968596879821226,0.880069238170804,1.05712452147165,6.25919385754286e-72,6585,"Age, years, Male sex, Ever smoking (past/current), Ever alcohol (past/current)",4.5081555759235076e-71
insulin,asmm_kg,beta,0.721469315679304,0.579159955891104,0.863778675467504,4.89113965732408e-21,6585,"Age, years, Male sex, Ever smoking (past/current), Ever alcohol (past/current)",1.5124314199381395e-20
hsi,asmm_kg,beta,1.46836577909602,1.37112016032122,1.56561139787081,4.76748814153862e-110,6585,"Age, years, Male sex, Ever smoking (past/current), Ever alcohol (past/current)",4.924074262316428e-109
dm,asmm_kg,beta,0.0011112902590134,-0.285527189835661,0.287749770353688,0.993940213234307,6585,"Age, years, Male sex, Ever smoking (past/current), Ever alcohol (past/current)",0.9953532644331047
prediabetes,asmm_kg,beta,0.818075709421239,0.576784584664736,1.05936683417774,8.287434924112739e-11,6585,"Age, years, Male sex, Ever smoking (past/current), Ever alcohol (past/current)",1.9127356358273307e-10
htn,asmm_kg,beta,0.639864230057049,0.439956485831313,0.839771974282785,7.92440391607314e-10,6585,"Age, years, Male sex, Ever smoking (past/current), Ever alcohol (past/current)",1.7619792040662626e-09
mets,asmm_kg,beta,1.77481496652867,1.54324239585859,2.00638753719875,4.8518447634846595e-42,6585,"Age, years, Male sex, Ever smoking (past/current), Ever alcohol (past/current)",2.2603435525122976e-41
dyslipidemia,asmm_kg,beta,0.712765491745755,0.540567654135972,0.884963329355538,4.2238289638689005e-15,6585,"Age, years, Male sex, Ever smoking (past/current), Ever alcohol (past/current)",1.1168412620680381e-14
low_hdl,asmm_kg,beta,0.651042354910501,0.471897261206436,0.830187448614567,3.91741023400589e-12,6585,"Age, years, Male sex, Ever smoking (past/current), Ever alcohol (past/current)",9.45655849497515e-12
high_tg,asmm_kg,beta,0.91910999250747,0.696451227903128,1.14176875711181,4.9596979088321e-15,6585,"Age, years, Male sex, Ever smoking (past/current), Ever alcohol (past/current)",1.3084686168469406e-14
high_ldl,asmm_kg,beta,0.172955652336685,-0.463128040915618,0.809039345588987,0.594385682834168,6585,"Age, years, Male sex, Ever smoking (past/current), Ever alcohol (past/current)",0.6400943784384266
high_nonhdl,asmm_kg,beta,0.546487303635323,0.168376869600979,0.924597737669667,0.0048094470642464,6585,"Age, years, Male sex, Ever smoking (past/current), Ever alcohol (past/current)",0.007165343722620906
atherogenic_dyslipidemia,asmm_kg,beta,0.898630418100855,0.650076980937747,1.14718385526396,4.9811318273868095e-12,6585,"Age, years, Male sex, Ever smoking (past/current), Ever alcohol (past/current)",1.1958790931190418e-11
insulin_resistance,asmm_kg,beta,1.24586786073405,1.02129758791012,1.47043813355798,1.96596364825339e-24,6585,"Age, years, Male sex, Ever smoking (past/current), Ever alcohol (past/current)",6.62595595133822e-24
ckd,asmm_kg,beta,-0.102099153640282,-0.818756799239995,0.614558491959431,0.781173761262438,6585,"Age, years, Male sex, Ever smoking (past/current), Ever alcohol (past/current)",0.8147154240942572
high_alt,asmm_kg,beta,1.4551594345725,1.00074082706558,1.90957804207942,7.79212090348606e-10,6585,"Age, years, Male sex, Ever smoking (past/current), Ever alcohol (past/current)",1.7336607594490146e-09
high_ast,asmm_kg,beta,0.815780077563236,0.104014579270873,1.5275455758556,0.0251334155691635,6585,"Age, years, Male sex, Ever smoking (past/current), Ever alcohol (past/current)",0.03439257500438378
adv_fibrosis,asmm_kg,beta,-0.601350242064707,-1.15945899631911,-0.0432414878103026,0.0352179639376796,6585,"Age, years, Male sex, Ever smoking (past/current), Ever alcohol (past/current)",0.047234451252287715
steatosis,asmm_kg,beta,2.66514331718575,2.43875291400279,2.89153372036871,1.14338794629944e-79,6585,"Age, years, Male sex, Ever smoking (past/current), Ever alcohol (past/current)",9.029175665620242e-79
masld,asmm_kg,beta,2.37033126322534,2.14281788676196,2.59784463968873,4.5904392425415406e-67,6585,"Age, years, Male sex, Ever smoking (past/current), Ever alcohol (past/current)",3.1091398100444817e-66
anemia,asmm_kg,beta,-0.645649070915308,-0.927819774165593,-0.363478367665024,9.15474728703232e-06,6585,"Age, years, Male sex, Ever smoking (past/current), Ever alcohol (past/current)",1.6611550718664516e-05
leukocytosis,asmm_kg,beta,-0.557010496816113,-1.1717443297225,0.0577233360902778,0.0763775010829653,6585,"Age, years, Male sex, Ever smoking (past/current), Ever alcohol (past/current)",0.09735850843800355
vitd_deficiency,asmm_kg,beta,-0.257937477514171,-0.450420880114209,-0.0654540749141333,0.00890430020454,6585,"Age, years, Male sex, Ever smoking (past/current), Ever alcohol (past/current)",0.012847581040716871
osteoporosis,asmm_kg,beta,-1.18276809153201,-1.41720832913108,-0.948327853932938,5.10101828583254e-21,6585,"Age, years, Male sex, Ever smoking (past/current), Ever alcohol (past/current)",1.5745649783262232e-20
smoking,asmm_kg,beta,-0.115917732765025,-0.388927206072555,0.157091740542506,0.405710198745026,6585,"Age, years, Male sex",0.4560840472326784
alcohol,asmm_kg,beta,-0.110811776966772,-0.328620284994973,0.106996731061429,0.319187750203245,6585,"Age, years, Male sex",0.367980116600926
current_smoking,asmm_kg,beta,-0.137779516081452,-0.408285973739074,0.13272694157617,0.318636750737452,6585,"Age, years, Male sex, Ever alcohol (past/current)",0.3674651722649987
age,asmi,beta,-0.143604594902849,-0.18601000450446,-0.101199185301239,8.626544431746469e-11,6576,unadjusted,1.9896980673615628e-10
men,asmi,beta,1.97871993613919,1.92537067039068,2.0320692018877,1.41144394456099e-261,6576,unadjusted,6.90431329547751e-260
sbp,asmi,beta,-0.0233526496218411,-0.0462374508257769,-0.0004678484179052,0.0460604242054865,6576,"Age, years, Male sex, Ever smoking (past/current), Ever alcohol (past/current), Body mass index, kg/m2",0.060644790299709705
dbp,asmi,beta,-0.0184698289345746,-0.0392564747103352,0.0023168168411858,0.0822342247490119,6576,"Age, years, Male sex, Ever smoking (past/current), Ever alcohol (past/current), Body mass index, kg/m2",0.10429562101765212
glucose,asmi,beta,-0.0389834607227046,-0.0553005452309967,-0.0226663762144125,3.69875847367403e-06,6576,"Age, years, Male sex, Ever smoking (past/current), Ever alcohol (past/current), Body mass index, kg/m2",6.896255873096841e-06
hba1c,asmi,beta,-0.0671501761621536,-0.104489918370127,-0.0298104339541801,0.0004908963580667,6576,"Age, years, Male sex, Ever smoking (past/current), Ever alcohol (past/current), Body mass index, kg/m2",0.0007993236121640857
homa_ir,asmi,beta,-0.0864169917211104,-0.109637308952052,-0.0631966744901692,1.51302511395745e-12,6576,"Age, years, Male sex, Ever smoking (past/current), Ever alcohol (past/current), Body mass index, kg/m2",3.708332951536631e-12
tg,asmi,beta,-0.0187754983511063,-0.0442691472412015,0.006718150538989,0.149538625619618,6576,"Age, years, Male sex, Ever smoking (past/current), Ever alcohol (past/current), Body mass index, kg/m2",0.18274637037900576
tchol,asmi,beta,-0.038259170843663,-0.0551251483053207,-0.0213931933820053,1.08923574979297e-05,6576,"Age, years, Male sex, Ever smoking (past/current), Ever alcohol (past/current), Body mass index, kg/m2",1.970358659872029e-05
hdl,asmi,beta,0.0082590924533455,-0.0093456635770866,0.0258638484837777,0.358292468200971,6576,"Age, years, Male sex, Ever smoking (past/current), Ever alcohol (past/current), Body mass index, kg/m2",0.4081196872586739
ldl,asmi,beta,-0.0474722285109499,-0.0823387401529185,-0.0126057168689813,0.0079408615354574,6576,"Age, years, Male sex, Ever smoking (past/current), Ever alcohol (past/current), Body mass index, kg/m2",0.011528324125260081
nonhdl,asmi,beta,-0.0429477935020003,-0.0606039946859459,-0.0252915923180546,2.48149185448113e-06,6576,"Age, years, Male sex, Ever smoking (past/current), Ever alcohol (past/current), Body mass index, kg/m2",4.686227512859271e-06
alt,asmi,beta,-0.0148757247017675,-0.0353881974692406,0.0056367480657055,0.155855438872799,6576,"Age, years, Male sex, Ever smoking (past/current), Ever alcohol (past/current), Body mass index, kg/m2",0.18991688894581304
ast,asmi,beta,-0.0012610497905161,-0.019674126723516,0.0171520271424837,0.893274422689805,6576,"Age, years, Male sex, Ever smoking (past/current), Ever alcohol (past/current), Body mass index, kg/m2",0.9103334828453393
creatinine,asmi,beta,0.0511646121866841,0.0011199172232523,0.101209307150116,0.0457725279562198,6576,"Age, years, Male sex, Ever smoking (past/current), Ever alcohol (past/current), Body mass index, kg/m2",0.060288273545926
egfr,asmi,beta,-0.109151264343767,-0.141566347196113,-0.07673618149142,1.33814192070153e-10,6576,"Age, years, Male sex, Ever smoking (past/current), Ever alcohol (past/current), Body mass index, kg/m2",3.0683176072335864e-10
hemoglobin,asmi,beta,-0.0104150322014449,-0.0345016592748158,0.0136715948719261,0.397141332589891,6576,"Age, years, Male sex, Ever smoking (past/current), Ever alcohol (past/current), Body mass index, kg/m2",0.4483114658274346
platelet,asmi,beta,-0.0464407033242931,-0.0643811261118601,-0.0285002805367261,5.60377103509702e-07,6576,"Age, years, Male sex, Ever smoking (past/current), Ever alcohol (past/current), Body mass index, kg/m2",1.0958623867635594e-06
wbc,asmi,beta,-0.0623815825440025,-0.0808734533868739,-0.043889711701131,1.02033912060758e-10,6576,"Age, years, Male sex, Ever smoking (past/current), Ever alcohol (past/current), Body mass index, kg/m2",2.347246494304309e-10
fib4,asmi,beta,0.0157686668207779,-0.0055583950823363,0.0370957287238921,0.147947943399786,6576,"Age, years, Male sex, Ever smoking (past/current), Ever alcohol (past/current), Body mass index, kg/m2",0.1810537375448389
vitd,asmi,beta,0.0763598048503892,0.0561222091744629,0.0965974005263154,6.40791881082415e-13,6576,"Age, years, Male sex, Ever smoking (past/current), Ever alcohol (past/current), Body mass index, kg/m2",1.5904644152024423e-12
fn_bmd,asmi,beta,0.160793769746562,0.136074332137658,0.185513207355465,3.10659495230377e-32,6576,"Age, years, Male sex, Ever smoking (past/current), Ever alcohol (past/current), Body mass index, kg/m2",1.2225058572082547e-31
ls_bmd,asmi,beta,0.0567380785771443,0.0347528103716801,0.0787233467826086,6.05161774851569e-07,6576,"Age, years, Male sex, Ever smoking (past/current), Ever alcohol (past/current), Body mass index, kg/m2",1.1827856664967959e-06
insulin,asmi,beta,-0.074689492008207,-0.0964685811279191,-0.0529104028884948,5.89208987437445e-11,6576,"Age, years, Male sex, Ever smoking (past/current), Ever alcohol (past/current), Body mass index, kg/m2",1.3670580064260086e-10
hsi,asmi,beta,-0.0902130644477204,-0.128400738340648,-0.0520253905547928,4.7184941923407e-06,6576,"Age, years, Male sex, Ever smoking (past/current), Ever alcohol (past/current), Body mass index, kg/m2",8.746598181802076e-06
dm,asmi,beta,-0.197570270777415,-0.261349706318002,-0.133790835236827,2.5921077710369e-09,6576,"Age, years, Male sex, Ever smoking (past/current), Ever alcohol (past/current), Body mass index, kg/m2",5.652881467239605e-09
prediabetes,asmi,beta,0.0122811978736981,-0.0335095245444686,0.0580719202918649,0.59935716757459,6576,"Age, years, Male sex, Ever smoking (past/current), Ever alcohol (past/current), Body mass index, kg/m2",0.6439533716620851
htn,asmi,beta,-0.0788353133422326,-0.120012642342673,-0.0376579843417919,0.0001967012463685,6576,"Age, years, Male sex, Ever smoking (past/current), Ever alcohol (past/current), Body mass index, kg/m2",0.00032989609033802714
mets,asmi,beta,-0.111346522312502,-0.157162976519458,-0.0655300681055452,2.53206081195307e-06,6576,"Age, years, Male sex, Ever smoking (past/current), Ever alcohol (past/current), Body mass index, kg/m2",4.77660320283809e-06
dyslipidemia,asmi,beta,-0.0618526672882717,-0.0986439423106097,-0.0250613922659337,0.0010572598475096,6576,"Age, years, Male sex, Ever smoking (past/current), Ever alcohol (past/current), Body mass index, kg/m2",0.0016720562114633192
low_hdl,asmi,beta,-0.0207528751739692,-0.0568865140897653,0.0153807637418269,0.260859796144542,6576,"Age, years, Male sex, Ever smoking (past/current), Ever alcohol (past/current), Body mass index, kg/m2",0.3055364822151902
high_tg,asmi,beta,-0.0602075152531574,-0.0997847160135165,-0.0206303144927983,0.0030136200994174,6576,"Age, years, Male sex, Ever smoking (past/current), Ever alcohol (past/current), Body mass index, kg/m2",0.004567112732421722
high_ldl,asmi,beta,-0.0809273795501571,-0.205654014223135,0.0437992551228208,0.204245437411303,6576,"Age, years, Male sex, Ever smoking (past/current), Ever alcohol (past/current), Body mass index, kg/m2",0.24312840572375988
high_nonhdl,asmi,beta,-0.101128675207373,-0.158526650836006,-0.0437306995787394,0.0006032309645445,6576,"Age, years, Male sex, Ever smoking (past/current), Ever alcohol (past/current), Body mass index, kg/m2",0.0009750249917970304
atherogenic_dyslipidemia,asmi,beta,-0.0326266027001933,-0.0791767856610383,0.0139235802606518,0.170167052569848,6576,"Age, years, Male sex, Ever smoking (past/current), Ever alcohol (past/current), Body mass index, kg/m2",0.2057426567631324
insulin_resistance,asmi,beta,-0.153755389557276,-0.193079347866918,-0.114431431247634,1.27000642238096e-13,6576,"Age, years, Male sex, Ever smoking (past/current), Ever alcohol (past/current), Body mass index, kg/m2",3.2225955472807934e-13
ckd,asmi,beta,-0.0840341541928098,-0.257102766165989,0.089034457780369,0.34574502895182,6576,"Age, years, Male sex, Ever smoking (past/current), Ever alcohol (past/current), Body mass index, kg/m2",0.39510512393520775
high_alt,asmi,beta,-0.0659714101303788,-0.135383602513934,0.0034407822531766,0.0631002206970138,6576,"Age, years, Male sex, Ever smoking (past/current), Ever alcohol (past/current), Body mass index, kg/m2",0.08131685960295743
high_ast,asmi,beta,-0.0403612898320827,-0.138917780170064,0.0581952005058991,0.42256730823085,6576,"Age, years, Male sex, Ever smoking (past/current), Ever alcohol (past/current), Body mass index, kg/m2",0.4720209513444509
adv_fibrosis,asmi,beta,-0.0303977583627973,-0.150486187230874,0.0896906705052797,0.620030912578218,6576,"Age, years, Male sex, Ever smoking (past/current), Ever alcohol (past/current), Body mass index, kg/m2",0.6635517697054037
anemia,asmi,beta,0.0196323876850981,-0.0388869973241317,0.078151772694328,0.511144529529326,6576,"Age, years, Male sex, Ever smoking (past/current), Ever alcohol (past/current), Body mass index, kg/m2",0.5583905189213046
leukocytosis,asmi,beta,-0.244127067907908,-0.386185847497461,-0.102068288318354,0.0008178633217101,6576,"Age, years, Male sex, Ever smoking (past/current), Ever alcohol (past/current), Body mass index, kg/m2",0.0013111127078120038
vitd_deficiency,asmi,beta,-0.140918690881765,-0.182786756678947,-0.0990506250845828,1.11985449576758e-10,6576,"Age, years, Male sex, Ever smoking (past/current), Ever alcohol (past/current), Body mass index, kg/m2",2.574495779434345e-10
osteoporosis,asmi,beta,-0.0177094788407473,-0.0803919503510481,0.0449729926695534,0.580020223733286,6576,"Age, years, Male sex, Ever smoking (past/current), Ever alcohol (past/current), Body mass index, kg/m2",0.6264431855224266
smoking,asmi,beta,-0.0402431222395809,-0.119189582332071,0.0387033378529091,0.318243879752179,6576,"Age, years, Male sex",0.3671323106738206
alcohol,asmi,beta,-0.0621596819787707,-0.132309177993569,0.0079898140360277,0.083072073881026,6576,"Age, years, Male sex",0.1052067041384299
current_smoking,asmi,beta,-0.0175646916334162,-0.0620722069007261,0.0269428236338937,0.439606595894779,6576,"Age, years, Male sex, Ever alcohol (past/current), Body mass index, kg/m2",0.48872930263302133
age,bodyfat_pct,beta,1.11932572121993,0.891872589202104,1.34677885323775,3.0385728598952904e-20,6582,unadjusted,9.186140439958123e-20
men,bodyfat_pct,beta,-10.9464826157127,-11.2956756414708,-10.5972895899547,7.3239322151362e-230,6582,unadjusted,2.7152515012325994e-228
sbp,bodyfat_pct,beta,1.01454558621021,0.815425553603046,1.21366561881738,1.87928969215295e-21,6582,"Age, years, Male sex, Ever smoking (past/current), Ever alcohol (past/current)",5.87820452554413e-21
dbp,bodyfat_pct,beta,1.00301681403854,0.808246807931888,1.19778682014518,7.673856624930449e-22,6582,"Age, years, Male sex, Ever smoking (past/current), Ever alcohol (past/current)",2.4283309104227353e-21
glucose,bodyfat_pct,beta,0.564188580060695,0.36799713341021,0.760380026711179,2.97530469551932e-08,6582,"Age, years, Male sex, Ever smoking (past/current), Ever alcohol (past/current)",6.167759351158943e-08
hba1c,bodyfat_pct,beta,0.545380544848977,0.179361658867006,0.911399430830949,0.0037628756024239,6582,"Age, years, Male sex, Ever smoking (past/current), Ever alcohol (past/current)",0.005658773642927829
homa_ir,bodyfat_pct,beta,2.08311968039722,1.91173624239123,2.25450311840322,5.42834854369765e-80,6582,"Age, years, Male sex, Ever smoking (past/current), Ever alcohol (past/current)",4.296324397955758e-79
tg,bodyfat_pct,beta,0.951353100057882,0.746630341558712,1.15607585855705,2.30893318888547e-18,6582,"Age, years, Male sex, Ever smoking (past/current), Ever alcohol (past/current)",6.682056443101582e-18
tchol,bodyfat_pct,beta,1.20164896296316,1.05103746757953,1.3522604583468,8.4544073504974e-45,6582,"Age, years, Male sex, Ever smoking (past/current), Ever alcohol (past/current)",4.1298783201736264e-44
hdl,bodyfat_pct,beta,-1.13392082122633,-1.29733316587776,-0.970508476574896,7.82113960522514e-36,6582,"Age, years, Male sex, Ever smoking (past/current), Ever alcohol (past/current)",3.287118578711568e-35
ldl,bodyfat_pct,beta,1.26322047111742,0.979444664865371,1.54699627736946,8.27543784660276e-17,6582,"Age, years, Male sex, Ever smoking (past/current), Ever alcohol (past/current)",2.28417649653095e-16
nonhdl,bodyfat_pct,beta,1.57758466592162,1.42448019794076,1.73068913390249,5.31443733697497e-66,6582,"Age, years, Male sex, Ever smoking (past/current), Ever alcohol (past/current)",3.5516979697961753e-65
alt,bodyfat_pct,beta,1.30221661269822,1.11476809557583,1.48966512982061,6.695244366365159e-36,6582,"Age, years, Male sex, Ever smoking (past/current), Ever alcohol (past/current)",2.8172820380332245e-35
ast,bodyfat_pct,beta,0.511379691515001,0.317538132242873,0.705221250787129,3.43728007943329e-07,6582,"Age, years, Male sex, Ever smoking (past/current), Ever alcohol (past/current)",6.801180022339353e-07
creatinine,bodyfat_pct,beta,0.111120337755849,-0.10122098218961,0.323461657701308,0.305669753135237,6582,"Age, years, Male sex, Ever smoking (past/current), Ever alcohol (past/current)",0.35378536659293613
egfr,bodyfat_pct,beta,-0.0207742901639753,-0.313582894807407,0.272034314479456,0.889474926970596,6582,"Age, years, Male sex, Ever smoking (past/current), Ever alcohol (past/current)",0.9075117881779952
hemoglobin,bodyfat_pct,beta,1.1067131187266,0.881336702985324,1.33208953446788,3.7113008153175903e-20,6582,"Age, years, Male sex, Ever smoking (past/current), Ever alcohol (past/current)",1.118152392775753e-19
platelet,bodyfat_pct,beta,0.549096228059385,0.385609217093129,0.712583239025642,1.21832383770797e-10,6582,"Age, years, Male sex, Ever smoking (past/current), Ever alcohol (past/current)",2.797220701699785e-10
wbc,bodyfat_pct,beta,1.05068692067543,0.86901195511285,1.232361886238,1.54854816804679e-26,6582,"Age, years, Male sex, Ever smoking (past/current), Ever alcohol (past/current)",5.453986647860794e-26
fib4,bodyfat_pct,beta,-0.511189005794195,-0.856181394690297,-0.166196616898094,0.0038526544149761,6582,"Age, years, Male sex, Ever smoking (past/current), Ever alcohol (past/current)",0.005781443906921953
vitd,bodyfat_pct,beta,-0.500841331183744,-0.684259778274156,-0.317422884093332,1.35400905142178e-07,6582,"Age, years, Male sex, Ever smoking (past/current), Ever alcohol (past/current)",2.7328480682564525e-07
fn_bmd,bodyfat_pct,beta,0.654220592519216,0.434966758210976,0.873474426827456,9.22479724499432e-09,6582,"Age, years, Male sex, Ever smoking (past/current), Ever alcohol (past/current)",1.9583927605105483e-08
ls_bmd,bodyfat_pct,beta,0.693867636312764,0.502310173313789,0.885425099311739,4.565345149341899e-12,6582,"Age, years, Male sex, Ever smoking (past/current), Ever alcohol (past/current)",1.0990530154464914e-11
insulin,bodyfat_pct,beta,2.0231999987063,1.8539002609679,2.19249973644471,3.17819252328454e-78,6582,"Age, years, Male sex, Ever smoking (past/current), Ever alcohol (past/current)",2.4874653482240333e-77
hsi,bodyfat_pct,beta,3.11839839283331,2.98204399210561,3.25475279356101,3.9546339144937405e-173,6582,"Age, years, Male sex, Ever smoking (past/current), Ever alcohol (past/current)",6.861192436870421e-172
dm,bodyfat_pct,beta,1.51513362867078,0.939705331549834,2.09056192579172,3.61495377300109e-07,6582,"Age, years, Male sex, Ever smoking (past/current), Ever alcohol (past/current)",7.14871824172366e-07
prediabetes,bodyfat_pct,beta,1.34512912872438,0.918173375868774,1.77208488157999,1.41717213891774e-09,6582,"Age, years, Male sex, Ever smoking (past/current), Ever alcohol (past/current)",3.122208690036192e-09
htn,bodyfat_pct,beta,2.09054316883188,1.71196656002487,2.46911977763888,1.46132796858694e-24,6582,"Age, years, Male sex, Ever smoking (past/current), Ever alcohol (past/current)",4.944089438389243e-24
mets,bodyfat_pct,beta,3.99548436809728,3.66128642900039,4.32968230719417,2.27169207394519e-81,6582,"Age, years, Male sex, Ever smoking (past/current), Ever alcohol (past/current)",1.8225283563633163e-80
dyslipidemia,bodyfat_pct,beta,2.25901411241647,1.94870409207564,2.56932413275731,1.01321748744063e-38,6582,"Age, years, Male sex, Ever smoking (past/current), Ever alcohol (past/current)",4.477480540484189e-38
low_hdl,bodyfat_pct,beta,1.66548595610853,1.36270383506704,1.96826807715003,2.11328447295424e-24,6582,"Age, years, Male sex, Ever smoking (past/current), Ever alcohol (past/current)",7.115667221553379e-24
high_tg,bodyfat_pct,beta,2.66959542161267,2.34103959852337,2.99815124470198,4.2326802540656505e-46,6582,"Age, years, Male sex, Ever smoking (past/current), Ever alcohol (past/current)",2.1026092884089168e-45
high_ldl,bodyfat_pct,beta,1.49202485396337,0.391808054183413,2.59224165374333,0.0081900532675002,6582,"Age, years, Male sex, Ever smoking (past/current), Ever alcohol (past/current)",0.011865638670561786
high_nonhdl,bodyfat_pct,beta,2.52469275313033,2.01781409864546,3.03157140761519,1.20095654110351e-20,6582,"Age, years, Male sex, Ever smoking (past/current), Ever alcohol (past/current)",3.6748644116129996e-20
atherogenic_dyslipidemia,bodyfat_pct,beta,2.26576465579714,1.9160648184813,2.61546449311298,4.91787482425243e-32,6582,"Age, years, Male sex, Ever smoking (past/current), Ever alcohol (past/current)",1.9266690913255904e-31
insulin_resistance,bodyfat_pct,beta,3.5661718628451,3.22615117731007,3.90619254838014,1.75069791431367e-65,6582,"Age, years, Male sex, Ever smoking (past/current), Ever alcohol (past/current)",1.1611973736747167e-64
ckd,bodyfat_pct,beta,1.32297336591628,-0.0763531159678037,2.72229984780037,0.0695527799701179,6582,"Age, years, Male sex, Ever smoking (past/current), Ever alcohol (past/current)",0.08914297345515111
high_alt,bodyfat_pct,beta,3.44950019217936,2.91699833175225,3.98200205260646,5.03501567584309e-32,6582,"Age, years, Male sex, Ever smoking (past/current), Ever alcohol (past/current)",1.9703694678132623e-31
high_ast,bodyfat_pct,beta,1.72909750716619,0.972587748531774,2.4856072658006,9.36084819007055e-06,6582,"Age, years, Male sex, Ever smoking (past/current), Ever alcohol (past/current)",1.6976780291157813e-05
adv_fibrosis,bodyfat_pct,beta,-0.874268082960023,-1.90856867113752,0.160032505217472,0.0982299608277674,6582,"Age, years, Male sex, Ever smoking (past/current), Ever alcohol (past/current)",0.1229635610768048
steatosis,bodyfat_pct,beta,5.40143752549064,5.04727797828984,5.75559707269144,2.1373158771486e-111,6582,"Age, years, Male sex, Ever smoking (past/current), Ever alcohol (past/current)",2.227108437667861e-110
masld,bodyfat_pct,beta,5.00148295592488,4.65507252076791,5.34789339108185,3.96333985762458e-104,6582,"Age, years, Male sex, Ever smoking (past/current), Ever alcohol (past/current)",3.9431872820773365e-103
anemia,bodyfat_pct,beta,-1.63435074589305,-2.18058836624907,-1.08811312553703,8.432226523010861e-09,6582,"Age, years, Male sex, Ever smoking (past/current), Ever alcohol (past/current)",1.7944593241114353e-08
leukocytosis,bodyfat_pct,beta,2.17200612922302,0.742314586829197,3.60169767161685,0.0030524349265319,6582,"Age, years, Male sex, Ever smoking (past/current), Ever alcohol (past/current)",0.004623946585481872
vitd_deficiency,bodyfat_pct,beta,1.01248239408946,0.639796323862707,1.38516846431622,1.55984994846008e-07,6582,"Age, years, Male sex, Ever smoking (past/current), Ever alcohol (past/current)",3.135725752555024e-07
osteoporosis,bodyfat_pct,beta,-1.57498215283576,-2.09505758290951,-1.05490672276201,5.802589175593141e-09,6582,"Age, years, Male sex, Ever smoking (past/current), Ever alcohol (past/current)",1.2431094328734209e-08
smoking,bodyfat_pct,beta,-0.205830173899601,-0.674634766043509,0.262974418244307,0.389919569352471,6582,"Age, years, Male sex",0.4412907208417104
alcohol,bodyfat_pct,beta,-0.403916993675714,-0.868607821255128,0.0607738339036996,0.0890923618076324,6582,"Age, years, Male sex",0.11234632949748706
current_smoking,bodyfat_pct,beta,-0.4705012510086,-0.914464536678543,-0.0265379653386568,0.0383203185798708,6582,"Age, years, Male sex, Ever alcohol (past/current)",0.05118094881998672
age,asm_pct,beta,-1.05806978507603,-1.19410459469247,-0.922034975459582,4.27829576911114e-43,6582,unadjusted,2.0389929227076366e-42
men,asm_pct,beta,7.35971724798828,7.19144400223496,7.52799049374161,1.5344491110719e-293,6582,unadjusted,9.826054125809513e-292
sbp,asm_pct,beta,-0.466261330156188,-0.570531075560921,-0.361991584751455,3.3099782639577604e-17,6582,"Age, years, Male sex, Ever smoking (past/current), Ever alcohol (past/current)",9.244840163092175e-17
dbp,asm_pct,beta,-0.4630510092969,-0.562420241235016,-0.363681777358785,1.89374771801254e-18,6582,"Age, years, Male sex, Ever smoking (past/current), Ever alcohol (past/current)",5.4985815851938716e-18
glucose,asm_pct,beta,-0.385500077505469,-0.484586898602549,-0.286413256408388,1.3274850615324e-13,6582,"Age, years, Male sex, Ever smoking (past/current), Ever alcohol (past/current)",3.366020436801377e-13
hba1c,asm_pct,beta,-0.472410436720014,-0.671052303168952,-0.273768570271077,4.75277040447177e-06,6582,"Age, years, Male sex, Ever smoking (past/current), Ever alcohol (past/current)",8.805500980825656e-06
homa_ir,asm_pct,beta,-0.939094036491861,-1.03053990800573,-0.847648164977995,1.42993576893054e-63,6582,"Age, years, Male sex, Ever smoking (past/current), Ever alcohol (past/current)",9.274832004002508e-63
tg,asm_pct,beta,-0.464733663317533,-0.571177586454496,-0.35828974018057,1.59155766749221e-16,6582,"Age, years, Male sex, Ever smoking (past/current), Ever alcohol (past/current)",4.3588383397414955e-16
tchol,asm_pct,beta,-0.489193439779567,-0.570644793336283,-0.407742086222852,2.92916493761791e-28,6582,"Age, years, Male sex, Ever smoking (past/current), Ever alcohol (past/current)",1.0657560857737892e-27
hdl,asm_pct,beta,0.46298331703678,0.381085452771758,0.544881181301802,1.5151364480503e-25,6582,"Age, years, Male sex, Ever smoking (past/current), Ever alcohol (past/current)",5.231677029444271e-25
ldl,asm_pct,beta,-0.448954569648015,-0.599584391063341,-0.298324748232689,1.10414397370877e-08,6582,"Age, years, Male sex, Ever smoking (past/current), Ever alcohol (past/current)",2.3300150242074825e-08
nonhdl,asm_pct,beta,-0.642674361618716,-0.7267424498082,-0.558606273429232,7.174723297679909e-42,6582,"Age, years, Male sex, Ever smoking (past/current), Ever alcohol (past/current)",3.338094511813559e-41
alt,asm_pct,beta,-0.553558400536768,-0.646050949951875,-0.461065851121661,4.27837607951146e-28,6582,"Age, years, Male sex, Ever smoking (past/current), Ever alcohol (past/current)",1.5502510856007574e-27
ast,asm_pct,beta,-0.233318383110637,-0.318519794760755,-0.148116971460518,1.24965141255032e-07,6582,"Age, years, Male sex, Ever smoking (past/current), Ever alcohol (past/current)",2.5236652952994424e-07
creatinine,asm_pct,beta,0.0739985944260564,-0.10464286087633,0.252640049728443,0.417346120786294,6582,"Age, years, Male sex, Ever smoking (past/current), Ever alcohol (past/current)",0.46767198135836063
egfr,asm_pct,beta,-0.257112093802324,-0.412135578935427,-0.10208860866922,0.0012503295310938,6582,"Age, years, Male sex, Ever smoking (past/current), Ever alcohol (past/current)",0.0019694367658820945
hemoglobin,asm_pct,beta,-0.394082523961412,-0.507219519360271,-0.280945528562553,2.64344111508317e-11,6582,"Age, years, Male sex, Ever smoking (past/current), Ever alcohol (past/current)",6.223395459440458e-11
platelet,asm_pct,beta,-0.270237126264737,-0.353382542128706,-0.187091710400767,4.44586785501533e-10,6582,"Age, years, Male sex, Ever smoking (past/current), Ever alcohol (past/current)",9.960780270587782e-10
wbc,asm_pct,beta,-0.519848690950403,-0.613726529384114,-0.425970852516692,1.1217231136283e-24,6582,"Age, years, Male sex, Ever smoking (past/current), Ever alcohol (past/current)",3.802414635417587e-24
fib4,asm_pct,beta,0.188457396650733,0.0457414019233593,0.331173391378107,0.0099424469654356,6582,"Age, years, Male sex, Ever smoking (past/current), Ever alcohol (past/current)",0.014275294827665791
vitd,asm_pct,beta,0.291864457004474,0.198008567701441,0.385720346307506,2.2589321574706602e-09,6582,"Age, years, Male sex, Ever smoking (past/current), Ever alcohol (past/current)",4.93545847308416e-09
fn_bmd,asm_pct,beta,-0.0629298843495634,-0.177515312181899,0.0516555434827724,0.282281521286667,6582,"Age, years, Male sex, Ever smoking (past/current), Ever alcohol (past/current)",0.32866270362836314
ls_bmd,asm_pct,beta,-0.270967801660368,-0.370697143193281,-0.171238460127454,1.55485128742725e-07,6582,"Age, years, Male sex, Ever smoking (past/current), Ever alcohol (past/current)",3.127462155521859e-07
insulin,asm_pct,beta,-0.87493794883559,-0.959777182059461,-0.790098715611719,5.95742464009318e-64,6582,"Age, years, Male sex, Ever smoking (past/current), Ever alcohol (past/current)",3.87838254758007e-63
hsi,asm_pct,beta,-1.27666846627842,-1.35180118543183,-1.201535747125,1.51686311065715e-126,6582,"Age, years, Male sex, Ever smoking (past/current), Ever alcohol (past/current)",1.757365748596869e-125
dm,asm_pct,beta,-1.28302705176654,-1.5832417527878,-0.982812350745275,6.136625291933839e-16,6582,"Age, years, Male sex, Ever smoking (past/current), Ever alcohol (past/current)",1.6561834695931787e-15
prediabetes,asm_pct,beta,-0.553469510499095,-0.76070471748194,-0.346234303516251,2.48249484505157e-07,6582,"Age, years, Male sex, Ever smoking (past/current), Ever alcohol (past/current)",4.942536373245693e-07
htn,asm_pct,beta,-1.03035579032413,-1.22467070209569,-0.83604087855258,6.06897977961493e-23,6582,"Age, years, Male sex, Ever smoking (past/current), Ever alcohol (past/current)",1.9682271439966654e-22
mets,asm_pct,beta,-1.83159698007297,-2.01301244556298,-1.65018151458297,4.51369123920124e-64,6582,"Age, years, Male sex, Ever smoking (past/current), Ever alcohol (past/current)",2.943929730456808e-63
dyslipidemia,asm_pct,beta,-1.04925359236488,-1.21064367135154,-0.887863513378229,3.24596247530242e-32,6582,"Age, years, Male sex, Ever smoking (past/current), Ever alcohol (past/current)",1.2759240890641878e-31
low_hdl,asm_pct,beta,-0.706982370834414,-0.860378741181988,-0.553586000486841,4.1472014798579296e-18,6582,"Age, years, Male sex, Ever smoking (past/current), Ever alcohol (past/current)",1.1904192022868484e-17
high_tg,asm_pct,beta,-1.22919828284789,-1.4023794167748,-1.05601714892099,3.59348503892038e-37,6582,"Age, years, Male sex, Ever smoking (past/current), Ever alcohol (past/current)",1.5529146389052244e-36
high_ldl,asm_pct,beta,-0.550731328409029,-1.08733670691291,-0.0141259499051464,0.0449624920924537,6582,"Age, years, Male sex, Ever smoking (past/current), Ever alcohol (past/current)",0.05935453416402621
high_nonhdl,asm_pct,beta,-1.12358752073808,-1.37412130665754,-0.873053734818612,2.71992918073059e-17,6582,"Age, years, Male sex, Ever smoking (past/current), Ever alcohol (past/current)",7.633139900026405e-17
atherogenic_dyslipidemia,asm_pct,beta,-0.987172061746901,-1.17326700246949,-0.801077121024308,5.852789276429951e-23,6582,"Age, years, Male sex, Ever smoking (past/current), Ever alcohol (past/current)",1.8998639476116391e-22
insulin_resistance,asm_pct,beta,-1.66129296586216,-1.83220049121177,-1.49038544051256,8.92410762913701e-59,6582,"Age, years, Male sex, Ever smoking (past/current), Ever alcohol (past/current)",5.5141591350562366e-58
ckd,asm_pct,beta,-0.730209319992194,-1.41560509350925,-0.0448135464751355,0.0416989388850713,6582,"Age, years, Male sex, Ever smoking (past/current), Ever alcohol (past/current)",0.05539934468246742
high_alt,asm_pct,beta,-1.51353898046026,-1.77946758145393,-1.24761037946659,7.76189442100376e-26,6582,"Age, years, Male sex, Ever smoking (past/current), Ever alcohol (past/current)",2.7013233350568424e-25
high_ast,asm_pct,beta,-0.904394051185707,-1.27785051816435,-0.530937584207069,2.74009488780053e-06,6582,"Age, years, Male sex, Ever smoking (past/current), Ever alcohol (past/current)",5.157997966239159e-06
adv_fibrosis,asm_pct,beta,0.0688807276471097,-0.436246901816588,0.574008357110807,0.789375635388472,6582,"Age, years, Male sex, Ever smoking (past/current), Ever alcohol (past/current)",0.8215664857677891
steatosis,asm_pct,beta,-2.21445203565179,-2.3954206261216,-2.03348344518197,5.57825277175853e-84,6582,"Age, years, Male sex, Ever smoking (past/current), Ever alcohol (past/current)",4.601078749914178e-83
masld,asm_pct,beta,-2.01100067849367,-2.18814368307823,-1.83385767390911,9.25118833232695e-76,6582,"Age, years, Male sex, Ever smoking (past/current), Ever alcohol (past/current)",7.052529287111585e-75
anemia,asm_pct,beta,0.436728683214322,0.164030626466184,0.70942673996246,0.0018005741705237,6582,"Age, years, Male sex, Ever smoking (past/current), Ever alcohol (past/current)",0.00278507783424878
leukocytosis,asm_pct,beta,-1.32938861455768,-2.07112655791559,-0.587650671199777,0.000485553727371,6582,"Age, years, Male sex, Ever smoking (past/current), Ever alcohol (past/current)",0.0007913559591858686
vitd_deficiency,asm_pct,beta,-0.582484582855488,-0.777440393094127,-0.387528772616849,8.834861726609871e-09,6582,"Age, years, Male sex, Ever smoking (past/current), Ever alcohol (past/current)",1.876742038668273e-08
osteoporosis,asm_pct,beta,0.656263509523301,0.377232673980048,0.935294345066554,5.24053193980606e-06,6582,"Age, years, Male sex, Ever smoking (past/current), Ever alcohol (past/current)",9.673560530396721e-06
smoking,asm_pct,beta,-0.085840519380784,-0.321193840540755,0.149512801779187,0.475036613342984,6582,"Age, years, Male sex",0.5241475414141572
alcohol,asm_pct,beta,0.0244761090725694,-0.197099619902433,0.246051838047572,0.8286830663292,6582,"Age, years, Male sex",0.8546821904889044
current_smoking,asm_pct,beta,0.0634547645816383,-0.156232187753788,0.283141716917064,0.571571202976327,6582,"Age, years, Male sex, Ever alcohol (past/current)",0.6184558454324497
age,fn_bmd,beta,-0.0777773642534312,-0.0818348320333355,-0.0737198964735269,2.5829883579488303e-145,6645,unadjusted,3.5957648208283716e-144
men,fn_bmd,beta,0.121508858979783,0.113995965319875,0.12902175263969,5.505409420426751e-120,6645,unadjusted,6.040514635122436e-119
bmi,fn_bmd,beta,0.0377468971983556,0.0347214785067671,0.0407723158899442,2.27715304633755e-86,6645,"Age, years, Male sex",1.9186921122490073e-85
smoking,fn_bmd,beta,-0.0077747101092402,-0.0180858753371838,0.0025364551187032,0.140101793487209,6645,"Age, years, Male sex",0.17198972347924366
alcohol,fn_bmd,beta,0.0180154944484083,0.0086137894563713,0.0274171994404452,0.0001940471565701,6645,"Age, years, Male sex",0.00032559985013810963
wc,fn_bmd,beta,0.0354937148662348,0.0323245850814119,0.0386628446510578,2.21121793650521e-74,6645,"Age, years, Male sex, Ever smoking (past/current), Ever alcohol (past/current)",1.6570020366747554e-73
height,fn_bmd,beta,0.0360531244257455,0.0304144513287808,0.0416917975227103,2.36853008216129e-31,6645,"Age, years, Male sex, Ever smoking (past/current), Ever alcohol (past/current)",9.166992252057212e-31
weight,fn_bmd,beta,0.0499309603229202,0.0463014963464625,0.0535604242993779,4.94071561428854e-98,6645,"Age, years, Male sex, Ever smoking (past/current), Ever alcohol (past/current)",4.627978828064957e-97
whtr,fn_bmd,beta,0.029763220413824,0.0263861949804403,0.0331402458472076,2.6340032080157202e-52,6645,"Age, years, Male sex, Ever smoking (past/current), Ever alcohol (past/current)",1.4472635411281383e-51
fat_kg,fn_bmd,beta,0.0278472903010274,0.0247307701053142,0.0309638104967405,2.15966440622373e-53,6645,"Age, years, Male sex, Ever smoking (past/current), Ever alcohol (past/current)",1.220921033502404e-52
lean_kg,fn_bmd,beta,0.0792177045854973,0.0734443460864047,0.0849910630845899,1.23189254650519e-97,6645,"Age, years, Male sex, Ever smoking (past/current), Ever alcohol (past/current)",1.150855583233761e-96
asmm_kg,fn_bmd,beta,0.0801253997402344,0.0738938054893006,0.0863569939911683,1.00716548726233e-89,6645,"Age, years, Male sex, Ever smoking (past/current), Ever alcohol (past/current)",8.737036566842182e-89
asmi,fn_bmd,beta,0.0622246467106417,0.0572856609032573,0.0671636325180261,2.4868729898686e-87,6645,"Age, years, Male sex, Ever smoking (past/current), Ever alcohol (past/current)",2.1156441232650262e-86
bodyfat_pct,fn_bmd,beta,0.0146653072502407,0.0099802139587318,0.0193504005417496,1.78835294157525e-09,6645,"Age, years, Male sex, Ever smoking (past/current), Ever alcohol (past/current)",3.924348324129614e-09
asm_pct,fn_bmd,beta,-0.0032643807264887,-0.0091660014134019,0.0026372399604245,0.278850154756822,6645,"Age, years, Male sex, Ever smoking (past/current), Ever alcohol (past/current)",0.3249868448224775
obesity,fn_bmd,beta,0.060693818684944,0.0544017214458921,0.0669859159239958,6.16520868978789e-60,6645,"Age, years, Male sex, Ever smoking (past/current), Ever alcohol (past/current)",3.8568143881763673e-59
overweight,fn_bmd,beta,0.0660264159395106,0.0599116515067234,0.0721411803722977,1.23697998812037e-70,6645,"Age, years, Male sex, Ever smoking (past/current), Ever alcohol (past/current)",8.819116433522152e-70
abdominal_obesity,fn_bmd,beta,0.0471782715943498,0.0399099097944426,0.054446633394257,3.87078756787462e-32,6645,"Age, years, Male sex, Ever smoking (past/current), Ever alcohol (past/current)",1.5198343159480952e-31
central_obesity,fn_bmd,beta,0.0448536944945922,0.0380568231599917,0.0516505658291928,5.04839402586637e-33,6645,"Age, years, Male sex, Ever smoking (past/current), Ever alcohol (past/current)",2.0159233286962986e-32
high_bodyfat,fn_bmd,beta,0.0118316586382768,0.0048956454427855,0.0187676718337681,0.0008926434097362,6645,"Age, years, Male sex, Ever smoking (past/current), Ever alcohol (past/current)",0.0014270949110716732
sarcopenia,fn_bmd,beta,-0.0824614251956114,-0.092038165083762,-0.0728846853074608,1.8998554456789599e-50,6645,"Age, years, Male sex, Ever smoking (past/current), Ever alcohol (past/current)",1.016913507550349e-49
sbp,fn_bmd,beta,-0.0037458011234184,-0.0073995860599425,-9.20161868943636e-05,0.045061735313289,6645,"Age, years, Male sex, Ever smoking (past/current), Ever alcohol (past/current), Body mass index, kg/m2",0.0594632565655316
dbp,fn_bmd,beta,-0.0006272084085567,-0.003907493305539,0.0026530764884255,0.708003503101324,6645,"Age, years, Male sex, Ever smoking (past/current), Ever alcohol (past/current), Body mass index, kg/m2",0.7461365463563324
glucose,fn_bmd,beta,-0.0027048785968145,-0.0069737047361984,0.0015639475425693,0.214874503535304,6645,"Age, years, Male sex, Ever smoking (past/current), Ever alcohol (past/current), Body mass index, kg/m2",0.25515441721218496
hba1c,fn_bmd,beta,-0.0017902300705853,-0.0123812020764619,0.0088007419352912,0.740644781378181,6645,"Age, years, Male sex, Ever smoking (past/current), Ever alcohol (past/current), Body mass index, kg/m2",0.7754313079708542
homa_ir,fn_bmd,beta,-0.0115759189257638,-0.0154999169249532,-0.0076519209265745,1.44174775767685e-08,6645,"Age, years, Male sex, Ever smoking (past/current), Ever alcohol (past/current), Body mass index, kg/m2",3.0279282066415417e-08
tg,fn_bmd,beta,-0.0068479718545204,-0.0099588750114647,-0.0037370686975762,1.94552857693297e-05,6645,"Age, years, Male sex, Ever smoking (past/current), Ever alcohol (past/current), Body mass index, kg/m2",3.4871000752966515e-05
tchol,fn_bmd,beta,-0.003075892789627,-0.0063817611948072,0.0002299756155532,0.0688304832649542,6645,"Age, years, Male sex, Ever smoking (past/current), Ever alcohol (past/current), Body mass index, kg/m2",0.08824934912965733
hdl,fn_bmd,beta,0.0023371164684207,-0.000932005819369,0.0056062387562105,0.161799589970499,6645,"Age, years, Male sex, Ever smoking (past/current), Ever alcohol (past/current), Body mass index, kg/m2",0.19657059533497673
ldl,fn_bmd,beta,-0.0004865936878073,-0.0076311915130861,0.0066580041374714,0.893876767270035,6645,"Age, years, Male sex, Ever smoking (past/current), Ever alcohol (past/current), Body mass index, kg/m2",0.9106838224833853
nonhdl,fn_bmd,beta,-0.0039996572185524,-0.0074946965683681,-0.0005046178687367,0.0253560156286716,6645,"Age, years, Male sex, Ever smoking (past/current), Ever alcohol (past/current), Body mass index, kg/m2",0.034640763011707286
alt,fn_bmd,beta,-0.0050826478966807,-0.0083912397580402,-0.0017740560353211,0.0027424984507447,6645,"Age, years, Male sex, Ever smoking (past/current), Ever alcohol (past/current), Body mass index, kg/m2",0.004174191678272616
ast,fn_bmd,beta,-0.001892058572655,-0.0050552170000403,0.0012710998547301,0.241628295612968,6645,"Age, years, Male sex, Ever smoking (past/current), Ever alcohol (past/current), Body mass index, kg/m2",0.2843350675405524
creatinine,fn_bmd,beta,0.0027917479524273,-0.0030634252269837,0.0086469211318383,0.350605200123191,6645,"Age, years, Male sex, Ever smoking (past/current), Ever alcohol (past/current), Body mass index, kg/m2",0.4001398298230327
egfr,fn_bmd,beta,-0.0066116981190467,-0.0117668121528405,-0.0014565840852529,0.012342683134408,6645,"Age, years, Male sex, Ever smoking (past/current), Ever alcohol (past/current), Body mass index, kg/m2",0.01751447622859991
hemoglobin,fn_bmd,beta,-0.0034704679528362,-0.0079895852166111,0.0010486493109387,0.132937834065894,6645,"Age, years, Male sex, Ever smoking (past/current), Ever alcohol (past/current), Body mass index, kg/m2",0.1637087592937338
platelet,fn_bmd,beta,-0.0022677346592721,-0.0056465380333408,0.0011110687147966,0.188979418993513,6645,"Age, years, Male sex, Ever smoking (past/current), Ever alcohol (past/current), Body mass index, kg/m2",0.22700733754950642
wbc,fn_bmd,beta,-0.0064086749682493,-0.0095244263214523,-0.0032929236150463,6.45190087201421e-05,6645,"Age, years, Male sex, Ever smoking (past/current), Ever alcohol (past/current), Body mass index, kg/m2",0.00011204928437492134
fib4,fn_bmd,beta,-0.0006583530543017,-0.0033142904922774,0.0019975843836739,0.627300682413448,6645,"Age, years, Male sex, Ever smoking (past/current), Ever alcohol (past/current), Body mass index, kg/m2",0.669703850700262
vitd,fn_bmd,beta,0.0082007624948003,0.0046393853782288,0.0117621396113719,8.05004415496842e-06,6645,"Age, years, Male sex, Ever smoking (past/current), Ever alcohol (past/current), Body mass index, kg/m2",1.4675080493684666e-05
ls_bmd,fn_bmd,beta,0.0739535334892466,0.0708764466545883,0.077030620323905,1.60626224114667e-181,6645,"Age, years, Male sex, Ever smoking (past/current), Ever alcohol (past/current), Body mass index, kg/m2",3.074595442020963e-180
insulin,fn_bmd,beta,-0.0120075628918864,-0.0160484091060231,-0.0079667166777496,1.14220247300765e-08,6645,"Age, years, Male sex, Ever smoking (past/current), Ever alcohol (past/current), Body mass index, kg/m2",2.4060030561799898e-08
hsi,fn_bmd,beta,-0.0101810780311597,-0.0165728325473075,-0.0037893235150118,0.0019055035198871,6645,"Age, years, Male sex, Ever smoking (past/current), Ever alcohol (past/current), Body mass index, kg/m2",0.002935775764235506
dm,fn_bmd,beta,-0.0100036709867281,-0.0211928855934812,0.001185543620025,0.0803596090706746,6645,"Age, years, Male sex, Ever smoking (past/current), Ever alcohol (past/current), Body mass index, kg/m2",0.10213877414179573
prediabetes,fn_bmd,beta,-0.0003190485612597,-0.0077600029825186,0.0071219058599991,0.933060167513279,6645,"Age, years, Male sex, Ever smoking (past/current), Ever alcohol (past/current), Body mass index, kg/m2",0.9418853281690366
htn,fn_bmd,beta,-0.0110969221902146,-0.0186432980574634,-0.0035505463229658,0.0041276076889444,6645,"Age, years, Male sex, Ever smoking (past/current), Ever alcohol (past/current), Body mass index, kg/m2",0.006178255112818605
mets,fn_bmd,beta,-0.0222555361328631,-0.0306400523258491,-0.0138710199398771,2.92439852543653e-07,6645,"Age, years, Male sex, Ever smoking (past/current), Ever alcohol (past/current), Body mass index, kg/m2",5.802665693852089e-07
dyslipidemia,fn_bmd,beta,-0.0055302369404049,-0.0123336136116733,0.0012731397308634,0.111773614795069,6645,"Age, years, Male sex, Ever smoking (past/current), Ever alcohol (past/current), Body mass index, kg/m2",0.13881053290135156
low_hdl,fn_bmd,beta,-0.0056625201462308,-0.0124892169847683,0.0011641766923066,0.10466215144735,6645,"Age, years, Male sex, Ever smoking (past/current), Ever alcohol (past/current), Body mass index, kg/m2",0.1304388171965912
high_tg,fn_bmd,beta,-0.0179709426002085,-0.0250678841406811,-0.0108740010597358,9.67034162315501e-07,6645,"Age, years, Male sex, Ever smoking (past/current), Ever alcohol (past/current), Body mass index, kg/m2",1.8682909049233102e-06
high_ldl,fn_bmd,beta,-0.004228801665178,-0.0284239084573746,0.0199663051270184,0.732111474645951,6645,"Age, years, Male sex, Ever smoking (past/current), Ever alcohol (past/current), Body mass index, kg/m2",0.7680955060181828
high_nonhdl,fn_bmd,beta,-0.0089210432853572,-0.0196734565452294,0.0018313699745148,0.104574062630489,6645,"Age, years, Male sex, Ever smoking (past/current), Ever alcohol (past/current), Body mass index, kg/m2",0.1303751676405601
atherogenic_dyslipidemia,fn_bmd,beta,-0.0141433207448806,-0.0227672231295239,-0.0055194183602372,0.0013956499721825,6645,"Age, years, Male sex, Ever smoking (past/current), Ever alcohol (past/current), Body mass index, kg/m2",0.0021827172300296466
insulin_resistance,fn_bmd,beta,-0.0180419845987409,-0.025770304306329,-0.0103136648911527,6.25847838315614e-06,6645,"Age, years, Male sex, Ever smoking (past/current), Ever alcohol (past/current), Body mass index, kg/m2",1.150436370849474e-05
ckd,fn_bmd,beta,-0.0169195637766618,-0.0468068761920376,0.012967748638714,0.272384988430391,6645,"Age, years, Male sex, Ever smoking (past/current), Ever alcohol (past/current), Body mass index, kg/m2",0.3177674492387669
high_alt,fn_bmd,beta,-0.0197505604925912,-0.0316589956165299,-0.0078421253686525,0.0012325117770939,6645,"Age, years, Male sex, Ever smoking (past/current), Ever alcohol (past/current), Body mass index, kg/m2",0.0019422400353130722
high_ast,fn_bmd,beta,-0.0198905362162663,-0.0348089037159901,-0.0049721687165424,0.0092517788962895,6645,"Age, years, Male sex, Ever smoking (past/current), Ever alcohol (past/current), Body mass index, kg/m2",0.01333255534890819
adv_fibrosis,fn_bmd,beta,-0.0117632102913701,-0.0293634173297011,0.0058369967469609,0.190833629075736,6645,"Age, years, Male sex, Ever smoking (past/current), Ever alcohol (past/current), Body mass index, kg/m2",0.22907840545492236
steatosis,fn_bmd,beta,-0.0186968313985693,-0.0290646068136488,-0.0083290559834898,0.0004482276698487,6645,"Age, years, Male sex, Ever smoking (past/current), Ever alcohol (past/current), Body mass index, kg/m2",0.0007322160729161045
masld,fn_bmd,beta,-0.0147692611138908,-0.0246892998363049,-0.0048492223914766,0.0036879342929732,6645,"Age, years, Male sex, Ever smoking (past/current), Ever alcohol (past/current), Body mass index, kg/m2",0.00555117318009217
anemia,fn_bmd,beta,0.0005766012548802,-0.0095479019634131,0.0107011044731736,0.911168424692633,6645,"Age, years, Male sex, Ever smoking (past/current), Ever alcohol (past/current), Body mass index, kg/m2",0.9240239538633613
leukocytosis,fn_bmd,beta,-0.0021458590383776,-0.0239927589483077,0.0197010408715525,0.847419758347521,6645,"Age, years, Male sex, Ever smoking (past/current), Ever alcohol (past/current), Body mass index, kg/m2",0.8711653207530557
vitd_deficiency,fn_bmd,beta,-0.0117707245302371,-0.0190882361149646,-0.0044532129455096,0.0017190514390655,6645,"Age, years, Male sex, Ever smoking (past/current), Ever alcohol (past/current), Body mass index, kg/m2",0.002667180250391494
current_smoking,fn_bmd,beta,-0.0089597628559679,-0.0176898581035778,-0.000229667608358,0.0448267754084735,6645,"Age, years, Male sex, Ever alcohol (past/current), Body mass index, kg/m2",0.05919756392525072
age,ls_bmd,beta,-0.0597423264434127,-0.0638462037371007,-0.0556384491497247,1.34151141232765e-105,6469,unadjusted,1.342273634721018e-104
men,ls_bmd,beta,0.0568803910188886,0.0489030042094875,0.0648577778282898,1.67178567958249e-37,6469,unadjusted,7.242348294575068e-37
bmi,ls_bmd,beta,0.0340641631507191,0.0305843627551542,0.0375439635462839,2.56041582392478e-61,6469,"Age, years, Male sex",1.6277589407695082e-60
smoking,ls_bmd,beta,0.0009199946558195,-0.0090561375335886,0.0108961268452278,0.856639815303179,6469,"Age, years, Male sex",0.8786419080220895
alcohol,ls_bmd,beta,0.0376104425013669,0.0253317274587629,0.0498891575439709,3.81067118646143e-09,6469,"Age, years, Male sex",8.249037442358426e-09
wc,ls_bmd,beta,0.0325469865180191,0.0288105822202593,0.036283390815779,2.2483357173008102e-51,6469,"Age, years, Male sex, Ever smoking (past/current), Ever alcohol (past/current)",1.2201291827940605e-50
height,ls_bmd,beta,0.039049539743417,0.0328955160869201,0.0452035633999138,5.83293897992334e-31,6469,"Age, years, Male sex, Ever smoking (past/current), Ever alcohol (past/current)",2.2378661315130722e-30
weight,ls_bmd,beta,0.0464325619269386,0.0420887180156252,0.0507764058382519,1.27154831230591e-69,6469,"Age, years, Male sex, Ever smoking (past/current), Ever alcohol (past/current)",8.992757341247821e-69
whtr,ls_bmd,beta,0.0254063751391082,0.0213456312088405,0.0294671190693758,3.0062470086498397e-30,6469,"Age, years, Male sex, Ever smoking (past/current), Ever alcohol (past/current)",1.1348340797925762e-29
fat_kg,ls_bmd,beta,0.0293391547110217,0.0258024526801172,0.0328758567419263,1.28286083436581e-47,6469,"Age, years, Male sex, Ever smoking (past/current), Ever alcohol (past/current)",6.548167911067222e-47
lean_kg,ls_bmd,beta,0.0704423101088339,0.0632403559484399,0.0776442642692279,3.7355749166674104e-61,6469,"Age, years, Male sex, Ever smoking (past/current), Ever alcohol (past/current)",2.366312024550831e-60
asmm_kg,ls_bmd,beta,0.0648100933905336,0.0573958571405005,0.0722243296405668,1.24963327694562e-51,6469,"Age, years, Male sex, Ever smoking (past/current), Ever alcohol (past/current)",6.813016101242219e-51
asmi,ls_bmd,beta,0.0484501438981467,0.0427671634437026,0.0541331243525908,1.11176331504921e-49,6469,"Age, years, Male sex, Ever smoking (past/current), Ever alcohol (past/current)",5.897033728318249e-49
bodyfat_pct,ls_bmd,beta,0.0199608771032121,0.0147811363770428,0.0251406178293815,2.18370172086365e-13,6469,"Age, years, Male sex, Ever smoking (past/current), Ever alcohol (past/current)",5.509310502064309e-13
asm_pct,ls_bmd,beta,-0.0180923852627595,-0.024537574272499,-0.01164719625302,6.13888131468956e-08,6469,"Age, years, Male sex, Ever smoking (past/current), Ever alcohol (past/current)",1.2555830424121154e-07
obesity,ls_bmd,beta,0.0520897505185602,0.0444139686951638,0.0597655323419566,1.4402032646706899e-34,6469,"Age, years, Male sex, Ever smoking (past/current), Ever alcohol (past/current)",5.905001045599732e-34
overweight,ls_bmd,beta,0.06165053154308,0.0547685293531106,0.0685325337330495,1.26827829237204e-53,6469,"Age, years, Male sex, Ever smoking (past/current), Ever alcohol (past/current)",7.216278102963368e-53
abdominal_obesity,ls_bmd,beta,0.0401307695550859,0.0314633888737242,0.0487981502364475,2.97703396226914e-18,6469,"Age, years, Male sex, Ever smoking (past/current), Ever alcohol (past/current)",8.601405754808786e-18
central_obesity,ls_bmd,beta,0.039696952558741,0.0313980758451549,0.0479958292723272,2.7548915641594703e-19,6469,"Age, years, Male sex, Ever smoking (past/current), Ever alcohol (past/current)",8.167279536169742e-19
high_bodyfat,ls_bmd,beta,0.0187056755629361,0.0109920362057581,0.0264193149201141,2.65701262120058e-06,6469,"Age, years, Male sex, Ever smoking (past/current), Ever alcohol (past/current)",5.006954762904464e-06
sarcopenia,ls_bmd,beta,-0.067361161200437,-0.0772071648801642,-0.0575151575207098,5.11461043522377e-35,6469,"Age, years, Male sex, Ever smoking (past/current), Ever alcohol (past/current)",2.1217500533401788e-34
sbp,ls_bmd,beta,-0.0039925195080261,-0.0082830182262018,0.0002979792101496,0.0687963552239718,6469,"Age, years, Male sex, Ever smoking (past/current), Ever alcohol (past/current), Body mass index, kg/m2",0.08823771416563317
dbp,ls_bmd,beta,-0.0032630436968813,-0.0071511610354228,0.00062507364166,0.100649153717873,6469,"Age, years, Male sex, Ever smoking (past/current), Ever alcohol (past/current), Body mass index, kg/m2",0.1258829259212886
glucose,ls_bmd,beta,0.0044638183665095,-0.0008504439104162,0.0097780806434353,0.100352376902131,6469,"Age, years, Male sex, Ever smoking (past/current), Ever alcohol (past/current), Body mass index, kg/m2",0.12555633088785273
hba1c,ls_bmd,beta,0.0048749045910341,-0.0076282205387282,0.0173780297207966,0.44536039538311,6469,"Age, years, Male sex, Ever smoking (past/current), Ever alcohol (past/current), Body mass index, kg/m2",0.4943458280930707
homa_ir,ls_bmd,beta,-0.0075409672432891,-0.0124777066817732,-0.0026042278048052,0.0029167549174317,6469,"Age, years, Male sex, Ever smoking (past/current), Ever alcohol (past/current), Body mass index, kg/m2",0.004426027927270336
tg,ls_bmd,beta,-0.0046326026401763,-0.008355387844927,-0.0009098174354256,0.0150912654113575,6469,"Age, years, Male sex, Ever smoking (past/current), Ever alcohol (past/current), Body mass index, kg/m2",0.02115059163501835
tchol,ls_bmd,beta,-0.0076142818337862,-0.0115156921507801,-0.0037128715167925,0.0001479781839832,6469,"Age, years, Male sex, Ever smoking (past/current), Ever alcohol (past/current), Body mass index, kg/m2",0.0002512917859155402
hdl,ls_bmd,beta,-5.97920643082903e-05,-0.0036895919939744,0.0035700078653578,0.974257319245032,6469,"Age, years, Male sex, Ever smoking (past/current), Ever alcohol (past/current), Body mass index, kg/m2",0.9778799907266617
ldl,ls_bmd,beta,-0.0068709545540615,-0.0147525013957522,0.0010105922876291,0.0883218243202835,6469,"Age, years, Male sex, Ever smoking (past/current), Ever alcohol (past/current), Body mass index, kg/m2",0.11141456491978456
nonhdl,ls_bmd,beta,-0.0079911412983664,-0.0120833221126074,-0.0038989604841255,0.0001467168778861,6469,"Age, years, Male sex, Ever smoking (past/current), Ever alcohol (past/current), Body mass index, kg/m2",0.00024939036868477037
alt,ls_bmd,beta,-0.0051429237887888,-0.00941383743846,-0.0008720101391176,0.0186676514620531,6469,"Age, years, Male sex, Ever smoking (past/current), Ever alcohol (past/current), Body mass index, kg/m2",0.025874643230756007
ast,ls_bmd,beta,-0.0035886722146256,-0.0073837843720698,0.0002064399428185,0.064444707614781,6469,"Age, years, Male sex, Ever smoking (past/current), Ever alcohol (past/current), Body mass index, kg/m2",0.08295842844271151
creatinine,ls_bmd,beta,0.0089820908992943,0.0017647079591265,0.0161994738394622,0.0151599636563672,6469,"Age, years, Male sex, Ever smoking (past/current), Ever alcohol (past/current), Body mass index, kg/m2",0.02121310766695482
egfr,ls_bmd,beta,-0.0108327060774432,-0.0171385075653706,-0.0045269045895157,0.000834643982428,6469,"Age, years, Male sex, Ever smoking (past/current), Ever alcohol (past/current), Body mass index, kg/m2",0.0013367967740388431
hemoglobin,ls_bmd,beta,-0.0139644076340679,-0.0193153571077452,-0.0086134581603905,4.55274614656542e-07,6469,"Age, years, Male sex, Ever smoking (past/current), Ever alcohol (past/current), Body mass index, kg/m2",8.937999959979604e-07
platelet,ls_bmd,beta,-0.0015478963335386,-0.005312588184073,0.0022167955169956,0.42071560312579,6469,"Age, years, Male sex, Ever smoking (past/current), Ever alcohol (past/current), Body mass index, kg/m2",0.47040011244731184
wbc,ls_bmd,beta,-0.0042109253219178,-0.0081471633517896,-0.000274687292046,0.0365393347206765,6469,"Age, years, Male sex, Ever smoking (past/current), Ever alcohol (past/current), Body mass index, kg/m2",0.04893214330274624
fib4,ls_bmd,beta,-0.0028755000650033,-0.0076373483960948,0.0018863482660881,0.237172882292616,6469,"Age, years, Male sex, Ever smoking (past/current), Ever alcohol (past/current), Body mass index, kg/m2",0.2797464472319469
vitd,ls_bmd,beta,0.0022947732418269,-0.0016792945998717,0.0062688410835255,0.258297165157011,6469,"Age, years, Male sex, Ever smoking (past/current), Ever alcohol (past/current), Body mass index, kg/m2",0.3028370891088525
fn_bmd,ls_bmd,beta,0.0987907096776023,0.0940725659307822,0.103508853424422,1.30821668349027e-158,6469,"Age, years, Male sex, Ever smoking (past/current), Ever alcohol (past/current), Body mass index, kg/m2",2.0297529335915116e-157
insulin,ls_bmd,beta,-0.0103024094010678,-0.0148769293469392,-0.0057278894551964,1.29092791904904e-05,6469,"Age, years, Male sex, Ever smoking (past/current), Ever alcohol (past/current), Body mass index, kg/m2",2.3280328371176236e-05
hsi,ls_bmd,beta,-0.0066319277448618,-0.0142939590680804,0.0010301035783566,0.0904450714762305,6469,"Age, years, Male sex, Ever smoking (past/current), Ever alcohol (past/current), Body mass index, kg/m2",0.1138890031245205
dm,ls_bmd,beta,0.0101397815474759,-0.0047027754110868,0.0249823385060386,0.181213052057566,6469,"Age, years, Male sex, Ever smoking (past/current), Ever alcohol (past/current), Body mass index, kg/m2",0.21834839868174732
prediabetes,ls_bmd,beta,-0.0009945225429219,-0.010532630093093,0.008543585007249,0.838154722401032,6469,"Age, years, Male sex, Ever smoking (past/current), Ever alcohol (past/current), Body mass index, kg/m2",0.8634047769220341
htn,ls_bmd,beta,-0.0056945077121874,-0.0149789352705125,0.0035899198461376,0.229903506877051,6469,"Age, years, Male sex, Ever smoking (past/current), Ever alcohol (past/current), Body mass index, kg/m2",0.27171817155066225
mets,ls_bmd,beta,-0.0126821604392154,-0.0225467208475913,-0.0028176000308395,0.0120665627741763,6469,"Age, years, Male sex, Ever smoking (past/current), Ever alcohol (past/current), Body mass index, kg/m2",0.017171084481070274
dyslipidemia,ls_bmd,beta,-0.000488194888792,-0.0078314212161323,0.0068550314385483,0.896379747635088,6469,"Age, years, Male sex, Ever smoking (past/current), Ever alcohol (past/current), Body mass index, kg/m2",0.9127058315035501
low_hdl,ls_bmd,beta,0.0004699034236321,-0.0067314889035535,0.0076712957508178,0.898287216522291,6469,"Age, years, Male sex, Ever smoking (past/current), Ever alcohol (past/current), Body mass index, kg/m2",0.9141194962703002
high_tg,ls_bmd,beta,-0.0119148962595993,-0.0207288771241744,-0.0031009153950241,0.0083271327478767,6469,"Age, years, Male sex, Ever smoking (past/current), Ever alcohol (past/current), Body mass index, kg/m2",0.012059276948199728
high_ldl,ls_bmd,beta,-0.010663026265438,-0.0380980112033731,0.016771958672497,0.446659009255408,6469,"Age, years, Male sex, Ever smoking (past/current), Ever alcohol (past/current), Body mass index, kg/m2",0.49563107454239036
high_nonhdl,ls_bmd,beta,-0.0188611116195306,-0.0322925261666363,-0.0054296970724248,0.0061426519990788,6469,"Age, years, Male sex, Ever smoking (past/current), Ever alcohol (past/current), Body mass index, kg/m2",0.009063435417157744
atherogenic_dyslipidemia,ls_bmd,beta,-0.007003635168561,-0.0166888223623616,0.0026815520252395,0.157038744874763,6469,"Age, years, Male sex, Ever smoking (past/current), Ever alcohol (past/current), Body mass index, kg/m2",0.19124842996158894
insulin_resistance,ls_bmd,beta,-0.0087912299966452,-0.0177617661188367,0.0001793061255462,0.0554307203248035,6469,"Age, years, Male sex, Ever smoking (past/current), Ever alcohol (past/current), Body mass index, kg/m2",0.07201290925265877
ckd,ls_bmd,beta,-0.0021104862878867,-0.0427741754671831,0.0385532028914097,0.919373092335914,6469,"Age, years, Male sex, Ever smoking (past/current), Ever alcohol (past/current), Body mass index, kg/m2",0.9294006978206342
high_alt,ls_bmd,beta,-0.0178728362389476,-0.0319729861475795,-0.0037726863303157,0.0133181294060074,6469,"Age, years, Male sex, Ever smoking (past/current), Ever alcohol (past/current), Body mass index, kg/m2",0.018807719233343248
high_ast,ls_bmd,beta,-0.0140662934837551,-0.0338293439716496,0.0056967570041394,0.163657721509175,6469,"Age, years, Male sex, Ever smoking (past/current), Ever alcohol (past/current), Body mass index, kg/m2",0.19848570769811102
adv_fibrosis,ls_bmd,beta,-0.0282894467380214,-0.0556750736378716,-0.0009038198381711,0.0434561559768655,6469,"Age, years, Male sex, Ever smoking (past/current), Ever alcohol (past/current), Body mass index, kg/m2",0.0575169415071478
steatosis,ls_bmd,beta,-0.0162045449825893,-0.0283451947324216,-0.0040638952327569,0.00917659751666,6469,"Age, years, Male sex, Ever smoking (past/current), Ever alcohol (past/current), Body mass index, kg/m2",0.013229626055536847
masld,ls_bmd,beta,-0.0128110261699674,-0.0241909100409095,-0.0014311422990252,0.0278253876903235,6469,"Age, years, Male sex, Ever smoking (past/current), Ever alcohol (past/current), Body mass index, kg/m2",0.03777988259264432
anemia,ls_bmd,beta,0.0217034509346,0.0081636297226842,0.0352432721465158,0.0017838388869518,6469,"Age, years, Male sex, Ever smoking (past/current), Ever alcohol (past/current), Body mass index, kg/m2",0.0027604044639034445
leukocytosis,ls_bmd,beta,0.0026045081811749,-0.0300251434523996,0.0352341598147494,0.875746281939794,6469,"Age, years, Male sex, Ever smoking (past/current), Ever alcohol (past/current), Body mass index, kg/m2",0.8953202917248054
vitd_deficiency,ls_bmd,beta,-0.0051828405969299,-0.01384507710313,0.00347939590927,0.24149390373183,6469,"Age, years, Male sex, Ever smoking (past/current), Ever alcohol (past/current), Body mass index, kg/m2",0.28427190138486136
current_smoking,ls_bmd,beta,-0.0190072793302163,-0.0278765888732647,-0.0101379697871679,3.1799042366828e-05,6469,"Age, years, Male sex, Ever alcohol (past/current), Body mass index, kg/m2",5.633613039032606e-05
age,insulin,beta,-0.239418146277636,-0.41481890740946,-0.0640173851458121,0.0075630919895883,16054,unadjusted,0.011020773681146045
men,insulin,beta,0.608360769432057,0.286577212640876,0.930144326223237,0.0002202052042491,16054,unadjusted,0.0003686134645272482
bmi,insulin,beta,2.81676723804468,2.57510054822436,3.05843392786499,1.07853170248522e-96,16054,"Age, years, Male sex",1.0022661361881121e-95
smoking,insulin,beta,0.0899281300435952,-0.405017212619241,0.584873472706432,0.721812489939969,16054,"Age, years, Male sex",0.7588727133040509
alcohol,insulin,beta,-1.34199132710603,-2.03618285378207,-0.647799800429993,0.0001585018532038,16054,"Age, years, Male sex",0.0002682573411743314
wc,insulin,beta,3.14040447481292,2.88999423778576,3.39081471184008,5.59482439306187e-109,16054,"Age, years, Male sex, Ever smoking (past/current), Ever alcohol (past/current)",5.7448896537504106e-108
height,insulin,beta,0.0930191881262858,-0.165814790668697,0.351853166921268,0.48132831934761,16054,"Age, years, Male sex, Ever smoking (past/current), Ever alcohol (past/current)",0.5304250127478981
weight,insulin,beta,2.97877555297927,2.71581885245901,3.24173225349952,3.3145827416232095e-92,16054,"Age, years, Male sex, Ever smoking (past/current), Ever alcohol (past/current)",2.9554330167080867e-91
whtr,insulin,beta,3.19363061814503,2.92908520694891,3.45817602934115,2.03209929467967e-102,16054,"Age, years, Male sex, Ever smoking (past/current), Ever alcohol (past/current)",1.9662235483136804e-101
fat_kg,insulin,beta,2.05716909963477,1.78725275183402,2.32708544743553,9.01575341733487e-41,16054,"Age, years, Male sex, Ever smoking (past/current), Ever alcohol (past/current)",4.134568168730913e-40
lean_kg,insulin,beta,2.29324063875002,1.70114558439011,2.88533569310994,2.06875438003744e-13,16054,"Age, years, Male sex, Ever smoking (past/current), Ever alcohol (past/current)",5.223048692825708e-13
asmm_kg,insulin,beta,2.14167369722634,1.49251285930768,2.79083453514499,2.79416247962405e-10,16054,"Age, years, Male sex, Ever smoking (past/current), Ever alcohol (past/current)",6.316457158688e-10
asmi,insulin,beta,1.78880126929117,1.31941326463782,2.25818927394453,4.70750647323776e-13,16054,"Age, years, Male sex, Ever smoking (past/current), Ever alcohol (past/current)",1.1733784712486478e-12
bodyfat_pct,insulin,beta,2.2794896032245,2.02581488517044,2.53316432127855,2.16236137465032e-52,16054,"Age, years, Male sex, Ever smoking (past/current), Ever alcohol (past/current)",1.1955787694691409e-51
asm_pct,insulin,beta,-2.28489221585752,-2.55545783227627,-2.01432659943876,9.806250836396239e-48,16054,"Age, years, Male sex, Ever smoking (past/current), Ever alcohol (past/current)",5.012716320143331e-47
obesity,insulin,beta,4.81472306944852,4.44558614572101,5.18385999317602,4.2583115921075e-116,16054,"Age, years, Male sex, Ever smoking (past/current), Ever alcohol (past/current)",4.5585937469308855e-115
overweight,insulin,beta,3.92463805161701,3.60050200524225,4.24877409799178,6.45010699111053e-103,16054,"Age, years, Male sex, Ever smoking (past/current), Ever alcohol (past/current)",6.2754908349975926e-102
abdominal_obesity,insulin,beta,5.34072434524364,4.90702238783557,5.77442630265171,8.54168103604652e-106,16054,"Age, years, Male sex, Ever smoking (past/current), Ever alcohol (past/current)",8.570883364374884e-105
central_obesity,insulin,beta,4.50923677568322,4.13383678511656,4.88463676624988,1.39735988297498e-101,16054,"Age, years, Male sex, Ever smoking (past/current), Ever alcohol (past/current)",1.341008585241929e-100
high_bodyfat,insulin,beta,2.81421658627691,2.37153409718179,3.25689907537203,1.5260430872055e-30,16054,"Age, years, Male sex, Ever smoking (past/current), Ever alcohol (past/current)",5.791728182260529e-30
sarcopenia,insulin,beta,-1.26661969353785,-1.72776183539407,-0.805477551681635,1.21751838866726e-07,16054,"Age, years, Male sex, Ever smoking (past/current), Ever alcohol (past/current)",2.461595731851946e-07
sbp,insulin,beta,0.37408094362132,0.189943370028822,0.558218517213819,7.23792801274431e-05,16054,"Age, years, Male sex, Ever smoking (past/current), Ever alcohol (past/current), Body mass index, kg/m2",0.0001252062006919718
dbp,insulin,beta,0.0530165339354692,-0.0927606979020937,0.198793765773032,0.476093792062133,16054,"Age, years, Male sex, Ever smoking (past/current), Ever alcohol (past/current), Body mass index, kg/m2",0.5251494944074013
tg,insulin,beta,0.941580660358207,0.73238569724999,1.15077562346642,3.75629896696544e-18,16054,"Age, years, Male sex, Ever smoking (past/current), Ever alcohol (past/current), Body mass index, kg/m2",1.0799742825838596e-17
tchol,insulin,beta,-0.23904141134771,-0.375642958862486,-0.102439863832935,0.0006238345390747,16054,"Age, years, Male sex, Ever smoking (past/current), Ever alcohol (past/current), Body mass index, kg/m2",0.0010064797281819026
hdl,insulin,beta,-0.831702436564756,-0.999315508707118,-0.664089364422393,1.35995177136111e-21,16054,"Age, years, Male sex, Ever smoking (past/current), Ever alcohol (past/current), Body mass index, kg/m2",4.272747670592177e-21
ldl,insulin,beta,-0.205782210852253,-0.468408575483556,0.0568441537790506,0.124973227956463,16054,"Age, years, Male sex, Ever smoking (past/current), Ever alcohol (past/current), Body mass index, kg/m2",0.15427820149409838
nonhdl,insulin,beta,0.0041214430803681,-0.130911078053852,0.139153964214588,0.952306400133938,16054,"Age, years, Male sex, Ever smoking (past/current), Ever alcohol (past/current), Body mass index, kg/m2",0.9588402347832274
alt,insulin,beta,1.01772505522738,0.70449193860953,1.33095817184524,2.68991932748925e-10,16054,"Age, years, Male sex, Ever smoking (past/current), Ever alcohol (past/current), Body mass index, kg/m2",6.088622025332351e-10
ast,insulin,beta,0.614903275385841,0.384456261040155,0.845350289731527,1.99006742215891e-07,16054,"Age, years, Male sex, Ever smoking (past/current), Ever alcohol (past/current), Body mass index, kg/m2",3.9801348443178197e-07
creatinine,insulin,beta,0.0888738036947108,-0.158726210004032,0.336473817393454,0.481895087479375,16054,"Age, years, Male sex, Ever smoking (past/current), Ever alcohol (past/current), Body mass index, kg/m2",0.530717479081413
egfr,insulin,beta,-0.261612558938544,-0.509839666752253,-0.0133854511248349,0.0391184396798504,16054,"Age, years, Male sex, Ever smoking (past/current), Ever alcohol (past/current), Body mass index, kg/m2",0.0522271207552817
hemoglobin,insulin,beta,0.214872575968998,0.0154728491850322,0.414272302752964,0.0348787206305661,16054,"Age, years, Male sex, Ever smoking (past/current), Ever alcohol (past/current), Body mass index, kg/m2",0.04679727773746812
platelet,insulin,beta,0.0058881365773739,-0.134258762525726,0.146035035680474,0.934384820979278,16054,"Age, years, Male sex, Ever smoking (past/current), Ever alcohol (past/current), Body mass index, kg/m2",0.9429522462719246
wbc,insulin,beta,0.784917838572331,0.610236461188952,0.95959921595571,4.2530459092079595e-18,16054,"Age, years, Male sex, Ever smoking (past/current), Ever alcohol (past/current), Body mass index, kg/m2",1.2198068153282111e-17
fib4,insulin,beta,0.219079701987284,0.0476240272687193,0.390535376705849,0.0124040493379937,16054,"Age, years, Male sex, Ever smoking (past/current), Ever alcohol (past/current), Body mass index, kg/m2",0.017594467083533554
vitd,insulin,beta,-0.290172803474422,-0.466256088229579,-0.114089518719265,0.0013211457309245,16054,"Age, years, Male sex, Ever smoking (past/current), Ever alcohol (past/current), Body mass index, kg/m2",0.0020726393159537144
fn_bmd,insulin,beta,-0.644087686620402,-0.903830942233778,-0.384344431007025,1.6590381146108e-06,16054,"Age, years, Male sex, Ever smoking (past/current), Ever alcohol (past/current), Body mass index, kg/m2",3.1635799889871347e-06
ls_bmd,insulin,beta,-0.423852582013799,-0.640424326083453,-0.207280837944145,0.000144296168668,16054,"Age, years, Male sex, Ever smoking (past/current), Ever alcohol (past/current), Body mass index, kg/m2",0.0002455126116177275
hsi,insulin,beta,2.16760601512543,1.84346578895746,2.49174624129341,7.56241518431547e-37,16054,"Age, years, Male sex, Ever smoking (past/current), Ever alcohol (past/current), Body mass index, kg/m2",3.248149546238913e-36
htn,insulin,beta,0.984492482550674,0.641290561069439,1.32769440403191,2.32620868219914e-08,16054,"Age, years, Male sex, Ever smoking (past/current), Ever alcohol (past/current), Body mass index, kg/m2",4.8450070837997464e-08
mets,insulin,beta,2.68595879489886,2.3006014745827,3.07131611521502,1.11928416708026e-39,16054,"Age, years, Male sex, Ever smoking (past/current), Ever alcohol (past/current), Body mass index, kg/m2",5.002688878752127e-39
dyslipidemia,insulin,beta,1.2343784215651,0.908713368087226,1.56004347504298,2.0323716210444099e-13,16054,"Age, years, Male sex, Ever smoking (past/current), Ever alcohol (past/current), Body mass index, kg/m2",5.138559116524344e-13
low_hdl,insulin,beta,1.46788578611835,1.15430459244882,1.78146697978788,1.83947696333916e-19,16054,"Age, years, Male sex, Ever smoking (past/current), Ever alcohol (past/current), Body mass index, kg/m2",5.467204949266263e-19
high_tg,insulin,beta,1.73475311784587,1.42487792231886,2.04462831337289,8.50616010842827e-27,16054,"Age, years, Male sex, Ever smoking (past/current), Ever alcohol (past/current), Body mass index, kg/m2",3.0139533100487293e-26
high_ldl,insulin,beta,-0.711905971583093,-1.5177862783327,0.0939743351665144,0.0837412832705511,16054,"Age, years, Male sex, Ever smoking (past/current), Ever alcohol (past/current), Body mass index, kg/m2",0.1059780092270503
high_nonhdl,insulin,beta,0.339156911910189,-0.132442045772578,0.810755869592957,0.158920672108212,16054,"Age, years, Male sex, Ever smoking (past/current), Ever alcohol (past/current), Body mass index, kg/m2",0.19333976067879885
atherogenic_dyslipidemia,insulin,beta,2.07539492230097,1.67624114556578,2.47454869903616,1.78563880266002e-23,16054,"Age, years, Male sex, Ever smoking (past/current), Ever alcohol (past/current), Body mass index, kg/m2",5.839387059395163e-23
ckd,insulin,beta,1.54556310713115,0.717473267280976,2.37365294698133,0.0002823161420969,16054,"Age, years, Male sex, Ever smoking (past/current), Ever alcohol (past/current), Body mass index, kg/m2",0.0004679140952777797
high_alt,insulin,beta,3.15648059600092,2.55335799913786,3.75960319286398,9.45724416683464e-24,16054,"Age, years, Male sex, Ever smoking (past/current), Ever alcohol (past/current), Body mass index, kg/m2",3.104232428293719e-23
high_ast,insulin,beta,3.08596723083719,2.2037017018389,3.96823275983547,1.1177682260410698e-11,16054,"Age, years, Male sex, Ever smoking (past/current), Ever alcohol (past/current), Body mass index, kg/m2",2.6581902039950358e-11
adv_fibrosis,insulin,beta,1.44320026900046,0.646685208125402,2.23971532987552,0.0003989453116294,16054,"Age, years, Male sex, Ever smoking (past/current), Ever alcohol (past/current), Body mass index, kg/m2",0.0006535280872366265
steatosis,insulin,beta,2.66472733482315,2.19206333948821,3.1373913301581,3.89298846891094e-27,16054,"Age, years, Male sex, Ever smoking (past/current), Ever alcohol (past/current), Body mass index, kg/m2",1.3905786397063213e-26
masld,insulin,beta,2.60786217345364,2.11166103312133,3.10406331378595,6.25206379649095e-24,16054,"Age, years, Male sex, Ever smoking (past/current), Ever alcohol (past/current), Body mass index, kg/m2",2.0598473986193754e-23
anemia,insulin,beta,0.410269871642402,-0.0726708421600939,0.893210585444899,0.0961524912112759,16054,"Age, years, Male sex, Ever smoking (past/current), Ever alcohol (past/current), Body mass index, kg/m2",0.12068748184109543
leukocytosis,insulin,beta,3.05974005691813,1.62636024073066,4.49311987310561,3.06812263779908e-05,16054,"Age, years, Male sex, Ever smoking (past/current), Ever alcohol (past/current), Body mass index, kg/m2",5.443792408225874e-05
vitd_deficiency,insulin,beta,0.615333858328632,0.299499276062659,0.931168440594604,0.000151378435639,16054,"Age, years, Male sex, Ever smoking (past/current), Ever alcohol (past/current), Body mass index, kg/m2",0.0002566946799810101
osteoporosis,insulin,beta,0.758907900668133,0.15095475082694,1.36686105050933,0.014847958404775,16054,"Age, years, Male sex, Ever smoking (past/current), Ever alcohol (past/current), Body mass index, kg/m2",0.020817877986312718
current_smoking,insulin,beta,0.206732261085892,-0.218815865680469,0.632280387852253,0.34119535513214,16054,"Age, years, Male sex, Ever alcohol (past/current), Body mass index, kg/m2",0.3906664631909614
age,hsi,beta,0.128088709679111,0.052436106758668,0.203741312599553,0.0009161700577746,35562,unadjusted,0.001463030181736887
wc,hsi,beta,4.77692183331349,4.72241813222054,4.83142553440644,0.0,35562,"Age, years, Male sex, Ever smoking (past/current), Ever alcohol (past/current)",0.0
whtr,hsi,beta,4.85682165462028,4.80180845798702,4.91183485125354,0.0,35562,"Age, years, Male sex, Ever smoking (past/current), Ever alcohol (past/current)",0.0
fat_kg,hsi,beta,4.0631358980127,3.91793635642491,4.20833543960048,3.98181792736518e-208,35562,"Age, years, Male sex, Ever smoking (past/current), Ever alcohol (past/current)",1.1309647371113035e-206
lean_kg,hsi,beta,5.14772066340487,4.86522536121785,5.43021596559189,6.89436049350838e-137,35562,"Age, years, Male sex, Ever smoking (past/current), Ever alcohol (past/current)",8.862021043115516e-136
asmm_kg,hsi,beta,4.88297178666554,4.58332849607489,5.18261507725619,1.4790377995159301e-120,35562,"Age, years, Male sex, Ever smoking (past/current), Ever alcohol (past/current)",1.6329690062367102e-119
asmi,hsi,beta,4.75581579318089,4.52460699838,4.98702458798178,9.513401763812869e-156,35562,"Age, years, Male sex, Ever smoking (past/current), Ever alcohol (past/current)",1.4318889321431164e-154
bodyfat_pct,hsi,beta,4.46723141673344,4.22857908152715,4.70588375193974,5.68583704003172e-141,35562,"Age, years, Male sex, Ever smoking (past/current), Ever alcohol (past/current)",7.702122328842969e-140
asm_pct,hsi,beta,-4.2319708179123,-4.5032302748986,-3.96071136092599,1.7378759744829597e-114,35562,"Age, years, Male sex, Ever smoking (past/current), Ever alcohol (past/current)",1.8325746054278395e-113
abdominal_obesity,hsi,beta,7.50506531148371,7.36000535897125,7.65012526399616,0.0,35562,"Age, years, Male sex, Ever smoking (past/current), Ever alcohol (past/current)",0.0
high_bodyfat,hsi,beta,5.08713033465823,4.71769380149481,5.45656686782164,4.43502562830249e-98,35562,"Age, years, Male sex, Ever smoking (past/current), Ever alcohol (past/current)",4.165376070101699e-97
sbp,hsi,beta,0.105445091950894,0.0654656071376623,0.145424576764125,2.50748716300745e-07,35562,"Age, years, Male sex, Ever smoking (past/current), Ever alcohol (past/current), Body mass index, kg/m2",4.989474456560587e-07
dbp,hsi,beta,0.208937450869324,0.172873132869478,0.245001768869171,2.88146344130096e-29,35562,"Age, years, Male sex, Ever smoking (past/current), Ever alcohol (past/current), Body mass index, kg/m2",1.063785559775889e-28
homa_ir,hsi,beta,0.911865867084059,0.847541493898943,0.976190240269176,1.9907470515106602e-132,35562,"Age, years, Male sex, Ever smoking (past/current), Ever alcohol (past/current), Body mass index, kg/m2",2.4430003886482734e-131
tg,hsi,beta,0.387939306444973,0.323712556426442,0.452166056463505,1.30424646414567e-31,35562,"Age, years, Male sex, Ever smoking (past/current), Ever alcohol (past/current), Body mass index, kg/m2",5.070150161943763e-31
tchol,hsi,beta,0.176605168926044,0.138211864667822,0.214998473184266,3.46947734551081e-19,35562,"Age, years, Male sex, Ever smoking (past/current), Ever alcohol (past/current), Body mass index, kg/m2",1.0251257727255935e-18
hdl,hsi,beta,-0.403427934947427,-0.439786618408078,-0.367069251486776,2.9405558874673703e-97,35562,"Age, years, Male sex, Ever smoking (past/current), Ever alcohol (past/current), Body mass index, kg/m2",2.739851279275153e-96
ldl,hsi,beta,0.154952562629857,0.0883815870798751,0.221523538179839,5.33732421070464e-06,35562,"Age, years, Male sex, Ever smoking (past/current), Ever alcohol (past/current), Body mass index, kg/m2",9.841914068116096e-06
nonhdl,hsi,beta,0.309025516295395,0.270098992514343,0.347952040076447,1.71952600025231e-52,35562,"Age, years, Male sex, Ever smoking (past/current), Ever alcohol (past/current), Body mass index, kg/m2",9.522280774982133e-52
creatinine,hsi,beta,-0.107849781247135,-0.150986518629634,-0.0647130438646364,1.01438827094297e-06,35562,"Age, years, Male sex, Ever smoking (past/current), Ever alcohol (past/current), Body mass index, kg/m2",1.9576304056225427e-06
egfr,hsi,beta,0.131145657528224,0.0780831666420235,0.184208148414424,1.34457361031196e-06,35562,"Age, years, Male sex, Ever smoking (past/current), Ever alcohol (past/current), Body mass index, kg/m2",2.5807020466042086e-06
hemoglobin,hsi,beta,0.607616348191282,0.559561775906232,0.655670920476332,3.96691018321848e-123,35562,"Age, years, Male sex, Ever smoking (past/current), Ever alcohol (past/current), Body mass index, kg/m2",4.492430117458355e-122
wbc,hsi,beta,0.323562079195149,0.282996694805966,0.364127463584332,5.92609002551749e-53,35562,"Age, years, Male sex, Ever smoking (past/current), Ever alcohol (past/current), Body mass index, kg/m2",3.328818033472504e-52
vitd,hsi,beta,-0.0847481275728899,-0.148913908674802,-0.0205823464709775,0.0097557153066908,35562,"Age, years, Male sex, Ever smoking (past/current), Ever alcohol (past/current), Body mass index, kg/m2",0.014018616609614442
fn_bmd,hsi,beta,-0.194537501243367,-0.31849394117036,-0.0705810613163748,0.0022182938687415,35562,"Age, years, Male sex, Ever smoking (past/current), Ever alcohol (past/current), Body mass index, kg/m2",0.0034013195497203147
ls_bmd,hsi,beta,-0.0942734955769706,-0.203910658960461,0.0153636678065197,0.0925767452913515,35562,"Age, years, Male sex, Ever smoking (past/current), Ever alcohol (past/current), Body mass index, kg/m2",0.11636520232553176
insulin,hsi,beta,0.682209699496421,0.617872035836375,0.746547363156467,1.58571118840158e-82,35562,"Age, years, Male sex, Ever smoking (past/current), Ever alcohol (past/current), Body mass index, kg/m2",1.286837512799623e-81
htn,hsi,beta,0.30140514739624,0.211780481128547,0.391029813663933,5.1572048520370194e-11,35562,"Age, years, Male sex, Ever smoking (past/current), Ever alcohol (past/current), Body mass index, kg/m2",1.198131628553719e-10
dyslipidemia,hsi,beta,0.890633904189191,0.814220066516717,0.967047741861665,2.43477136697543e-106,35562,"Age, years, Male sex, Ever smoking (past/current), Ever alcohol (past/current), Body mass index, kg/m2",2.450075644139276e-105
low_hdl,hsi,beta,0.631035548194356,0.548358301989304,0.713712794399408,8.5480235248842e-49,35562,"Age, years, Male sex, Ever smoking (past/current), Ever alcohol (past/current), Body mass index, kg/m2",4.460168719206245e-48
high_tg,hsi,beta,1.01031682768096,0.922356498131114,1.0982771572308,1.47174885479504e-103,35562,"Age, years, Male sex, Ever smoking (past/current), Ever alcohol (past/current), Body mass index, kg/m2",1.4519606348986361e-102
high_ldl,hsi,beta,0.626127251774706,0.412493056571722,0.839761446977689,1.04808349033121e-08,35562,"Age, years, Male sex, Ever smoking (past/current), Ever alcohol (past/current), Body mass index, kg/m2",2.216417992866742e-08
high_nonhdl,hsi,beta,0.907713390300929,0.769758001590256,1.0456687790116,4.84585647293494e-37,35562,"Age, years, Male sex, Ever smoking (past/current), Ever alcohol (past/current), Body mass index, kg/m2",2.0889971233386612e-36
atherogenic_dyslipidemia,hsi,beta,0.981653883853999,0.874025229608092,1.08928253809991,7.0130563143530205e-68,35562,"Age, years, Male sex, Ever smoking (past/current), Ever alcohol (past/current), Body mass index, kg/m2",4.7961134639128814e-67
leukocytosis,hsi,beta,1.27319413614818,0.87531873163203,1.67106954066433,4.09730725721308e-10,35562,"Age, years, Male sex, Ever smoking (past/current), Ever alcohol (past/current), Body mass index, kg/m2",9.191538955353165e-10
vitd_deficiency,hsi,beta,0.186014830605249,0.0526733114909785,0.319356349719519,0.0063485995399173,35562,"Age, years, Male sex, Ever smoking (past/current), Ever alcohol (past/current), Body mass index, kg/m2",0.009339919623888358
osteoporosis,hsi,beta,0.0497461288301259,-0.207081134550553,0.306573392210805,0.704387928524505,35562,"Age, years, Male sex, Ever smoking (past/current), Ever alcohol (past/current), Body mass index, kg/m2",0.7429931968443567
smoking,hsi,beta,0.105115396413399,-0.102122287033286,0.312353079860083,0.320230886357394,35562,"Age, years, Male sex",0.36906190502314845
alcohol,hsi,beta,-0.641389285278135,-0.855982479836497,-0.426796090719772,5.20656477591929e-09,35562,"Age, years, Male sex",1.1188237425739927e-08
current_smoking,hsi,beta,0.206471929081483,0.100305389990518,0.312638468172448,0.0001408349027292,35562,"Age, years, Male sex, Ever alcohol (past/current), Body mass index, kg/m2",0.00023973925926159615
