exp,out,measure,est,lo,hi,p,n,adj,q
age,dm,OR,2.38124496707377,2.27732415710414,2.48990798061204,5.80732046555766e-70,25660,unadjusted,7.657919920582035e-68
men,dm,OR,1.18087967962587,1.07676060797561,1.29506670974435,0.0005845941635805,25660,unadjusted,0.0010686943212220232
bmi,dm,OR,2.04301321025974,1.94420899306478,2.1468386331843,4.1589501586080094e-55,25660,"Age, years, Male sex",1.8486299806127287e-53
smoking,dm,OR,1.12333132285564,1.01292070810639,1.24577694069224,0.0294738237449309,25660,"Age, years, Male sex",0.04212371630597784
alcohol,dm,OR,0.69603669255965,0.611185775200076,0.792667462247109,2.5437178096314e-07,25660,"Age, years, Male sex",6.289342284313637e-07
wc,dm,OR,2.28248215584951,2.1646348540015,2.40674531417658,4.1983702739873e-58,25660,"Age, years, Male sex, Ever smoking (past/current), Ever alcohol (past/current)",2.3726789719848227e-56
height,dm,OR,0.88483463826955,0.826320634322511,0.947492177444558,0.0006441915814131,25660,"Age, years, Male sex, Ever smoking (past/current), Ever alcohol (past/current)",0.001170074332447302
weight,dm,OR,1.97549527956735,1.87845565863193,2.07754789508054,9.838004198305771e-52,25660,"Age, years, Male sex, Ever smoking (past/current), Ever alcohol (past/current)",3.243262050708136e-50
whtr,dm,OR,2.39912955646205,2.27196238096699,2.53341458331718,1.46554141024272e-59,25660,"Age, years, Male sex, Ever smoking (past/current), Ever alcohol (past/current)",9.351099707935807e-58
fat_kg,dm,OR,1.98437310395929,1.80168711124353,2.1855829412018,4.3704675381114e-22,25660,"Age, years, Male sex, Ever smoking (past/current), Ever alcohol (past/current)",2.8158908112001133e-21
lean_kg,dm,OR,2.55534817512876,2.23586401579766,2.92048364748352,7.4335137654153395e-22,25660,"Age, years, Male sex, Ever smoking (past/current), Ever alcohol (past/current)",4.675195620983002e-21
asmm_kg,dm,OR,2.12905586903173,1.86544371934382,2.42991994154233,1.93000832710324e-17,25660,"Age, years, Male sex, Ever smoking (past/current), Ever alcohol (past/current)",9.496409131866191e-17
asmi,dm,OR,2.11578673952006,1.89397784535881,2.36357227625377,5.1636349105269905e-21,25660,"Age, years, Male sex, Ever smoking (past/current), Ever alcohol (past/current)",3.1091841257297985e-20
bodyfat_pct,dm,OR,2.23307657778476,1.90903844134027,2.6121165997841,2.4577926463753e-15,25660,"Age, years, Male sex, Ever smoking (past/current), Ever alcohol (past/current)",1.0354662096976238e-14
asm_pct,dm,OR,0.377560985957885,0.312415613495154,0.45629056922823,2.10885391216598e-15,25660,"Age, years, Male sex, Ever smoking (past/current), Ever alcohol (past/current)",8.913062047573309e-15
obesity,dm,OR,3.79450010932052,3.36587740031857,4.27770514703556,2.2062779660838598e-43,25660,"Age, years, Male sex, Ever smoking (past/current), Ever alcohol (past/current)",4.717857099366351e-42
overweight,dm,OR,3.47219860346951,3.00055738689484,4.01797452519716,5.27128767068842e-33,25660,"Age, years, Male sex, Ever smoking (past/current), Ever alcohol (past/current)",6.705213512939996e-32
abdominal_obesity,dm,OR,3.75898417627978,3.29979248874339,4.28207594438846,1.05114675296673e-39,25660,"Age, years, Male sex, Ever smoking (past/current), Ever alcohol (past/current)",1.831866323672416e-38
central_obesity,dm,OR,5.15140178902768,3.74199712897861,7.09165172428685,1.39673488241666e-17,25660,"Age, years, Male sex, Ever smoking (past/current), Ever alcohol (past/current)",6.9415618025632e-17
high_bodyfat,dm,OR,2.55168078776246,1.96971154052841,3.30559815925601,7.457157989708731e-10,25660,"Age, years, Male sex, Ever smoking (past/current), Ever alcohol (past/current)",2.231506581489239e-09
sarcopenia,dm,OR,1.171706728698,0.599317281273321,2.29076768011643,0.644572073445624,25660,"Age, years, Male sex, Ever smoking (past/current), Ever alcohol (past/current)",0.6895422181046209
sbp,dm,OR,1.13994344171548,1.07725165259678,1.20628364521668,1.37356179583164e-05,25660,"Age, years, Male sex, Body mass index, kg/m2, Ever smoking (past/current), Ever alcohol (past/current)",2.934022928893071e-05
dbp,dm,OR,0.936926751997972,0.885922906396203,0.990866961754441,0.024326099134427,25660,"Age, years, Male sex, Body mass index, kg/m2, Ever smoking (past/current), Ever alcohol (past/current)",0.03523765952976683
tg,dm,OR,1.4187130991114,1.33057686244458,1.51268740228383,4.641837723697021e-19,25660,"Age, years, Male sex, Body mass index, kg/m2, Ever smoking (past/current), Ever alcohol (past/current)",2.4815013560737044e-18
tchol,dm,OR,0.731390714376899,0.687146472508075,0.778483770897134,5.20723410862921e-17,25660,"Age, years, Male sex, Body mass index, kg/m2, Ever smoking (past/current), Ever alcohol (past/current)",2.4939247135275006e-16
hdl,dm,OR,0.590301697292357,0.539357715385917,0.646057493730135,7.291111921805e-21,25660,"Age, years, Male sex, Body mass index, kg/m2, Ever smoking (past/current), Ever alcohol (past/current)",4.317909994410266e-20
ldl,dm,OR,0.649933415922574,0.59084705008303,0.714928584433866,9.77600626549815e-15,25660,"Age, years, Male sex, Body mass index, kg/m2, Ever smoking (past/current), Ever alcohol (past/current)",3.950345330573103e-14
nonhdl,dm,OR,0.845564479206609,0.797252051641692,0.896804576449402,1.49709061525759e-07,25660,"Age, years, Male sex, Body mass index, kg/m2, Ever smoking (past/current), Ever alcohol (past/current)",3.757925427638976e-07
alt,dm,OR,1.23629867537938,1.16321020193615,1.31397954746334,4.0765854865899203e-10,25660,"Age, years, Male sex, Body mass index, kg/m2, Ever smoking (past/current), Ever alcohol (past/current)",1.2482176613738177e-09
ast,dm,OR,1.10326503934042,1.04385215668421,1.16605952216185,0.0007044133026358,25660,"Age, years, Male sex, Body mass index, kg/m2, Ever smoking (past/current), Ever alcohol (past/current)",0.0012718662826231057
creatinine,dm,OR,1.02708427223822,0.949571659823796,1.11092416392762,0.505933917033251,25660,"Age, years, Male sex, Body mass index, kg/m2, Ever smoking (past/current), Ever alcohol (past/current)",0.5637956551502932
egfr,dm,OR,1.04845625782742,0.962614618366417,1.14195286836903,0.280128783350592,25660,"Age, years, Male sex, Body mass index, kg/m2, Ever smoking (past/current), Ever alcohol (past/current)",0.3330897105304905
hemoglobin,dm,OR,0.807861221419159,0.759597975920135,0.859191011248133,4.82593716303367e-10,25660,"Age, years, Male sex, Body mass index, kg/m2, Ever smoking (past/current), Ever alcohol (past/current)",1.4651885968504372e-09
platelet,dm,OR,1.0119121676666,0.944375499140533,1.08427869634866,0.737453555064357,25660,"Age, years, Male sex, Body mass index, kg/m2, Ever smoking (past/current), Ever alcohol (past/current)",0.7719942481700439
wbc,dm,OR,1.31269647508445,1.18070302514645,1.45944577001943,1.7550934915705e-06,25660,"Age, years, Male sex, Body mass index, kg/m2, Ever smoking (past/current), Ever alcohol (past/current)",4.032026627556851e-06
fib4,dm,OR,1.04401126722517,0.971711757236503,1.12169016992539,0.241848178898235,25660,"Age, years, Male sex, Body mass index, kg/m2, Ever smoking (past/current), Ever alcohol (past/current)",0.2916924986955542
vitd,dm,OR,0.84456006720436,0.793973253584047,0.898369943693232,4.17022251173801e-07,25660,"Age, years, Male sex, Body mass index, kg/m2, Ever smoking (past/current), Ever alcohol (past/current)",1.0133538241053788e-06
fn_bmd,dm,OR,1.16306748919328,1.05745409409482,1.27922903885138,0.0026914234441893,25660,"Age, years, Male sex, Body mass index, kg/m2, Ever smoking (past/current), Ever alcohol (past/current)",0.004481174724416191
ls_bmd,dm,OR,1.10280713450343,1.00746450405799,1.20717263090955,0.0373975990195323,25660,"Age, years, Male sex, Body mass index, kg/m2, Ever smoking (past/current), Ever alcohol (past/current)",0.05261198496488968
ggt,dm,OR,1.16751432589258,1.11141615178953,1.22644402726165,1.0171189509881e-08,25660,"Age, years, Male sex, Body mass index, kg/m2, Ever smoking (past/current), Ever alcohol (past/current)",2.8118256953940764e-08
uric,dm,OR,0.89299493251972,0.831620438930699,0.958898930540055,0.0023075653535147,25660,"Age, years, Male sex, Body mass index, kg/m2, Ever smoking (past/current), Ever alcohol (past/current)",0.0038796126385483008
cap,dm,OR,2.06264455170385,1.63380177589733,2.60405063174625,0.0001818449753998,25660,"Age, years, Male sex, Body mass index, kg/m2, Ever smoking (past/current), Ever alcohol (past/current)",0.00034938257536746425
lsm,dm,OR,1.07955478623273,0.961126387290124,1.21257573602149,0.228809086216403,25660,"Age, years, Male sex, Body mass index, kg/m2, Ever smoking (past/current), Ever alcohol (past/current)",0.2773188557206159
htn,dm,OR,2.22244373978878,1.95272490622584,2.52941730848958,2.09753256362512e-22,25660,"Age, years, Male sex, Body mass index, kg/m2, Ever smoking (past/current), Ever alcohol (past/current)",1.3806720169219592e-21
dyslipidemia,dm,OR,2.60673338070527,2.27479247900646,2.98711156327145,2.38898180669581e-26,25660,"Age, years, Male sex, Body mass index, kg/m2, Ever smoking (past/current), Ever alcohol (past/current)",1.9730296507909444e-25
low_hdl,dm,OR,2.04605285869284,1.79974881341145,2.3260647649101,1.1702919535474402e-19,25660,"Age, years, Male sex, Body mass index, kg/m2, Ever smoking (past/current), Ever alcohol (past/current)",6.421185808923264e-19
high_tg,dm,OR,2.00688748916873,1.69588122532503,2.37492893608163,5.42281576619436e-13,25660,"Age, years, Male sex, Body mass index, kg/m2, Ever smoking (past/current), Ever alcohol (past/current)",1.971751762046405e-12
high_ldl,dm,OR,0.790661705284812,0.614994303121182,1.01650686686232,0.0694305856175949,25660,"Age, years, Male sex, Body mass index, kg/m2, Ever smoking (past/current), Ever alcohol (past/current)",0.09307604090247557
high_nonhdl,dm,OR,1.07527245771864,0.91386352882766,1.26518984712249,0.383591024032267,25660,"Age, years, Male sex, Body mass index, kg/m2, Ever smoking (past/current), Ever alcohol (past/current)",0.44036160507012434
atherogenic_dyslipidemia,dm,OR,2.29341380491281,1.87605388881016,2.80362249290212,5.69357910187188e-13,25660,"Age, years, Male sex, Body mass index, kg/m2, Ever smoking (past/current), Ever alcohol (past/current)",2.066403571284877e-12
ckd,dm,OR,2.72034573589255,2.38097657803049,3.10808640079534,1.7550690122547298e-28,25660,"Age, years, Male sex, Body mass index, kg/m2, Ever smoking (past/current), Ever alcohol (past/current)",1.6146634912743514e-27
high_alt,dm,OR,1.67048211997713,1.3893542113252,2.00849465918531,2.70540929984416e-07,25660,"Age, years, Male sex, Body mass index, kg/m2, Ever smoking (past/current), Ever alcohol (past/current)",6.672443385401183e-07
high_ast,dm,OR,1.99377662624056,1.62871768175077,2.4406594708729,7.98190516139428e-10,25660,"Age, years, Male sex, Body mass index, kg/m2, Ever smoking (past/current), Ever alcohol (past/current)",2.3813285685125015e-09
adv_fibrosis,dm,OR,1.31645033609817,0.996181796993459,1.73968395391627,0.0556193344414483,25660,"Age, years, Male sex, Body mass index, kg/m2, Ever smoking (past/current), Ever alcohol (past/current)",0.07597724000358062
anemia,dm,OR,1.9102626233219,1.63665230675006,2.22961424061215,3.23014026013638e-13,25660,"Age, years, Male sex, Body mass index, kg/m2, Ever smoking (past/current), Ever alcohol (past/current)",1.1942462494485532e-12
leukocytosis,dm,OR,1.79763532549922,1.42343445258426,2.2702083384422,2.7738384744466e-06,25660,"Age, years, Male sex, Body mass index, kg/m2, Ever smoking (past/current), Ever alcohol (past/current)",6.2668789291323525e-06
vitd_deficiency,dm,OR,1.49087942032815,1.31870843490065,1.68552910342571,3.6270014184820703e-09,25660,"Age, years, Male sex, Body mass index, kg/m2, Ever smoking (past/current), Ever alcohol (past/current)",1.032260259821228e-08
osteoporosis,dm,OR,0.900986631283711,0.668523308433192,1.21428363007196,0.495696108676671,25660,"Age, years, Male sex, Body mass index, kg/m2, Ever smoking (past/current), Ever alcohol (past/current)",0.5536346148856326
current_smoking,dm,OR,1.2063714648339,1.03835853144974,1.40156994630127,0.0156613488918135,25660,"Age, years, Male sex, Body mass index, kg/m2, Ever alcohol (past/current)",0.023397392830821075
age,prediabetes,OR,1.53994174391974,1.4848168590189,1.59711317948901,8.93326383818763e-47,25660,unadjusted,2.2799994673464687e-45
men,prediabetes,OR,1.26952684401089,1.18824693597704,1.35636655889125,1.02494576510909e-10,25660,unadjusted,3.256775459254265e-10
bmi,prediabetes,OR,1.23174893118749,1.18317680421034,1.28231505560501,6.7536011803534195e-18,25660,"Age, years, Male sex",3.4165276559434945e-17
smoking,prediabetes,OR,1.05734241642152,0.988825969452095,1.13060641619634,0.105436445695493,25660,"Age, years, Male sex",0.13657713790811077
alcohol,prediabetes,OR,0.983577882314602,0.891954552663417,1.08461294097295,0.740532470006801,25660,"Age, years, Male sex",0.7739884944113354
wc,prediabetes,OR,1.21840271466801,1.17223001418085,1.26639410111654,1.64207677514828e-17,25660,"Age, years, Male sex, Ever smoking (past/current), Ever alcohol (past/current)",8.150634532605514e-17
height,prediabetes,OR,0.931238957845927,0.882450028124868,0.98272533171392,0.0106580712667288,25660,"Age, years, Male sex, Ever smoking (past/current), Ever alcohol (past/current)",0.016304458596743673
weight,prediabetes,OR,1.20633161789815,1.15891669044892,1.25568643918404,1.7365674824950901e-15,25660,"Age, years, Male sex, Ever smoking (past/current), Ever alcohol (past/current)",7.394898773681998e-15
whtr,prediabetes,OR,1.24258735903908,1.19357743942995,1.29360969287517,7.70179251194061e-19,25660,"Age, years, Male sex, Ever smoking (past/current), Ever alcohol (past/current)",4.078753838987558e-18
fat_kg,prediabetes,OR,1.30453927211467,1.2244776663514,1.38983564931848,5.77669333115181e-12,25660,"Age, years, Male sex, Ever smoking (past/current), Ever alcohol (past/current)",1.9532135741911592e-11
lean_kg,prediabetes,OR,1.25204755328696,1.15102185608027,1.36194032060373,1.55426399985169e-06,25660,"Age, years, Male sex, Ever smoking (past/current), Ever alcohol (past/current)",3.587321110509502e-06
asmm_kg,prediabetes,OR,1.28363210981697,1.17349644032822,1.40410429612579,6.54867853314341e-07,25660,"Age, years, Male sex, Ever smoking (past/current), Ever alcohol (past/current)",1.5653194372338867e-06
asmi,prediabetes,OR,1.40776358727578,1.29521652095216,1.53009036373523,1.2650296512770899e-11,25660,"Age, years, Male sex, Ever smoking (past/current), Ever alcohol (past/current)",4.173859299793301e-11
bodyfat_pct,prediabetes,OR,1.49887397880606,1.37191482552005,1.63758213159501,2.45304586826309e-13,25660,"Age, years, Male sex, Ever smoking (past/current), Ever alcohol (past/current)",9.198340715496478e-13
asm_pct,prediabetes,OR,0.717779243471841,0.656634353499275,0.784617861696413,3.08615565399382e-10,25660,"Age, years, Male sex, Ever smoking (past/current), Ever alcohol (past/current)",9.530703955659292e-10
obesity,prediabetes,OR,1.38356816066297,1.26431440224426,1.5140702754017,1.20239665943609e-10,25660,"Age, years, Male sex, Ever smoking (past/current), Ever alcohol (past/current)",3.802303105299098e-10
overweight,prediabetes,OR,1.56568129047564,1.42716240646681,1.71764467185921,3.09075632358346e-16,25660,"Age, years, Male sex, Ever smoking (past/current), Ever alcohol (past/current)",1.3948816165640574e-15
abdominal_obesity,prediabetes,OR,1.46812397289125,1.34364374898921,1.60413651416117,6.63066150876569e-14,25660,"Age, years, Male sex, Ever smoking (past/current), Ever alcohol (past/current)",2.5666239656239793e-13
central_obesity,prediabetes,OR,1.87767932488765,1.65450141759722,2.13096199834678,6.944632043807481e-17,25660,"Age, years, Male sex, Ever smoking (past/current), Ever alcohol (past/current)",3.2901753730901073e-16
high_bodyfat,prediabetes,OR,1.80958034427808,1.57176187088782,2.08338240228967,5.22467174708396e-12,25660,"Age, years, Male sex, Ever smoking (past/current), Ever alcohol (past/current)",1.77414604561924e-11
sarcopenia,prediabetes,OR,0.693873744318529,0.434715822826267,1.10752990292472,0.129929794113849,25660,"Age, years, Male sex, Ever smoking (past/current), Ever alcohol (past/current)",0.16474431586999572
sbp,prediabetes,OR,1.09138556980101,1.04167909174362,1.14346392416892,0.0003567041788843,25660,"Age, years, Male sex, Body mass index, kg/m2, Ever smoking (past/current), Ever alcohol (past/current)",0.0006646828693670705
dbp,prediabetes,OR,1.11228298646326,1.06945344489072,1.15682776832053,5.18865209565884e-07,25660,"Age, years, Male sex, Body mass index, kg/m2, Ever smoking (past/current), Ever alcohol (past/current)",1.2538978430315436e-06
tg,prediabetes,OR,0.986318168772167,0.934633049671589,1.04086147006241,0.616845569497456,25660,"Age, years, Male sex, Body mass index, kg/m2, Ever smoking (past/current), Ever alcohol (past/current)",0.6647346970667218
tchol,prediabetes,OR,1.21264799896406,1.17333408942783,1.25327916630176,6.5606966842234406e-21,25660,"Age, years, Male sex, Body mass index, kg/m2, Ever smoking (past/current), Ever alcohol (past/current)",3.891171826504937e-20
hdl,prediabetes,OR,0.926936646218821,0.887020344285454,0.968649199129181,0.0009886516490987,25660,"Age, years, Male sex, Body mass index, kg/m2, Ever smoking (past/current), Ever alcohol (past/current)",0.001749935536391256
ldl,prediabetes,OR,1.3492748282914,1.28524163682866,1.41649827557174,2.36250236352422e-22,25660,"Age, years, Male sex, Body mass index, kg/m2, Ever smoking (past/current), Ever alcohol (past/current)",1.5525015531730588e-21
nonhdl,prediabetes,OR,1.2390460392502,1.19905943955189,1.28036612426432,4.5275617842809704e-24,25660,"Age, years, Male sex, Body mass index, kg/m2, Ever smoking (past/current), Ever alcohol (past/current)",3.250641455284123e-23
alt,prediabetes,OR,1.06153905848524,1.00877292606862,1.11706524190863,0.0234537624898659,25660,"Age, years, Male sex, Body mass index, kg/m2, Ever smoking (past/current), Ever alcohol (past/current)",0.03404883831556312
ast,prediabetes,OR,0.999432040849116,0.96055403328759,1.0398836188914,0.977658052816916,25660,"Age, years, Male sex, Body mass index, kg/m2, Ever smoking (past/current), Ever alcohol (past/current)",0.9811302021673566
creatinine,prediabetes,OR,0.869726947446979,0.787672066548785,0.960329806323772,0.0068313365968469,25660,"Age, years, Male sex, Body mass index, kg/m2, Ever smoking (past/current), Ever alcohol (past/current)",0.010796950690022507
egfr,prediabetes,OR,1.11985850904191,1.05247571681813,1.19155535869744,0.0005342258456624,25660,"Age, years, Male sex, Body mass index, kg/m2, Ever smoking (past/current), Ever alcohol (past/current)",0.0009802400025234017
hemoglobin,prediabetes,OR,1.13265505358554,1.08061991744245,1.18719583981867,8.80955290961677e-07,25660,"Age, years, Male sex, Body mass index, kg/m2, Ever smoking (past/current), Ever alcohol (past/current)",2.0843655089978435e-06
platelet,prediabetes,OR,1.12943545481238,1.08503298941375,1.17565498840406,2.83637572356782e-08,25660,"Age, years, Male sex, Body mass index, kg/m2, Ever smoking (past/current), Ever alcohol (past/current)",7.586681786635764e-08
wbc,prediabetes,OR,0.925432796405201,0.868878088636211,0.985668613195891,0.0175578293536556,25660,"Age, years, Male sex, Body mass index, kg/m2, Ever smoking (past/current), Ever alcohol (past/current)",0.02596589641983609
fib4,prediabetes,OR,0.86125213229707,0.771578354090536,0.961347906474853,0.0088336162271692,25660,"Age, years, Male sex, Body mass index, kg/m2, Ever smoking (past/current), Ever alcohol (past/current)",0.013725760327840281
vitd,prediabetes,OR,0.939773253267622,0.893743189905321,0.988173982786676,0.0168551669510518,25660,"Age, years, Male sex, Body mass index, kg/m2, Ever smoking (past/current), Ever alcohol (past/current)",0.025010892895109126
fn_bmd,prediabetes,OR,1.02222695666487,0.945156343985166,1.10558211620989,0.584271091539638,25660,"Age, years, Male sex, Body mass index, kg/m2, Ever smoking (past/current), Ever alcohol (past/current)",0.636041947752011
ls_bmd,prediabetes,OR,0.964480822768295,0.901159032108169,1.03225204913238,0.300108981453352,25660,"Age, years, Male sex, Body mass index, kg/m2, Ever smoking (past/current), Ever alcohol (past/current)",0.3540802656216703
ggt,prediabetes,OR,1.02813898597656,0.992559239025277,1.06499414133003,0.12517897365127,25660,"Age, years, Male sex, Body mass index, kg/m2, Ever smoking (past/current), Ever alcohol (past/current)",0.15948728494828474
uric,prediabetes,OR,1.1681934168837,1.12518453025729,1.21284626881455,5.02393510191194e-13,25660,"Age, years, Male sex, Body mass index, kg/m2, Ever smoking (past/current), Ever alcohol (past/current)",1.833458234609191e-12
cap,prediabetes,OR,1.08638142462318,0.990337104373973,1.19174026152676,0.113257782319076,25660,"Age, years, Male sex, Body mass index, kg/m2, Ever smoking (past/current), Ever alcohol (past/current)",0.14608666020680294
lsm,prediabetes,OR,0.998023606248754,0.883994435750543,1.12676175137243,0.975201622744917,25660,"Age, years, Male sex, Body mass index, kg/m2, Ever smoking (past/current), Ever alcohol (past/current)",0.978913377208549
htn,prediabetes,OR,1.0162426093027,0.925350384204429,1.11606269213392,0.736679094588813,25660,"Age, years, Male sex, Body mass index, kg/m2, Ever smoking (past/current), Ever alcohol (past/current)",0.7713876384842097
dyslipidemia,prediabetes,OR,1.22632983775435,1.12817265778556,1.33302722822455,4.82560078263365e-06,25660,"Age, years, Male sex, Body mass index, kg/m2, Ever smoking (past/current), Ever alcohol (past/current)",1.0718740424536058e-05
low_hdl,prediabetes,OR,1.07692949263338,0.980288610807582,1.18309762993997,0.125026475013782,25660,"Age, years, Male sex, Body mass index, kg/m2, Ever smoking (past/current), Ever alcohol (past/current)",0.15934430900596702
high_tg,prediabetes,OR,1.03441460200655,0.91204417725897,1.17320366219557,0.599362875264909,25660,"Age, years, Male sex, Body mass index, kg/m2, Ever smoking (past/current), Ever alcohol (past/current)",0.650145197298596
high_ldl,prediabetes,OR,1.40972923192062,1.20116503774032,1.65450745308919,5.13121658058012e-05,25660,"Age, years, Male sex, Body mass index, kg/m2, Ever smoking (past/current), Ever alcohol (past/current)",0.0001037785930100969
high_nonhdl,prediabetes,OR,1.39830240155891,1.25578309549841,1.55699627842927,1.30326856632548e-08,25660,"Age, years, Male sex, Body mass index, kg/m2, Ever smoking (past/current), Ever alcohol (past/current)",3.563047994736419e-08
atherogenic_dyslipidemia,prediabetes,OR,1.04421798174492,0.873984624338271,1.24760912610451,0.634569474071535,25660,"Age, years, Male sex, Body mass index, kg/m2, Ever smoking (past/current), Ever alcohol (past/current)",0.6816065271319556
ckd,prediabetes,OR,0.67022511311419,0.593241972184837,0.757198113603754,2.8559905180074204e-09,25660,"Age, years, Male sex, Body mass index, kg/m2, Ever smoking (past/current), Ever alcohol (past/current)",8.181244380331176e-09
high_alt,prediabetes,OR,1.13789432469054,1.00985028927737,1.28217371219399,0.0360204511495438,25660,"Age, years, Male sex, Body mass index, kg/m2, Ever smoking (past/current), Ever alcohol (past/current)",0.050819152905704455
high_ast,prediabetes,OR,0.917473300379997,0.785431213609883,1.07171352796307,0.27951074812227,25660,"Age, years, Male sex, Body mass index, kg/m2, Ever smoking (past/current), Ever alcohol (past/current)",0.332454756335448
adv_fibrosis,prediabetes,OR,0.704016143425868,0.569515242182354,0.870281765076153,0.0015312260993497,25660,"Age, years, Male sex, Body mass index, kg/m2, Ever smoking (past/current), Ever alcohol (past/current)",0.002646365421156581
anemia,prediabetes,OR,0.829804187489792,0.724792740530632,0.950030196317193,0.0078959001825371,25660,"Age, years, Male sex, Body mass index, kg/m2, Ever smoking (past/current), Ever alcohol (past/current)",0.012370764800838326
leukocytosis,prediabetes,OR,1.01035223145381,0.874017877484304,1.16795280497225,0.88948292373715,25660,"Age, years, Male sex, Body mass index, kg/m2, Ever smoking (past/current), Ever alcohol (past/current)",0.9071395839917931
vitd_deficiency,prediabetes,OR,1.11511173727817,1.01332983097392,1.22711692541452,0.027559663768766,25660,"Age, years, Male sex, Body mass index, kg/m2, Ever smoking (past/current), Ever alcohol (past/current)",0.03955951736909953
osteoporosis,prediabetes,OR,1.02278924971163,0.813822303634199,1.28541309897042,0.847318632019641,25660,"Age, years, Male sex, Body mass index, kg/m2, Ever smoking (past/current), Ever alcohol (past/current)",0.8702684074519916
current_smoking,prediabetes,OR,1.27099941993468,1.15944372757879,1.39328842534493,1.20812184523289e-06,25660,"Age, years, Male sex, Body mass index, kg/m2, Ever alcohol (past/current)",2.8213282288909756e-06
age,htn,OR,3.68674563200718,3.53087993097209,3.8494918039827,2.9856511420255597e-92,25491,unadjusted,1.9685393196421856e-89
men,htn,OR,0.985606632584736,0.927925878382335,1.04687287726958,0.638331874958314,25491,unadjusted,0.6839764077288977
bmi,htn,OR,1.76793139402967,1.69766004056227,1.84111149424267,6.05403064965462e-54,25491,"Age, years, Male sex",2.419166186872089e-52
smoking,htn,OR,1.20403582169194,1.11820653262842,1.2964530412014,2.74687230437432e-06,25491,"Age, years, Male sex",6.216605741478725e-06
alcohol,htn,OR,0.83819311789593,0.750418179807834,0.936234917800116,0.0022089682003752,25491,"Age, years, Male sex",0.0037239568065159656
wc,htn,OR,1.75633243426963,1.68129718087927,1.83471646461352,1.11150754347623e-49,25491,"Age, years, Male sex, Ever smoking (past/current), Ever alcohol (past/current)",3.281435702979079e-48
height,htn,OR,0.98425777484637,0.928275665723559,1.04361603251811,0.596345611063073,25491,"Age, years, Male sex, Ever smoking (past/current), Ever alcohol (past/current)",0.6472272256146823
weight,htn,OR,1.73931800414005,1.66659686211293,1.81521229776606,6.9784572903783e-50,25491,"Age, years, Male sex, Ever smoking (past/current), Ever alcohol (past/current)",2.0914225030861026e-48
whtr,htn,OR,1.77442922552585,1.69518976957039,1.85737262748948,1.69488176287417e-48,25491,"Age, years, Male sex, Ever smoking (past/current), Ever alcohol (past/current)",4.789251609950156e-47
fat_kg,htn,OR,1.66661172043034,1.54882303408014,1.79335828920275,1.1271839373411002e-21,25491,"Age, years, Male sex, Ever smoking (past/current), Ever alcohol (past/current)",7.022267174994318e-21
lean_kg,htn,OR,2.03934385089838,1.83990053591172,2.26040661493486,1.57344165244778e-21,25491,"Age, years, Male sex, Ever smoking (past/current), Ever alcohol (past/current)",9.72583621419284e-21
asmm_kg,htn,OR,1.94408128470664,1.74072069502417,2.17119957977758,1.7539606668714598e-18,25491,"Age, years, Male sex, Ever smoking (past/current), Ever alcohol (past/current)",9.117829695326537e-18
asmi,htn,OR,1.89617241654222,1.7235285711863,2.08610979438583,8.43861085600327e-21,25491,"Age, years, Male sex, Ever smoking (past/current), Ever alcohol (past/current)",4.9677298432066866e-20
bodyfat_pct,htn,OR,1.69669595534205,1.51812439622538,1.89627225017382,5.36056562859672e-14,25491,"Age, years, Male sex, Ever smoking (past/current), Ever alcohol (past/current)",2.0913607126951304e-13
asm_pct,htn,OR,0.575170602187311,0.504920879588164,0.655194179908636,3.8419650343950794e-12,25491,"Age, years, Male sex, Ever smoking (past/current), Ever alcohol (past/current)",1.313639902857989e-11
obesity,htn,OR,2.54434696794693,2.34190915563568,2.76428378006128,6.7603499689749e-44,25491,"Age, years, Male sex, Ever smoking (past/current), Ever alcohol (past/current)",1.469447498750808e-42
overweight,htn,OR,2.37841581646076,2.17958857417964,2.59538055163453,9.15587379317874e-39,25491,"Age, years, Male sex, Ever smoking (past/current), Ever alcohol (past/current)",1.4783933357475549e-37
abdominal_obesity,htn,OR,2.35878675035109,2.15866805596189,2.57745739010931,8.767808862422781e-38,25491,"Age, years, Male sex, Ever smoking (past/current), Ever alcohol (past/current)",1.3709664766697438e-36
central_obesity,htn,OR,2.72577623804831,2.39614031484045,3.10076002389849,9.18763476066323e-30,25491,"Age, years, Male sex, Ever smoking (past/current), Ever alcohol (past/current)",9.367598740511271e-29
high_bodyfat,htn,OR,1.85453863691126,1.55666087347599,2.20941735891181,1.5928790940427301e-09,25491,"Age, years, Male sex, Ever smoking (past/current), Ever alcohol (past/current)",4.664270685442665e-09
sarcopenia,htn,OR,0.797004485996343,0.5175347099407,1.22738849877543,0.306482610576327,25491,"Age, years, Male sex, Ever smoking (past/current), Ever alcohol (past/current)",0.36043425690847797
glucose,htn,OR,1.33501573224214,1.24085176178488,1.43632548240118,3.70150829158804e-12,25491,"Age, years, Male sex, Body mass index, kg/m2, Ever smoking (past/current), Ever alcohol (past/current)",1.2667099309275334e-11
hba1c,htn,OR,1.25846764032666,1.1973277867628,1.32272951422207,3.56591741809092e-15,25491,"Age, years, Male sex, Body mass index, kg/m2, Ever smoking (past/current), Ever alcohol (past/current)",1.480248615526514e-14
homa_ir,htn,OR,1.39478471599453,1.28577742243429,1.51303357021838,8.909763089476089e-13,25491,"Age, years, Male sex, Body mass index, kg/m2, Ever smoking (past/current), Ever alcohol (past/current)",3.184012898100037e-12
tg,htn,OR,1.22351463399842,1.14769199119488,1.30434652423579,9.4347086057086e-09,25491,"Age, years, Male sex, Body mass index, kg/m2, Ever smoking (past/current), Ever alcohol (past/current)",2.6192075259075947e-08
tchol,htn,OR,1.01014079108255,0.967541833097763,1.05461529714114,0.647091507803307,25491,"Age, years, Male sex, Body mass index, kg/m2, Ever smoking (past/current), Ever alcohol (past/current)",0.6914894664694443
hdl,htn,OR,0.966364279495203,0.914251904843445,1.02144706041842,0.228805985036195,25491,"Age, years, Male sex, Body mass index, kg/m2, Ever smoking (past/current), Ever alcohol (past/current)",0.2773188557206159
ldl,htn,OR,0.891771094727384,0.831017470877547,0.956966265163468,0.001870330164645,25491,"Age, years, Male sex, Body mass index, kg/m2, Ever smoking (past/current), Ever alcohol (past/current)",0.0031878613232811806
nonhdl,htn,OR,1.02081673781335,0.976497673054685,1.06714725590702,0.364787240324776,25491,"Age, years, Male sex, Body mass index, kg/m2, Ever smoking (past/current), Ever alcohol (past/current)",0.42060574838962805
alt,htn,OR,1.23522158967211,1.16412769641514,1.3106572245387,1.80685776580531e-10,25491,"Age, years, Male sex, Body mass index, kg/m2, Ever smoking (past/current), Ever alcohol (past/current)",5.655007374624848e-10
ast,htn,OR,1.20302933861226,1.13388237795364,1.27639305249086,1.25680970292122e-08,25491,"Age, years, Male sex, Body mass index, kg/m2, Ever smoking (past/current), Ever alcohol (past/current)",3.443171180579187e-08
creatinine,htn,OR,1.27857538515418,1.1813027610722,1.3838577792186,1.99286779621219e-08,25491,"Age, years, Male sex, Body mass index, kg/m2, Ever smoking (past/current), Ever alcohol (past/current)",5.3887799055471114e-08
egfr,htn,OR,0.840152460187744,0.789940459783467,0.893556150488864,2.33755425023617e-07,25491,"Age, years, Male sex, Body mass index, kg/m2, Ever smoking (past/current), Ever alcohol (past/current)",5.794088103968852e-07
hemoglobin,htn,OR,0.977890996630194,0.932697066490097,1.02527480319951,0.356296344168657,25491,"Age, years, Male sex, Body mass index, kg/m2, Ever smoking (past/current), Ever alcohol (past/current)",0.4120164681470936
platelet,htn,OR,1.07784409552452,1.0274783884804,1.13067866660948,0.0026548138531458,25491,"Age, years, Male sex, Body mass index, kg/m2, Ever smoking (past/current), Ever alcohol (past/current)",0.00442394423043167
wbc,htn,OR,1.1823637684693,1.09729335754057,1.2740294756931,2.41507121019503e-05,25491,"Age, years, Male sex, Body mass index, kg/m2, Ever smoking (past/current), Ever alcohol (past/current)",5.0657591238237215e-05
fib4,htn,OR,1.086556449871,1.02899871695313,1.14733371315763,0.0034020352137865,25491,"Age, years, Male sex, Body mass index, kg/m2, Ever smoking (past/current), Ever alcohol (past/current)",0.0056123650149038345
vitd,htn,OR,0.953472259927906,0.910018268366662,0.999001209155651,0.047579477218241,25491,"Age, years, Male sex, Body mass index, kg/m2, Ever smoking (past/current), Ever alcohol (past/current)",0.06570901210363266
fn_bmd,htn,OR,1.08677505233267,1.00703893512879,1.17282457824893,0.035756993439342,25491,"Age, years, Male sex, Body mass index, kg/m2, Ever smoking (past/current), Ever alcohol (past/current)",0.05048346397074838
ls_bmd,htn,OR,1.18354268809789,1.09685099665262,1.27708622121407,4.60424272964266e-05,25491,"Age, years, Male sex, Body mass index, kg/m2, Ever smoking (past/current), Ever alcohol (past/current)",9.355102331004809e-05
insulin,htn,OR,1.28507042363623,1.18579157146047,1.39266126817773,1.29411560054243e-08,25491,"Age, years, Male sex, Body mass index, kg/m2, Ever smoking (past/current), Ever alcohol (past/current)",3.540471172714974e-08
ggt,htn,OR,1.35033754486136,1.23616590491384,1.47505401808448,8.96675734501692e-10,25491,"Age, years, Male sex, Body mass index, kg/m2, Ever smoking (past/current), Ever alcohol (past/current)",2.663100004270791e-09
uric,htn,OR,1.36770704483343,1.2996640362746,1.43931239787861,3.0842080356332897e-22,25491,"Age, years, Male sex, Body mass index, kg/m2, Ever smoking (past/current), Ever alcohol (past/current)",2.0133872919084644e-21
cap,htn,OR,1.31997187934334,1.06197275523356,1.64065015196552,0.0337569824429952,25491,"Age, years, Male sex, Body mass index, kg/m2, Ever smoking (past/current), Ever alcohol (past/current)",0.04783045220074821
lsm,htn,OR,1.07409559194936,0.949882180325017,1.21455204081236,0.283725099514945,25491,"Age, years, Male sex, Body mass index, kg/m2, Ever smoking (past/current), Ever alcohol (past/current)",0.33706201011445125
dm,htn,OR,2.1023524517647,1.84610102525076,2.39417332582907,2.74534339262023e-20,25491,"Age, years, Male sex, Body mass index, kg/m2, Ever smoking (past/current), Ever alcohol (past/current)",1.560427939828395e-19
prediabetes,htn,OR,1.05880842882969,0.966186772229587,1.16030908431275,0.223576154558339,25491,"Age, years, Male sex, Body mass index, kg/m2, Ever smoking (past/current), Ever alcohol (past/current)",0.2718092401452948
dyslipidemia,htn,OR,1.45443742200384,1.32410359387075,1.59760023635407,2.45814527461179e-12,25491,"Age, years, Male sex, Body mass index, kg/m2, Ever smoking (past/current), Ever alcohol (past/current)",8.485534647787295e-12
low_hdl,htn,OR,1.11453667065626,1.00444408760582,1.23669600485023,0.0432231345702335,25491,"Age, years, Male sex, Body mass index, kg/m2, Ever smoking (past/current), Ever alcohol (past/current)",0.06012331939516306
high_tg,htn,OR,1.3468297453774,1.15550488916592,1.56983356802819,0.000223065707107,25491,"Age, years, Male sex, Body mass index, kg/m2, Ever smoking (past/current), Ever alcohol (past/current)",0.0004246621450025467
high_ldl,htn,OR,0.986704809246106,0.791755205512772,1.22965579993738,0.905336813503616,25491,"Age, years, Male sex, Body mass index, kg/m2, Ever smoking (past/current), Ever alcohol (past/current)",0.9211139099713312
high_nonhdl,htn,OR,1.17713553223986,1.0149181155585,1.36528064680284,0.0331342836448399,25491,"Age, years, Male sex, Body mass index, kg/m2, Ever smoking (past/current), Ever alcohol (past/current)",0.04704925559906196
atherogenic_dyslipidemia,htn,OR,1.18767107035926,1.00238064607099,1.40721249646753,0.0491856512047158,25491,"Age, years, Male sex, Body mass index, kg/m2, Ever smoking (past/current), Ever alcohol (past/current)",0.06779736451771975
insulin_resistance,htn,OR,1.71566319579799,1.46149929494835,2.01402779432734,1.23769284578749e-09,25491,"Age, years, Male sex, Body mass index, kg/m2, Ever smoking (past/current), Ever alcohol (past/current)",3.6485192980143892e-09
ckd,htn,OR,2.25971105848853,2.03358675963635,2.51097920639908,1.84281070751368e-29,25491,"Age, years, Male sex, Body mass index, kg/m2, Ever smoking (past/current), Ever alcohol (past/current)",1.8597344793173768e-28
high_alt,htn,OR,1.59904509081341,1.36598561461253,1.87186832357657,4.69578573829053e-08,25491,"Age, years, Male sex, Body mass index, kg/m2, Ever smoking (past/current), Ever alcohol (past/current)",1.2335012204965031e-07
high_ast,htn,OR,1.75035975726332,1.44651643788748,2.11802589974108,6.97976306120036e-08,25491,"Age, years, Male sex, Body mass index, kg/m2, Ever smoking (past/current), Ever alcohol (past/current)",1.810619191482533e-07
adv_fibrosis,htn,OR,1.55785620752455,1.22569725459553,1.98002888088678,0.0004301741059143,25491,"Age, years, Male sex, Body mass index, kg/m2, Ever smoking (past/current), Ever alcohol (past/current)",0.0007985775518521684
anemia,htn,OR,1.45429743507951,1.28030537353555,1.65193482226693,6.79268135249963e-08,25491,"Age, years, Male sex, Body mass index, kg/m2, Ever smoking (past/current), Ever alcohol (past/current)",1.7644023263616897e-07
leukocytosis,htn,OR,1.3570060122481,1.11606460461368,1.64996301259361,0.0027314005002854,25491,"Age, years, Male sex, Body mass index, kg/m2, Ever smoking (past/current), Ever alcohol (past/current)",0.004545822624791351
vitd_deficiency,htn,OR,1.25609396012784,1.1340989581335,1.3912119620199,2.64523671722401e-05,25491,"Age, years, Male sex, Body mass index, kg/m2, Ever smoking (past/current), Ever alcohol (past/current)",5.516371351258926e-05
osteoporosis,htn,OR,1.07544149502508,0.785592068027557,1.47223279904757,0.651270436060364,25491,"Age, years, Male sex, Body mass index, kg/m2, Ever smoking (past/current), Ever alcohol (past/current)",0.6950164135567305
current_smoking,htn,OR,1.43446229484822,1.28319812173528,1.60355758046045,4.16746471564572e-09,25491,"Age, years, Male sex, Body mass index, kg/m2, Ever alcohol (past/current)",1.1776064582210336e-08
age,obesity,OR,1.06486924014433,1.02655692299944,1.10461141822739,0.0010315439404438,26491,unadjusted,0.0018209673486816924
men,obesity,OR,0.882205155287753,0.822229533613566,0.946555559243716,0.0006733243842548,26491,unadjusted,0.0012185138445160058
sbp,obesity,OR,1.31227241696129,1.26247630743201,1.36403264455731,2.2100209077098098e-26,26491,"Age, years, Male sex, Ever smoking (past/current), Ever alcohol (past/current)",1.8328810714675068e-25
dbp,obesity,OR,1.33072422797298,1.27711155701667,1.38658753903295,4.9401815023362097e-26,26491,"Age, years, Male sex, Ever smoking (past/current), Ever alcohol (past/current)",4.0130098610353272e-25
glucose,obesity,OR,1.68124930307281,1.480407459031,1.90933867688896,9.00576545718486e-13,26491,"Age, years, Male sex, Ever smoking (past/current), Ever alcohol (past/current)",3.21541589789019e-12
hba1c,obesity,OR,1.7914585438309,1.66504962834488,1.92746429873979,1.3719821254641e-30,26491,"Age, years, Male sex, Ever smoking (past/current), Ever alcohol (past/current)",1.462954525157946e-29
homa_ir,obesity,OR,4.24578185727597,3.87667090130482,4.65003711651312,4.53701185154946e-59,26491,"Age, years, Male sex, Ever smoking (past/current), Ever alcohol (past/current)",2.678868490258159e-57
tg,obesity,OR,1.50484890844245,1.36478125461855,1.65929172134868,3.20733880315978e-13,26491,"Age, years, Male sex, Ever smoking (past/current), Ever alcohol (past/current)",1.1869253793545453e-12
tchol,obesity,OR,0.994597336538806,0.9602374209931,1.03018674363577,0.76317071213953,26491,"Age, years, Male sex, Ever smoking (past/current), Ever alcohol (past/current)",0.7934568560378399
hdl,obesity,OR,0.455232268595723,0.43341709619378,0.478145463551704,1.94993823689799e-59,26491,"Age, years, Male sex, Ever smoking (past/current), Ever alcohol (past/current)",1.20530557268257e-57
ldl,obesity,OR,1.03792772673476,0.989983049211975,1.08819435522892,0.125541227966407,26491,"Age, years, Male sex, Ever smoking (past/current), Ever alcohol (past/current)",0.15989732705573279
nonhdl,obesity,OR,1.23750280941139,1.19224479615247,1.284478832068,2.3937928877156202e-20,26491,"Age, years, Male sex, Ever smoking (past/current), Ever alcohol (past/current)",1.3684746623992766e-19
alt,obesity,OR,1.55776921941673,1.43410341351083,1.69209899237429,1.1673508063117e-18,26491,"Age, years, Male sex, Ever smoking (past/current), Ever alcohol (past/current)",6.116608993071636e-18
ast,obesity,OR,1.05284962557355,1.00299665961115,1.10518048434988,0.0395882369203306,26491,"Age, years, Male sex, Ever smoking (past/current), Ever alcohol (past/current)",0.055437545223655876
creatinine,obesity,OR,1.04281378238071,1.00511318889523,1.08192848003361,0.0277955698271948,26491,"Age, years, Male sex, Ever smoking (past/current), Ever alcohol (past/current)",0.03986920748237224
egfr,obesity,OR,0.946626283758743,0.893197859207208,1.00325063687262,0.0670783591219656,26491,"Age, years, Male sex, Ever smoking (past/current), Ever alcohol (past/current)",0.09019782076359481
hemoglobin,obesity,OR,1.05179699127309,0.997905464175851,1.1085989109848,0.0622970451665811,26491,"Age, years, Male sex, Ever smoking (past/current), Ever alcohol (past/current)",0.08418974045252398
platelet,obesity,OR,1.25104249316808,1.19829680342828,1.30610990134873,6.488240050291529e-18,26491,"Age, years, Male sex, Ever smoking (past/current), Ever alcohol (past/current)",3.2864888142065675e-17
wbc,obesity,OR,1.86213869434248,1.75727629573833,1.97325857372394,6.995283528328269e-42,26491,"Age, years, Male sex, Ever smoking (past/current), Ever alcohol (past/current)",1.4047381542165804e-40
fib4,obesity,OR,0.690911970216284,0.603852951032273,0.790522510111299,3.77095546631161e-07,26491,"Age, years, Male sex, Ever smoking (past/current), Ever alcohol (past/current)",9.214267958448875e-07
vitd,obesity,OR,0.703651057799739,0.674621274836702,0.733930028018373,3.24280509542752e-32,26491,"Age, years, Male sex, Ever smoking (past/current), Ever alcohol (past/current)",3.9472421407726975e-31
fn_bmd,obesity,OR,2.41307462827734,2.26306292068795,2.57303016562425,2.68908134258722e-39,26491,"Age, years, Male sex, Ever smoking (past/current), Ever alcohol (past/current)",4.565667721577272e-38
ls_bmd,obesity,OR,1.76388424033111,1.64404340581425,1.89246074786421,4.0685553676481503e-25,26491,"Age, years, Male sex, Ever smoking (past/current), Ever alcohol (past/current)",3.0774770620298438e-24
insulin,obesity,OR,4.17991982257177,3.8310303978063,4.56058237834212,1.5514490180881e-60,26491,"Age, years, Male sex, Ever smoking (past/current), Ever alcohol (past/current)",1.1159149664648224e-58
ggt,obesity,OR,1.22844587891055,1.12445146228286,1.34205817505771,1.25505267267701e-05,26491,"Age, years, Male sex, Ever smoking (past/current), Ever alcohol (past/current)",2.6910506087318437e-05
uric,obesity,OR,2.04429370449608,1.94884248857148,2.14441996967422,2.8774523318508596e-56,26491,"Age, years, Male sex, Ever smoking (past/current), Ever alcohol (past/current)",1.4409115727597468e-54
cap,obesity,OR,3.89197663852212,3.09685093759964,4.89125323111054,3.84246986211345e-07,26491,"Age, years, Male sex, Ever smoking (past/current), Ever alcohol (past/current)",9.383216527481979e-07
lsm,obesity,OR,2.32598776226512,1.51138102221836,3.57965264263153,0.0032772386129764,26491,"Age, years, Male sex, Ever smoking (past/current), Ever alcohol (past/current)",0.00541552044817654
dm,obesity,OR,3.54462486918665,3.15428752137574,3.98326575434587,2.46209215095955e-42,26491,"Age, years, Male sex, Ever smoking (past/current), Ever alcohol (past/current)",5.046651061759575e-41
prediabetes,obesity,OR,1.37676291382528,1.2576889806298,1.50711038267624,2.34341634410224e-10,26491,"Age, years, Male sex, Ever smoking (past/current), Ever alcohol (past/current)",7.276730814182466e-10
htn,obesity,OR,2.47861365573803,2.27953344804151,2.69508028482289,2.5785676595586e-42,26491,"Age, years, Male sex, Ever smoking (past/current), Ever alcohol (past/current)",5.258151371759702e-41
mets,obesity,OR,8.04782075465948,6.93674114642586,9.33686547212436,2.0589887000506002e-53,26491,"Age, years, Male sex, Ever smoking (past/current), Ever alcohol (past/current)",7.757485045143023e-52
dyslipidemia,obesity,OR,2.4576896652816,2.27543705951692,2.65453991160464,2.2069673955735302e-45,26491,"Age, years, Male sex, Ever smoking (past/current), Ever alcohol (past/current)",5.135742951111109e-44
low_hdl,obesity,OR,2.86584105474708,2.64247883527807,3.10808353180606,6.18144639559657e-50,26491,"Age, years, Male sex, Ever smoking (past/current), Ever alcohol (past/current)",1.8810616877676946e-48
high_tg,obesity,OR,2.23298084818656,2.00798438637039,2.48318836650966,8.30572586208203e-29,26491,"Age, years, Male sex, Ever smoking (past/current), Ever alcohol (past/current)",7.898425843845315e-28
high_ldl,obesity,OR,1.04355415332816,0.900217541180672,1.20971345381714,0.572770427789223,26491,"Age, years, Male sex, Ever smoking (past/current), Ever alcohol (past/current)",0.6255880210751426
high_nonhdl,obesity,OR,1.35189709179531,1.20787048413115,1.51309744779406,6.857869232278e-07,26491,"Age, years, Male sex, Ever smoking (past/current), Ever alcohol (past/current)",1.6343211254754077e-06
atherogenic_dyslipidemia,obesity,OR,2.74516205976519,2.40068741180584,3.13906537657297,1.1605907488536899e-28,26491,"Age, years, Male sex, Ever smoking (past/current), Ever alcohol (past/current)",1.0854130029468551e-27
insulin_resistance,obesity,OR,7.63597422673154,6.79572355245915,8.58011688397897,2.26817098993788e-63,26491,"Age, years, Male sex, Ever smoking (past/current), Ever alcohol (past/current)",1.831200905345766e-61
ckd,obesity,OR,1.36434633539846,1.23958288055605,1.5016671753971,4.09380175519799e-09,26491,"Age, years, Male sex, Ever smoking (past/current), Ever alcohol (past/current)",1.1584463335882154e-08
high_alt,obesity,OR,2.48564634106803,2.17589664957335,2.83949043906857,1.51610867006448e-25,26491,"Age, years, Male sex, Ever smoking (past/current), Ever alcohol (past/current)",1.17602468603433e-24
high_ast,obesity,OR,1.56932535326438,1.31744142785234,1.86936740589154,1.62058549314054e-06,26491,"Age, years, Male sex, Ever smoking (past/current), Ever alcohol (past/current)",3.7316858037625004e-06
adv_fibrosis,obesity,OR,0.643382383803808,0.508599480260221,0.813883827756332,0.000355455076756,26491,"Age, years, Male sex, Ever smoking (past/current), Ever alcohol (past/current)",0.0006626674286742395
anemia,obesity,OR,1.15478239734671,1.02395871166528,1.30232046471199,0.0206326912749865,26491,"Age, years, Male sex, Ever smoking (past/current), Ever alcohol (past/current)",0.03019716118529286
leukocytosis,obesity,OR,2.1363930368463,1.84695623878339,2.47118752033444,5.52878352399187e-18,26491,"Age, years, Male sex, Ever smoking (past/current), Ever alcohol (past/current)",2.814912177723531e-17
vitd_deficiency,obesity,OR,1.76032517861464,1.63314023756455,1.89741496975529,1.05543125456188e-28,26491,"Age, years, Male sex, Ever smoking (past/current), Ever alcohol (past/current)",9.917544045241798e-28
osteoporosis,obesity,OR,0.230632327954317,0.174238152220039,0.305279125265599,1.01306787971419e-15,26491,"Age, years, Male sex, Ever smoking (past/current), Ever alcohol (past/current)",4.413762700604995e-15
smoking,obesity,OR,0.993089963934246,0.916948526790256,1.07555402255694,0.865000954781447,26491,"Age, years, Male sex",0.8858254665067058
alcohol,obesity,OR,0.851408044919986,0.782776183326389,0.926057376802199,0.0002712412384042,26491,"Age, years, Male sex",0.0005121863193923701
current_smoking,obesity,OR,0.786477999947832,0.707425037691416,0.874364931188308,1.9801400636529e-05,26491,"Age, years, Male sex, Ever alcohol (past/current)",4.1845267584459795e-05
age,overweight,OR,1.27247609015835,1.22411192799148,1.32275110061338,6.77406705543627e-23,26491,unadjusted,4.612428446007897e-22
men,overweight,OR,1.36562286547802,1.27629221460176,1.46120597570073,2.9627253040217604e-15,26491,unadjusted,1.240268920921702e-14
sbp,overweight,OR,1.25206825803501,1.18996087249463,1.31741720170374,2.7224983820622202e-14,26491,"Age, years, Male sex, Ever smoking (past/current), Ever alcohol (past/current)",1.0770203599438143e-13
dbp,overweight,OR,1.30866557964096,1.26073700026331,1.35841622715866,3.21548703306459e-27,26491,"Age, years, Male sex, Ever smoking (past/current), Ever alcohol (past/current)",2.7773944765946547e-26
glucose,overweight,OR,2.01719851287857,1.5252536262518,2.66781194309238,2.80925107579259e-06,26491,"Age, years, Male sex, Ever smoking (past/current), Ever alcohol (past/current)",6.343263273878702e-06
hba1c,overweight,OR,1.86255632295769,1.67614873647058,2.06969464028264,3.50817966896346e-21,26491,"Age, years, Male sex, Ever smoking (past/current), Ever alcohol (past/current)",2.131852345686551e-20
homa_ir,overweight,OR,4.34973443755659,3.94792561447219,4.79243823842797,6.50641965253278e-57,26491,"Age, years, Male sex, Ever smoking (past/current), Ever alcohol (past/current)",3.386762650713115e-55
tg,overweight,OR,2.86159903638983,2.50112080783959,3.27403179382624,6.839925818612389e-30,26491,"Age, years, Male sex, Ever smoking (past/current), Ever alcohol (past/current)",7.02824585413782e-29
tchol,overweight,OR,1.18510366250604,1.13474255375977,1.23769985203407,5.329920449753929e-12,26491,"Age, years, Male sex, Ever smoking (past/current), Ever alcohol (past/current)",1.808333216057165e-11
hdl,overweight,OR,0.470301022362392,0.446977195453843,0.494841915616143,6.8257134431621695e-56,26491,"Age, years, Male sex, Ever smoking (past/current), Ever alcohol (past/current)",3.29299053428653e-54
ldl,overweight,OR,1.26887650727792,1.19353884035973,1.34896958211813,6.56953687868502e-12,26491,"Age, years, Male sex, Ever smoking (past/current), Ever alcohol (past/current)",2.208078835350717e-11
nonhdl,overweight,OR,1.59087869841632,1.51042714525886,1.67561543171355,8.86292635298664e-35,26491,"Age, years, Male sex, Ever smoking (past/current), Ever alcohol (past/current)",1.2302363737689525e-33
alt,overweight,OR,2.00296922373527,1.72745930086999,2.32241981574338,1.4640907201592402e-15,26491,"Age, years, Male sex, Ever smoking (past/current), Ever alcohol (past/current)",6.2819337190346575e-15
ast,overweight,OR,1.04956834113476,0.992926923954623,1.10944086229927,0.0900165675178943,26491,"Age, years, Male sex, Ever smoking (past/current), Ever alcohol (past/current)",0.11799388373120936
creatinine,overweight,OR,1.04051892638755,0.990682609042674,1.09286226112007,0.115736190493961,26491,"Age, years, Male sex, Ever smoking (past/current), Ever alcohol (past/current)",0.14879830016058163
egfr,overweight,OR,0.930275315792487,0.878487755908464,0.985115793990629,0.0150126716695096,26491,"Age, years, Male sex, Ever smoking (past/current), Ever alcohol (past/current)",0.022470726115996965
hemoglobin,overweight,OR,1.12924925131893,1.07225055686986,1.18927788233282,1.06320154032802e-05,26491,"Age, years, Male sex, Ever smoking (past/current), Ever alcohol (past/current)",2.2958653349004624e-05
platelet,overweight,OR,1.23874285327329,1.18618211124504,1.29363260665348,1.07920481029852e-16,26491,"Age, years, Male sex, Ever smoking (past/current), Ever alcohol (past/current)",5.028662225607709e-16
wbc,overweight,OR,1.85764179935176,1.74167126077734,1.98133432663904,1.71511713189052e-37,26491,"Age, years, Male sex, Ever smoking (past/current), Ever alcohol (past/current)",2.6400791337583257e-36
fib4,overweight,OR,0.783736308283282,0.690031322568826,0.890166258880577,0.000273703717159,26491,"Age, years, Male sex, Ever smoking (past/current), Ever alcohol (past/current)",0.0005163433023753
vitd,overweight,OR,0.753020939517651,0.72469117976231,0.782458171407617,4.618095300767079e-28,26491,"Age, years, Male sex, Ever smoking (past/current), Ever alcohol (past/current)",4.161545560326781e-27
fn_bmd,overweight,OR,2.61131781327319,2.41489203658933,2.82372073724202,3.77662805146285e-36,26491,"Age, years, Male sex, Ever smoking (past/current), Ever alcohol (past/current)",5.574753944622028e-35
ls_bmd,overweight,OR,1.90829594901873,1.78060108047334,2.04514838779792,8.98473699512598e-29,26491,"Age, years, Male sex, Ever smoking (past/current), Ever alcohol (past/current)",8.503258266200569e-28
insulin,overweight,OR,4.20415676372511,3.82771562783382,4.6176194400257,2.4529865602964398e-57,26491,"Age, years, Male sex, Ever smoking (past/current), Ever alcohol (past/current)",1.3293171003469475e-55
ggt,overweight,OR,1.42042364119855,1.16275378625643,1.73519393729224,0.0008122339740286,26491,"Age, years, Male sex, Ever smoking (past/current), Ever alcohol (past/current)",0.0014532779743361111
uric,overweight,OR,2.17290708956035,2.0704769523399,2.28040462586445,1.42934332507656e-59,26491,"Age, years, Male sex, Ever smoking (past/current), Ever alcohol (past/current)",9.269642940988314e-58
cap,overweight,OR,3.98438666538225,3.47636085591114,4.56665396869884,2.29346508090812e-09,26491,"Age, years, Male sex, Ever smoking (past/current), Ever alcohol (past/current)",6.622589678885054e-09
lsm,overweight,OR,2.14780990855988,1.1501591360918,4.01082533586014,0.0373766076125509,26491,"Age, years, Male sex, Ever smoking (past/current), Ever alcohol (past/current)",0.052601159628335586
dm,overweight,OR,3.21824144381254,2.78581554107638,3.7177902980148,3.6143322332926403e-31,26491,"Age, years, Male sex, Ever smoking (past/current), Ever alcohol (past/current)",4.016375931153282e-30
prediabetes,overweight,OR,1.54970676050926,1.41253359653888,1.70020100722043,1.03540412066641e-15,26491,"Age, years, Male sex, Ever smoking (past/current), Ever alcohol (past/current)",4.501163408083866e-15
htn,overweight,OR,2.19704545410856,2.01858065931155,2.39128850519424,3.33043496965369e-36,26491,"Age, years, Male sex, Ever smoking (past/current), Ever alcohol (past/current)",4.953082984943608e-35
mets,overweight,OR,12.3576637673039,10.3598456773604,14.7407460054604,4.08917269030417e-54,26491,"Age, years, Male sex, Ever smoking (past/current), Ever alcohol (past/current)",1.6506905268207447e-52
dyslipidemia,overweight,OR,3.01142205521054,2.76413762109279,3.28082897371197,1.44447364009924e-49,26491,"Age, years, Male sex, Ever smoking (past/current), Ever alcohol (past/current)",4.20171891193573e-48
low_hdl,overweight,OR,3.80212988214978,3.44645241981141,4.19451362729892,5.3244080796254e-52,26491,"Age, years, Male sex, Ever smoking (past/current), Ever alcohol (past/current)",1.8008000967389353e-50
high_tg,overweight,OR,3.35016584372515,2.89871223961381,3.87193010298875,2.9244115446114e-32,26491,"Age, years, Male sex, Ever smoking (past/current), Ever alcohol (past/current)",3.5928484690940054e-31
high_ldl,overweight,OR,1.63888004495522,1.32195367207334,2.03178663405039,1.55724839989419e-05,26491,"Age, years, Male sex, Ever smoking (past/current), Ever alcohol (past/current)",3.3138648036478835e-05
high_nonhdl,overweight,OR,2.41657500975717,2.05103763798941,2.84725870925877,9.29022619163266e-19,26491,"Age, years, Male sex, Ever smoking (past/current), Ever alcohol (past/current)",4.8937596290411195e-18
atherogenic_dyslipidemia,overweight,OR,4.80900260618791,3.71501434218448,6.22514583691308,4.72914659725068e-22,26491,"Age, years, Male sex, Ever smoking (past/current), Ever alcohol (past/current)",3.0420331607680794e-21
insulin_resistance,overweight,OR,7.87720411160231,6.76941871223186,9.16627368664961,4.57641228176089e-52,26491,"Age, years, Male sex, Ever smoking (past/current), Ever alcohol (past/current)",1.574285824925746e-50
ckd,overweight,OR,1.08033301584409,0.961237841918651,1.21418380990201,0.197273188739204,26491,"Age, years, Male sex, Ever smoking (past/current), Ever alcohol (past/current)",0.24191343293623402
high_alt,overweight,OR,2.77022531921587,2.32315197628413,3.30333460641667,1.13005137182015e-20,26491,"Age, years, Male sex, Ever smoking (past/current), Ever alcohol (past/current)",6.614476952260386e-20
high_ast,overweight,OR,1.37051792467586,1.13173777243637,1.65967720403486,0.0016158324978627,26491,"Age, years, Male sex, Ever smoking (past/current), Ever alcohol (past/current)",0.0027804407836210707
adv_fibrosis,overweight,OR,0.584952553772458,0.454464804103711,0.752906467289018,5.95073418189205e-05,26491,"Age, years, Male sex, Ever smoking (past/current), Ever alcohol (past/current)",0.00011951040557344557
anemia,overweight,OR,0.932129746445621,0.81521663193986,1.06580978621751,0.306088834244759,26491,"Age, years, Male sex, Ever smoking (past/current), Ever alcohol (past/current)",0.36016877699948446
leukocytosis,overweight,OR,2.14880297037503,1.77927165012523,2.59508108566087,1.2324339103056e-12,26491,"Age, years, Male sex, Ever smoking (past/current), Ever alcohol (past/current)",4.337641057979496e-12
vitd_deficiency,overweight,OR,1.55797797487737,1.42423097731348,1.70428491506453,1.05733395037486e-16,26491,"Age, years, Male sex, Ever smoking (past/current), Ever alcohol (past/current)",4.937619297959147e-16
osteoporosis,overweight,OR,0.243811391108431,0.200676188735386,0.296218474193827,1.4092846728325598e-22,26491,"Age, years, Male sex, Ever smoking (past/current), Ever alcohol (past/current)",9.385741019740079e-22
smoking,overweight,OR,0.932161637697329,0.861515630082462,1.00860075946782,0.0831707219038844,26491,"Age, years, Male sex",0.10978424286011568
alcohol,overweight,OR,0.902789785675233,0.831918049778215,0.979699139039976,0.0156462703197413,26491,"Age, years, Male sex",0.023383696783111665
current_smoking,overweight,OR,0.672962304894096,0.610564995715512,0.741736370388631,9.92792935014896e-13,26491,"Age, years, Male sex, Ever alcohol (past/current)",3.5350934751745533e-12
age,abdominal_obesity,OR,1.60036069516674,1.54328592565516,1.65954623965569,1.0094576425630899e-50,25279,unadjusted,3.1693765349044314e-49
men,abdominal_obesity,OR,0.415494185468389,0.38929363501492,0.443458106247802,1.4854819660235e-52,25279,unadjusted,5.294204196026096e-51
sbp,abdominal_obesity,OR,1.28471216078743,1.21945218070828,1.3534645820359,4.44979402102162e-16,25279,"Age, years, Male sex, Ever smoking (past/current), Ever alcohol (past/current)",1.9935883518869226e-15
dbp,abdominal_obesity,OR,1.30069813771927,1.25329929952551,1.34988956437372,1.21515468423865e-26,25279,"Age, years, Male sex, Ever smoking (past/current), Ever alcohol (past/current)",1.0206267369104245e-25
glucose,abdominal_obesity,OR,2.01378156120376,1.63375313545416,2.48220865701166,1.45944088784032e-09,25279,"Age, years, Male sex, Ever smoking (past/current), Ever alcohol (past/current)",4.2894117030433175e-09
hba1c,abdominal_obesity,OR,1.85497221713259,1.69517907992763,2.02982797928389,1.25935244249828e-25,25279,"Age, years, Male sex, Ever smoking (past/current), Ever alcohol (past/current)",9.865343094105337e-25
homa_ir,abdominal_obesity,OR,4.56426603049188,4.13970558203618,5.03236860309647,4.7081255886571304e-58,25279,"Age, years, Male sex, Ever smoking (past/current), Ever alcohol (past/current)",2.623288004046142e-56
tg,abdominal_obesity,OR,1.82994261802389,1.58433718386639,2.1136220366223,2.89715203298546e-13,25279,"Age, years, Male sex, Ever smoking (past/current), Ever alcohol (past/current)",1.0802199286041921e-12
tchol,abdominal_obesity,OR,1.08162350612916,1.0390104301793,1.12598427795305,0.0002089405796666,25279,"Age, years, Male sex, Ever smoking (past/current), Ever alcohol (past/current)",0.0003991158537716415
hdl,abdominal_obesity,OR,0.462262037506081,0.435714814686876,0.490426728943879,3.5570943383292e-50,25279,"Age, years, Male sex, Ever smoking (past/current), Ever alcohol (past/current)",1.0993644689398684e-48
ldl,abdominal_obesity,OR,1.10561141887632,1.04902941507963,1.16524531340899,0.0002786350534384,25279,"Age, years, Male sex, Ever smoking (past/current), Ever alcohol (past/current)",0.0005248953673344335
nonhdl,abdominal_obesity,OR,1.3915317652709,1.32833293884874,1.45773743699844,9.23237174993943e-27,25279,"Age, years, Male sex, Ever smoking (past/current), Ever alcohol (past/current)",7.820827118364108e-26
alt,abdominal_obesity,OR,1.59041375722256,1.45415231446949,1.73944358785109,7.99545842373005e-18,25279,"Age, years, Male sex, Ever smoking (past/current), Ever alcohol (past/current)",4.034443051565826e-17
ast,abdominal_obesity,OR,1.04041553292363,0.996874039186713,1.08585883331046,0.0718168928917809,25279,"Age, years, Male sex, Ever smoking (past/current), Ever alcohol (past/current)",0.09607968491034334
creatinine,abdominal_obesity,OR,0.99286833592757,0.95010130834818,1.03756044100333,0.750662577278871,25279,"Age, years, Male sex, Ever smoking (past/current), Ever alcohol (past/current)",0.7818907729634581
egfr,abdominal_obesity,OR,1.02314794142482,0.963129510121695,1.08690648458024,0.459781544827799,25279,"Age, years, Male sex, Ever smoking (past/current), Ever alcohol (past/current)",0.5180563347589783
hemoglobin,abdominal_obesity,OR,1.09873952538857,1.04740162344971,1.15259373064077,0.0001868320059193,25279,"Age, years, Male sex, Ever smoking (past/current), Ever alcohol (past/current)",0.00035844200553673654
platelet,abdominal_obesity,OR,1.23749503599052,1.18228151742794,1.29528707124909,1.92159440793197e-15,25279,"Age, years, Male sex, Ever smoking (past/current), Ever alcohol (past/current)",8.1564672508357e-15
wbc,abdominal_obesity,OR,2.12150813464314,2.00068003788738,2.24963346468415,1.9727967631345297e-49,25279,"Age, years, Male sex, Ever smoking (past/current), Ever alcohol (past/current)",5.69663065325562e-48
fib4,abdominal_obesity,OR,0.747942009027788,0.664602903950523,0.841731574663974,4.30729008022627e-06,25279,"Age, years, Male sex, Ever smoking (past/current), Ever alcohol (past/current)",9.594391642666174e-06
vitd,abdominal_obesity,OR,0.738277948995737,0.708161277955105,0.769675421321055,1.46382499551478e-27,25279,"Age, years, Male sex, Ever smoking (past/current), Ever alcohol (past/current)",1.2840114594803701e-26
fn_bmd,abdominal_obesity,OR,2.15041768318965,2.01729232146665,2.29232826743359,1.77345764591094e-35,25279,"Age, years, Male sex, Ever smoking (past/current), Ever alcohol (past/current)",2.5056423025798854e-34
ls_bmd,abdominal_obesity,OR,1.72146461862141,1.60296969354445,1.84871894028929,9.75770112687829e-24,25279,"Age, years, Male sex, Ever smoking (past/current), Ever alcohol (past/current)",6.9178253867259e-23
insulin,abdominal_obesity,OR,4.32603685955853,3.92563035474919,4.76728403315363,1.1942683974718598e-56,25279,"Age, years, Male sex, Ever smoking (past/current), Ever alcohol (past/current)",6.135747766751529e-55
ggt,abdominal_obesity,OR,1.37858651776327,1.2518235713248,1.51818581347479,1.74759535861755e-09,25279,"Age, years, Male sex, Ever smoking (past/current), Ever alcohol (past/current)",5.10220460420002e-09
uric,abdominal_obesity,OR,2.04780146586339,1.95835430166196,2.14133409875498,1.66854290177116e-59,25279,"Age, years, Male sex, Ever smoking (past/current), Ever alcohol (past/current)",1.0477390030804301e-57
cap,abdominal_obesity,OR,4.04261856720386,3.36805501143694,4.85228561422128,3.50180039332609e-08,25279,"Age, years, Male sex, Ever smoking (past/current), Ever alcohol (past/current)",9.284934554958454e-08
lsm,abdominal_obesity,OR,2.38781526404187,1.59813762753996,3.56769131577735,0.0016935124147498,25279,"Age, years, Male sex, Ever smoking (past/current), Ever alcohol (past/current)",0.0029090469443118576
dm,abdominal_obesity,OR,3.58958701159991,3.14398095054957,4.09835018612134,1.24026646352873e-37,25279,"Age, years, Male sex, Ever smoking (past/current), Ever alcohol (past/current)",1.9241153449881002e-36
prediabetes,abdominal_obesity,OR,1.46711395777942,1.34207157583491,1.60380668502882,9.19941851982438e-14,25279,"Age, years, Male sex, Ever smoking (past/current), Ever alcohol (past/current)",3.529864176956862e-13
htn,abdominal_obesity,OR,2.27350384011598,2.08278890538626,2.48168198786497,1.5164692811506597e-36,25279,"Age, years, Male sex, Ever smoking (past/current), Ever alcohol (past/current)",2.2810465689095094e-35
dyslipidemia,abdominal_obesity,OR,2.68969223677364,2.45791659488818,2.94332376599194,7.72919712538612e-43,25279,"Age, years, Male sex, Ever smoking (past/current), Ever alcohol (past/current)",1.6351178517661763e-41
low_hdl,abdominal_obesity,OR,3.32094057796377,3.04384206066897,3.62326497319723,1.41308235842313e-52,25279,"Age, years, Male sex, Ever smoking (past/current), Ever alcohol (past/current)",5.081958009019911e-51
high_tg,abdominal_obesity,OR,2.85401247907438,2.50709345120533,3.24893642348922,3.9333034956242102e-31,25279,"Age, years, Male sex, Ever smoking (past/current), Ever alcohol (past/current)",4.346410231477479e-30
high_ldl,abdominal_obesity,OR,1.18074760730814,0.982847489736347,1.41849567376713,0.0784296887963228,25279,"Age, years, Male sex, Ever smoking (past/current), Ever alcohol (past/current)",0.10415167803902417
high_nonhdl,abdominal_obesity,OR,1.71600248336414,1.50223760607562,1.96018559980296,1.16528743355814e-12,25279,"Age, years, Male sex, Ever smoking (past/current), Ever alcohol (past/current)",4.112289997462981e-12
atherogenic_dyslipidemia,abdominal_obesity,OR,3.469941411752,2.91264709451552,4.13386620839289,9.445243723643099e-27,25279,"Age, years, Male sex, Ever smoking (past/current), Ever alcohol (past/current)",7.984056446737628e-26
insulin_resistance,abdominal_obesity,OR,8.14039994487179,7.06541181099285,9.3789453516874,8.18057259749426e-56,25279,"Age, years, Male sex, Ever smoking (past/current), Ever alcohol (past/current)",3.8842404917166644e-54
ckd,abdominal_obesity,OR,1.25492017890495,1.12646838491503,1.3980193998446,6.99204964206662e-05,25279,"Age, years, Male sex, Ever smoking (past/current), Ever alcohol (past/current)",0.00013948839326281164
high_alt,abdominal_obesity,OR,2.29077539083928,1.97941369970228,2.65111426280629,3.91505703932548e-20,25279,"Age, years, Male sex, Ever smoking (past/current), Ever alcohol (past/current)",2.199995120393693e-19
high_ast,abdominal_obesity,OR,1.33423264427338,1.13182934416958,1.57283141510246,0.0008156427480977,25279,"Age, years, Male sex, Ever smoking (past/current), Ever alcohol (past/current)",0.0014587173198347654
adv_fibrosis,abdominal_obesity,OR,0.664050057905034,0.524550167078169,0.840648820798043,0.0009094633484957,25279,"Age, years, Male sex, Ever smoking (past/current), Ever alcohol (past/current)",0.0016177324670184304
anemia,abdominal_obesity,OR,0.960535966149475,0.849767074907953,1.08574381087505,0.520770542590223,25279,"Age, years, Male sex, Ever smoking (past/current), Ever alcohol (past/current)",0.5778873117775378
leukocytosis,abdominal_obesity,OR,2.50955395044653,2.15460501400979,2.92297706041314,8.178499182874129e-22,25279,"Age, years, Male sex, Ever smoking (past/current), Ever alcohol (past/current)",5.135578217055565e-21
vitd_deficiency,abdominal_obesity,OR,1.61809866207315,1.48874857840772,1.75868734195751,1.29995724958116e-20,25279,"Age, years, Male sex, Ever smoking (past/current), Ever alcohol (past/current)",7.562692469622161e-20
osteoporosis,abdominal_obesity,OR,0.278842237535646,0.222407563877081,0.349596893551957,3.38372870495945e-17,25279,"Age, years, Male sex, Ever smoking (past/current), Ever alcohol (past/current)",1.63843705713826e-16
smoking,abdominal_obesity,OR,1.08058799732738,1.00895332843547,1.15730865547432,0.0286531195585367,25279,"Age, years, Male sex",0.04103973243069196
alcohol,abdominal_obesity,OR,0.887468782306246,0.814047610602875,0.967512009506229,0.0077139690032598,25279,"Age, years, Male sex",0.012104903362513197
current_smoking,abdominal_obesity,OR,0.847821061678697,0.776919443656837,0.92519315676116,0.0003210401673348,25279,"Age, years, Male sex, Ever alcohol (past/current)",0.0006010576914228438
age,central_obesity,OR,2.28171365282473,2.16286290317844,2.4070953299148,8.98268720646285e-59,25250,unadjusted,5.225810380701035e-57
men,central_obesity,OR,1.00305511475568,0.921409839413179,1.09193490258178,0.943972038133528,25250,unadjusted,0.9526411690959787
sbp,central_obesity,OR,1.46757077543669,1.36248807288194,1.5807580438926,9.59377165537758e-18,25250,"Age, years, Male sex, Ever smoking (past/current), Ever alcohol (past/current)",4.822485472512542e-17
dbp,central_obesity,OR,1.32886731491529,1.26791896326252,1.39274542917656,6.4326742495995e-22,25250,"Age, years, Male sex, Ever smoking (past/current), Ever alcohol (past/current)",4.078150533880709e-21
glucose,central_obesity,OR,2.93966585353815,1.57441617819551,5.48878717720152,0.0009655946927249,25250,"Age, years, Male sex, Ever smoking (past/current), Ever alcohol (past/current)",0.0017114214177507635
hba1c,central_obesity,OR,2.10933617230562,1.75684600787557,2.53254927742766,9.19008706428073e-13,25250,"Age, years, Male sex, Ever smoking (past/current), Ever alcohol (past/current)",3.278267306248383e-12
homa_ir,central_obesity,OR,4.74282729333042,4.16653219929336,5.39883280829439,1.28270150414778e-46,25250,"Age, years, Male sex, Ever smoking (past/current), Ever alcohol (past/current)",3.232080987521413e-45
tg,central_obesity,OR,4.14813696493327,3.27526965629706,5.2536255287449,9.29884538990969e-22,25250,"Age, years, Male sex, Ever smoking (past/current), Ever alcohol (past/current)",5.829830802295204e-21
tchol,central_obesity,OR,1.32936282878395,1.25679424521222,1.40612159650211,2.5693050475819202e-17,25250,"Age, years, Male sex, Ever smoking (past/current), Ever alcohol (past/current)",1.2563869923651517e-16
hdl,central_obesity,OR,0.447162298181745,0.421673001565371,0.474192372224194,2.25603384307641e-52,25250,"Age, years, Male sex, Ever smoking (past/current), Ever alcohol (past/current)",7.968633824294891e-51
ldl,central_obesity,OR,1.43565854951352,1.32675459062023,1.55350166893166,4.72283178864976e-15,25250,"Age, years, Male sex, Ever smoking (past/current), Ever alcohol (past/current)",1.944175083860401e-14
nonhdl,central_obesity,OR,1.93454824625661,1.79987297856465,2.07930057379885,1.33108797200185e-35,25250,"Age, years, Male sex, Ever smoking (past/current), Ever alcohol (past/current)",1.9010050603752056e-34
alt,central_obesity,OR,2.45774174354805,1.95913044638147,3.0832528222587,3.0345829159456098e-12,25250,"Age, years, Male sex, Ever smoking (past/current), Ever alcohol (past/current)",1.0411804003018935e-11
ast,central_obesity,OR,1.03748722052229,0.967513742301508,1.11252138929478,0.303701120434634,25250,"Age, years, Male sex, Ever smoking (past/current), Ever alcohol (past/current)",0.3578914603632446
creatinine,central_obesity,OR,0.934917785123591,0.889304166768826,0.98287098790533,0.0096460465721778,25250,"Age, years, Male sex, Ever smoking (past/current), Ever alcohol (past/current)",0.014900335899857627
egfr,central_obesity,OR,1.16926995407346,1.09123285740625,1.25288770056707,2.27001414843726e-05,25250,"Age, years, Male sex, Ever smoking (past/current), Ever alcohol (past/current)",4.771151125080187e-05
hemoglobin,central_obesity,OR,1.06348227047226,0.997449380060257,1.1338866535167,0.0622906752498053,25250,"Age, years, Male sex, Ever smoking (past/current), Ever alcohol (past/current)",0.08418974045252398
platelet,central_obesity,OR,1.37074936194925,1.29356327557434,1.45254109231729,4.80206513719115e-19,25250,"Age, years, Male sex, Ever smoking (past/current), Ever alcohol (past/current)",2.5636936144032645e-18
wbc,central_obesity,OR,2.49508984808776,2.28523440034744,2.72421653948676,1.17856884585455e-40,25250,"Age, years, Male sex, Ever smoking (past/current), Ever alcohol (past/current)",2.168566676372372e-39
fib4,central_obesity,OR,0.777260400677766,0.662572654848484,0.911799975505952,0.0024645669256563,25250,"Age, years, Male sex, Ever smoking (past/current), Ever alcohol (past/current)",0.004119064958976055
vitd,central_obesity,OR,0.713235228215573,0.679885067492202,0.74822130252707,1.5796461732054e-26,25250,"Age, years, Male sex, Ever smoking (past/current), Ever alcohol (past/current)",1.3183713631224814e-25
fn_bmd,central_obesity,OR,1.93174010190979,1.73185153131328,2.15469961128638,1.60589236817316e-18,25250,"Age, years, Male sex, Ever smoking (past/current), Ever alcohol (past/current)",8.370105676538895e-18
ls_bmd,central_obesity,OR,1.53985456415694,1.40418104125695,1.68863701266927,9.936179706872721e-14,25250,"Age, years, Male sex, Ever smoking (past/current), Ever alcohol (past/current)",3.79782868796024e-13
insulin,central_obesity,OR,4.40595824304854,3.90083524813955,4.97649011163595,3.41044349051772e-47,25250,"Age, years, Male sex, Ever smoking (past/current), Ever alcohol (past/current)",8.934910230786823e-46
ggt,central_obesity,OR,2.31223934112958,1.69788113010165,3.14889580659115,4.95053286355022e-07,25250,"Age, years, Male sex, Ever smoking (past/current), Ever alcohol (past/current)",1.1978170035599186e-06
uric,central_obesity,OR,2.37593870358096,2.21605834879807,2.54735383038796,4.79082295758382e-48,25250,"Age, years, Male sex, Ever smoking (past/current), Ever alcohol (past/current)",1.3070686634621788e-46
cap,central_obesity,OR,4.99030973614901,4.09633693431993,6.07938059344183,1.92287629913602e-08,25250,"Age, years, Male sex, Ever smoking (past/current), Ever alcohol (past/current)",5.206638356866595e-08
lsm,central_obesity,OR,1.5773219027226,0.914378884071615,2.72091189784474,0.132412727754304,25250,"Age, years, Male sex, Ever smoking (past/current), Ever alcohol (past/current)",0.1676239203187285
dm,central_obesity,OR,4.76824747127294,3.46744983358895,6.55703327761425,1.56590404715078e-16,25250,"Age, years, Male sex, Ever smoking (past/current), Ever alcohol (past/current)",7.178118668051548e-16
prediabetes,central_obesity,OR,1.8307479548516,1.61144070088339,2.07990158890486,9.036023480084819e-16,25250,"Age, years, Male sex, Ever smoking (past/current), Ever alcohol (past/current)",3.945530782253372e-15
htn,central_obesity,OR,2.51814070894714,2.216144477224,2.86129027020827,2.63306287053729e-27,25250,"Age, years, Male sex, Ever smoking (past/current), Ever alcohol (past/current)",2.2842975254047193e-26
dyslipidemia,central_obesity,OR,3.81810955715001,3.40132371744346,4.28596681804738,4.30757878187866e-45,25250,"Age, years, Male sex, Ever smoking (past/current), Ever alcohol (past/current)",9.850162809891318e-44
low_hdl,central_obesity,OR,4.7052886271614,4.05012431670758,5.46643493721009,2.3722112653375e-40,25250,"Age, years, Male sex, Ever smoking (past/current), Ever alcohol (past/current)",4.246365504830385e-39
high_tg,central_obesity,OR,5.15638576400005,3.97285326917656,6.69249839994551,5.22974319176689e-23,25250,"Age, years, Male sex, Ever smoking (past/current), Ever alcohol (past/current)",3.6079224203781915e-22
high_ldl,central_obesity,OR,2.13447139184421,1.50534864219847,3.02652023251415,4.17651046376741e-05,25250,"Age, years, Male sex, Ever smoking (past/current), Ever alcohol (past/current)",8.55190237819041e-05
high_nonhdl,central_obesity,OR,3.5250271413322,2.73713680359415,4.53971329851406,6.85584238747386e-17,25250,"Age, years, Male sex, Ever smoking (past/current), Ever alcohol (past/current)",3.2520038950655386e-16
atherogenic_dyslipidemia,central_obesity,OR,8.53626201437992,5.51660761766793,13.2088004491698,1.42795185556971e-16,25250,"Age, years, Male sex, Ever smoking (past/current), Ever alcohol (past/current)",6.576225309236057e-16
insulin_resistance,central_obesity,OR,9.68733575889321,7.71874048850954,12.1580035298806,4.77865643538048e-39,25250,"Age, years, Male sex, Ever smoking (past/current), Ever alcohol (past/current)",7.909776091366184e-38
ckd,central_obesity,OR,1.17515213458054,0.995410392047763,1.38734993168822,0.0591037451959597,25250,"Age, years, Male sex, Ever smoking (past/current), Ever alcohol (past/current)",0.08032099484548834
high_alt,central_obesity,OR,3.82458213143598,2.96322873516662,4.93631433392432,3.49324666416636e-18,25250,"Age, years, Male sex, Ever smoking (past/current), Ever alcohol (past/current)",1.7877469344685795e-17
high_ast,central_obesity,OR,1.45549364721902,1.10835768745736,1.9113520671786,0.0079431022398183,25250,"Age, years, Male sex, Ever smoking (past/current), Ever alcohol (past/current)",0.01243486840550898
adv_fibrosis,central_obesity,OR,0.559578107566606,0.36809005815643,0.850682194558898,0.0075764017611528,25250,"Age, years, Male sex, Ever smoking (past/current), Ever alcohol (past/current)",0.011912657141144863
anemia,central_obesity,OR,1.16900521872648,0.969380733692041,1.40973835554264,0.104798389620779,25250,"Age, years, Male sex, Ever smoking (past/current), Ever alcohol (past/current)",0.1358395902161867
leukocytosis,central_obesity,OR,3.35491451377358,2.59958067618991,4.32971805715422,8.47711435192812e-16,25250,"Age, years, Male sex, Ever smoking (past/current), Ever alcohol (past/current)",3.71378343036851e-15
vitd_deficiency,central_obesity,OR,1.70297210152954,1.52278043244581,1.90448597630713,7.22904777249833e-16,25250,"Age, years, Male sex, Ever smoking (past/current), Ever alcohol (past/current)",3.1740413971146942e-15
osteoporosis,central_obesity,OR,0.363859667469225,0.265574503564337,0.498518705048589,2.15882684711136e-08,25250,"Age, years, Male sex, Ever smoking (past/current), Ever alcohol (past/current)",5.825592774333247e-08
smoking,central_obesity,OR,0.975419518252727,0.88760778078077,1.07191854013657,0.606047101063447,25250,"Age, years, Male sex",0.65577744305443
alcohol,central_obesity,OR,0.793015660528098,0.701734735129133,0.896170313882339,0.000306626262774,25250,"Age, years, Male sex",0.0005751605004902532
current_smoking,central_obesity,OR,0.79393358266382,0.703341104949907,0.89619464758327,0.0002906963639594,25250,"Age, years, Male sex, Ever alcohol (past/current)",0.0005463158269944828
age,high_bodyfat,OR,1.60555741765228,1.50728715948968,1.71023457948851,6.55500454009171e-24,8785,unadjusted,4.680793855704478e-23
men,high_bodyfat,OR,0.638314372962747,0.571785426714771,0.712584161285514,1.1297055134750099e-11,8785,unadjusted,3.742977396404639e-11
sbp,high_bodyfat,OR,1.29990161058759,1.19776947151884,1.41074241528757,2.25578837408813e-08,8785,"Age, years, Male sex, Ever smoking (past/current), Ever alcohol (past/current)",6.078950141616242e-08
dbp,high_bodyfat,OR,1.36524618162048,1.26661759034926,1.47155475388222,8.47690955890032e-12,8785,"Age, years, Male sex, Ever smoking (past/current), Ever alcohol (past/current)",2.8275425139131256e-11
glucose,high_bodyfat,OR,2.00323621470598,1.31774722907429,3.04531494612107,0.0017494678365251,8785,"Age, years, Male sex, Ever smoking (past/current), Ever alcohol (past/current)",0.0029986545759503012
hba1c,high_bodyfat,OR,1.5292885975244,1.3306439203451,1.75758787062402,7.73521131851804e-08,8785,"Age, years, Male sex, Ever smoking (past/current), Ever alcohol (past/current)",1.9935176531633464e-07
homa_ir,high_bodyfat,OR,4.30101847798252,3.52389179557556,5.24952553060036,8.33369686245569e-23,8785,"Age, years, Male sex, Ever smoking (past/current), Ever alcohol (past/current)",5.635573468012771e-22
tg,high_bodyfat,OR,2.3615722876522,1.9026469436507,2.93119208921965,3.70450996923999e-11,8785,"Age, years, Male sex, Ever smoking (past/current), Ever alcohol (past/current)",1.1973073070517484e-10
tchol,high_bodyfat,OR,1.25018123331925,1.15012634238621,1.35894036902148,1.49605691395196e-06,8785,"Age, years, Male sex, Ever smoking (past/current), Ever alcohol (past/current)",3.4630784971292883e-06
hdl,high_bodyfat,OR,0.475111314609979,0.441848029847515,0.510878732102357,3.0281370817068804e-31,8785,"Age, years, Male sex, Ever smoking (past/current), Ever alcohol (past/current)",3.383985959105203e-30
ldl,high_bodyfat,OR,1.29306728194682,1.14977275846698,1.45422039557684,5.49047082585285e-05,8785,"Age, years, Male sex, Ever smoking (past/current), Ever alcohol (past/current)",0.00011059217203194437
nonhdl,high_bodyfat,OR,1.70922771946638,1.55228117885503,1.88204265875795,6.58553408273627e-17,8785,"Age, years, Male sex, Ever smoking (past/current), Ever alcohol (past/current)",3.135062915921141e-16
alt,high_bodyfat,OR,1.5098238132658,1.2378513034212,1.84155232603798,0.0001208647475341,8785,"Age, years, Male sex, Ever smoking (past/current), Ever alcohol (past/current)",0.0002364693082318989
ast,high_bodyfat,OR,0.978281694022677,0.90430320402144,1.05831215526379,0.585855422631784,8785,"Age, years, Male sex, Ever smoking (past/current), Ever alcohol (past/current)",0.6372661688397264
creatinine,high_bodyfat,OR,0.878931800455648,0.760217322765066,1.0161845655429,0.086702352521118,8785,"Age, years, Male sex, Ever smoking (past/current), Ever alcohol (past/current)",0.11402742904705546
egfr,high_bodyfat,OR,1.22658894207966,1.13843155921291,1.32157301917411,1.52359119010291e-06,8785,"Age, years, Male sex, Ever smoking (past/current), Ever alcohol (past/current)",3.522692430185337e-06
hemoglobin,high_bodyfat,OR,1.17026865418702,1.07414093873509,1.27499909330841,0.000589637912024,8785,"Age, years, Male sex, Ever smoking (past/current), Ever alcohol (past/current)",0.0010774168960586347
platelet,high_bodyfat,OR,1.37285161207679,1.27493321680164,1.47829041077928,2.82128205011398e-12,8785,"Age, years, Male sex, Ever smoking (past/current), Ever alcohol (past/current)",9.696778271286625e-12
wbc,high_bodyfat,OR,1.55162073257465,1.45776221395633,1.65152236400854,6.60110212098585e-22,8785,"Age, years, Male sex, Ever smoking (past/current), Ever alcohol (past/current)",4.1782335984992034e-21
fib4,high_bodyfat,OR,0.73023362552669,0.564540066688781,0.94455855184468,0.0192529549185042,8785,"Age, years, Male sex, Ever smoking (past/current), Ever alcohol (past/current)",0.028282469237876945
vitd,high_bodyfat,OR,0.680944585270141,0.639855019930311,0.724672798940025,5.05400805663056e-19,8785,"Age, years, Male sex, Ever smoking (past/current), Ever alcohol (past/current)",2.6945627859879373e-18
fn_bmd,high_bodyfat,OR,1.48248257533106,1.2956215098779,1.69629368562068,1.14069070701689e-06,8785,"Age, years, Male sex, Ever smoking (past/current), Ever alcohol (past/current)",2.674909565476477e-06
ls_bmd,high_bodyfat,OR,1.33267148568008,1.18005421226683,1.50502686256516,3.84199833865416e-05,8785,"Age, years, Male sex, Ever smoking (past/current), Ever alcohol (past/current)",7.916117410268676e-05
insulin,high_bodyfat,OR,4.16925382027807,3.40716142336196,5.10180624220359,5.1759284690230195e-22,8785,"Age, years, Male sex, Ever smoking (past/current), Ever alcohol (past/current)",3.318634201532426e-21
ggt,high_bodyfat,OR,1.35187953475579,0.860601266367039,2.12360630632874,0.194874844271267,8785,"Age, years, Male sex, Ever smoking (past/current), Ever alcohol (past/current)",0.2392690515012825
uric,high_bodyfat,OR,2.03375553458465,1.85840704878735,2.22564888416273,1.5692525611054e-24,8785,"Age, years, Male sex, Ever smoking (past/current), Ever alcohol (past/current)",1.1625399123095435e-23
cap,high_bodyfat,OR,4.5394364644011,3.40313460783786,6.0551479118325,1.22056727257826e-06,8785,"Age, years, Male sex, Ever smoking (past/current), Ever alcohol (past/current)",2.8453530526338223e-06
lsm,high_bodyfat,OR,1.30730757404911,0.864267544017119,1.97745837501024,0.233136715284287,8785,"Age, years, Male sex, Ever smoking (past/current), Ever alcohol (past/current)",0.28187311909066
dm,high_bodyfat,OR,2.5233043509588,1.95388820536966,3.25866384272635,7.43355698148416e-10,8785,"Age, years, Male sex, Ever smoking (past/current), Ever alcohol (past/current)",2.226128040783599e-09
prediabetes,high_bodyfat,OR,1.80876327287128,1.57064457585449,2.08298212567165,5.7291788146547996e-12,8785,"Age, years, Male sex, Ever smoking (past/current), Ever alcohol (past/current)",1.9404650163334235e-11
htn,high_bodyfat,OR,1.81575495119263,1.52502596607466,2.16190813541803,3.9261720496197105e-09,8785,"Age, years, Male sex, Ever smoking (past/current), Ever alcohol (past/current)",1.1126029103363592e-08
mets,high_bodyfat,OR,7.51311137447426,5.58523364119792,10.1064424787694,3.9904296240737304e-21,8785,"Age, years, Male sex, Ever smoking (past/current), Ever alcohol (past/current)",2.4174792638339473e-20
dyslipidemia,high_bodyfat,OR,2.92422526190203,2.47252102194028,3.45845123518328,8.986632932057621e-20,8785,"Age, years, Male sex, Ever smoking (past/current), Ever alcohol (past/current)",4.965240206594965e-19
low_hdl,high_bodyfat,OR,3.19286415608342,2.70689347071958,3.76608153570679,7.08341057715362e-22,8785,"Age, years, Male sex, Ever smoking (past/current), Ever alcohol (past/current)",4.4620974909585536e-21
high_tg,high_bodyfat,OR,3.54662805743477,2.74125951020465,4.58860991852772,1.39769886190424e-14,8785,"Age, years, Male sex, Ever smoking (past/current), Ever alcohol (past/current)",5.602124313772212e-14
high_ldl,high_bodyfat,OR,1.54693316705759,1.06754375210399,2.24159639230386,0.0240295866148186,8785,"Age, years, Male sex, Ever smoking (past/current), Ever alcohol (past/current)",0.03483365505614598
high_nonhdl,high_bodyfat,OR,2.13760446911351,1.6119915774356,2.83460095594487,1.33212978740504e-06,8785,"Age, years, Male sex, Ever smoking (past/current), Ever alcohol (past/current)",3.098121951190087e-06
atherogenic_dyslipidemia,high_bodyfat,OR,3.68720355363145,2.58298450721002,5.26347332241547,5.01835191371827e-10,8785,"Age, years, Male sex, Ever smoking (past/current), Ever alcohol (past/current)",1.5201072106178773e-09
insulin_resistance,high_bodyfat,OR,7.81474353968551,5.7956034336546,10.5373352904767,2.22468104932646e-21,8785,"Age, years, Male sex, Ever smoking (past/current), Ever alcohol (past/current)",1.3644710435868957e-20
ckd,high_bodyfat,OR,1.01866111534088,0.820314231751924,1.26496704280188,0.867571418004076,8785,"Age, years, Male sex, Ever smoking (past/current), Ever alcohol (past/current)",0.8879950055447134
high_alt,high_bodyfat,OR,2.49842933357724,1.88410372564146,3.31306023650796,1.63827607061025e-08,8785,"Age, years, Male sex, Ever smoking (past/current), Ever alcohol (past/current)",4.459575128828556e-08
high_ast,high_bodyfat,OR,1.37567374061712,0.982253889427939,1.92666912393259,0.06757258016105,8785,"Age, years, Male sex, Ever smoking (past/current), Ever alcohol (past/current)",0.09080065459141093
adv_fibrosis,high_bodyfat,OR,0.559644105579317,0.243855793047811,1.28437188633147,0.175094353055833,8785,"Age, years, Male sex, Ever smoking (past/current), Ever alcohol (past/current)",0.2167991426256261
steatosis,high_bodyfat,OR,10.3332561032912,6.81767407032894,15.6616729686307,6.55249996981627e-07,8785,"Age, years, Male sex, Ever smoking (past/current), Ever alcohol (past/current)",1.5653194372338867e-06
masld,high_bodyfat,OR,12.5732872465542,7.72725228561995,20.4584432267801,1.33440890585766e-06,8785,"Age, years, Male sex, Ever smoking (past/current), Ever alcohol (past/current)",3.101599078479966e-06
anemia,high_bodyfat,OR,0.921612512381119,0.71303187782945,1.1912084850442,0.534910254800029,8785,"Age, years, Male sex, Ever smoking (past/current), Ever alcohol (past/current)",0.5912559284685428
leukocytosis,high_bodyfat,OR,2.20878070064616,1.67928750410339,2.90522746797417,2.80687255372281e-07,8785,"Age, years, Male sex, Ever smoking (past/current), Ever alcohol (past/current)",6.918372475094975e-07
vitd_deficiency,high_bodyfat,OR,1.81143454603978,1.58412176478193,2.07136546415548,8.091885331419499e-13,8785,"Age, years, Male sex, Ever smoking (past/current), Ever alcohol (past/current)",2.9074930400631733e-12
osteoporosis,high_bodyfat,OR,0.351808716440407,0.177746660391157,0.69632460430522,0.0046416847709829,8785,"Age, years, Male sex, Ever smoking (past/current), Ever alcohol (past/current)",0.007519453298119718
smoking,high_bodyfat,OR,0.933076442065584,0.818058762324796,1.06426541323703,0.305422903388747,8785,"Age, years, Male sex",0.35949211716926005
alcohol,high_bodyfat,OR,0.635618342064448,0.531636312831047,0.759938076120753,4.16204921120102e-06,8785,"Age, years, Male sex",9.286557630857999e-06
current_smoking,high_bodyfat,OR,0.824804129782365,0.721188792554378,0.943306190458788,0.0063171100288352,8785,"Age, years, Male sex, Ever alcohol (past/current)",0.010059045304034666
age,sarcopenia,OR,1.00371389127001,0.837347191525898,1.20313483549461,0.968124342018755,8809,unadjusted,0.9742813271498841
men,sarcopenia,OR,0.739104916586311,0.542028969527386,1.00783557417305,0.059818641240113,8809,unadjusted,0.08112531530541207
sbp,sarcopenia,OR,1.16548345420788,0.890438872585856,1.52548560474191,0.268587601732492,8809,"Age, years, Male sex, Body mass index, kg/m2, Ever smoking (past/current), Ever alcohol (past/current)",0.32061935801259456
dbp,sarcopenia,OR,1.31495801187997,1.01678066004503,1.70057775580699,0.0404947786180083,8809,"Age, years, Male sex, Body mass index, kg/m2, Ever smoking (past/current), Ever alcohol (past/current)",0.05658684006105293
glucose,sarcopenia,OR,1.61247451616233,1.28506424171338,2.0233027897549,9.90690062282376e-05,8809,"Age, years, Male sex, Body mass index, kg/m2, Ever smoking (past/current), Ever alcohol (past/current)",0.00019517778318670716
hba1c,sarcopenia,OR,1.40617084522504,1.07737556389557,1.83530842189454,0.0144122424948358,8809,"Age, years, Male sex, Body mass index, kg/m2, Ever smoking (past/current), Ever alcohol (past/current)",0.021645721833549895
homa_ir,sarcopenia,OR,2.45261046790323,1.68080115358188,3.57882792646209,1.47489167896175e-05,8809,"Age, years, Male sex, Body mass index, kg/m2, Ever smoking (past/current), Ever alcohol (past/current)",3.141987873975597e-05
tg,sarcopenia,OR,1.514378964786,1.27501451499008,1.79868042443749,1.11738229333591e-05,8809,"Age, years, Male sex, Body mass index, kg/m2, Ever smoking (past/current), Ever alcohol (past/current)",2.403678277562186e-05
tchol,sarcopenia,OR,0.961887236263862,0.73984751021473,1.25056453189766,0.772515271132074,8809,"Age, years, Male sex, Body mass index, kg/m2, Ever smoking (past/current), Ever alcohol (past/current)",0.8022747924215861
hdl,sarcopenia,OR,0.720735148627453,0.575339934215272,0.902873455456463,0.0057372707063232,8809,"Age, years, Male sex, Body mass index, kg/m2, Ever smoking (past/current), Ever alcohol (past/current)",0.009196370710783865
ldl,sarcopenia,OR,0.897699774081331,0.625836079276926,1.28766127596342,0.559503116225627,8809,"Age, years, Male sex, Body mass index, kg/m2, Ever smoking (past/current), Ever alcohol (past/current)",0.6141493695306828
nonhdl,sarcopenia,OR,1.16122711327503,0.91704553766022,1.47042687983145,0.218681408018863,8809,"Age, years, Male sex, Body mass index, kg/m2, Ever smoking (past/current), Ever alcohol (past/current)",0.2661038603883796
alt,sarcopenia,OR,0.995027422389371,0.814668629520454,1.21531569454152,0.961171590003748,8809,"Age, years, Male sex, Body mass index, kg/m2, Ever smoking (past/current), Ever alcohol (past/current)",0.9677767396423586
ast,sarcopenia,OR,0.944575323348397,0.756633371018427,1.17920062166674,0.616000898985503,8809,"Age, years, Male sex, Body mass index, kg/m2, Ever smoking (past/current), Ever alcohol (past/current)",0.6640053287157085
creatinine,sarcopenia,OR,0.36352101191756,0.137881469008889,0.958413970024115,0.0454758037019058,8809,"Age, years, Male sex, Body mass index, kg/m2, Ever smoking (past/current), Ever alcohol (past/current)",0.0630351364557601
egfr,sarcopenia,OR,1.65084467839145,1.06678533450802,2.5546734324298,0.0283829593137535,8809,"Age, years, Male sex, Body mass index, kg/m2, Ever smoking (past/current), Ever alcohol (past/current)",0.04066750707903254
hemoglobin,sarcopenia,OR,1.01052236848123,0.780495016772483,1.30834334013255,0.936914753818875,8809,"Age, years, Male sex, Body mass index, kg/m2, Ever smoking (past/current), Ever alcohol (past/current)",0.94600172692891
platelet,sarcopenia,OR,1.03635459513216,0.848198326325031,1.26624966534063,0.727868000566898,8809,"Age, years, Male sex, Body mass index, kg/m2, Ever smoking (past/current), Ever alcohol (past/current)",0.7637497988198114
wbc,sarcopenia,OR,1.26204774822367,1.06861304356957,1.49049698427413,0.0077267655734402,8809,"Age, years, Male sex, Body mass index, kg/m2, Ever smoking (past/current), Ever alcohol (past/current)",0.012120176292041804
fib4,sarcopenia,OR,0.861148934932505,0.653386240133846,1.13497567378137,0.292195827636815,8809,"Age, years, Male sex, Body mass index, kg/m2, Ever smoking (past/current), Ever alcohol (past/current)",0.34556851842488495
vitd,sarcopenia,OR,0.863679316110622,0.69985557460448,1.06585128152887,0.176342607690576,8809,"Age, years, Male sex, Body mass index, kg/m2, Ever smoking (past/current), Ever alcohol (past/current)",0.2182081188689142
fn_bmd,sarcopenia,OR,0.458138449886134,0.312147932742874,0.672408230994,0.0002843614756036,8809,"Age, years, Male sex, Body mass index, kg/m2, Ever smoking (past/current), Ever alcohol (past/current)",0.0005351731672159094
ls_bmd,sarcopenia,OR,0.720688846299688,0.464852106271301,1.1173282989873,0.1511792648599,8809,"Age, years, Male sex, Body mass index, kg/m2, Ever smoking (past/current), Ever alcohol (past/current)",0.18943257918487755
insulin,sarcopenia,OR,2.16209284182647,1.53086323126108,3.05360097572296,4.05034857273855e-05,8809,"Age, years, Male sex, Body mass index, kg/m2, Ever smoking (past/current), Ever alcohol (past/current)",8.315090271797459e-05
ggt,sarcopenia,OR,1.10498376175445,0.986096962216948,1.2382039094776,0.0899844254723519,8809,"Age, years, Male sex, Body mass index, kg/m2, Ever smoking (past/current), Ever alcohol (past/current)",0.11799084758655091
uric,sarcopenia,OR,1.28344952961749,0.946278446208825,1.74075897181731,0.112958172615853,8809,"Age, years, Male sex, Body mass index, kg/m2, Ever smoking (past/current), Ever alcohol (past/current)",0.14574772696292057
cap,sarcopenia,OR,4.56548640972798,2.07196272129683,10.059865432504,0.0044345641453848,8809,"Age, years, Male sex, Body mass index, kg/m2, Ever smoking (past/current), Ever alcohol (past/current)",0.007201615664672523
lsm,sarcopenia,OR,0.484418523776159,0.199222239711897,1.17788709993837,0.144319187728732,8809,"Age, years, Male sex, Body mass index, kg/m2, Ever smoking (past/current), Ever alcohol (past/current)",0.18136172384207871
dm,sarcopenia,OR,7.1445724527878,2.9132439284751,17.5216757629538,5.42397554460208e-05,8809,"Age, years, Male sex, Body mass index, kg/m2, Ever smoking (past/current), Ever alcohol (past/current)",0.00010930844245769653
prediabetes,sarcopenia,OR,1.26375468942011,0.686278407006439,2.3271545465022,0.454859404206497,8809,"Age, years, Male sex, Body mass index, kg/m2, Ever smoking (past/current), Ever alcohol (past/current)",0.5132412444497725
htn,sarcopenia,OR,2.10042405105677,1.10478092372723,3.99335388537808,0.0266315989621434,8809,"Age, years, Male sex, Body mass index, kg/m2, Ever smoking (past/current), Ever alcohol (past/current)",0.03836657155653288
mets,sarcopenia,OR,9.33203147564388,3.31925505914915,26.236854327408,6.74957573066444e-05,8809,"Age, years, Male sex, Body mass index, kg/m2, Ever smoking (past/current), Ever alcohol (past/current)",0.00013485515954802285
dyslipidemia,sarcopenia,OR,2.34620086412746,1.53627241615943,3.58312655810984,0.0001837809254821,8809,"Age, years, Male sex, Body mass index, kg/m2, Ever smoking (past/current), Ever alcohol (past/current)",0.00035293074815882894
low_hdl,sarcopenia,OR,1.58044892186234,0.871886205126639,2.86484495330791,0.135930106441869,8809,"Age, years, Male sex, Body mass index, kg/m2, Ever smoking (past/current), Ever alcohol (past/current)",0.17169205015454464
high_tg,sarcopenia,OR,4.84818261604662,2.14620960504478,10.9518076069025,0.0003058786043749,8809,"Age, years, Male sex, Body mass index, kg/m2, Ever smoking (past/current), Ever alcohol (past/current)",0.0005740302461608655
high_ldl,sarcopenia,OR,0.720958214331685,0.289967910797631,1.79254575233012,0.48370116060942,8809,"Age, years, Male sex, Body mass index, kg/m2, Ever smoking (past/current), Ever alcohol (past/current)",0.5414606087636857
high_nonhdl,sarcopenia,OR,0.921572308368908,0.523717000899009,1.62166879840544,0.777798509682162,8809,"Age, years, Male sex, Body mass index, kg/m2, Ever smoking (past/current), Ever alcohol (past/current)",0.8069685036198879
atherogenic_dyslipidemia,sarcopenia,OR,1.62991479194416,0.203474303231687,13.0563033602007,0.646793974673555,8809,"Age, years, Male sex, Body mass index, kg/m2, Ever smoking (past/current), Ever alcohol (past/current)",0.6914894664694443
insulin_resistance,sarcopenia,OR,3.64295075328133,1.61598488913067,8.2123850786577,0.0026352074949431,8809,"Age, years, Male sex, Body mass index, kg/m2, Ever smoking (past/current), Ever alcohol (past/current)",0.004393943300119402
ckd,sarcopenia,OR,1.24489259040395,0.626337520714203,2.47431697828912,0.533960792186328,8809,"Age, years, Male sex, Body mass index, kg/m2, Ever smoking (past/current), Ever alcohol (past/current)",0.5903714069002552
high_alt,sarcopenia,OR,1.28134320409522,0.464246487280335,3.53657044622843,0.633691352874133,8809,"Age, years, Male sex, Body mass index, kg/m2, Ever smoking (past/current), Ever alcohol (past/current)",0.6808481781559126
high_ast,sarcopenia,OR,0.999723261179306,0.368465286093669,2.71245796188494,0.999567875228082,8809,"Age, years, Male sex, Body mass index, kg/m2, Ever smoking (past/current), Ever alcohol (past/current)",0.999567875228082
adv_fibrosis,sarcopenia,OR,0.748781279805471,0.14924339500778,3.75677198282638,0.726198197011866,8809,"Age, years, Male sex, Body mass index, kg/m2, Ever smoking (past/current), Ever alcohol (past/current)",0.7626334131613862
anemia,sarcopenia,OR,0.734488979134584,0.377240279117194,1.43005423952241,0.367088840933326,8809,"Age, years, Male sex, Body mass index, kg/m2, Ever smoking (past/current), Ever alcohol (past/current)",0.4231362047588105
leukocytosis,sarcopenia,OR,2.80874878215173,0.942644739332093,8.3690805157716,0.0678979830382058,8809,"Age, years, Male sex, Body mass index, kg/m2, Ever smoking (past/current), Ever alcohol (past/current)",0.09120693409138951
vitd_deficiency,sarcopenia,OR,1.42916479754064,0.925885556561354,2.20600915961479,0.11133045627806,8809,"Age, years, Male sex, Body mass index, kg/m2, Ever smoking (past/current), Ever alcohol (past/current)",0.1438351682024838
osteoporosis,sarcopenia,OR,2.7953065426337,1.1640511365629,6.71253901298736,0.026893223183188,8809,"Age, years, Male sex, Body mass index, kg/m2, Ever smoking (past/current), Ever alcohol (past/current)",0.0387293741946457
smoking,sarcopenia,OR,1.3855982957854,0.967100892765283,1.98519373898394,0.0795683402168358,8809,"Age, years, Male sex",0.10552207639886102
alcohol,sarcopenia,OR,0.799390252232065,0.569564117900879,1.12195406150015,0.199468150614197,8809,"Age, years, Male sex",0.24437782713835968
current_smoking,sarcopenia,OR,1.02992859828105,0.623349214814014,1.70169929206322,0.908681051474844,8809,"Age, years, Male sex, Body mass index, kg/m2, Ever alcohol (past/current)",0.9233861391303577
age,mets,OR,1.92146878147919,1.82040428964748,2.02814413215545,1.15147980915943e-47,10955,unadjusted,3.0778744088072336e-46
men,mets,OR,1.04511262343639,0.944294414155814,1.1566947546148,0.395565940741571,10955,unadjusted,0.45292586442073945
bmi,mets,OR,3.77412331304563,3.41308819781094,4.17334857950939,1.01924004500236e-50,10955,"Age, years, Male sex, Ever smoking (past/current), Ever alcohol (past/current)",3.1748926126215244e-49
height,mets,OR,1.11575330772481,1.02726897715238,1.21185928066258,0.0105553413578317,10955,"Age, years, Male sex, Ever smoking (past/current), Ever alcohol (past/current)",0.016184856748675272
weight,mets,OR,3.69567055039593,3.36921082027396,4.05376260068914,1.00925020524705e-53,10955,"Age, years, Male sex, Ever smoking (past/current), Ever alcohol (past/current)",3.9143076587816964e-52
hba1c,mets,OR,2.73852066275541,2.28139854299188,3.28723599976676,2.14073476710466e-19,10955,"Age, years, Male sex, Ever smoking (past/current), Ever alcohol (past/current)",1.16010229296795e-18
tchol,mets,OR,1.04854139263928,0.985009308460687,1.11617123070243,0.139827320498584,10955,"Age, years, Male sex, Ever smoking (past/current), Ever alcohol (past/current)",0.17610852591289347
ldl,mets,OR,1.0305889900334,0.971953209544832,1.09276213705334,0.315426120925127,10955,"Age, years, Male sex, Ever smoking (past/current), Ever alcohol (past/current)",0.3700175846051037
alt,mets,OR,1.71080617359835,1.53435142849051,1.90755371245142,1.14140228991836e-16,10955,"Age, years, Male sex, Ever smoking (past/current), Ever alcohol (past/current)",5.305978212593457e-16
ast,mets,OR,1.13795926324427,1.0603978038572,1.22119385771363,0.0004844230769892,10955,"Age, years, Male sex, Ever smoking (past/current), Ever alcohol (past/current)",0.0008938328789968635
creatinine,mets,OR,0.999082098936229,0.950504310213023,1.0501425713589,0.971263292621751,10955,"Age, years, Male sex, Ever smoking (past/current), Ever alcohol (past/current)",0.9768246986233786
egfr,mets,OR,1.00577428652787,0.933193551720779,1.08400011291905,0.880529789852933,10955,"Age, years, Male sex, Ever smoking (past/current), Ever alcohol (past/current)",0.8996321923187507
hemoglobin,mets,OR,1.12676217245951,1.05407711355231,1.20445931038865,0.0006379693827582,10955,"Age, years, Male sex, Ever smoking (past/current), Ever alcohol (past/current)",0.0011603709784788227
platelet,mets,OR,1.21891066295588,1.14894532978769,1.29313655380112,1.4371754662657102e-09,10955,"Age, years, Male sex, Ever smoking (past/current), Ever alcohol (past/current)",4.227112375127992e-09
wbc,mets,OR,1.87468343395741,1.74298454403449,2.01633341476423,1.9590468190411098e-33,10955,"Age, years, Male sex, Ever smoking (past/current), Ever alcohol (past/current)",2.5747472478826016e-32
fib4,mets,OR,0.76304247894292,0.672721934519039,0.865489580160076,5.03390192476891e-05,10955,"Age, years, Male sex, Ever smoking (past/current), Ever alcohol (past/current)",0.00010196679986884694
vitd,mets,OR,0.731096636590533,0.685846111126687,0.779332686097652,1.58469401294228e-16,10955,"Age, years, Male sex, Ever smoking (past/current), Ever alcohol (past/current)",7.255844346295903e-16
fat_kg,mets,OR,3.34590083930664,2.87929441835604,3.88812354690175,4.8291711059816e-25,10955,"Age, years, Male sex, Ever smoking (past/current), Ever alcohol (past/current)",3.638895408621564e-24
lean_kg,mets,OR,4.36189545471592,3.67722443319639,5.17404697578742,8.90229606279988e-27,10955,"Age, years, Male sex, Ever smoking (past/current), Ever alcohol (past/current)",7.557399833570026e-26
asmm_kg,mets,OR,3.58269310418743,3.03341618139263,4.23143054274186,6.74784778335888e-24,10955,"Age, years, Male sex, Ever smoking (past/current), Ever alcohol (past/current)",4.809817266841032e-23
asmi,mets,OR,3.43660962269913,2.90683820866759,4.06293190436689,5.64883932861629e-23,10955,"Age, years, Male sex, Ever smoking (past/current), Ever alcohol (past/current)",3.8796542333343825e-22
bodyfat_pct,mets,OR,4.31076639063839,3.5742733123099,5.19901676535427,2.65741425646433e-24,10955,"Age, years, Male sex, Ever smoking (past/current), Ever alcohol (past/current)",1.9289414309308054e-23
asm_pct,mets,OR,0.226391159702526,0.185249243856508,0.276670263934542,4.44050266497682e-23,10955,"Age, years, Male sex, Ever smoking (past/current), Ever alcohol (past/current)",3.081864656604965e-22
fn_bmd,mets,OR,1.6473956033075,1.50866760340432,1.79888019579192,2.7170572850267102e-17,10955,"Age, years, Male sex, Ever smoking (past/current), Ever alcohol (past/current)",1.3253611121535963e-16
ls_bmd,mets,OR,1.45275991731789,1.32488152302539,1.59298121430972,1.9491922989776497e-11,10955,"Age, years, Male sex, Ever smoking (past/current), Ever alcohol (past/current)",6.36746881482707e-11
insulin,mets,OR,3.98995587371176,3.62849476150692,4.38742479196952,4.2819204952145294e-55,10955,"Age, years, Male sex, Ever smoking (past/current), Ever alcohol (past/current)",1.882141942118742e-53
ggt,mets,OR,1.63568671894973,1.42099602695131,1.88281387970425,3.38836979061455e-10,10955,"Age, years, Male sex, Ever smoking (past/current), Ever alcohol (past/current)",1.0431432600522303e-09
uric,mets,OR,2.14920479475416,1.99547217641788,2.31478108508939,2.83347934136839e-40,10955,"Age, years, Male sex, Ever smoking (past/current), Ever alcohol (past/current)",5.0492091326366445e-39
cap,mets,OR,3.03755413727634,2.38244144054305,3.87280668471813,4.28864707254221e-06,10955,"Age, years, Male sex, Ever smoking (past/current), Ever alcohol (past/current)",9.558246658578581e-06
lsm,mets,OR,1.7730840312876,1.18755742318893,2.64730523393556,0.018775978928522,10955,"Age, years, Male sex, Ever smoking (past/current), Ever alcohol (past/current)",0.027643383937935632
obesity,mets,OR,8.04521953262925,6.93935230833904,9.32731967656669,1.28642695461294e-53,10955,"Age, years, Male sex, Ever smoking (past/current), Ever alcohol (past/current)",4.893370223508453e-52
overweight,mets,OR,12.8023265106369,10.6924258183553,15.3285668630589,8.508437729009541e-54,10955,"Age, years, Male sex, Ever smoking (past/current), Ever alcohol (past/current)",3.332611847124925e-52
high_bodyfat,mets,OR,7.65666360852023,5.6541508562509,10.3683999780845,7.72916749123674e-21,10955,"Age, years, Male sex, Ever smoking (past/current), Ever alcohol (past/current)",4.5568683450570113e-20
sarcopenia,mets,OR,0.369324444631487,0.176446870815594,0.773040319569674,0.0100751440814432,10955,"Age, years, Male sex, Ever smoking (past/current), Ever alcohol (past/current)",0.015520743764092407
high_ldl,mets,OR,1.25791821535248,1.04218772403699,1.51830442829072,0.0183945156967106,10955,"Age, years, Male sex, Ever smoking (past/current), Ever alcohol (past/current)",0.027122140922917308
ckd,mets,OR,1.77083522089207,1.52757485654661,2.05283385368172,8.33027845035385e-12,10955,"Age, years, Male sex, Ever smoking (past/current), Ever alcohol (past/current)",2.7809773459577917e-11
high_alt,mets,OR,2.87943306397658,2.41467356962129,3.43364621795313,1.07548398982072e-21,10955,"Age, years, Male sex, Ever smoking (past/current), Ever alcohol (past/current)",6.72135017966946e-21
high_ast,mets,OR,2.04796572415457,1.62211513342177,2.58561400537863,1.92165721874582e-08,10955,"Age, years, Male sex, Ever smoking (past/current), Ever alcohol (past/current)",5.206638356866595e-08
adv_fibrosis,mets,OR,0.772098312095354,0.555643323713235,1.07287495070877,0.125990520728174,10955,"Age, years, Male sex, Ever smoking (past/current), Ever alcohol (past/current)",0.16041792726123474
anemia,mets,OR,1.20897142410962,0.984247670061456,1.48500418011898,0.0730270048973046,10955,"Age, years, Male sex, Ever smoking (past/current), Ever alcohol (past/current)",0.09759960519383006
leukocytosis,mets,OR,3.14638168876529,2.27862607292378,4.34459951504675,1.96744952968274e-10,10955,"Age, years, Male sex, Ever smoking (past/current), Ever alcohol (past/current)",6.133357241469597e-10
vitd_deficiency,mets,OR,1.55589073604916,1.38598304034031,1.7466274204403,1.3095710934874099e-11,10955,"Age, years, Male sex, Ever smoking (past/current), Ever alcohol (past/current)",4.3172193715301614e-11
osteoporosis,mets,OR,0.436738071683995,0.309731624340282,0.615823920674952,1.10768109225176e-05,10955,"Age, years, Male sex, Ever smoking (past/current), Ever alcohol (past/current)",2.386702832760328e-05
smoking,mets,OR,1.22346604751575,1.11402038698933,1.34366407195576,4.77931669692676e-05,10955,"Age, years, Male sex",9.6958855656627e-05
alcohol,mets,OR,0.79816103678586,0.704919566481774,0.903735789066865,0.0005365321476448,10955,"Age, years, Male sex",0.0009840153806596331
current_smoking,mets,OR,1.1842743716821,1.02116437372892,1.37343783577329,0.0271323156613454,10955,"Age, years, Male sex, Ever alcohol (past/current)",0.03905947625774468
age,dyslipidemia,OR,1.6239320847457,1.56092021492237,1.68948764367029,2.93472058656017e-48,25412,unadjusted,8.175883549600023e-47
men,dyslipidemia,OR,0.922328497391572,0.869038385362358,0.978886400680549,0.0087862762305362,25412,unadjusted,0.013657567295874737
bmi,dyslipidemia,OR,1.70320867297273,1.6283994976296,1.78145460491254,1.9519036752806602e-46,25412,"Age, years, Male sex",4.8260818371314325e-45
smoking,dyslipidemia,OR,1.20581233904805,1.11112951832098,1.30856337899981,1.66601908206793e-05,25412,"Age, years, Male sex",3.535821614088375e-05
alcohol,dyslipidemia,OR,0.817026232373336,0.742104479215856,0.899511973154395,7.01714313983887e-05,25412,"Age, years, Male sex",0.0001399184388165452
wc,dyslipidemia,OR,1.80138725809367,1.72490715081338,1.88125839242537,6.767967394416061e-52,25412,"Age, years, Male sex, Ever smoking (past/current), Ever alcohol (past/current)",2.268989746805927e-50
height,dyslipidemia,OR,0.918806381433808,0.874138786378118,0.96575644476473,0.0011554262743974,25412,"Age, years, Male sex, Ever smoking (past/current), Ever alcohol (past/current)",0.002026991725727767
weight,dyslipidemia,OR,1.64530247342859,1.57055967338792,1.72360227690733,8.10842448117705e-42,25412,"Age, years, Male sex, Ever smoking (past/current), Ever alcohol (past/current)",1.6200468306836568e-40
whtr,dyslipidemia,OR,1.84828449280779,1.76813663246094,1.93206537528666,7.79324358538327e-53,25412,"Age, years, Male sex, Ever smoking (past/current), Ever alcohol (past/current)",2.854636261460761e-51
fat_kg,dyslipidemia,OR,1.74917407534136,1.59965725110001,1.91266594374661,2.6248249281315603e-19,25412,"Age, years, Male sex, Ever smoking (past/current), Ever alcohol (past/current)",1.4166176556191612e-18
lean_kg,dyslipidemia,OR,1.76546629654596,1.59344065390264,1.9560635889425,7.8096972399994e-17,25412,"Age, years, Male sex, Ever smoking (past/current), Ever alcohol (past/current)",3.6779955096949557e-16
asmm_kg,dyslipidemia,OR,1.59977999118733,1.44816462165872,1.76726870821628,7.18856837134316e-14,25412,"Age, years, Male sex, Ever smoking (past/current), Ever alcohol (past/current)",2.771732600100735e-13
asmi,dyslipidemia,OR,1.66175900794638,1.5324914281432,1.80193047072163,2.35449999693076e-19,25412,"Age, years, Male sex, Ever smoking (past/current), Ever alcohol (past/current)",1.2741999983389996e-18
bodyfat_pct,dyslipidemia,OR,2.13714670196361,1.91515493728725,2.38487024563324,1.567057960111e-21,25412,"Age, years, Male sex, Ever smoking (past/current), Ever alcohol (past/current)",9.701535665413328e-21
asm_pct,dyslipidemia,OR,0.418813960278875,0.376133294932738,0.466337693811025,3.27146822269125e-25,25412,"Age, years, Male sex, Ever smoking (past/current), Ever alcohol (past/current)",2.4888323632628047e-24
obesity,dyslipidemia,OR,2.44812636624564,2.26749599427469,2.64314588437638,2.0230317616788202e-45,25412,"Age, years, Male sex, Ever smoking (past/current), Ever alcohol (past/current)",4.735570206628055e-44
overweight,dyslipidemia,OR,3.02133118897722,2.77252610420705,3.29246391571748,1.44383669992497e-49,25412,"Age, years, Male sex, Ever smoking (past/current), Ever alcohol (past/current)",4.20171891193573e-48
abdominal_obesity,dyslipidemia,OR,2.69113292032914,2.45905415985673,2.94511463517386,7.92691211495785e-43,25412,"Age, years, Male sex, Ever smoking (past/current), Ever alcohol (past/current)",1.6680246982326198e-41
central_obesity,dyslipidemia,OR,3.85139338339297,3.43168722225609,4.32243093060544,1.93323992616427e-45,25412,"Age, years, Male sex, Ever smoking (past/current), Ever alcohol (past/current)",4.552319730896341e-44
high_bodyfat,dyslipidemia,OR,2.9368318247588,2.48432095744446,3.47176605384689,6.4246189976382e-20,25412,"Age, years, Male sex, Ever smoking (past/current), Ever alcohol (past/current)",3.574654395872956e-19
sarcopenia,dyslipidemia,OR,0.645743757554472,0.436041521005673,0.95629654593179,0.0322928055784894,25412,"Age, years, Male sex, Ever smoking (past/current), Ever alcohol (past/current)",0.04590382280578659
sbp,dyslipidemia,OR,1.04709896165254,1.00173922754188,1.09451262898455,0.0438968060254926,25412,"Age, years, Male sex, Body mass index, kg/m2, Ever smoking (past/current), Ever alcohol (past/current)",0.06097463645956767
dbp,dyslipidemia,OR,1.03848178847787,0.995329430918225,1.08350500999984,0.0837980301166931,25412,"Age, years, Male sex, Body mass index, kg/m2, Ever smoking (past/current), Ever alcohol (past/current)",0.1104280503469813
glucose,dyslipidemia,OR,1.42984389215448,1.28615443333131,1.58958636921701,1.1290799693513701e-09,25412,"Age, years, Male sex, Body mass index, kg/m2, Ever smoking (past/current), Ever alcohol (past/current)",3.3407930880733135e-09
hba1c,dyslipidemia,OR,1.54265121342185,1.41728349403355,1.6791085031966,1.75611710581957e-17,25412,"Age, years, Male sex, Body mass index, kg/m2, Ever smoking (past/current), Ever alcohol (past/current)",8.679476291092571e-17
homa_ir,dyslipidemia,OR,1.9006070253683,1.7731382632968,2.03723936235123,6.60202571292318e-36,25412,"Age, years, Male sex, Body mass index, kg/m2, Ever smoking (past/current), Ever alcohol (past/current)",9.637495837757972e-35
alt,dyslipidemia,OR,1.27494471989609,1.18935965230461,1.36668839878774,3.5302404746462e-10,25412,"Age, years, Male sex, Body mass index, kg/m2, Ever smoking (past/current), Ever alcohol (past/current)",1.0834469602560409e-09
ast,dyslipidemia,OR,1.06560310340474,1.00570054649114,1.12907363722488,0.0333887277634757,25412,"Age, years, Male sex, Body mass index, kg/m2, Ever smoking (past/current), Ever alcohol (past/current)",0.04735955791764427
creatinine,dyslipidemia,OR,1.05214018187963,0.991132818287768,1.11690274189296,0.098403630066622,25412,"Age, years, Male sex, Body mass index, kg/m2, Ever smoking (past/current), Ever alcohol (past/current)",0.12792795285690328
egfr,dyslipidemia,OR,0.963219068347239,0.902835348756749,1.02764139098601,0.259208301224871,25412,"Age, years, Male sex, Body mass index, kg/m2, Ever smoking (past/current), Ever alcohol (past/current)",0.3104535390994822
hemoglobin,dyslipidemia,OR,1.11986764707396,1.06781317870764,1.17445970135038,8.31363090159058e-06,25412,"Age, years, Male sex, Body mass index, kg/m2, Ever smoking (past/current), Ever alcohol (past/current)",1.8160532217941653e-05
platelet,dyslipidemia,OR,1.10102065894543,1.06336394687519,1.14001090124124,3.19963241342943e-07,25412,"Age, years, Male sex, Body mass index, kg/m2, Ever smoking (past/current), Ever alcohol (past/current)",7.852199644867758e-07
wbc,dyslipidemia,OR,1.45345489506829,1.36328536123586,1.54958836357116,7.42490353317054e-21,25412,"Age, years, Male sex, Body mass index, kg/m2, Ever smoking (past/current), Ever alcohol (past/current)",4.390570758927154e-20
fib4,dyslipidemia,OR,0.943869680248872,0.874711056277468,1.01849629874863,0.139435567544823,25412,"Age, years, Male sex, Body mass index, kg/m2, Ever smoking (past/current), Ever alcohol (past/current)",0.17567105261379612
vitd,dyslipidemia,OR,0.994969535130368,0.955318398482303,1.03626641903922,0.808381538032279,25412,"Age, years, Male sex, Body mass index, kg/m2, Ever smoking (past/current), Ever alcohol (past/current)",0.8347578607297561
fn_bmd,dyslipidemia,OR,0.980164337171023,0.912709110376803,1.0526049504045,0.583548100321818,25412,"Age, years, Male sex, Body mass index, kg/m2, Ever smoking (past/current), Ever alcohol (past/current)",0.635429750859651
ls_bmd,dyslipidemia,OR,0.969280664476469,0.89381155185622,1.05112202295532,0.453082017560407,25412,"Age, years, Male sex, Body mass index, kg/m2, Ever smoking (past/current), Ever alcohol (past/current)",0.5115275289580394
insulin,dyslipidemia,OR,1.80086896813823,1.68119066165718,1.92906677057464,5.1892558065438794e-33,25412,"Age, years, Male sex, Body mass index, kg/m2, Ever smoking (past/current), Ever alcohol (past/current)",6.622159990544383e-32
ggt,dyslipidemia,OR,1.16075495611672,1.09707604756908,1.22813005637579,9.32001237156192e-07,25412,"Age, years, Male sex, Body mass index, kg/m2, Ever smoking (past/current), Ever alcohol (past/current)",2.2025071052508335e-06
uric,dyslipidemia,OR,1.24678628954044,1.19164345960458,1.30448083212896,2.24911848205376e-16,25412,"Age, years, Male sex, Body mass index, kg/m2, Ever smoking (past/current), Ever alcohol (past/current)",1.0203569627298938e-15
cap,dyslipidemia,OR,1.3301000968643,1.13815376311286,1.55441762353774,0.0058617524740226,25412,"Age, years, Male sex, Body mass index, kg/m2, Ever smoking (past/current), Ever alcohol (past/current)",0.009373117537281086
lsm,dyslipidemia,OR,1.0537061944396,0.96261172846691,1.15342116802242,0.286096328831839,25412,"Age, years, Male sex, Body mass index, kg/m2, Ever smoking (past/current), Ever alcohol (past/current)",0.3390644328516342
dm,dyslipidemia,OR,2.29103486835264,2.00171425505145,2.62217284747901,2.9410215092048697e-22,25412,"Age, years, Male sex, Body mass index, kg/m2, Ever smoking (past/current), Ever alcohol (past/current)",1.923087783539581e-21
prediabetes,dyslipidemia,OR,1.20908096326289,1.1118980516817,1.31475792543542,2.02880565190876e-05,25412,"Age, years, Male sex, Body mass index, kg/m2, Ever smoking (past/current), Ever alcohol (past/current)",4.2850801702888705e-05
htn,dyslipidemia,OR,1.40433507895763,1.28093363542634,1.53962466083149,5.05191630812811e-11,25412,"Age, years, Male sex, Body mass index, kg/m2, Ever smoking (past/current), Ever alcohol (past/current)",1.624827716662992e-10
insulin_resistance,dyslipidemia,OR,2.32653820148381,2.07031680314237,2.61446943518398,2.92169530315165e-27,25412,"Age, years, Male sex, Body mass index, kg/m2, Ever smoking (past/current), Ever alcohol (past/current)",2.529152433100203e-26
ckd,dyslipidemia,OR,1.28944650736171,1.13866876009772,1.46018961230185,0.0001081267771,25412,"Age, years, Male sex, Body mass index, kg/m2, Ever smoking (past/current), Ever alcohol (past/current)",0.00021217734633313494
high_alt,dyslipidemia,OR,1.70489641546508,1.48500119609476,1.95735316248204,8.96241448333024e-12,25412,"Age, years, Male sex, Body mass index, kg/m2, Ever smoking (past/current), Ever alcohol (past/current)",2.986968129406439e-11
high_ast,dyslipidemia,OR,1.24354950357023,1.03081785585529,1.50018294604209,0.024582570019377,25412,"Age, years, Male sex, Body mass index, kg/m2, Ever smoking (past/current), Ever alcohol (past/current)",0.03558266634298447
adv_fibrosis,dyslipidemia,OR,0.745550691072716,0.58972625076853,0.942548906776029,0.0155630558143817,25412,"Age, years, Male sex, Body mass index, kg/m2, Ever smoking (past/current), Ever alcohol (past/current)",0.023276918261510023
anemia,dyslipidemia,OR,1.06820589430129,0.939772777759792,1.2141911955995,0.314773640822045,25412,"Age, years, Male sex, Body mass index, kg/m2, Ever smoking (past/current), Ever alcohol (past/current)",0.36939914657134676
leukocytosis,dyslipidemia,OR,1.79412936803561,1.5058214509231,2.13763735884796,1.6525103690948701e-09,25412,"Age, years, Male sex, Body mass index, kg/m2, Ever smoking (past/current), Ever alcohol (past/current)",4.8317302440054e-09
vitd_deficiency,dyslipidemia,OR,1.03142760501267,0.945145182491008,1.1255867607327,0.48889085068748,25412,"Age, years, Male sex, Body mass index, kg/m2, Ever smoking (past/current), Ever alcohol (past/current)",0.5466512734086125
osteoporosis,dyslipidemia,OR,0.797810003556067,0.634101283354656,1.00378412484324,0.0578846639621299,25412,"Age, years, Male sex, Body mass index, kg/m2, Ever smoking (past/current), Ever alcohol (past/current)",0.07874543694435553
current_smoking,dyslipidemia,OR,1.48048781379734,1.35265507917116,1.62040138728159,5.89567894912407e-14,25412,"Age, years, Male sex, Body mass index, kg/m2, Ever alcohol (past/current)",2.2865986198759627e-13
age,low_hdl,OR,0.892109468144253,0.857088662879738,0.928561230151626,1.40810163132384e-07,25076,unadjusted,3.541290561676485e-07
men,low_hdl,OR,0.841772596389836,0.78232552549763,0.905736909941886,9.94606079630419e-06,25076,unadjusted,2.1555671961186444e-05
bmi,low_hdl,OR,1.78939429166393,1.72131256305022,1.86016880360503,6.04707132149181e-57,25076,"Age, years, Male sex",3.18962855304288e-55
smoking,low_hdl,OR,1.21750234995745,1.12268521854473,1.32032732565353,5.47219758870934e-06,25076,"Age, years, Male sex",1.212094829839538e-05
alcohol,low_hdl,OR,0.666307935839395,0.605131388011055,0.733669206652432,2.08635195694148e-13,25076,"Age, years, Male sex",7.845635305760926e-13
wc,low_hdl,OR,1.92280016005845,1.85414128863302,1.99400147021513,8.20124595271443e-65,25076,"Age, years, Male sex, Ever smoking (past/current), Ever alcohol (past/current)",7.724792616413878e-63
height,low_hdl,OR,0.999145619361291,0.951164446159535,1.04954718683989,0.972901120337323,25076,"Age, years, Male sex, Ever smoking (past/current), Ever alcohol (past/current)",0.977486571841811
weight,low_hdl,OR,1.77801623390621,1.7069263215957,1.85206689242374,1.25682409334672e-53,25076,"Age, years, Male sex, Ever smoking (past/current), Ever alcohol (past/current)",4.82718069250449e-52
whtr,low_hdl,OR,1.94461968349355,1.87209625615956,2.01995260713147,1.56231053255915e-63,25076,"Age, years, Male sex, Ever smoking (past/current), Ever alcohol (past/current)",1.3150000993199997e-61
fat_kg,low_hdl,OR,1.72229829602822,1.58537027918706,1.87105274991201,2.4604409400596003e-20,25076,"Age, years, Male sex, Ever smoking (past/current), Ever alcohol (past/current)",1.4045460835318584e-19
lean_kg,low_hdl,OR,2.00136533037764,1.8034752127163,2.22096935815645,1.13027968142771e-20,25076,"Age, years, Male sex, Ever smoking (past/current), Ever alcohol (past/current)",6.614476952260386e-20
asmm_kg,low_hdl,OR,1.8408678344949,1.66094535308068,2.04028048110824,3.40752240026767e-18,25076,"Age, years, Male sex, Ever smoking (past/current), Ever alcohol (past/current)",1.7483993016159408e-17
asmi,low_hdl,OR,1.86042212642819,1.70963654559029,2.0245066107361,6.97029862733387e-23,25076,"Age, years, Male sex, Ever smoking (past/current), Ever alcohol (past/current)",4.737886833287421e-22
bodyfat_pct,low_hdl,OR,2.01252160237125,1.8168440981544,2.22927393942346,3.0275389652154303e-21,25076,"Age, years, Male sex, Ever smoking (past/current), Ever alcohol (past/current)",1.8454459393516552e-20
asm_pct,low_hdl,OR,0.458184565059536,0.411203053633378,0.510533892693241,1.8165377903109598e-22,25076,"Age, years, Male sex, Ever smoking (past/current), Ever alcohol (past/current)",1.2017096151287888e-21
obesity,low_hdl,OR,2.86711348898006,2.64336839815155,3.10979724371364,6.76762329006926e-50,25076,"Age, years, Male sex, Ever smoking (past/current), Ever alcohol (past/current)",2.0437189111079384e-48
overweight,low_hdl,OR,3.80132895556951,3.44577885710703,4.19356622339456,5.3259254630549905e-52,25076,"Age, years, Male sex, Ever smoking (past/current), Ever alcohol (past/current)",1.8008000967389353e-50
abdominal_obesity,low_hdl,OR,3.36314800426404,3.08179777964822,3.67018386906499,6.3808873677811905e-53,25076,"Age, years, Male sex, Ever smoking (past/current), Ever alcohol (past/current)",2.3591392922376064e-51
central_obesity,low_hdl,OR,4.77500590951307,4.11429963064273,5.54181354854869,5.26240163491639e-41,25076,"Age, years, Male sex, Ever smoking (past/current), Ever alcohol (past/current)",1.0008683109485211e-39
high_bodyfat,low_hdl,OR,3.24446646474429,2.75103646338092,3.82639880676593,3.28524473580791e-22,25076,"Age, years, Male sex, Ever smoking (past/current), Ever alcohol (past/current)",2.140976696320106e-21
sarcopenia,low_hdl,OR,0.404791974667257,0.252180431253737,0.649759150384469,0.0003596023499972,25076,"Age, years, Male sex, Ever smoking (past/current), Ever alcohol (past/current)",0.0006694526572183168
sbp,low_hdl,OR,0.990613358429678,0.949308658158922,1.03371523841621,0.665072215433813,25076,"Age, years, Male sex, Body mass index, kg/m2, Ever smoking (past/current), Ever alcohol (past/current)",0.7087892468362512
dbp,low_hdl,OR,0.988855646332059,0.944586738940777,1.03519925589819,0.632407722085346,25076,"Age, years, Male sex, Body mass index, kg/m2, Ever smoking (past/current), Ever alcohol (past/current)",0.6796536127600187
glucose,low_hdl,OR,1.30485334853344,1.22554034486565,1.38929923303796,1.7965716968615199e-13,25076,"Age, years, Male sex, Body mass index, kg/m2, Ever smoking (past/current), Ever alcohol (past/current)",6.768797745508736e-13
hba1c,low_hdl,OR,1.30417858017303,1.24940035989543,1.3613584752965,1.75700900082721e-22,25076,"Age, years, Male sex, Body mass index, kg/m2, Ever smoking (past/current), Ever alcohol (past/current)",1.1662294643074569e-21
homa_ir,low_hdl,OR,1.95709059269068,1.81962057541903,2.10494629470559,8.827300697791259e-36,25076,"Age, years, Male sex, Body mass index, kg/m2, Ever smoking (past/current), Ever alcohol (past/current)",1.2744818087759934e-34
tg,low_hdl,OR,3.07394263658889,2.79101456897979,3.38555141849118,4.7933729003117304e-45,25076,"Age, years, Male sex, Body mass index, kg/m2, Ever smoking (past/current), Ever alcohol (past/current)",1.083576182493326e-43
alt,low_hdl,OR,1.19739454843059,1.13255405695881,1.26594725947235,4.3288648386820105e-09,25076,"Age, years, Male sex, Body mass index, kg/m2, Ever smoking (past/current), Ever alcohol (past/current)",1.2205979545136161e-08
ast,low_hdl,OR,1.05537056038923,1.00543869213751,1.10778213375536,0.0312932475240667,25076,"Age, years, Male sex, Body mass index, kg/m2, Ever smoking (past/current), Ever alcohol (past/current)",0.04458665128712528
creatinine,low_hdl,OR,1.07427420101769,1.01944528799342,1.13205198215565,0.008560334946309,25076,"Age, years, Male sex, Body mass index, kg/m2, Ever smoking (past/current), Ever alcohol (past/current)",0.013337804272390074
egfr,low_hdl,OR,0.938883048980212,0.883952364546524,0.997227243251505,0.04287796403166,25076,"Age, years, Male sex, Body mass index, kg/m2, Ever smoking (past/current), Ever alcohol (past/current)",0.0597271921511433
hemoglobin,low_hdl,OR,1.07408876706642,1.02089554709122,1.13005359150145,0.0067416854403518,25076,"Age, years, Male sex, Body mass index, kg/m2, Ever smoking (past/current), Ever alcohol (past/current)",0.010659515428469912
platelet,low_hdl,OR,1.04788491313292,1.00477818624397,1.09284099337023,0.0310600729098942,25076,"Age, years, Male sex, Body mass index, kg/m2, Ever smoking (past/current), Ever alcohol (past/current)",0.044278792227582506
wbc,low_hdl,OR,1.53139405692519,1.42459032341365,1.64620503104796,4.0601028244742e-21,25076,"Age, years, Male sex, Body mass index, kg/m2, Ever smoking (past/current), Ever alcohol (past/current)",2.4559276412262902e-20
fib4,low_hdl,OR,0.978185131211486,0.909475768856229,1.05208537015404,0.553932609349634,25076,"Age, years, Male sex, Body mass index, kg/m2, Ever smoking (past/current), Ever alcohol (past/current)",0.6092180713336537
vitd,low_hdl,OR,0.828812132660956,0.791426499955189,0.867963798640679,1.10599093491407e-12,25076,"Age, years, Male sex, Body mass index, kg/m2, Ever smoking (past/current), Ever alcohol (past/current)",3.906517980821483e-12
fn_bmd,low_hdl,OR,1.03670606056863,0.961480544315108,1.11781716476156,0.351451661696182,25076,"Age, years, Male sex, Body mass index, kg/m2, Ever smoking (past/current), Ever alcohol (past/current)",0.40747260353417986
ls_bmd,low_hdl,OR,1.02014882164405,0.939205852541083,1.10806764617794,0.637693264206994,25076,"Age, years, Male sex, Body mass index, kg/m2, Ever smoking (past/current), Ever alcohol (past/current)",0.6836624805427828
insulin,low_hdl,OR,1.89501759229488,1.76273825170798,2.03722343440812,3.4648685653544297e-34,25076,"Age, years, Male sex, Body mass index, kg/m2, Ever smoking (past/current), Ever alcohol (past/current)",4.6941849467610015e-33
ggt,low_hdl,OR,1.05551599206258,1.00788197253372,1.10540126707405,0.0236051961029502,25076,"Age, years, Male sex, Body mass index, kg/m2, Ever smoking (past/current), Ever alcohol (past/current)",0.034243548142013566
uric,low_hdl,OR,1.22413584136433,1.16687805341003,1.28420322392181,2.24822551840438e-13,25076,"Age, years, Male sex, Body mass index, kg/m2, Ever smoking (past/current), Ever alcohol (past/current)",8.438311338527255e-13
cap,low_hdl,OR,1.39629311354881,1.18067891873797,1.65128251889835,0.0036149169082129,25076,"Age, years, Male sex, Body mass index, kg/m2, Ever smoking (past/current), Ever alcohol (past/current)",0.005943728715249473
lsm,low_hdl,OR,1.01003158017571,0.867384427421038,1.1761380083632,0.90058292623468,25076,"Age, years, Male sex, Body mass index, kg/m2, Ever smoking (past/current), Ever alcohol (past/current)",0.9172775633842414
dm,low_hdl,OR,1.85937277242521,1.63010034527458,2.12089219958655,1.2737754517121701e-15,25076,"Age, years, Male sex, Body mass index, kg/m2, Ever smoking (past/current), Ever alcohol (past/current)",5.501152496695792e-15
prediabetes,low_hdl,OR,1.07392757591492,0.976898093590069,1.180594420112,0.142546136863313,25076,"Age, years, Male sex, Body mass index, kg/m2, Ever smoking (past/current), Ever alcohol (past/current)",0.17930445705286685
htn,low_hdl,OR,1.08291168566061,0.978175015782614,1.19886288242811,0.127508216264551,25076,"Age, years, Male sex, Body mass index, kg/m2, Ever smoking (past/current), Ever alcohol (past/current)",0.16203742484502529
high_tg,low_hdl,OR,4.82308087745384,4.23232586747679,5.49629444396474,1.64349198089854e-46,25076,"Age, years, Male sex, Body mass index, kg/m2, Ever smoking (past/current), Ever alcohol (past/current)",4.1149710610345725e-45
insulin_resistance,low_hdl,OR,2.64320739220482,2.32533593373815,3.00453161061113,8.116533288406799e-29,25076,"Age, years, Male sex, Body mass index, kg/m2, Ever smoking (past/current), Ever alcohol (past/current)",7.755798475588719e-28
ckd,low_hdl,OR,1.43501657714398,1.28367864121864,1.60419633898644,4.1296892013861105e-09,25076,"Age, years, Male sex, Body mass index, kg/m2, Ever smoking (past/current), Ever alcohol (past/current)",1.167766295974514e-08
high_alt,low_hdl,OR,1.7312359555971,1.51704498810165,1.97566845904993,4.46850517539798e-13,25076,"Age, years, Male sex, Body mass index, kg/m2, Ever smoking (past/current), Ever alcohol (past/current)",1.6398336246636743e-12
high_ast,low_hdl,OR,1.34956212209696,1.11685654413743,1.63075368180386,0.0023863440123494,25076,"Age, years, Male sex, Body mass index, kg/m2, Ever smoking (past/current), Ever alcohol (past/current)",0.00399677261340145
adv_fibrosis,low_hdl,OR,1.21297495975813,0.947618394123289,1.5526379206278,0.127989701003339,25076,"Age, years, Male sex, Body mass index, kg/m2, Ever smoking (past/current), Ever alcohol (past/current)",0.1625970639592836
anemia,low_hdl,OR,1.24747598414049,1.09378452843361,1.42276315906195,0.0012942152857805,25076,"Age, years, Male sex, Body mass index, kg/m2, Ever smoking (past/current), Ever alcohol (past/current)",0.0022574584085307135
leukocytosis,low_hdl,OR,1.80408557511101,1.54429485701363,2.10757987539868,1.7950649485322798e-11,25076,"Age, years, Male sex, Body mass index, kg/m2, Ever smoking (past/current), Ever alcohol (past/current)",5.878540510259685e-11
vitd_deficiency,low_hdl,OR,1.18897559696141,1.08410449630505,1.30399142793699,0.0003602719003651,25076,"Age, years, Male sex, Body mass index, kg/m2, Ever smoking (past/current), Ever alcohol (past/current)",0.0006703836490330836
osteoporosis,low_hdl,OR,1.08327335276137,0.841080783206963,1.3952062396771,0.537550151163733,25076,"Age, years, Male sex, Body mass index, kg/m2, Ever smoking (past/current), Ever alcohol (past/current)",0.5940079324032759
current_smoking,low_hdl,OR,1.74402770978513,1.57015614814113,1.93715297430724,2.2971252137902497e-18,25076,"Age, years, Male sex, Body mass index, kg/m2, Ever alcohol (past/current)",1.1894538410673073e-17
age,high_tg,OR,1.19454276999052,1.13816430565306,1.25371391656661,5.059960955723609e-11,12287,unadjusted,1.626093057745134e-10
men,high_tg,OR,1.45782425107857,1.30204028045177,1.63224715774183,1.4983743549984802e-09,12287,unadjusted,4.40057085996584e-09
bmi,high_tg,OR,1.51963237346625,1.43704241785841,1.60696895358742,1.21882915026961e-28,12287,"Age, years, Male sex",1.1371905939779663e-27
smoking,high_tg,OR,1.37257843324744,1.23610281491207,1.52412204930543,2.98501387660322e-08,12287,"Age, years, Male sex",7.967532980990217e-08
alcohol,high_tg,OR,0.869318093158857,0.749581300640254,1.00818142934977,0.0664294417523343,12287,"Age, years, Male sex",0.08938601073885526
wc,high_tg,OR,1.66011005749434,1.55439862248622,1.77301070853096,1.98513759329519e-29,12287,"Age, years, Male sex, Ever smoking (past/current), Ever alcohol (past/current)",1.9982708191032496e-28
height,high_tg,OR,0.917862050721675,0.856114100829634,0.98406362345695,0.0173876977355082,12287,"Age, years, Male sex, Ever smoking (past/current), Ever alcohol (past/current)",0.025733532451055162
weight,high_tg,OR,1.48285175296586,1.39235664670807,1.57922851625167,7.514557709409099e-23,12287,"Age, years, Male sex, Ever smoking (past/current), Ever alcohol (past/current)",5.090340804524383e-22
whtr,high_tg,OR,1.71945489386762,1.61528895314575,1.83033823532782,1.25694771487677e-33,12287,"Age, years, Male sex, Ever smoking (past/current), Ever alcohol (past/current)",1.6686191812256718e-32
fat_kg,high_tg,OR,1.60326144361798,1.44432797231303,1.77968391242576,3.76773728046268e-13,12287,"Age, years, Male sex, Ever smoking (past/current), Ever alcohol (past/current)",1.3865273192102663e-12
lean_kg,high_tg,OR,1.60293305761989,1.41685714223363,1.81344633175938,1.3406992231029e-10,12287,"Age, years, Male sex, Ever smoking (past/current), Ever alcohol (past/current)",4.222775578499262e-10
asmm_kg,high_tg,OR,1.38947556585693,1.2203275868795,1.5820689205677,4.43196390385577e-06,12287,"Age, years, Male sex, Ever smoking (past/current), Ever alcohol (past/current)",9.860995052673468e-06
asmi,high_tg,OR,1.44030341733082,1.29618251957451,1.6004489357377,2.77282390631228e-09,12287,"Age, years, Male sex, Ever smoking (past/current), Ever alcohol (past/current)",7.954526014047411e-09
bodyfat_pct,high_tg,OR,2.10421254450465,1.82146678033217,2.43084885228776,1.89694812574896e-15,12287,"Age, years, Male sex, Ever smoking (past/current), Ever alcohol (past/current)",8.060501380733498e-15
asm_pct,high_tg,OR,0.410046077373147,0.346377390571046,0.485417900088424,6.621548881500049e-16,12287,"Age, years, Male sex, Ever smoking (past/current), Ever alcohol (past/current)",2.926798589409407e-15
obesity,high_tg,OR,2.23826248839044,2.0124818542731,2.48937348493277,7.24647044116851e-29,12287,"Age, years, Male sex, Ever smoking (past/current), Ever alcohol (past/current)",6.974948191061466e-28
overweight,high_tg,OR,3.36884912498852,2.91376783151029,3.89500642577049,2.48623350105555e-32,12287,"Age, years, Male sex, Ever smoking (past/current), Ever alcohol (past/current)",3.073606165679924e-31
abdominal_obesity,high_tg,OR,2.85108439844858,2.50418449638214,3.24603968230801,4.631582291920799e-31,12287,"Age, years, Male sex, Ever smoking (past/current), Ever alcohol (past/current)",5.061475012938863e-30
central_obesity,high_tg,OR,5.39803895772376,4.14550138734536,7.0290229978099,1.8824006918897502e-23,12287,"Age, years, Male sex, Ever smoking (past/current), Ever alcohol (past/current)",1.3180136525868763e-22
high_bodyfat,high_tg,OR,3.58232916366449,2.76877021760448,4.63493942373602,1.0159033134814101e-14,12287,"Age, years, Male sex, Ever smoking (past/current), Ever alcohol (past/current)",4.0967517921839535e-14
sarcopenia,high_tg,OR,0.705856839055109,0.394206660753668,1.26389005271579,0.24504796989288,12287,"Age, years, Male sex, Ever smoking (past/current), Ever alcohol (past/current)",0.2949223513526721
sbp,high_tg,OR,1.14826275967839,1.07063916813306,1.23151422487503,0.0001780227228998,12287,"Age, years, Male sex, Body mass index, kg/m2, Ever smoking (past/current), Ever alcohol (past/current)",0.0003428041597304868
dbp,high_tg,OR,1.23315640982261,1.14595635075856,1.3269918440436,1.4136461757626e-07,12287,"Age, years, Male sex, Body mass index, kg/m2, Ever smoking (past/current), Ever alcohol (past/current)",3.5529760300615285e-07
glucose,high_tg,OR,1.35004317676437,1.25685935770536,1.45013566391037,2.92264997756008e-13,12287,"Age, years, Male sex, Body mass index, kg/m2, Ever smoking (past/current), Ever alcohol (past/current)",1.0887008767634347e-12
hba1c,high_tg,OR,1.30347478798624,1.22178680108435,1.39062438832032,8.35427252742901e-13,12287,"Age, years, Male sex, Body mass index, kg/m2, Ever smoking (past/current), Ever alcohol (past/current)",2.996328387897476e-12
homa_ir,high_tg,OR,2.08846351943857,1.91738158116427,2.27481056190038,2.8409316607477898e-33,12287,"Age, years, Male sex, Body mass index, kg/m2, Ever smoking (past/current), Ever alcohol (past/current)",3.684828081940412e-32
tchol,high_tg,OR,1.95365847294718,1.83360662492398,2.08157048356899,4.41826386519888e-41,12287,"Age, years, Male sex, Body mass index, kg/m2, Ever smoking (past/current), Ever alcohol (past/current)",8.526171634500863e-40
hdl,high_tg,OR,0.258877089967326,0.231313589916523,0.289725077260425,2.23484930734325e-46,12287,"Age, years, Male sex, Body mass index, kg/m2, Ever smoking (past/current), Ever alcohol (past/current)",5.457446827067837e-45
ldl,high_tg,OR,1.34813160250857,1.26926266692561,1.43190126444399,9.64696914294499e-17,12287,"Age, years, Male sex, Body mass index, kg/m2, Ever smoking (past/current), Ever alcohol (past/current)",4.516379873312471e-16
nonhdl,high_tg,OR,2.75993643298182,2.56383863501155,2.97103296989129,2.4904657489310803e-52,12287,"Age, years, Male sex, Body mass index, kg/m2, Ever smoking (past/current), Ever alcohol (past/current)",8.718834073248985e-51
alt,high_tg,OR,1.30825579860713,1.21067106460581,1.41370623667004,4.71078260337999e-10,12287,"Age, years, Male sex, Body mass index, kg/m2, Ever smoking (past/current), Ever alcohol (past/current)",1.4335273829977878e-09
ast,high_tg,OR,1.10352680500188,1.02468907303758,1.18843017008828,0.0103716826525448,12287,"Age, years, Male sex, Body mass index, kg/m2, Ever smoking (past/current), Ever alcohol (past/current)",0.015927941216408087
creatinine,high_tg,OR,0.99744034995452,0.948409516948671,1.04900597678338,0.920809731720708,12287,"Age, years, Male sex, Body mass index, kg/m2, Ever smoking (past/current), Ever alcohol (past/current)",0.9323581516987768
egfr,high_tg,OR,1.0278788809028,0.94340089639626,1.11992154962106,0.53111477149478,12287,"Age, years, Male sex, Body mass index, kg/m2, Ever smoking (past/current), Ever alcohol (past/current)",0.5875531420674915
hemoglobin,high_tg,OR,1.34375821863647,1.22681970871126,1.47184312196115,3.95643555533675e-09,12287,"Age, years, Male sex, Body mass index, kg/m2, Ever smoking (past/current), Ever alcohol (past/current)",1.120376453608603e-08
platelet,high_tg,OR,1.14262630129815,1.07596010396257,1.21342311820858,2.94239338147357e-05,12287,"Age, years, Male sex, Body mass index, kg/m2, Ever smoking (past/current), Ever alcohol (past/current)",6.110293027354038e-05
wbc,high_tg,OR,1.42795629797193,1.3319104346254,1.53092815846224,1.72236577494748e-17,12287,"Age, years, Male sex, Body mass index, kg/m2, Ever smoking (past/current), Ever alcohol (past/current)",8.527758455184269e-17
fib4,high_tg,OR,0.798405445711087,0.664881217482665,0.958744568172041,0.0174417974814774,12287,"Age, years, Male sex, Body mass index, kg/m2, Ever smoking (past/current), Ever alcohol (past/current)",0.025803945713060807
vitd,high_tg,OR,0.991967326542185,0.930805316574462,1.05714821284922,0.804263614033324,12287,"Age, years, Male sex, Body mass index, kg/m2, Ever smoking (past/current), Ever alcohol (past/current)",0.8311564412528291
fn_bmd,high_tg,OR,0.939179537497746,0.841142585806257,1.04864290375811,0.268364944378723,12287,"Age, years, Male sex, Body mass index, kg/m2, Ever smoking (past/current), Ever alcohol (past/current)",0.32045026259047027
ls_bmd,high_tg,OR,0.980157062007093,0.868514939914285,1.10615007531959,0.746251504213558,12287,"Age, years, Male sex, Body mass index, kg/m2, Ever smoking (past/current), Ever alcohol (past/current)",0.7783208411992711
insulin,high_tg,OR,2.00198914639387,1.8496780624942,2.16684223246629,6.28519148755025e-34,12287,"Age, years, Male sex, Body mass index, kg/m2, Ever smoking (past/current), Ever alcohol (past/current)",8.457216845152649e-33
ggt,high_tg,OR,1.4446751526278,1.31477474562719,1.58740978525911,5.90190171819008e-12,12287,"Age, years, Male sex, Body mass index, kg/m2, Ever smoking (past/current), Ever alcohol (past/current)",1.9921436175051156e-11
uric,high_tg,OR,1.43430516385197,1.33629638796375,1.5395022553247,2.14202660599717e-17,12287,"Age, years, Male sex, Body mass index, kg/m2, Ever smoking (past/current), Ever alcohol (past/current)",1.0526530749471806e-16
cap,high_tg,OR,1.85904566806464,1.50648935908502,2.29410899924907,0.000266227648771,12287,"Age, years, Male sex, Body mass index, kg/m2, Ever smoking (past/current), Ever alcohol (past/current)",0.0005029592065606857
lsm,high_tg,OR,0.926370962305098,0.721560234782642,1.18931603826613,0.563340605825523,12287,"Age, years, Male sex, Body mass index, kg/m2, Ever smoking (past/current), Ever alcohol (past/current)",0.6178473625300164
dm,high_tg,OR,1.80699301954926,1.52312292380316,2.14376904297825,4.90390823828494e-10,12287,"Age, years, Male sex, Body mass index, kg/m2, Ever smoking (past/current), Ever alcohol (past/current)",1.4865793862571054e-09
prediabetes,high_tg,OR,1.05666486823715,0.932250045683139,1.19768365680095,0.390233858799623,12287,"Age, years, Male sex, Body mass index, kg/m2, Ever smoking (past/current), Ever alcohol (past/current)",0.4475978966109912
htn,high_tg,OR,1.30065177226363,1.11374973113737,1.51891846560982,0.0011936465679169,12287,"Age, years, Male sex, Body mass index, kg/m2, Ever smoking (past/current), Ever alcohol (past/current)",0.002090334582859343
low_hdl,high_tg,OR,4.79252603061515,4.20644831049244,5.46026102278075,2.06569625099051e-46,12287,"Age, years, Male sex, Body mass index, kg/m2, Ever smoking (past/current), Ever alcohol (past/current)",5.0757107881481106e-45
high_ldl,high_tg,OR,2.18127632698015,1.8465872177654,2.57662696290173,1.7704379806602e-15,12287,"Age, years, Male sex, Body mass index, kg/m2, Ever smoking (past/current), Ever alcohol (past/current)",7.531024356442744e-15
high_nonhdl,high_tg,OR,6.37501028209873,5.42334621249299,7.49366802422575,2.0152811658197502e-44,12287,"Age, years, Male sex, Body mass index, kg/m2, Ever smoking (past/current), Ever alcohol (past/current)",4.478905782012883e-43
insulin_resistance,high_tg,OR,3.1023309303289,2.67484726058553,3.59813337497579,4.87378552518955e-29,12287,"Age, years, Male sex, Body mass index, kg/m2, Ever smoking (past/current), Ever alcohol (past/current)",4.737271630872202e-28
ckd,high_tg,OR,1.15976481368151,0.981978707288114,1.36973888850225,0.0834488546276527,12287,"Age, years, Male sex, Body mass index, kg/m2, Ever smoking (past/current), Ever alcohol (past/current)",0.11007791560753387
high_alt,high_tg,OR,1.93371542036392,1.64437653946472,2.27396538275256,1.0987000801777199e-12,12287,"Age, years, Male sex, Body mass index, kg/m2, Ever smoking (past/current), Ever alcohol (past/current)",3.8842337061510815e-12
high_ast,high_tg,OR,1.4260418137244,1.09140960853006,1.86327409855708,0.0104824998183979,12287,"Age, years, Male sex, Body mass index, kg/m2, Ever smoking (past/current), Ever alcohol (past/current)",0.01608563587338328
adv_fibrosis,high_tg,OR,0.59915289719828,0.403576768766072,0.889506587107774,0.0123586118544146,12287,"Age, years, Male sex, Body mass index, kg/m2, Ever smoking (past/current), Ever alcohol (past/current)",0.01873923667921202
anemia,high_tg,OR,0.6913194705688,0.527410348395731,0.906168435718533,0.0085674928770353,12287,"Age, years, Male sex, Body mass index, kg/m2, Ever smoking (past/current), Ever alcohol (past/current)",0.013339678577048023
leukocytosis,high_tg,OR,1.92167102862727,1.42085078230603,2.59901995920497,4.461726892252e-05,12287,"Age, years, Male sex, Body mass index, kg/m2, Ever smoking (past/current), Ever alcohol (past/current)",9.079522420652733e-05
vitd_deficiency,high_tg,OR,0.930848440279433,0.80765564486619,1.07283199749592,0.324507869663823,12287,"Age, years, Male sex, Body mass index, kg/m2, Ever smoking (past/current), Ever alcohol (past/current)",0.3796962828719561
osteoporosis,high_tg,OR,1.00492615767534,0.662635307208336,1.52403074722159,0.981612981643384,12287,"Age, years, Male sex, Body mass index, kg/m2, Ever smoking (past/current), Ever alcohol (past/current)",0.9847752606688961
current_smoking,high_tg,OR,1.55515621458448,1.37525497708892,1.75859087373028,1.32889160914204e-10,12287,"Age, years, Male sex, Body mass index, kg/m2, Ever alcohol (past/current)",4.188920482682e-10
age,high_ldl,OR,1.16766643233659,1.09103495916341,1.2496803019503,1.71294904137965e-05,12093,unadjusted,3.6315254060546066e-05
men,high_ldl,OR,0.919775806316914,0.774064488789773,1.0929160892119,0.343814940895323,12093,unadjusted,0.39980361733741854
bmi,high_ldl,OR,1.05934397104614,0.994056202932689,1.12891971870508,0.0781946713538664,12093,"Age, years, Male sex",0.10387445261111332
smoking,high_ldl,OR,1.073443140042,0.913739302839508,1.26106009812912,0.390202918641493,12093,"Age, years, Male sex",0.4475978966109912
alcohol,high_ldl,OR,1.0075767525314,0.803926670521826,1.26281531570876,0.947866904723404,12093,"Age, years, Male sex",0.9558402944394051
wc,high_ldl,OR,1.06902278685446,0.999959375550132,1.14285614671631,0.0524744612351752,12093,"Age, years, Male sex, Ever smoking (past/current), Ever alcohol (past/current)",0.07195458185315531
height,high_ldl,OR,0.915473593243967,0.80850236485536,1.03659795735657,0.166207665010456,12093,"Age, years, Male sex, Ever smoking (past/current), Ever alcohol (past/current)",0.20657163769442788
weight,high_ldl,OR,1.03993629643419,0.97147252876952,1.11322499464916,0.261998325174838,12093,"Age, years, Male sex, Ever smoking (past/current), Ever alcohol (past/current)",0.313320850783452
whtr,high_ldl,OR,1.08468901595627,1.01234566992892,1.16220209784548,0.022701809689422,12093,"Age, years, Male sex, Ever smoking (past/current), Ever alcohol (past/current)",0.03306358101704692
fat_kg,high_ldl,OR,1.15115225975274,1.00195790014675,1.32256208064205,0.0506576507880314,12093,"Age, years, Male sex, Ever smoking (past/current), Ever alcohol (past/current)",0.06977773903811012
lean_kg,high_ldl,OR,1.05255235092894,0.866687523833787,1.27827668101809,0.606966258898079,12093,"Age, years, Male sex, Ever smoking (past/current), Ever alcohol (past/current)",0.6565924310092427
asmm_kg,high_ldl,OR,1.04117895030309,0.851834837064909,1.27261008752526,0.694705309312381,12093,"Age, years, Male sex, Ever smoking (past/current), Ever alcohol (past/current)",0.7352204932155642
asmi,high_ldl,OR,1.14209101005712,0.974819791607203,1.33806462125963,0.104460700221906,12093,"Age, years, Male sex, Ever smoking (past/current), Ever alcohol (past/current)",0.13544625699044907
bodyfat_pct,high_ldl,OR,1.35163681579283,1.12932613957931,1.61770990485278,0.0015693671559863,12093,"Age, years, Male sex, Ever smoking (past/current), Ever alcohol (past/current)",0.0027075518835943317
asm_pct,high_ldl,OR,0.745284206874841,0.620993839792051,0.89445098071031,0.0023192722914149,12093,"Age, years, Male sex, Ever smoking (past/current), Ever alcohol (past/current)",0.003895983517977641
obesity,high_ldl,OR,1.04492546162164,0.901747404367183,1.21083710921402,0.56000124373401,12093,"Age, years, Male sex, Ever smoking (past/current), Ever alcohol (past/current)",0.6145256366745474
overweight,high_ldl,OR,1.65249416536149,1.33335166007711,2.04802457469912,1.11721107543815e-05,12093,"Age, years, Male sex, Ever smoking (past/current), Ever alcohol (past/current)",2.403678277562186e-05
abdominal_obesity,high_ldl,OR,1.17730771491175,0.9808990614593,1.41304392067484,0.0821953551041138,12093,"Age, years, Male sex, Ever smoking (past/current), Ever alcohol (past/current)",0.10856922363668588
central_obesity,high_ldl,OR,2.27953795977937,1.6056307477561,3.23629409647081,1.02766712482546e-05,12093,"Age, years, Male sex, Ever smoking (past/current), Ever alcohol (past/current)",2.222772633028715e-05
high_bodyfat,high_ldl,OR,1.5499423749918,1.06507012243511,2.25555230138528,0.0249942653329588,12093,"Age, years, Male sex, Ever smoking (past/current), Ever alcohol (past/current)",0.036139369026748906
sarcopenia,high_ldl,OR,0.37938711358093,0.183943821976924,0.782492069613112,0.0106017604966372,12093,"Age, years, Male sex, Ever smoking (past/current), Ever alcohol (past/current)",0.016242817900534837
sbp,high_ldl,OR,1.22875166807056,1.10184050520026,1.3702805938431,0.0003247267280152,12093,"Age, years, Male sex, Body mass index, kg/m2, Ever smoking (past/current), Ever alcohol (past/current)",0.0006073848397296129
dbp,high_ldl,OR,1.34398787666176,1.20393442966762,1.5003337126196,6.36012737362784e-07,12093,"Age, years, Male sex, Body mass index, kg/m2, Ever smoking (past/current), Ever alcohol (past/current)",1.523042608357853e-06
glucose,high_ldl,OR,1.0041265514505,0.927503001067727,1.08708018213114,0.919180123761748,12093,"Age, years, Male sex, Body mass index, kg/m2, Ever smoking (past/current), Ever alcohol (past/current)",0.9311847809478809
hba1c,high_ldl,OR,1.07993088276187,1.00742802831801,1.15765164236098,0.0321105985158978,12093,"Age, years, Male sex, Body mass index, kg/m2, Ever smoking (past/current), Ever alcohol (past/current)",0.04566122492052182
homa_ir,high_ldl,OR,1.02808548694114,0.945170331342075,1.11827438230968,0.519782571917456,12093,"Age, years, Male sex, Body mass index, kg/m2, Ever smoking (past/current), Ever alcohol (past/current)",0.5774388807934445
tg,high_ldl,OR,1.48980720142099,1.40093884475069,1.58431290967653,7.87240858371568e-24,12093,"Age, years, Male sex, Body mass index, kg/m2, Ever smoking (past/current), Ever alcohol (past/current)",5.591247460893938e-23
alt,high_ldl,OR,1.19776534179609,1.11469296161358,1.28702868270666,2.8238460965388e-06,12093,"Age, years, Male sex, Body mass index, kg/m2, Ever smoking (past/current), Ever alcohol (past/current)",6.372581379296916e-06
ast,high_ldl,OR,1.01511775838995,0.946634430649299,1.08855544446217,0.674484274228359,12093,"Age, years, Male sex, Body mass index, kg/m2, Ever smoking (past/current), Ever alcohol (past/current)",0.7168887127478206
creatinine,high_ldl,OR,0.888765283101657,0.756874116108816,1.04363950574471,0.153232193394457,12093,"Age, years, Male sex, Body mass index, kg/m2, Ever smoking (past/current), Ever alcohol (past/current)",0.19164924346142018
egfr,high_ldl,OR,1.04183798454858,0.910908258925533,1.19158694128931,0.55104214022881,12093,"Age, years, Male sex, Body mass index, kg/m2, Ever smoking (past/current), Ever alcohol (past/current)",0.6068827134591237
hemoglobin,high_ldl,OR,1.43397386848616,1.29367535421658,1.58948769395579,3.35566106634625e-10,12093,"Age, years, Male sex, Body mass index, kg/m2, Ever smoking (past/current), Ever alcohol (past/current)",1.0338781291640003e-09
platelet,high_ldl,OR,1.2333518220864,1.14071952847027,1.33350633444819,6.37257142145483e-07,12093,"Age, years, Male sex, Body mass index, kg/m2, Ever smoking (past/current), Ever alcohol (past/current)",1.5250993674092746e-06
wbc,high_ldl,OR,1.07063040121492,0.979863026134189,1.16980580492753,0.133733049946112,12093,"Age, years, Male sex, Body mass index, kg/m2, Ever smoking (past/current), Ever alcohol (past/current)",0.1690789215681748
fib4,high_ldl,OR,0.838823428422126,0.470940807851468,1.49408318909532,0.551822905665834,12093,"Age, years, Male sex, Body mass index, kg/m2, Ever smoking (past/current), Ever alcohol (past/current)",0.607573452494862
vitd,high_ldl,OR,1.01706460482558,0.932857942195508,1.10887238410007,0.701857466670303,12093,"Age, years, Male sex, Body mass index, kg/m2, Ever smoking (past/current), Ever alcohol (past/current)",0.7414013720020611
fn_bmd,high_ldl,OR,0.863764258608504,0.735884412588851,1.01386669113529,0.0774682474061291,12093,"Age, years, Male sex, Body mass index, kg/m2, Ever smoking (past/current), Ever alcohol (past/current)",0.10297862457615818
ls_bmd,high_ldl,OR,0.792006768403764,0.695973123435939,0.901291587382844,0.0007202791803635,12093,"Age, years, Male sex, Body mass index, kg/m2, Ever smoking (past/current), Ever alcohol (past/current)",0.0012987349305004583
insulin,high_ldl,OR,1.02740483449059,0.948055800313263,1.11339511196056,0.511008001723648,12093,"Age, years, Male sex, Body mass index, kg/m2, Ever smoking (past/current), Ever alcohol (past/current)",0.568649129344234
ggt,high_ldl,OR,1.1218459445556,1.04559351905041,1.20365926183134,0.0017574578860555,12093,"Age, years, Male sex, Body mass index, kg/m2, Ever smoking (past/current), Ever alcohol (past/current)",0.0030097417304050036
uric,high_ldl,OR,1.19726551009117,1.08398147172171,1.32238856387194,0.0005540336393444,12093,"Age, years, Male sex, Body mass index, kg/m2, Ever smoking (past/current), Ever alcohol (past/current)",0.0010142327983555977
cap,high_ldl,OR,1.19430738077285,0.877100062742699,1.62623420104229,0.288730661151027,12093,"Age, years, Male sex, Body mass index, kg/m2, Ever smoking (past/current), Ever alcohol (past/current)",0.3419815854830727
lsm,high_ldl,OR,0.715532905322758,0.454900825820132,1.12549221619146,0.181421571948862,12093,"Age, years, Male sex, Body mass index, kg/m2, Ever smoking (past/current), Ever alcohol (past/current)",0.22421235196179257
dm,high_ldl,OR,0.648283524723166,0.502388108583664,0.836547524208573,0.0011517578758952,12093,"Age, years, Male sex, Body mass index, kg/m2, Ever smoking (past/current), Ever alcohol (past/current)",0.0020214525985099425
prediabetes,high_ldl,OR,1.41159705933076,1.19971783113659,1.66089575914989,6.19982562984265e-05,12093,"Age, years, Male sex, Body mass index, kg/m2, Ever smoking (past/current), Ever alcohol (past/current)",0.0001242477719942124
htn,high_ldl,OR,0.892487782743717,0.702245056017785,1.13426849433971,0.354299998722401,12093,"Age, years, Male sex, Body mass index, kg/m2, Ever smoking (past/current), Ever alcohol (past/current)",0.4100205711095257
mets,high_ldl,OR,1.23770958251751,0.997613767805799,1.53558928324041,0.0549768288452742,12093,"Age, years, Male sex, Body mass index, kg/m2, Ever smoking (past/current), Ever alcohol (past/current)",0.07512550428735916
high_tg,high_ldl,OR,2.15902173105606,1.82268947104116,2.55741579091345,7.569630967452621e-15,12093,"Age, years, Male sex, Body mass index, kg/m2, Ever smoking (past/current), Ever alcohol (past/current)",3.087160835798203e-14
atherogenic_dyslipidemia,high_ldl,OR,1.09284201089653,0.845181347881748,1.41307384950414,0.499650542333624,12093,"Age, years, Male sex, Body mass index, kg/m2, Ever smoking (past/current), Ever alcohol (past/current)",0.55742175563221
insulin_resistance,high_ldl,OR,1.14324403746904,0.935194562571685,1.397577553931,0.194011775954971,12093,"Age, years, Male sex, Body mass index, kg/m2, Ever smoking (past/current), Ever alcohol (past/current)",0.23843137175454032
ckd,high_ldl,OR,0.69408390126164,0.543447854568049,0.886474126157867,0.0041272323731991,12093,"Age, years, Male sex, Body mass index, kg/m2, Ever smoking (past/current), Ever alcohol (past/current)",0.00673569771797675
high_alt,high_ldl,OR,1.44426239969104,1.1175113120624,1.86655280948499,0.0058182307854434,12093,"Age, years, Male sex, Body mass index, kg/m2, Ever smoking (past/current), Ever alcohol (past/current)",0.009318591492799228
high_ast,high_ldl,OR,0.904654000011118,0.648544125165898,1.26190158538059,0.55625439347734,12093,"Age, years, Male sex, Body mass index, kg/m2, Ever smoking (past/current), Ever alcohol (past/current)",0.611092024603265
adv_fibrosis,high_ldl,OR,0.350511427158178,0.185459856819297,0.662452040433581,0.0016143475621439,12093,"Age, years, Male sex, Body mass index, kg/m2, Ever smoking (past/current), Ever alcohol (past/current)",0.002779094410722919
steatosis,high_ldl,OR,1.56581117050337,0.912904620670942,2.68567445728472,0.137760662464886,12093,"Age, years, Male sex, Body mass index, kg/m2, Ever smoking (past/current), Ever alcohol (past/current)",0.17389316551087716
masld,high_ldl,OR,1.47373129425891,0.874754170655196,2.48285061167675,0.179053012499648,12093,"Age, years, Male sex, Body mass index, kg/m2, Ever smoking (past/current), Ever alcohol (past/current)",0.22135428670268983
anemia,high_ldl,OR,0.505917412128309,0.328656284667404,0.77878452302723,0.0024503933396601,12093,"Age, years, Male sex, Body mass index, kg/m2, Ever smoking (past/current), Ever alcohol (past/current)",0.00409710737603354
leukocytosis,high_ldl,OR,1.53459922360325,1.0650318796691,2.21119651161558,0.0233181775108044,12093,"Age, years, Male sex, Body mass index, kg/m2, Ever smoking (past/current), Ever alcohol (past/current)",0.03390176781798685
vitd_deficiency,high_ldl,OR,1.04133844636266,0.858657173260636,1.26288557720328,0.681383361926674,12093,"Age, years, Male sex, Body mass index, kg/m2, Ever smoking (past/current), Ever alcohol (past/current)",0.7232499543283935
osteoporosis,high_ldl,OR,1.14941932307549,0.714776227937462,1.84836138727169,0.567400761681764,12093,"Age, years, Male sex, Body mass index, kg/m2, Ever smoking (past/current), Ever alcohol (past/current)",0.6214116817525942
current_smoking,high_ldl,OR,1.18550308444658,0.964781266539585,1.45672144762224,0.108115937961542,12093,"Age, years, Male sex, Body mass index, kg/m2, Ever alcohol (past/current)",0.13981910773973852
age,high_nonhdl,OR,1.12218443831707,1.07503673129774,1.17139989447694,6.0684156548347e-07,25076,unadjusted,1.457598805739288e-06
men,high_nonhdl,OR,1.20934000135011,1.08593838031392,1.34676448072745,0.0007396920790489,25076,unadjusted,0.0013294965309938432
bmi,high_nonhdl,OR,1.16513125889968,1.11472761595655,1.21781395834555,4.82977943010981e-10,25076,"Age, years, Male sex",1.4652306307909822e-09
smoking,high_nonhdl,OR,1.24373692660188,1.1171277298625,1.38469532287368,0.0001170316955217,25076,"Age, years, Male sex",0.0002291967264771511
alcohol,high_nonhdl,OR,1.00451694716,0.880829013470009,1.14557341061745,0.946513444678852,25076,"Age, years, Male sex",0.9547188136536304
wc,high_nonhdl,OR,1.23772830619067,1.17624557269136,1.30242476189759,3.11489586696492e-13,25076,"Age, years, Male sex, Ever smoking (past/current), Ever alcohol (past/current)",1.1559594793351992e-12
height,high_nonhdl,OR,0.888964591111381,0.822904671543421,0.960327570832275,0.0034163921033201,25076,"Age, years, Male sex, Ever smoking (past/current), Ever alcohol (past/current)",0.005633700358788794
weight,high_nonhdl,OR,1.14033613165915,1.08379064624882,1.19983181038528,1.53600450763616e-06,25076,"Age, years, Male sex, Ever smoking (past/current), Ever alcohol (past/current)",3.5472468372496495e-06
whtr,high_nonhdl,OR,1.26808207391434,1.20533174115395,1.33409922868488,1.70457425388226e-15,25076,"Age, years, Male sex, Ever smoking (past/current), Ever alcohol (past/current)",7.274321195639936e-15
fat_kg,high_nonhdl,OR,1.22513187827699,1.12622468317646,1.33272529149082,1.09685495505324e-05,25076,"Age, years, Male sex, Ever smoking (past/current), Ever alcohol (past/current)",2.3646638704036065e-05
lean_kg,high_nonhdl,OR,1.14458360492435,1.01584630646451,1.28963566666016,0.0296915651544463,25076,"Age, years, Male sex, Ever smoking (past/current), Ever alcohol (past/current)",0.04241958531996734
asmm_kg,high_nonhdl,OR,1.07322314083966,0.94581246005787,1.217797352726,0.276743137262995,25076,"Age, years, Male sex, Ever smoking (past/current), Ever alcohol (past/current)",0.3295592567767634
asmi,high_nonhdl,OR,1.19298991574588,1.08323092555781,1.31387029809776,0.0006129222482808,25076,"Age, years, Male sex, Ever smoking (past/current), Ever alcohol (past/current)",0.0011178978396490756
bodyfat_pct,high_nonhdl,OR,1.5463260083823,1.36366438275617,1.75345499555156,2.6200207073178903e-09,25076,"Age, years, Male sex, Ever smoking (past/current), Ever alcohol (past/current)",7.527089265177614e-09
asm_pct,high_nonhdl,OR,0.594603928596868,0.512646531275704,0.689663950369511,1.91557362176266e-09,25076,"Age, years, Male sex, Ever smoking (past/current), Ever alcohol (past/current)",5.56388344177172e-09
obesity,high_nonhdl,OR,1.35330377357561,1.20911149400134,1.51469166628561,6.34920915034566e-07,25076,"Age, years, Male sex, Ever smoking (past/current), Ever alcohol (past/current)",1.5213489641894265e-06
overweight,high_nonhdl,OR,2.44240083238631,2.07300087337083,2.87762629657814,4.58496349331584e-19,25076,"Age, years, Male sex, Ever smoking (past/current), Ever alcohol (past/current)",2.454413474906287e-18
abdominal_obesity,high_nonhdl,OR,1.71200634015674,1.49867277516127,1.95570758161099,1.41600051512423e-12,25076,"Age, years, Male sex, Ever smoking (past/current), Ever alcohol (past/current)",4.966044359779657e-12
central_obesity,high_nonhdl,OR,3.81444521369468,2.96268203313108,4.91108803630243,2.2491890280855697e-18,25076,"Age, years, Male sex, Ever smoking (past/current), Ever alcohol (past/current)",1.1661588198042614e-17
high_bodyfat,high_nonhdl,OR,2.13968699804774,1.61008324364742,2.84349301048756,1.5183471598941e-06,25076,"Age, years, Male sex, Ever smoking (past/current), Ever alcohol (past/current)",3.5126206810181638e-06
sarcopenia,high_nonhdl,OR,0.352897331998845,0.20893654398345,0.596049520862027,0.0002176329220464,25076,"Age, years, Male sex, Ever smoking (past/current), Ever alcohol (past/current)",0.00041471861253157923
sbp,high_nonhdl,OR,1.28887149370129,1.20038701785005,1.38387845134403,1.73175260513304e-10,25076,"Age, years, Male sex, Body mass index, kg/m2, Ever smoking (past/current), Ever alcohol (past/current)",5.428536692477263e-10
dbp,high_nonhdl,OR,1.41961966912138,1.30933591655277,1.53919248641881,7.05282080934215e-14,25076,"Age, years, Male sex, Body mass index, kg/m2, Ever smoking (past/current), Ever alcohol (past/current)",2.7247030392341354e-13
glucose,high_nonhdl,OR,1.11705965721779,1.03800196920035,1.20213864213073,0.0037651752527265,25076,"Age, years, Male sex, Body mass index, kg/m2, Ever smoking (past/current), Ever alcohol (past/current)",0.006172827724735199
hba1c,high_nonhdl,OR,1.20564056970444,1.15022712330861,1.2637236193284,2.8860996884099898e-12,25076,"Age, years, Male sex, Body mass index, kg/m2, Ever smoking (past/current), Ever alcohol (past/current)",9.910946499435695e-12
homa_ir,high_nonhdl,OR,1.2847858646642,1.1959296580751,1.38024398583591,3.49794907170307e-10,25076,"Age, years, Male sex, Body mass index, kg/m2, Ever smoking (past/current), Ever alcohol (past/current)",1.0760409430526705e-09
tg,high_nonhdl,OR,2.76519238561047,2.46480299863474,3.10219069583792,3.13128658347979e-34,25076,"Age, years, Male sex, Body mass index, kg/m2, Ever smoking (past/current), Ever alcohol (past/current)",4.25682808393335e-33
alt,high_nonhdl,OR,1.25202928586875,1.16460199905589,1.34601978525179,1.47953239632658e-08,25076,"Age, years, Male sex, Body mass index, kg/m2, Ever smoking (past/current), Ever alcohol (past/current)",4.033790599495486e-08
ast,high_nonhdl,OR,1.09109479364389,1.03715954479196,1.14783482897572,0.0010142650949402,25076,"Age, years, Male sex, Body mass index, kg/m2, Ever smoking (past/current), Ever alcohol (past/current)",0.0017920646340256505
creatinine,high_nonhdl,OR,0.890887034094528,0.796560000158546,0.996384085768519,0.0456177675939519,25076,"Age, years, Male sex, Body mass index, kg/m2, Ever smoking (past/current), Ever alcohol (past/current)",0.06320976833683843
egfr,high_nonhdl,OR,1.07990509890915,0.996592953270268,1.17018188702135,0.0633920101637291,25076,"Age, years, Male sex, Body mass index, kg/m2, Ever smoking (past/current), Ever alcohol (past/current)",0.08550248626243175
hemoglobin,high_nonhdl,OR,1.55102147416997,1.42954532087203,1.68282010945195,9.99577835887922e-19,25076,"Age, years, Male sex, Body mass index, kg/m2, Ever smoking (past/current), Ever alcohol (past/current)",5.258417445176356e-18
platelet,high_nonhdl,OR,1.25899321174115,1.20058386176854,1.32024422256966,3.02382286734052e-16,25076,"Age, years, Male sex, Body mass index, kg/m2, Ever smoking (past/current), Ever alcohol (past/current)",1.3671135157941824e-15
wbc,high_nonhdl,OR,1.28039534651694,1.18961782468024,1.37809993207095,1.30515046477574e-09,25076,"Age, years, Male sex, Body mass index, kg/m2, Ever smoking (past/current), Ever alcohol (past/current)",3.844508740620125e-09
fib4,high_nonhdl,OR,0.836884468809197,0.574975400506273,1.21809665860028,0.354363077002899,25076,"Age, years, Male sex, Body mass index, kg/m2, Ever smoking (past/current), Ever alcohol (past/current)",0.4100205711095257
vitd,high_nonhdl,OR,0.973632658106073,0.920778401331393,1.02952083971562,0.349982823055535,25076,"Age, years, Male sex, Body mass index, kg/m2, Ever smoking (past/current), Ever alcohol (past/current)",0.40590209557540213
fn_bmd,high_nonhdl,OR,0.868273436431859,0.786836894358933,0.958138549193757,0.0063781593606275,25076,"Age, years, Male sex, Body mass index, kg/m2, Ever smoking (past/current), Ever alcohol (past/current)",0.010137403949635351
ls_bmd,high_nonhdl,OR,0.826514251478486,0.750153697611726,0.910647791341852,0.0002537319520334,25076,"Age, years, Male sex, Body mass index, kg/m2, Ever smoking (past/current), Ever alcohol (past/current)",0.0004800399819436301
insulin,high_nonhdl,OR,1.27837858415086,1.19400982703555,1.36870883925053,1.29865810529909e-10,25076,"Age, years, Male sex, Body mass index, kg/m2, Ever smoking (past/current), Ever alcohol (past/current)",4.1001528049187547e-10
ggt,high_nonhdl,OR,1.22861355565796,1.17364627779314,1.28615520511416,1.24042104812914e-14,25076,"Age, years, Male sex, Body mass index, kg/m2, Ever smoking (past/current), Ever alcohol (past/current)",4.981833163856729e-14
uric,high_nonhdl,OR,1.36821459232032,1.28117355328939,1.46116907099113,6.98833749857118e-16,25076,"Age, years, Male sex, Body mass index, kg/m2, Ever smoking (past/current), Ever alcohol (past/current)",3.078603913624453e-15
cap,high_nonhdl,OR,1.6125594813624,1.33874221877729,1.94238147154778,0.000706835778768,25076,"Age, years, Male sex, Body mass index, kg/m2, Ever smoking (past/current), Ever alcohol (past/current)",0.001275658002192613
lsm,high_nonhdl,OR,1.15430588460518,0.996280875488957,1.33739601754395,0.0884056624039075,25076,"Age, years, Male sex, Body mass index, kg/m2, Ever smoking (past/current), Ever alcohol (past/current)",0.11615171055126472
dm,high_nonhdl,OR,0.86565497967919,0.733993172457403,1.02093394320622,0.0891769491290463,25076,"Age, years, Male sex, Body mass index, kg/m2, Ever smoking (past/current), Ever alcohol (past/current)",0.11708729198622873
prediabetes,high_nonhdl,OR,1.38539681891887,1.24237667621579,1.54488118025257,4.20814697926946e-08,25076,"Age, years, Male sex, Body mass index, kg/m2, Ever smoking (past/current), Ever alcohol (past/current)",1.1083508288941401e-07
htn,high_nonhdl,OR,1.08208900001459,0.921556536472349,1.27058575096733,0.337553641944652,25076,"Age, years, Male sex, Body mass index, kg/m2, Ever smoking (past/current), Ever alcohol (past/current)",0.3932617400735484
high_tg,high_nonhdl,OR,6.45258487401271,5.46658513792886,7.61642789891906,1.2199604882817699e-43,25076,"Age, years, Male sex, Body mass index, kg/m2, Ever smoking (past/current), Ever alcohol (past/current)",2.6229150498058052e-42
insulin_resistance,high_nonhdl,OR,1.79010536311507,1.4712083579028,2.17812602398568,5.2327555283427e-08,25076,"Age, years, Male sex, Body mass index, kg/m2, Ever smoking (past/current), Ever alcohol (past/current)",1.3690992638970718e-07
ckd,high_nonhdl,OR,0.939433392334352,0.805732975683527,1.09531957269609,0.426680579571459,25076,"Age, years, Male sex, Body mass index, kg/m2, Ever smoking (past/current), Ever alcohol (past/current)",0.4853215562923208
high_alt,high_nonhdl,OR,1.77849535054417,1.50903088141341,2.09607752290968,3.24007276957809e-10,25076,"Age, years, Male sex, Body mass index, kg/m2, Ever smoking (past/current), Ever alcohol (past/current)",9.99043482186354e-10
high_ast,high_nonhdl,OR,1.36546467441078,1.11997800746085,1.66475927620294,0.002570953133906,25076,"Age, years, Male sex, Body mass index, kg/m2, Ever smoking (past/current), Ever alcohol (past/current)",0.0042932421265226405
adv_fibrosis,high_nonhdl,OR,0.438242185139973,0.264055715433029,0.727332156099337,0.0018126913582655,25076,"Age, years, Male sex, Body mass index, kg/m2, Ever smoking (past/current), Ever alcohol (past/current)",0.0030962897294034186
anemia,high_nonhdl,OR,0.508955365990652,0.378444427027571,0.684474512163465,1.82361957953943e-05,25076,"Age, years, Male sex, Body mass index, kg/m2, Ever smoking (past/current), Ever alcohol (past/current)",3.859945990721234e-05
leukocytosis,high_nonhdl,OR,1.47094913464122,1.18983428212731,1.81848127020955,0.0005241584998212,25076,"Age, years, Male sex, Body mass index, kg/m2, Ever smoking (past/current), Ever alcohol (past/current)",0.0009631077683663108
vitd_deficiency,high_nonhdl,OR,0.995896619962256,0.887386370998729,1.11767558085887,0.944423939265425,25076,"Age, years, Male sex, Body mass index, kg/m2, Ever smoking (past/current), Ever alcohol (past/current)",0.9528541453032444
osteoporosis,high_nonhdl,OR,1.17362682582724,0.802844882346769,1.71564888384801,0.411322444159008,25076,"Age, years, Male sex, Body mass index, kg/m2, Ever smoking (past/current), Ever alcohol (past/current)",0.46974353033863614
current_smoking,high_nonhdl,OR,1.4454668122627,1.28102636612151,1.63101584839253,2.40891780865156e-08,25076,"Age, years, Male sex, Body mass index, kg/m2, Ever alcohol (past/current)",6.460799221034285e-08
age,atherogenic_dyslipidemia,OR,1.10649590428113,1.03791699021168,1.17960607422105,0.002399044796323,12287,unadjusted,0.004016344144838675
men,atherogenic_dyslipidemia,OR,1.17442309314029,1.02916246976777,1.34018645473192,0.0185233284881916,12287,unadjusted,0.027301710372919025
bmi,atherogenic_dyslipidemia,OR,1.60199619975726,1.50602342463014,1.70408493125993,2.86672496786639e-29,12287,"Age, years, Male sex",2.83519099321986e-28
smoking,atherogenic_dyslipidemia,OR,1.34694243199141,1.17207532642614,1.54789873499932,5.17139725583032e-05,12287,"Age, years, Male sex",0.00010448441033740931
alcohol,atherogenic_dyslipidemia,OR,0.761658541713967,0.630860218356021,0.919575711522294,0.0054168180496763,12287,"Age, years, Male sex",0.008696806901184838
wc,atherogenic_dyslipidemia,OR,1.77400925984086,1.65870638831608,1.89732726428821,5.10139584784687e-33,12287,"Age, years, Male sex, Ever smoking (past/current), Ever alcohol (past/current)",6.531107434978064e-32
height,atherogenic_dyslipidemia,OR,0.98978483158558,0.88559829464785,1.10622843196243,0.856723872313749,12287,"Age, years, Male sex, Ever smoking (past/current), Ever alcohol (past/current)",0.8780309945267335
weight,atherogenic_dyslipidemia,OR,1.59812892972087,1.49225388305515,1.711515784956,1.54314493959471e-25,12287,"Age, years, Male sex, Ever smoking (past/current), Ever alcohol (past/current)",1.1923205822337253e-24
whtr,atherogenic_dyslipidemia,OR,1.81772539738029,1.70037605973644,1.94317345352032,8.23913840642427e-35,12287,"Age, years, Male sex, Ever smoking (past/current), Ever alcohol (past/current)",1.1517325631029827e-33
fat_kg,atherogenic_dyslipidemia,OR,1.57079237767217,1.38553279920389,1.78082301275778,8.83224820681647e-10,12287,"Age, years, Male sex, Ever smoking (past/current), Ever alcohol (past/current)",2.625122006473776e-09
lean_kg,atherogenic_dyslipidemia,OR,1.89759256102535,1.61749445664379,2.22619466352318,2.7797191711575198e-11,12287,"Age, years, Male sex, Ever smoking (past/current), Ever alcohol (past/current)",9.035800362447945e-11
asmm_kg,atherogenic_dyslipidemia,OR,1.70475058017257,1.45166461314766,2.00196003558785,8.89719334075232e-09,12287,"Age, years, Male sex, Ever smoking (past/current), Ever alcohol (past/current)",2.476938554258704e-08
asmi,atherogenic_dyslipidemia,OR,1.70512595411817,1.49879463233039,1.9398618441052,9.580769199140109e-12,12287,"Age, years, Male sex, Ever smoking (past/current), Ever alcohol (past/current)",3.187680651959485e-11
bodyfat_pct,atherogenic_dyslipidemia,OR,1.86077773922594,1.54274998161526,2.24436482648575,9.341566242031031e-09,12287,"Age, years, Male sex, Ever smoking (past/current), Ever alcohol (past/current)",2.5969948034767927e-08
asm_pct,atherogenic_dyslipidemia,OR,0.483693116578048,0.388412435583694,0.60234691166208,9.54074966301116e-09,12287,"Age, years, Male sex, Ever smoking (past/current), Ever alcohol (past/current)",2.6449338238873266e-08
obesity,atherogenic_dyslipidemia,OR,2.74897515167621,2.40370665563854,3.14383802482993,1.12562295294389e-28,12287,"Age, years, Male sex, Ever smoking (past/current), Ever alcohol (past/current)",1.0552048345606703e-27
overweight,atherogenic_dyslipidemia,OR,4.83948188140774,3.73810734118157,6.26535910899521,3.7511784552297003e-22,12287,"Age, years, Male sex, Ever smoking (past/current), Ever alcohol (past/current)",2.4287499130750727e-21
abdominal_obesity,atherogenic_dyslipidemia,OR,3.49359878952619,2.93159938901608,4.16333573676834,7.18541005478558e-27,12287,"Age, years, Male sex, Ever smoking (past/current), Ever alcohol (past/current)",6.126181503605982e-26
central_obesity,atherogenic_dyslipidemia,OR,9.01968850698253,5.80778439973699,14.007885824184,5.77433770716449e-17,12287,"Age, years, Male sex, Ever smoking (past/current), Ever alcohol (past/current)",2.758850237867479e-16
high_bodyfat,atherogenic_dyslipidemia,OR,3.72929284232428,2.60765371756684,5.33338648844374,4.50873816996769e-10,12287,"Age, years, Male sex, Ever smoking (past/current), Ever alcohol (past/current)",1.377341173775458e-09
sarcopenia,atherogenic_dyslipidemia,OR,0.219565261121214,0.0430697128355181,1.11932262180004,0.0722470955838876,12287,"Age, years, Male sex, Ever smoking (past/current), Ever alcohol (past/current)",0.09662255244417152
sbp,atherogenic_dyslipidemia,OR,0.994954074816986,0.918635953156209,1.07761252713194,0.901337940915261,12287,"Age, years, Male sex, Body mass index, kg/m2, Ever smoking (past/current), Ever alcohol (past/current)",0.9178102687929917
dbp,atherogenic_dyslipidemia,OR,1.10739779596302,1.01352411436044,1.20996615781323,0.0258325232611797,12287,"Age, years, Male sex, Body mass index, kg/m2, Ever smoking (past/current), Ever alcohol (past/current)",0.03732412783828594
glucose,atherogenic_dyslipidemia,OR,1.35455786422214,1.2672882743096,1.44783712176745,6.667753790097451e-15,12287,"Age, years, Male sex, Body mass index, kg/m2, Ever smoking (past/current), Ever alcohol (past/current)",2.7334335744689653e-14
hba1c,atherogenic_dyslipidemia,OR,1.33711958028882,1.24889534883484,1.43157613138665,1.5708903027149997e-13,12287,"Age, years, Male sex, Body mass index, kg/m2, Ever smoking (past/current), Ever alcohol (past/current)",5.941149175468967e-13
homa_ir,atherogenic_dyslipidemia,OR,2.19502630181594,1.9983650997136,2.41104113875603,2.98542816779858e-32,12287,"Age, years, Male sex, Body mass index, kg/m2, Ever smoking (past/current), Ever alcohol (past/current)",3.656456294678385e-31
tchol,atherogenic_dyslipidemia,OR,1.32382209843085,1.2381864257338,1.41538052095447,2.97758359523874e-13,12287,"Age, years, Male sex, Body mass index, kg/m2, Ever smoking (past/current), Ever alcohol (past/current)",1.1081204800342854e-12
ldl,atherogenic_dyslipidemia,OR,1.08239156182395,1.0055267342797,1.16513211749356,0.0372663886329921,12287,"Age, years, Male sex, Body mass index, kg/m2, Ever smoking (past/current), Ever alcohol (past/current)",0.05246470940644724
alt,atherogenic_dyslipidemia,OR,1.25628973754034,1.15817507284525,1.36271617448294,2.241426872384e-07,12287,"Age, years, Male sex, Body mass index, kg/m2, Ever smoking (past/current), Ever alcohol (past/current)",5.562788398463679e-07
ast,atherogenic_dyslipidemia,OR,1.1266098941771,1.02821442016059,1.23442137045647,0.0118349129192033,12287,"Age, years, Male sex, Body mass index, kg/m2, Ever smoking (past/current), Ever alcohol (past/current)",0.018000351983225013
creatinine,atherogenic_dyslipidemia,OR,1.04322685143517,0.995299401544575,1.09346219023784,0.0807579263409047,12287,"Age, years, Male sex, Body mass index, kg/m2, Ever smoking (past/current), Ever alcohol (past/current)",0.10688469608719271
egfr,atherogenic_dyslipidemia,OR,0.980526960119651,0.878657441541912,1.0942069958849,0.726027673545963,12287,"Age, years, Male sex, Body mass index, kg/m2, Ever smoking (past/current), Ever alcohol (past/current)",0.7626334131613862
hemoglobin,atherogenic_dyslipidemia,OR,1.34243924796195,1.19527304495715,1.50772506923993,2.28114090316986e-06,12287,"Age, years, Male sex, Body mass index, kg/m2, Ever smoking (past/current), Ever alcohol (past/current)",5.186318053413774e-06
platelet,atherogenic_dyslipidemia,OR,1.07248298476082,0.993692160475197,1.15752121064477,0.0748201413993521,12287,"Age, years, Male sex, Body mass index, kg/m2, Ever smoking (past/current), Ever alcohol (past/current)",0.09979382312064629
wbc,atherogenic_dyslipidemia,OR,1.42478666119391,1.29988095497251,1.561694570684,9.42064712643608e-12,12287,"Age, years, Male sex, Body mass index, kg/m2, Ever smoking (past/current), Ever alcohol (past/current)",3.1370437737526207e-11
fib4,atherogenic_dyslipidemia,OR,0.968815740290254,0.818341323623087,1.14695899075293,0.713629837380224,12287,"Age, years, Male sex, Body mass index, kg/m2, Ever smoking (past/current), Ever alcohol (past/current)",0.7508296906053633
vitd,atherogenic_dyslipidemia,OR,0.904502394109909,0.828124116316254,0.987925076484698,0.0276460256035741,12287,"Age, years, Male sex, Body mass index, kg/m2, Ever smoking (past/current), Ever alcohol (past/current)",0.039669088606361674
fn_bmd,atherogenic_dyslipidemia,OR,1.01058892590683,0.879591166403898,1.16109621853178,0.882206440191892,12287,"Age, years, Male sex, Body mass index, kg/m2, Ever smoking (past/current), Ever alcohol (past/current)",0.9008798857509357
ls_bmd,atherogenic_dyslipidemia,OR,1.09763407387038,0.938038426493149,1.28438294860204,0.249094106147135,12287,"Age, years, Male sex, Body mass index, kg/m2, Ever smoking (past/current), Ever alcohol (past/current)",0.2990816275154821
insulin,atherogenic_dyslipidemia,OR,2.09967206171405,1.91529225921105,2.3018015895697,6.13326391914279e-31,12287,"Age, years, Male sex, Body mass index, kg/m2, Ever smoking (past/current), Ever alcohol (past/current)",6.684074948795835e-30
ggt,atherogenic_dyslipidemia,OR,1.1909043284929,1.09714638932946,1.29267446296744,5.70819071726639e-05,12287,"Age, years, Male sex, Body mass index, kg/m2, Ever smoking (past/current), Ever alcohol (past/current)",0.00011486064332403783
uric,atherogenic_dyslipidemia,OR,1.40645097775783,1.29818868925861,1.5237417866933,1.53977155373134e-13,12287,"Age, years, Male sex, Body mass index, kg/m2, Ever smoking (past/current), Ever alcohol (past/current)",5.829029920154239e-13
cap,atherogenic_dyslipidemia,OR,1.76661903273532,1.3904572017437,2.24454431456707,0.0011879905461968,12287,"Age, years, Male sex, Body mass index, kg/m2, Ever smoking (past/current), Ever alcohol (past/current)",0.0020822731948402927
lsm,atherogenic_dyslipidemia,OR,0.843612109900625,0.681481687168455,1.04431477084587,0.152772236958939,12287,"Age, years, Male sex, Body mass index, kg/m2, Ever smoking (past/current), Ever alcohol (past/current)",0.19113439892775544
dm,atherogenic_dyslipidemia,OR,2.07660048099836,1.69026069777992,2.55124523888331,2.07173010995791e-10,12287,"Age, years, Male sex, Body mass index, kg/m2, Ever smoking (past/current), Ever alcohol (past/current)",6.448280342245077e-10
prediabetes,atherogenic_dyslipidemia,OR,1.07505464671142,0.902284035575422,1.28090761650099,0.419772514942924,12287,"Age, years, Male sex, Body mass index, kg/m2, Ever smoking (past/current), Ever alcohol (past/current)",0.4778762788817863
htn,atherogenic_dyslipidemia,OR,1.15868709871889,0.974768545286317,1.37730725845615,0.0975285447977955,12287,"Age, years, Male sex, Body mass index, kg/m2, Ever smoking (past/current), Ever alcohol (past/current)",0.12704080448471486
high_ldl,atherogenic_dyslipidemia,OR,1.12275405011194,0.867248091564058,1.45353638630596,0.381256628570957,12287,"Age, years, Male sex, Body mass index, kg/m2, Ever smoking (past/current), Ever alcohol (past/current)",0.43819036101879894
insulin_resistance,atherogenic_dyslipidemia,OR,3.78081360383323,3.15638423912388,4.52877419984146,7.5894523556203e-28,12287,"Age, years, Male sex, Body mass index, kg/m2, Ever smoking (past/current), Ever alcohol (past/current)",6.731810206016571e-27
ckd,atherogenic_dyslipidemia,OR,1.39049385602028,1.14069471299345,1.69499616471113,0.0014424479602815,12287,"Age, years, Male sex, Body mass index, kg/m2, Ever smoking (past/current), Ever alcohol (past/current)",0.0025027737416112345
high_alt,atherogenic_dyslipidemia,OR,2.00154526111873,1.60326353334211,2.49876788749487,1.20073612635611e-08,12287,"Age, years, Male sex, Body mass index, kg/m2, Ever smoking (past/current), Ever alcohol (past/current)",3.3009813174876793e-08
high_ast,atherogenic_dyslipidemia,OR,1.60319623974071,1.13163944148025,2.27125185717877,0.0090043739030551,12287,"Age, years, Male sex, Body mass index, kg/m2, Ever smoking (past/current), Ever alcohol (past/current)",0.013974618736950169
adv_fibrosis,atherogenic_dyslipidemia,OR,1.14587680831665,0.686706802811962,1.91207317950148,0.603164012673999,12287,"Age, years, Male sex, Body mass index, kg/m2, Ever smoking (past/current), Ever alcohol (past/current)",0.6533726270915499
anemia,atherogenic_dyslipidemia,OR,0.840307338843504,0.598054582673239,1.18068892735173,0.31804080465074,12287,"Age, years, Male sex, Body mass index, kg/m2, Ever smoking (past/current), Ever alcohol (past/current)",0.37290142951936206
leukocytosis,atherogenic_dyslipidemia,OR,1.98863506084188,1.45037183416047,2.72665899327718,3.99081681668968e-05,12287,"Age, years, Male sex, Body mass index, kg/m2, Ever smoking (past/current), Ever alcohol (past/current)",8.20991748664814e-05
vitd_deficiency,atherogenic_dyslipidemia,OR,1.08457253980124,0.905764348185233,1.2986795036123,0.37890815787273,12287,"Age, years, Male sex, Body mass index, kg/m2, Ever smoking (past/current), Ever alcohol (past/current)",0.4357443815536395
osteoporosis,atherogenic_dyslipidemia,OR,1.240939115292,0.695882068686846,2.21291790255149,0.466912034228714,12287,"Age, years, Male sex, Body mass index, kg/m2, Ever smoking (past/current), Ever alcohol (past/current)",0.5250328219893181
current_smoking,atherogenic_dyslipidemia,OR,1.71048105710953,1.4139481043204,2.06920284965959,1.96269867825913e-07,12287,"Age, years, Male sex, Body mass index, kg/m2, Ever alcohol (past/current)",4.895609061281916e-07
age,insulin_resistance,OR,1.18186074838499,1.12496677207742,1.24163207593567,9.08450677942118e-10,12256,unadjusted,2.6960471732475756e-09
men,insulin_resistance,OR,1.19897453830447,1.08280197442647,1.3276111213815,0.0006713561473678,12256,unadjusted,0.001215586775964699
bmi,insulin_resistance,OR,4.26082203533006,3.89175997521599,4.6648828633751,6.12880665098877e-60,12256,"Age, years, Male sex",4.253606861633609e-58
smoking,insulin_resistance,OR,0.985478254413974,0.897263989370861,1.08236528092894,0.76032842906569,12256,"Age, years, Male sex",0.791125530085184
alcohol,insulin_resistance,OR,0.735170981758927,0.649786933762801,0.831774762367999,3.21278314582319e-06,12256,"Age, years, Male sex",7.217359525767485e-06
wc,insulin_resistance,OR,4.50388479703542,4.1013266833035,4.9459552557827,1.41669487802599e-59,12256,"Age, years, Male sex, Ever smoking (past/current), Ever alcohol (past/current)",9.269642940988314e-58
height,insulin_resistance,OR,0.997811978530158,0.925180105533498,1.07614586451159,0.95479473493685,12256,"Age, years, Male sex, Ever smoking (past/current), Ever alcohol (past/current)",0.9625810324694644
weight,insulin_resistance,OR,3.91577610124485,3.57086710014648,4.29399976113681,8.24762895106673e-56,12256,"Age, years, Male sex, Ever smoking (past/current), Ever alcohol (past/current)",3.8842404917166644e-54
whtr,insulin_resistance,OR,4.66663492409503,4.25703425316479,5.11564629732388,1.5381415413419801e-61,12256,"Age, years, Male sex, Ever smoking (past/current), Ever alcohol (past/current)",1.170170757220937e-59
fat_kg,insulin_resistance,OR,4.45464931864695,3.71279442233512,5.34473453007428,1.5957120819011001e-25,12256,"Age, years, Male sex, Ever smoking (past/current), Ever alcohol (past/current)",1.2305335274855266e-24
lean_kg,insulin_resistance,OR,3.73671971726279,3.23290664249375,4.31904653906428,3.88958900900528e-28,12256,"Age, years, Male sex, Ever smoking (past/current), Ever alcohol (past/current)",3.513062584389244e-27
asmm_kg,insulin_resistance,OR,3.16289185689876,2.76142742822313,3.62272236314882,2.3297562694631e-26,12256,"Age, years, Male sex, Ever smoking (past/current), Ever alcohol (past/current)",1.9281413811707163e-25
asmi,insulin_resistance,OR,3.24970842135668,2.86841146537616,3.68169105140974,4.39159508329533e-29,12256,"Age, years, Male sex, Ever smoking (past/current), Ever alcohol (past/current)",4.289666703584277e-28
bodyfat_pct,insulin_resistance,OR,5.55326261793484,4.53526668717746,6.79976015323261,2.61465928777453e-26,12256,"Age, years, Male sex, Ever smoking (past/current), Ever alcohol (past/current)",2.15043495684741e-25
asm_pct,insulin_resistance,OR,0.202316974563788,0.168856758367166,0.242407580202626,2.16950450305067e-27,12256,"Age, years, Male sex, Ever smoking (past/current), Ever alcohol (past/current)",1.890431677107588e-26
obesity,insulin_resistance,OR,7.62809959886721,6.79040231367767,8.56913932375292,1.90258673826907e-63,12256,"Age, years, Male sex, Ever smoking (past/current), Ever alcohol (past/current)",1.5680485701234253e-61
overweight,insulin_resistance,OR,7.87872447456171,6.77100874728422,9.16765900959072,4.4068252998737706e-52,12256,"Age, years, Male sex, Ever smoking (past/current), Ever alcohol (past/current)",1.5292456917807576e-50
abdominal_obesity,insulin_resistance,OR,8.14108752183936,7.06154188716677,9.38567059393884,1.2966057466339599e-55,12256,"Age, years, Male sex, Ever smoking (past/current), Ever alcohol (past/current)",5.993031832904582e-54
central_obesity,insulin_resistance,OR,9.70227828542762,7.70538972245117,12.2166700606462,1.64602018395147e-38,12256,"Age, years, Male sex, Ever smoking (past/current), Ever alcohol (past/current)",2.6362979140534477e-37
high_bodyfat,insulin_resistance,OR,7.82599257678308,5.80956481586173,10.542297358426,1.81308707064885e-21,12256,"Age, years, Male sex, Ever smoking (past/current), Ever alcohol (past/current)",1.1172231232845562e-20
sarcopenia,insulin_resistance,OR,0.325540938006877,0.174692933101135,0.606646762620008,0.0007199295277737,12256,"Age, years, Male sex, Ever smoking (past/current), Ever alcohol (past/current)",0.0012986964030427528
sbp,insulin_resistance,OR,1.16664079397737,1.09429785049151,1.24376625756948,6.56911996768032e-06,12256,"Age, years, Male sex, Body mass index, kg/m2, Ever smoking (past/current), Ever alcohol (past/current)",1.4429449523677593e-05
dbp,insulin_resistance,OR,1.10490461938342,1.03749475838286,1.17669434767815,0.0023748360669479,12256,"Age, years, Male sex, Body mass index, kg/m2, Ever smoking (past/current), Ever alcohol (past/current)",0.00398086927154487
tg,insulin_resistance,OR,2.07190845750815,1.85423712788485,2.31513251015022,3.33196286771444e-24,12256,"Age, years, Male sex, Body mass index, kg/m2, Ever smoking (past/current), Ever alcohol (past/current)",2.4097340227931125e-23
tchol,insulin_resistance,OR,0.977519568208208,0.923570105660051,1.03462043690453,0.43403963437945,12256,"Age, years, Male sex, Body mass index, kg/m2, Ever smoking (past/current), Ever alcohol (past/current)",0.49298328843098027
hdl,insulin_resistance,OR,0.538630730598469,0.485837068873684,0.597161234768753,1.35162843150277e-21,12256,"Age, years, Male sex, Body mass index, kg/m2, Ever smoking (past/current), Ever alcohol (past/current)",8.407298860102136e-21
ldl,insulin_resistance,OR,0.954544197258057,0.900245809169199,1.01211759637059,0.12217125782643,12256,"Age, years, Male sex, Body mass index, kg/m2, Ever smoking (past/current), Ever alcohol (past/current)",0.1560573122251718
nonhdl,insulin_resistance,OR,1.15457746125073,1.09029994009829,1.22264439811672,2.85517508885781e-06,12256,"Age, years, Male sex, Body mass index, kg/m2, Ever smoking (past/current), Ever alcohol (past/current)",6.435938832775781e-06
alt,insulin_resistance,OR,1.42351493720591,1.26513817612759,1.60171814801357,4.12605105146758e-08,12256,"Age, years, Male sex, Body mass index, kg/m2, Ever smoking (past/current), Ever alcohol (past/current)",1.088903132728869e-07
ast,insulin_resistance,OR,1.05508645368856,0.967530731456004,1.15056544310678,0.227476251070018,12256,"Age, years, Male sex, Body mass index, kg/m2, Ever smoking (past/current), Ever alcohol (past/current)",0.2760417328935556
creatinine,insulin_resistance,OR,0.855644392291587,0.794475249418836,0.921523139450342,7.68273696664589e-05,12256,"Age, years, Male sex, Body mass index, kg/m2, Ever smoking (past/current), Ever alcohol (past/current)",0.00015279994151056825
egfr,insulin_resistance,OR,1.16176399427898,1.07429543610684,1.2563541955407,0.0002877887743946,12256,"Age, years, Male sex, Body mass index, kg/m2, Ever smoking (past/current), Ever alcohol (past/current)",0.0005413658542582204
hemoglobin,insulin_resistance,OR,1.15608326846472,1.08053213515389,1.23691695984009,5.0845140348264e-05,12256,"Age, years, Male sex, Body mass index, kg/m2, Ever smoking (past/current), Ever alcohol (past/current)",0.00010288663694001658
platelet,insulin_resistance,OR,1.09124534261025,1.02495833935718,1.16181931698356,0.0072830212565368,12256,"Age, years, Male sex, Body mass index, kg/m2, Ever smoking (past/current), Ever alcohol (past/current)",0.011469598762284866
wbc,insulin_resistance,OR,1.48689210956619,1.37160499437457,1.61186941908031,1.47991947885148e-16,12256,"Age, years, Male sex, Body mass index, kg/m2, Ever smoking (past/current), Ever alcohol (past/current)",6.791834638441363e-16
fib4,insulin_resistance,OR,0.911045561264484,0.827606286135539,1.00289718505568,0.0597453134221209,12256,"Age, years, Male sex, Body mass index, kg/m2, Ever smoking (past/current), Ever alcohol (past/current)",0.08105365565771958
vitd,insulin_resistance,OR,0.831627116549796,0.781046546896156,0.885483283588322,6.8524708957835e-08,12256,"Age, years, Male sex, Body mass index, kg/m2, Ever smoking (past/current), Ever alcohol (past/current)",1.7787647548372392e-07
fn_bmd,insulin_resistance,OR,0.886608289435803,0.796711186823661,0.986648953719618,0.0305912064639059,12256,"Age, years, Male sex, Body mass index, kg/m2, Ever smoking (past/current), Ever alcohol (past/current)",0.04367333553634491
ls_bmd,insulin_resistance,OR,0.945789137725162,0.867331121255169,1.03134439790929,0.211268346407128,12256,"Age, years, Male sex, Body mass index, kg/m2, Ever smoking (past/current), Ever alcohol (past/current)",0.2577174154753618
ggt,insulin_resistance,OR,1.27908030238365,1.11031644839405,1.47349561677863,0.0008912596039036,12256,"Age, years, Male sex, Body mass index, kg/m2, Ever smoking (past/current), Ever alcohol (past/current)",0.0015882085554246134
uric,insulin_resistance,OR,1.24280441165728,1.15244658236971,1.34024676654323,1.16093910131802e-07,12256,"Age, years, Male sex, Body mass index, kg/m2, Ever smoking (past/current), Ever alcohol (past/current)",2.938371775312916e-07
cap,insulin_resistance,OR,1.97174278555922,1.63526387913389,2.37745703431301,5.59552789745698e-05,12256,"Age, years, Male sex, Body mass index, kg/m2, Ever smoking (past/current), Ever alcohol (past/current)",0.00011265093314167843
lsm,insulin_resistance,OR,1.02090317745311,0.694303702601651,1.50113458106074,0.918544866250402,12256,"Age, years, Male sex, Body mass index, kg/m2, Ever smoking (past/current), Ever alcohol (past/current)",0.9307795827066061
htn,insulin_resistance,OR,1.73474918700415,1.47591536167988,2.03897514718347,8.20549066728302e-10,12256,"Age, years, Male sex, Body mass index, kg/m2, Ever smoking (past/current), Ever alcohol (past/current)",2.4425072294786776e-09
dyslipidemia,insulin_resistance,OR,2.27189860710897,2.0176939907864,2.55812987725257,8.2052968290233e-26,12256,"Age, years, Male sex, Body mass index, kg/m2, Ever smoking (past/current), Ever alcohol (past/current)",6.531218160083738e-25
low_hdl,insulin_resistance,OR,2.46746646713911,2.16885333481558,2.80719339972045,3.33931870318053e-26,12256,"Age, years, Male sex, Body mass index, kg/m2, Ever smoking (past/current), Ever alcohol (past/current)",2.740735433564767e-25
high_tg,insulin_resistance,OR,2.79193595209222,2.40426962858907,3.24210989811466,1.34614529949263e-25,12256,"Age, years, Male sex, Body mass index, kg/m2, Ever smoking (past/current), Ever alcohol (past/current)",1.0503650502549989e-24
high_ldl,insulin_resistance,OR,1.09939384507521,0.905506324146428,1.3347966705021,0.340393152575019,12256,"Age, years, Male sex, Body mass index, kg/m2, Ever smoking (past/current), Ever alcohol (past/current)",0.39617396633915125
high_nonhdl,insulin_resistance,OR,1.62576035014013,1.34992768206545,1.95795430466592,1.18570115968364e-06,12256,"Age, years, Male sex, Body mass index, kg/m2, Ever smoking (past/current), Ever alcohol (past/current)",2.7706047180794332e-06
atherogenic_dyslipidemia,insulin_resistance,OR,3.21986806869425,2.67420256488337,3.87687549026377,5.55856610180705e-23,12256,"Age, years, Male sex, Body mass index, kg/m2, Ever smoking (past/current), Ever alcohol (past/current)",3.8242934780432505e-22
ckd,insulin_resistance,OR,1.46090363360017,1.2237451066042,1.74402284850685,5.32583293378712e-05,12256,"Age, years, Male sex, Body mass index, kg/m2, Ever smoking (past/current), Ever alcohol (past/current)",0.00010744005653269683
high_alt,insulin_resistance,OR,2.58189022675212,2.09387950976043,3.18363932209299,9.10573449384196e-15,12256,"Age, years, Male sex, Body mass index, kg/m2, Ever smoking (past/current), Ever alcohol (past/current)",3.687030261784933e-14
high_ast,insulin_resistance,OR,1.68196674878155,1.29890825120674,2.1779922803466,0.0001367387954561,12256,"Age, years, Male sex, Body mass index, kg/m2, Ever smoking (past/current), Ever alcohol (past/current)",0.00026634105111980876
adv_fibrosis,insulin_resistance,OR,0.908778559754541,0.663368298332124,1.24497729654252,0.552575044064222,12256,"Age, years, Male sex, Body mass index, kg/m2, Ever smoking (past/current), Ever alcohol (past/current)",0.6082322966939516
anemia,insulin_resistance,OR,0.858061887683963,0.697866365266112,1.05503036074107,0.149180606248001,12256,"Age, years, Male sex, Body mass index, kg/m2, Ever smoking (past/current), Ever alcohol (past/current)",0.18705498520351568
leukocytosis,insulin_resistance,OR,1.79938248875327,1.27637871426251,2.53669017247963,0.0010758857779147,12256,"Age, years, Male sex, Body mass index, kg/m2, Ever smoking (past/current), Ever alcohol (past/current)",0.0018950151992121788
vitd_deficiency,insulin_resistance,OR,1.44694760762176,1.25002036184803,1.67489862013694,2.49653544980392e-06,12256,"Age, years, Male sex, Body mass index, kg/m2, Ever smoking (past/current), Ever alcohol (past/current)",5.663012751963479e-06
osteoporosis,insulin_resistance,OR,0.881888540598375,0.622329467695208,1.2497036351485,0.482067941732763,12256,"Age, years, Male sex, Body mass index, kg/m2, Ever smoking (past/current), Ever alcohol (past/current)",0.5399379324730494
current_smoking,insulin_resistance,OR,1.06700562798001,0.901942683009986,1.26227645235901,0.450914063553524,12256,"Age, years, Male sex, Body mass index, kg/m2, Ever alcohol (past/current)",0.5093706554590922
bmi,ckd,OR,1.21526648391417,1.1588535792886,1.27442556447187,6.87836830915782e-13,26551,"Age, years, Male sex",2.4850068521487066e-12
smoking,ckd,OR,1.15822715672081,1.05861581386018,1.26721151243141,0.0017467789376556,26551,"Age, years, Male sex",0.0029953435099113798
alcohol,ckd,OR,0.819500360144682,0.732238098693067,0.917161837762787,0.0007334551226799,26551,"Age, years, Male sex",0.0013206748314719757
dm,ckd,OR,3.14216424369222,2.80035735426313,3.52569150480291,4.01570845366305e-39,26551,"Age, years, Male sex",6.703013773287353e-38
htn,ckd,OR,2.46993197403181,2.23844502304119,2.72535795766668,4.9158863334038695e-36,26551,"Age, years, Male sex",7.202683827757669e-35
wc,ckd,OR,1.04356715254318,0.98672264085612,1.10368644315509,0.138319308028866,26551,"Age, years, Male sex, Ever smoking (past/current), Ever alcohol (past/current), Diabetes mellitus, Hypertension",0.17443136198986095
height,ckd,OR,0.847304440216977,0.780198836006042,0.920181857853792,0.0001411076249124,26551,"Age, years, Male sex, Ever smoking (past/current), Ever alcohol (past/current), Diabetes mellitus, Hypertension",0.00027444531177652626
weight,ckd,OR,0.98554261485053,0.93044023279808,1.0439082613243,0.620749301152891,26551,"Age, years, Male sex, Ever smoking (past/current), Ever alcohol (past/current), Diabetes mellitus, Hypertension",0.668577248941148
whtr,ckd,OR,1.0691379840547,1.00901401260157,1.1328445538644,0.0254241548809691,26551,"Age, years, Male sex, Ever smoking (past/current), Ever alcohol (past/current), Diabetes mellitus, Hypertension",0.03674751797921584
fat_kg,ckd,OR,0.969175249264943,0.868870611424983,1.08105931013972,0.576109253481524,26551,"Age, years, Male sex, Ever smoking (past/current), Ever alcohol (past/current), Diabetes mellitus, Hypertension",0.628540597565612
lean_kg,ckd,OR,1.04163036240094,0.914646469593868,1.18624391821825,0.540600176974829,26551,"Age, years, Male sex, Ever smoking (past/current), Ever alcohol (past/current), Diabetes mellitus, Hypertension",0.5963787786147304
asmm_kg,ckd,OR,0.971297087051483,0.84836385818422,1.11204410962759,0.674454247636864,26551,"Age, years, Male sex, Ever smoking (past/current), Ever alcohol (past/current), Diabetes mellitus, Hypertension",0.7168887127478206
asmi,ckd,OR,1.07437683697974,0.957676409116354,1.20529813290864,0.225483625053797,26551,"Age, years, Male sex, Ever smoking (past/current), Ever alcohol (past/current), Diabetes mellitus, Hypertension",0.2739598343712595
bodyfat_pct,ckd,OR,0.868796113077544,0.736450118875143,1.02492574412445,0.0997805513951026,26551,"Age, years, Male sex, Ever smoking (past/current), Ever alcohol (past/current), Diabetes mellitus, Hypertension",0.12963279517866202
asm_pct,ckd,OR,1.02143489460209,0.848388843808399,1.22977718474856,0.823457613154488,26551,"Age, years, Male sex, Ever smoking (past/current), Ever alcohol (past/current), Diabetes mellitus, Hypertension",0.8481120327100115
obesity,ckd,OR,1.05908311859404,0.96219083087153,1.16573242656542,0.24331884635332,26551,"Age, years, Male sex, Ever smoking (past/current), Ever alcohol (past/current), Diabetes mellitus, Hypertension",0.2930195909204669
overweight,ckd,OR,0.902217593838642,0.79096241149295,1.02912170642289,0.128102340975457,26551,"Age, years, Male sex, Ever smoking (past/current), Ever alcohol (past/current), Diabetes mellitus, Hypertension",0.16268791682147926
abdominal_obesity,ckd,OR,0.977843716501535,0.874260754255043,1.09369925305213,0.695627075973361,26551,"Age, years, Male sex, Ever smoking (past/current), Ever alcohol (past/current), Diabetes mellitus, Hypertension",0.7358023295589884
central_obesity,ckd,OR,0.882975275081454,0.732391925472467,1.06451929532432,0.194586002430489,26551,"Age, years, Male sex, Ever smoking (past/current), Ever alcohol (past/current), Diabetes mellitus, Hypertension",0.23906280298602936
high_bodyfat,ckd,OR,0.802015401511719,0.62689480301831,1.0260552506817,0.0835737451591146,26551,"Age, years, Male sex, Ever smoking (past/current), Ever alcohol (past/current), Diabetes mellitus, Hypertension",0.11020591194981912
sarcopenia,ckd,OR,1.65095980072159,1.0599898854772,2.57140969073642,0.0298225914224855,26551,"Age, years, Male sex, Ever smoking (past/current), Ever alcohol (past/current), Diabetes mellitus, Hypertension",0.04259139771384572
sbp,ckd,OR,1.2019334941676,1.1230783943082,1.28632527499723,5.28835433773723e-07,26551,"Age, years, Male sex, Body mass index, kg/m2, Ever smoking (past/current), Ever alcohol (past/current), Diabetes mellitus, Hypertension",1.277211829065231e-06
dbp,ckd,OR,0.939216562758117,0.898802146170083,0.981448203609701,0.0060843014123944,26551,"Age, years, Male sex, Body mass index, kg/m2, Ever smoking (past/current), Ever alcohol (past/current), Diabetes mellitus, Hypertension",0.009717196765212856
tg,ckd,OR,1.07944614611321,1.01503642976808,1.14794301779385,0.0163948692511827,26551,"Age, years, Male sex, Body mass index, kg/m2, Ever smoking (past/current), Ever alcohol (past/current), Diabetes mellitus, Hypertension",0.024401092083400584
tchol,ckd,OR,0.945459263273308,0.889046745044592,1.0054513145588,0.0765820567911562,26551,"Age, years, Male sex, Body mass index, kg/m2, Ever smoking (past/current), Ever alcohol (past/current), Diabetes mellitus, Hypertension",0.10190333557545038
hdl,ckd,OR,0.937041833514138,0.876900658457861,1.00130771859573,0.0571367511273241,26551,"Age, years, Male sex, Body mass index, kg/m2, Ever smoking (past/current), Ever alcohol (past/current), Diabetes mellitus, Hypertension",0.07788869312877124
ldl,ckd,OR,0.87063303852391,0.803406793840909,0.943484538070107,0.0009916336874865,26551,"Age, years, Male sex, Body mass index, kg/m2, Ever smoking (past/current), Ever alcohol (past/current), Diabetes mellitus, Hypertension",0.0017544288317068847
nonhdl,ckd,OR,0.965572412076192,0.912142307732486,1.02213226495363,0.230168026929188,26551,"Age, years, Male sex, Body mass index, kg/m2, Ever smoking (past/current), Ever alcohol (past/current), Diabetes mellitus, Hypertension",0.2787950748719742
alt,ckd,OR,1.00202323347562,0.959395360929701,1.04654514844846,0.927549805950152,26551,"Age, years, Male sex, Body mass index, kg/m2, Ever smoking (past/current), Ever alcohol (past/current), Diabetes mellitus, Hypertension",0.9370242677065377
ast,ckd,OR,1.07627860538541,1.01912306466704,1.13663960376446,0.009420752672009,26551,"Age, years, Male sex, Body mass index, kg/m2, Ever smoking (past/current), Ever alcohol (past/current), Diabetes mellitus, Hypertension",0.01458078934681831
hemoglobin,ckd,OR,0.756269523760153,0.708870612525399,0.806837781765028,9.29387745183079e-14,26551,"Age, years, Male sex, Body mass index, kg/m2, Ever smoking (past/current), Ever alcohol (past/current), Diabetes mellitus, Hypertension",3.562653023201803e-13
platelet,ckd,OR,0.968113755761605,0.92004762464229,1.01869101010857,0.214818294453837,26551,"Age, years, Male sex, Body mass index, kg/m2, Ever smoking (past/current), Ever alcohol (past/current), Diabetes mellitus, Hypertension",0.2616444497719763
wbc,ckd,OR,1.2379382294238,1.15062327128626,1.33187907642071,8.46112603116774e-08,26551,"Age, years, Male sex, Body mass index, kg/m2, Ever smoking (past/current), Ever alcohol (past/current), Diabetes mellitus, Hypertension",2.172109966210226e-07
fib4,ckd,OR,1.11158356767514,1.0253728991916,1.20504260342705,0.0114884858035821,26551,"Age, years, Male sex, Body mass index, kg/m2, Ever smoking (past/current), Ever alcohol (past/current), Diabetes mellitus, Hypertension",0.01749362965318352
vitd,ckd,OR,1.00725753745001,0.956886787789665,1.06027981543504,0.782827353464146,26551,"Age, years, Male sex, Body mass index, kg/m2, Ever smoking (past/current), Ever alcohol (past/current), Diabetes mellitus, Hypertension",0.8119729969334456
fn_bmd,ckd,OR,0.976369018723101,0.890284309948735,1.07077755956095,0.613190813850681,26551,"Age, years, Male sex, Body mass index, kg/m2, Ever smoking (past/current), Ever alcohol (past/current), Diabetes mellitus, Hypertension",0.6618779971605168
ls_bmd,ckd,OR,1.11633550823008,1.02988164600547,1.21004677748057,0.0093006532862446,26551,"Age, years, Male sex, Body mass index, kg/m2, Ever smoking (past/current), Ever alcohol (past/current), Diabetes mellitus, Hypertension",0.014406180266399232
ggt,ckd,OR,1.11157157187275,1.07468100242438,1.1497284837159,1.17340249417593e-08,26551,"Age, years, Male sex, Body mass index, kg/m2, Ever smoking (past/current), Ever alcohol (past/current), Diabetes mellitus, Hypertension",3.228080853240598e-08
uric,ckd,OR,1.43333312684689,1.35379067773735,1.51754912062946,6.70434114202242e-23,26551,"Age, years, Male sex, Body mass index, kg/m2, Ever smoking (past/current), Ever alcohol (past/current), Diabetes mellitus, Hypertension",4.572823027213913e-22
cap,ckd,OR,0.904653888786379,0.804243340634149,1.01760078964534,0.138981852097458,26551,"Age, years, Male sex, Body mass index, kg/m2, Ever smoking (past/current), Ever alcohol (past/current), Diabetes mellitus, Hypertension",0.1752110283293639
lsm,ckd,OR,1.05130094423804,0.912413486947053,1.21132983144948,0.51120634528467,26551,"Age, years, Male sex, Body mass index, kg/m2, Ever smoking (past/current), Ever alcohol (past/current), Diabetes mellitus, Hypertension",0.5687098711884574
mets,ckd,OR,1.11887627083494,0.930745037527292,1.3450344175494,0.234179092209555,26551,"Age, years, Male sex, Body mass index, kg/m2, Ever smoking (past/current), Ever alcohol (past/current), Diabetes mellitus, Hypertension",0.28296044251099556
dyslipidemia,ckd,OR,1.07338896958351,0.944255297272191,1.22018259611777,0.281087376577435,26551,"Age, years, Male sex, Body mass index, kg/m2, Ever smoking (past/current), Ever alcohol (past/current), Diabetes mellitus, Hypertension",0.33412910509024424
low_hdl,ckd,OR,1.29996021480267,1.16530721848718,1.45017256673621,7.15355543223929e-06,26551,"Age, years, Male sex, Body mass index, kg/m2, Ever smoking (past/current), Ever alcohol (past/current), Diabetes mellitus, Hypertension",1.5687065016595695e-05
high_tg,ckd,OR,1.09550087453697,0.927300388465852,1.29421078761413,0.285720316182039,26551,"Age, years, Male sex, Body mass index, kg/m2, Ever smoking (past/current), Ever alcohol (past/current), Diabetes mellitus, Hypertension",0.3389234095400739
high_ldl,ckd,OR,0.817404877308827,0.634107148668913,1.053687432559,0.122355072368759,26551,"Age, years, Male sex, Body mass index, kg/m2, Ever smoking (past/current), Ever alcohol (past/current), Diabetes mellitus, Hypertension",0.15624166116552957
high_nonhdl,ckd,OR,1.05540065025716,0.901718911031861,1.2352746725569,0.503204066516553,26551,"Age, years, Male sex, Body mass index, kg/m2, Ever smoking (past/current), Ever alcohol (past/current), Diabetes mellitus, Hypertension",0.5610696976154126
atherogenic_dyslipidemia,ckd,OR,1.31557443289962,1.08129379867618,1.60061593862657,0.0070929146098497,26551,"Age, years, Male sex, Body mass index, kg/m2, Ever smoking (past/current), Ever alcohol (past/current), Diabetes mellitus, Hypertension",0.011196955385700483
high_alt,ckd,OR,1.07320208713743,0.893563241880225,1.28895490084464,0.451247326679771,26551,"Age, years, Male sex, Body mass index, kg/m2, Ever smoking (past/current), Ever alcohol (past/current), Diabetes mellitus, Hypertension",0.509601605579553
high_ast,ckd,OR,1.15997728796269,0.94296977586771,1.42692517090605,0.162895435787869,26551,"Age, years, Male sex, Body mass index, kg/m2, Ever smoking (past/current), Ever alcohol (past/current), Diabetes mellitus, Hypertension",0.2026460201184936
leukocytosis,ckd,OR,1.73738126144595,1.39730403824761,2.16022681177468,2.332570104999e-06,26551,"Age, years, Male sex, Body mass index, kg/m2, Ever smoking (past/current), Ever alcohol (past/current), Diabetes mellitus, Hypertension",5.300199503375097e-06
vitd_deficiency,ckd,OR,1.23229126124366,1.0833810874035,1.40166906197053,0.0018962018442285,26551,"Age, years, Male sex, Body mass index, kg/m2, Ever smoking (past/current), Ever alcohol (past/current), Diabetes mellitus, Hypertension",0.003229175417894079
osteoporosis,ckd,OR,1.19688015663551,0.915545677573847,1.56466481622628,0.193001745616217,26551,"Age, years, Male sex, Body mass index, kg/m2, Ever smoking (past/current), Ever alcohol (past/current), Diabetes mellitus, Hypertension",0.23741135126173957
glucose,ckd,OR,1.40827732925468,1.310417488429,1.51344518338986,8.84213554835961e-16,26551,"Age, years, Male sex, Body mass index, kg/m2, Ever smoking (past/current), Ever alcohol (past/current), Hypertension",3.8651368209183e-15
hba1c,ckd,OR,1.44713119665441,1.37969282788703,1.51786590319355,2.01418529696316e-29,26551,"Age, years, Male sex, Body mass index, kg/m2, Ever smoking (past/current), Ever alcohol (past/current), Hypertension",2.0172448189332307e-28
homa_ir,ckd,OR,1.30558179264371,1.18268457968621,1.44124971827655,5.8662789020924e-07,26551,"Age, years, Male sex, Body mass index, kg/m2, Ever smoking (past/current), Ever alcohol (past/current), Hypertension",1.4107598380958986e-06
insulin,ckd,OR,1.15205414650327,1.04207998969301,1.27363424075189,0.0066111935320559,26551,"Age, years, Male sex, Body mass index, kg/m2, Ever smoking (past/current), Ever alcohol (past/current), Hypertension",0.010474121591034499
prediabetes,ckd,OR,0.712471055340015,0.631108716011352,0.8043226021429,2.48206299745727e-07,26551,"Age, years, Male sex, Body mass index, kg/m2, Ever smoking (past/current), Ever alcohol (past/current), Hypertension",6.144581488073192e-07
insulin_resistance,ckd,OR,1.29957331136926,1.10739382768568,1.52510403200714,0.0017168298981663,26551,"Age, years, Male sex, Body mass index, kg/m2, Ever smoking (past/current), Ever alcohol (past/current), Hypertension",0.002947820780011234
current_smoking,ckd,OR,1.23810406480107,1.06699363004689,1.43665494536231,0.0057331948840924,26551,"Age, years, Male sex, Body mass index, kg/m2, Ever alcohol (past/current), Diabetes mellitus, Hypertension",0.009193562611053722
age,high_alt,OR,0.719653942141948,0.682777852281464,0.758521669544356,4.5893398175327e-23,24922,unadjusted,3.179584644161009e-22
men,high_alt,OR,3.31912010581193,2.93038543029507,3.75942296290208,3.88236146766956e-38,24922,unadjusted,6.1929927282664435e-37
bmi,high_alt,OR,1.53157442738808,1.45335682580793,1.61400158926912,1.651958491147e-31,24922,"Age, years, Male sex",1.8887710378547783e-30
smoking,high_alt,OR,1.09126827411421,0.972747297183114,1.2242300230869,0.139100770273515,24922,"Age, years, Male sex",0.17530508034470385
alcohol,high_alt,OR,1.03335881251012,0.894558047517975,1.19369608082462,0.656467435025904,24922,"Age, years, Male sex",0.6998073761688159
wc,high_alt,OR,1.58487017828373,1.4940673212042,1.68119163465045,7.098277613179569e-30,24922,"Age, years, Male sex, Ever alcohol (past/current), Ever smoking (past/current)",7.274815087496988e-29
height,high_alt,OR,0.886597206683005,0.82050910324169,0.958008392341463,0.0028617212106309,24922,"Age, years, Male sex, Ever alcohol (past/current), Ever smoking (past/current)",0.004756709709771362
weight,high_alt,OR,1.46414052881895,1.38434775445564,1.5485324993164,2.2571861273139803e-25,24922,"Age, years, Male sex, Ever alcohol (past/current), Ever smoking (past/current)",1.730509364274052e-24
whtr,high_alt,OR,1.65560970213526,1.5563264291964,1.76122658741953,2.14160245399948e-31,24922,"Age, years, Male sex, Ever alcohol (past/current), Ever smoking (past/current)",2.4206226594348408e-30
fat_kg,high_alt,OR,1.52271342212585,1.38932098937562,1.66891321994946,2.18259270961452e-13,24922,"Age, years, Male sex, Ever alcohol (past/current), Ever smoking (past/current)",8.199750008770219e-13
lean_kg,high_alt,OR,1.60193990794703,1.42944510650942,1.7952500987882,9.69491565733797e-12,24922,"Age, years, Male sex, Ever alcohol (past/current), Ever smoking (past/current)",3.222948431968824e-11
asmm_kg,high_alt,OR,1.4338479312396,1.27970397966119,1.60655895628643,3.04474336429365e-08,24922,"Age, years, Male sex, Ever alcohol (past/current), Ever smoking (past/current)",8.10565595501055e-08
asmi,high_alt,OR,1.51031679071511,1.36964068348016,1.66544177303494,4.89240274404191e-12,24922,"Age, years, Male sex, Ever alcohol (past/current), Ever smoking (past/current)",1.6627444377517008e-11
bodyfat_pct,high_alt,OR,1.82435913945344,1.5400476901387,2.16115792453644,1.3337774391705702e-09,24922,"Age, years, Male sex, Ever alcohol (past/current), Ever smoking (past/current)",3.925910378987184e-09
asm_pct,high_alt,OR,0.492572516560125,0.406569263248153,0.596768388569219,4.10310315849314e-10,24922,"Age, years, Male sex, Ever alcohol (past/current), Ever smoking (past/current)",1.2553655139210258e-09
obesity,high_alt,OR,2.51928519137881,2.20201640721185,2.88226638762276,1.18867497428067e-25,24922,"Age, years, Male sex, Ever alcohol (past/current), Ever smoking (past/current)",9.330155155266527e-25
overweight,high_alt,OR,2.87178156023439,2.398390939854,3.43860927451813,5.48890966424675e-21,24922,"Age, years, Male sex, Ever alcohol (past/current), Ever smoking (past/current)",3.290019186630325e-20
abdominal_obesity,high_alt,OR,2.33776428242685,2.01103073048517,2.71758246025024,5.59493064238091e-20,24922,"Age, years, Male sex, Ever alcohol (past/current), Ever smoking (past/current)",3.126207008652384e-19
central_obesity,high_alt,OR,4.23003109098474,3.24687026349835,5.51089559439881,4.2660689184009302e-19,24922,"Age, years, Male sex, Ever alcohol (past/current), Ever smoking (past/current)",2.2867979188609865e-18
high_bodyfat,high_alt,OR,2.52160207902896,1.89516982282765,3.35509618630174,1.72091139059179e-08,24922,"Age, years, Male sex, Ever alcohol (past/current), Ever smoking (past/current)",4.67577298158044e-08
sarcopenia,high_alt,OR,0.519822888607658,0.249268320569203,1.08403600948317,0.0852845987734972,24922,"Age, years, Male sex, Ever alcohol (past/current), Ever smoking (past/current)",0.11227483286121628
sbp,high_alt,OR,1.27494138404742,1.17594950025079,1.3822664429128,3.71916220048491e-08,24922,"Age, years, Male sex, Body mass index, kg/m2, Ever alcohol (past/current), Ever smoking (past/current)",9.834896834972129e-08
dbp,high_alt,OR,1.33676593908401,1.24526670045221,1.43498832438565,8.48392291000834e-13,24922,"Age, years, Male sex, Body mass index, kg/m2, Ever alcohol (past/current), Ever smoking (past/current)",3.0400723760863217e-12
glucose,high_alt,OR,1.20114380414178,1.11143085660484,1.29809823944914,9.56626395244444e-06,24922,"Age, years, Male sex, Body mass index, kg/m2, Ever alcohol (past/current), Ever smoking (past/current)",2.0793483624104504e-05
hba1c,high_alt,OR,1.17468793980315,1.10977910521458,1.24339316665378,1.76985953703927e-07,24922,"Age, years, Male sex, Body mass index, kg/m2, Ever alcohol (past/current), Ever smoking (past/current)",4.425767590725255e-07
homa_ir,high_alt,OR,1.83021703656405,1.64816358401859,2.03237981557753,1.56638949195905e-20,24922,"Age, years, Male sex, Body mass index, kg/m2, Ever alcohol (past/current), Ever smoking (past/current)",9.05941057045322e-20
tg,high_alt,OR,1.25169870096552,1.14846638657903,1.36421026884879,1.2434455905921e-06,24922,"Age, years, Male sex, Body mass index, kg/m2, Ever alcohol (past/current), Ever smoking (past/current)",2.895274135598792e-06
tchol,high_alt,OR,1.2534687704599,1.17713819747215,1.33474893762882,1.31621162220027e-10,24922,"Age, years, Male sex, Body mass index, kg/m2, Ever alcohol (past/current), Ever smoking (past/current)",4.152259312140565e-10
hdl,high_alt,OR,0.754679175473318,0.684645531329975,0.831876689221518,1.05847932775267e-07,24922,"Age, years, Male sex, Body mass index, kg/m2, Ever alcohol (past/current), Ever smoking (past/current)",2.6876407064117856e-07
ldl,high_alt,OR,1.18170857659078,1.07857958619675,1.29469830308235,0.0004936848715064,24922,"Age, years, Male sex, Body mass index, kg/m2, Ever alcohol (past/current), Ever smoking (past/current)",0.0009096494418627474
nonhdl,high_alt,OR,1.32002844121068,1.24153036217794,1.40348970809572,8.980805695998651e-15,24922,"Age, years, Male sex, Body mass index, kg/m2, Ever alcohol (past/current), Ever smoking (past/current)",3.6401708333371587e-14
creatinine,high_alt,OR,0.680079024323511,0.570104698051139,0.811267616116596,4.13309954560909e-05,24922,"Age, years, Male sex, Body mass index, kg/m2, Ever alcohol (past/current), Ever smoking (past/current)",8.46739606547362e-05
egfr,high_alt,OR,1.24043943585844,1.1073197286839,1.38956252126168,0.0003246367990396,24922,"Age, years, Male sex, Body mass index, kg/m2, Ever alcohol (past/current), Ever smoking (past/current)",0.0006073848397296129
hemoglobin,high_alt,OR,1.67462881059901,1.52455911378964,1.83947059049572,3.0692253675583303e-19,24922,"Age, years, Male sex, Body mass index, kg/m2, Ever alcohol (past/current), Ever smoking (past/current)",1.6497086350626026e-18
wbc,high_alt,OR,0.939110303259147,0.859349154811671,1.02627454364666,0.167970702856136,24922,"Age, years, Male sex, Body mass index, kg/m2, Ever alcohol (past/current), Ever smoking (past/current)",0.20843541420918257
vitd,high_alt,OR,0.940708298006672,0.86647000591349,1.02130725345265,0.147685541922625,24922,"Age, years, Male sex, Body mass index, kg/m2, Ever alcohol (past/current), Ever smoking (past/current)",0.18535660020491895
fn_bmd,high_alt,OR,0.820119465865022,0.712779939767572,0.943623551625279,0.0071330619904533,24922,"Age, years, Male sex, Body mass index, kg/m2, Ever alcohol (past/current), Ever smoking (past/current)",0.011246868566852633
ls_bmd,high_alt,OR,0.749375432658494,0.663176332508528,0.846778619116182,1.62270313221221e-05,24922,"Age, years, Male sex, Body mass index, kg/m2, Ever alcohol (past/current), Ever smoking (past/current)",3.445739984450619e-05
insulin,high_alt,OR,1.80070902237378,1.62677144933257,1.99324433963277,1.24885566566988e-20,24922,"Age, years, Male sex, Body mass index, kg/m2, Ever alcohol (past/current), Ever smoking (past/current)",7.276101639749699e-20
ggt,high_alt,OR,3.39323770715298,2.91569852890623,3.94898924669146,7.15035804736047e-31,24922,"Age, years, Male sex, Body mass index, kg/m2, Ever alcohol (past/current), Ever smoking (past/current)",7.771103416307148e-30
uric,high_alt,OR,1.31179191667359,1.22970566707481,1.39935765014694,2.82154864038806e-13,24922,"Age, years, Male sex, Body mass index, kg/m2, Ever alcohol (past/current), Ever smoking (past/current)",1.0530232472995438e-12
cap,high_alt,OR,1.80905178347165,1.3603345735236,2.40578194436749,0.0027754691146912,24922,"Age, years, Male sex, Body mass index, kg/m2, Ever alcohol (past/current), Ever smoking (past/current)",0.004617222799713367
lsm,high_alt,OR,1.21094592293513,1.05166230207016,1.39435446662554,0.0260432516654988,24922,"Age, years, Male sex, Body mass index, kg/m2, Ever alcohol (past/current), Ever smoking (past/current)",0.03758721118336089
dm,high_alt,OR,1.45520680893658,1.20081347973761,1.76349357540366,0.0002092865736073,24922,"Age, years, Male sex, Body mass index, kg/m2, Ever alcohol (past/current), Ever smoking (past/current)",0.0003995838248988797
prediabetes,high_alt,OR,1.11038770354324,0.983604053887866,1.25351339017619,0.0931429172745105,24922,"Age, years, Male sex, Body mass index, kg/m2, Ever alcohol (past/current), Ever smoking (past/current)",0.12180938206213672
htn,high_alt,OR,1.48630045522725,1.25242342798032,1.76385158074784,1.38303608972508e-05,24922,"Age, years, Male sex, Body mass index, kg/m2, Ever alcohol (past/current), Ever smoking (past/current)",2.951073770740246e-05
mets,high_alt,OR,2.21988797127417,1.82281069883022,2.70346372674366,1.38043498539936e-12,24922,"Age, years, Male sex, Body mass index, kg/m2, Ever alcohol (past/current), Ever smoking (past/current)",4.845608520177345e-12
dyslipidemia,high_alt,OR,1.7670227642236,1.53260040316633,2.03730172772605,2.22831584487541e-12,24922,"Age, years, Male sex, Body mass index, kg/m2, Ever alcohol (past/current), Ever smoking (past/current)",7.698879897228928e-12
low_hdl,high_alt,OR,1.76536129847595,1.54817617835867,2.01301412443944,7.307710167767e-14,24922,"Age, years, Male sex, Body mass index, kg/m2, Ever alcohol (past/current), Ever smoking (past/current)",2.814927110388145e-13
high_tg,high_alt,OR,1.93942217705237,1.65052118512249,2.27889130702882,7.42079123181415e-13,24922,"Age, years, Male sex, Body mass index, kg/m2, Ever alcohol (past/current), Ever smoking (past/current)",2.6785264701694137e-12
high_ldl,high_alt,OR,1.41708912706224,1.08938843590244,1.8433659912816,0.010568876115434,24922,"Age, years, Male sex, Body mass index, kg/m2, Ever alcohol (past/current), Ever smoking (past/current)",0.016199331233109997
high_nonhdl,high_alt,OR,1.76358590096466,1.49326569365654,2.08284114695313,8.14587688336534e-10,24922,"Age, years, Male sex, Body mass index, kg/m2, Ever alcohol (past/current), Ever smoking (past/current)",2.4265880233880485e-09
atherogenic_dyslipidemia,high_alt,OR,1.97445586979257,1.58293911498941,2.4628085469885,1.90080170866829e-08,24922,"Age, years, Male sex, Body mass index, kg/m2, Ever alcohol (past/current), Ever smoking (past/current)",5.153921562365836e-08
insulin_resistance,high_alt,OR,2.87388013872433,2.30406589905353,3.58461407512124,6.45760648720153e-16,24922,"Age, years, Male sex, Body mass index, kg/m2, Ever alcohol (past/current), Ever smoking (past/current)",2.8607269051925255e-15
ckd,high_alt,OR,1.10936864160204,0.92050754367481,1.33697848695168,0.277902476683484,24922,"Age, years, Male sex, Body mass index, kg/m2, Ever alcohol (past/current), Ever smoking (past/current)",0.33064126248416925
anemia,high_alt,OR,0.550056965341097,0.411751084811768,0.734819351498668,9.3611082039095e-05,24922,"Age, years, Male sex, Body mass index, kg/m2, Ever alcohol (past/current), Ever smoking (past/current)",0.00018470096785369564
leukocytosis,high_alt,OR,0.755322795778257,0.571059636322378,0.999041938065139,0.0515631135717212,24922,"Age, years, Male sex, Body mass index, kg/m2, Ever alcohol (past/current), Ever smoking (past/current)",0.07085226720726956
vitd_deficiency,high_alt,OR,1.24314710678565,1.08289182595356,1.42711828833753,0.0024894383860427,24922,"Age, years, Male sex, Body mass index, kg/m2, Ever alcohol (past/current), Ever smoking (past/current)",0.004158875952358497
osteoporosis,high_alt,OR,1.0343601245309,0.543303410422618,1.96925115266134,0.918381040486921,24922,"Age, years, Male sex, Body mass index, kg/m2, Ever alcohol (past/current), Ever smoking (past/current)",0.9307795827066061
current_smoking,high_alt,OR,1.08990609925022,0.935772936578009,1.26942686494738,0.270665733767585,24922,"Age, years, Male sex, Body mass index, kg/m2, Ever alcohol (past/current)",0.32300062324055007
age,high_ast,OR,0.909112817995017,0.851987064539383,0.970068854613034,0.0047236659916213,24907,unadjusted,0.007645999452886196
men,high_ast,OR,1.95756474065786,1.67169004413984,2.29232669495179,1.2625767281511e-13,24907,unadjusted,4.807270006319298e-13
bmi,high_ast,OR,1.24338394348465,1.15536180588008,1.33811211608974,5.0466250200664e-08,24907,"Age, years, Male sex",1.3212738967162593e-07
smoking,high_ast,OR,1.36132911949982,1.15079041660372,1.61038617011383,0.0004648943541579,24907,"Age, years, Male sex",0.0008586004038509115
alcohol,high_ast,OR,1.13331222642694,0.923805693229413,1.39033198429295,0.232472977605391,24907,"Age, years, Male sex",0.28124253804493177
wc,high_ast,OR,1.25303076334325,1.15432484177497,1.36017699443277,3.64677064667998e-07,24907,"Age, years, Male sex, Ever alcohol (past/current), Ever smoking (past/current)",8.921845812162029e-07
height,high_ast,OR,0.911415305571733,0.823714183608772,1.00845399503883,0.0748856867409668,24907,"Age, years, Male sex, Ever alcohol (past/current), Ever smoking (past/current)",0.09982467534161517
weight,high_ast,OR,1.20335612618494,1.11125263192905,1.30309339642515,1.26776463125245e-05,24907,"Age, years, Male sex, Ever alcohol (past/current), Ever smoking (past/current)",2.71536376894136e-05
whtr,high_ast,OR,1.2892544583752,1.18710502818812,1.40019376463876,1.87295431619286e-08,24907,"Age, years, Male sex, Ever alcohol (past/current), Ever smoking (past/current)",5.081897993730422e-08
fat_kg,high_ast,OR,1.19951952533087,1.0543591336731,1.36466508013967,0.0072386789395946,24907,"Age, years, Male sex, Ever alcohol (past/current), Ever smoking (past/current)",0.011404306604952704
lean_kg,high_ast,OR,1.33686873176818,1.13223141353062,1.5784918035496,0.0010183077879528,24907,"Age, years, Male sex, Ever alcohol (past/current), Ever smoking (past/current)",0.0017984042897952128
asmm_kg,high_ast,OR,1.28209898960015,1.08275592920895,1.51814252389701,0.0052021154363048,24907,"Age, years, Male sex, Ever alcohol (past/current), Ever smoking (past/current)",0.008365678319521052
asmi,high_ast,OR,1.32585973992617,1.15524134415288,1.52167688496825,0.0001449604137972,24907,"Age, years, Male sex, Ever alcohol (past/current), Ever smoking (past/current)",0.0002816617863367992
bodyfat_pct,high_ast,OR,1.19507954018873,0.976928979320559,1.46194363931247,0.0873734861960446,24907,"Age, years, Male sex, Ever alcohol (past/current), Ever smoking (past/current)",0.11487188813278579
asm_pct,high_ast,OR,0.815696152216777,0.64683392416451,1.02864149186466,0.0894762173144044,24907,"Age, years, Male sex, Ever alcohol (past/current), Ever smoking (past/current)",0.11740229376311237
obesity,high_ast,OR,1.57447813254963,1.32137752580275,1.87605838715243,1.43510331676383e-06,24907,"Age, years, Male sex, Ever alcohol (past/current), Ever smoking (past/current)",3.3239278226684496e-06
overweight,high_ast,OR,1.38503722811829,1.14208574152223,1.67967084565537,0.0012346252426301,24907,"Age, years, Male sex, Ever alcohol (past/current), Ever smoking (past/current)",0.0021582755014779836
abdominal_obesity,high_ast,OR,1.34025699628872,1.13645338498791,1.58060932355794,0.0007017827708058,24907,"Age, years, Male sex, Ever alcohol (past/current), Ever smoking (past/current)",0.0012682743907298972
central_obesity,high_ast,OR,1.51499023070821,1.14786768704561,1.99952958432755,0.0040155876057453,24907,"Age, years, Male sex, Ever alcohol (past/current), Ever smoking (past/current)",0.006564324201788599
high_bodyfat,high_ast,OR,1.37904102760948,0.98438570507373,1.93191972011395,0.0657601404049186,24907,"Age, years, Male sex, Ever alcohol (past/current), Ever smoking (past/current)",0.08854564855066643
sarcopenia,high_ast,OR,0.691131311583866,0.331909241468383,1.43913585454395,0.326854563291722,24907,"Age, years, Male sex, Ever alcohol (past/current), Ever smoking (past/current)",0.3820131276957633
sbp,high_ast,OR,1.31806414664423,1.20662108492464,1.43980004690327,1.21578512474035e-08,24907,"Age, years, Male sex, Body mass index, kg/m2, Ever alcohol (past/current), Ever smoking (past/current)",3.340031912133906e-08
dbp,high_ast,OR,1.20985617666645,1.10304494567104,1.32701026731732,9.56068348840942e-05,24907,"Age, years, Male sex, Body mass index, kg/m2, Ever alcohol (past/current), Ever smoking (past/current)",0.0001885446853447042
glucose,high_ast,OR,1.23350097554773,1.14242262026575,1.33184045001076,4.14376649593406e-07,24907,"Age, years, Male sex, Body mass index, kg/m2, Ever alcohol (past/current), Ever smoking (past/current)",1.0075439617649133e-06
hba1c,high_ast,OR,1.20401452463574,1.12911520252071,1.28388225780464,1.05193139830923e-07,24907,"Age, years, Male sex, Body mass index, kg/m2, Ever alcohol (past/current), Ever smoking (past/current)",2.6727300010991096e-07
homa_ir,high_ast,OR,1.55784609867896,1.36999863323948,1.77145028344347,5.51481077591589e-10,24907,"Age, years, Male sex, Body mass index, kg/m2, Ever alcohol (past/current), Ever smoking (past/current)",1.6641183393991808e-09
tg,high_ast,OR,1.1990598483725,1.10215642341929,1.30448318353822,4.77851930208857e-05,24907,"Age, years, Male sex, Body mass index, kg/m2, Ever alcohol (past/current), Ever smoking (past/current)",9.6958855656627e-05
tchol,high_ast,OR,1.10275655000623,1.01888505011921,1.19353209514592,0.0168877791788869,24907,"Age, years, Male sex, Body mass index, kg/m2, Ever alcohol (past/current), Ever smoking (past/current)",0.02504050016179782
hdl,high_ast,OR,1.11769775090379,0.994634362780951,1.25598743530491,0.064017701159967,24907,"Age, years, Male sex, Body mass index, kg/m2, Ever alcohol (past/current), Ever smoking (past/current)",0.0862875726708107
ldl,high_ast,OR,0.879161154886617,0.776179575727755,0.995806074305506,0.0450077268940927,24907,"Age, years, Male sex, Body mass index, kg/m2, Ever alcohol (past/current), Ever smoking (past/current)",0.062430072788580204
nonhdl,high_ast,OR,1.0674064198715,0.984074199854768,1.15779528144426,0.118419698830206,24907,"Age, years, Male sex, Body mass index, kg/m2, Ever alcohol (past/current), Ever smoking (past/current)",0.15200140446862265
creatinine,high_ast,OR,0.678912761578647,0.524954171590222,0.878024335796954,0.0039178475561853,24907,"Age, years, Male sex, Body mass index, kg/m2, Ever alcohol (past/current), Ever smoking (past/current)",0.006412496868956992
egfr,high_ast,OR,1.23428310001746,1.04974426329995,1.45126277346789,0.0123253196786914,24907,"Age, years, Male sex, Body mass index, kg/m2, Ever alcohol (past/current), Ever smoking (past/current)",0.01869592202795367
hemoglobin,high_ast,OR,1.16056642902264,1.03156975313668,1.30569399895529,0.0146647326786894,24907,"Age, years, Male sex, Body mass index, kg/m2, Ever alcohol (past/current), Ever smoking (past/current)",0.021983206698330905
wbc,high_ast,OR,0.819963811470194,0.719487077708865,0.9344721718446,0.0035416741642428,24907,"Age, years, Male sex, Body mass index, kg/m2, Ever alcohol (past/current), Ever smoking (past/current)",0.00582814600405346
vitd,high_ast,OR,0.958866012997127,0.851690562211438,1.07952826023303,0.488681419330654,24907,"Age, years, Male sex, Body mass index, kg/m2, Ever alcohol (past/current), Ever smoking (past/current)",0.5465715846401095
fn_bmd,high_ast,OR,1.04859725413772,0.892896412686453,1.23144878371383,0.564667148902468,24907,"Age, years, Male sex, Body mass index, kg/m2, Ever alcohol (past/current), Ever smoking (past/current)",0.6191306100493802
ls_bmd,high_ast,OR,0.945251000012739,0.806057355661566,1.1084812349262,0.490705302424748,24907,"Age, years, Male sex, Body mass index, kg/m2, Ever alcohol (past/current), Ever smoking (past/current)",0.5483701063255094
insulin,high_ast,OR,1.4889213028643,1.29721319745984,1.70896090979045,1.07859215770128e-07,24907,"Age, years, Male sex, Body mass index, kg/m2, Ever alcohol (past/current), Ever smoking (past/current)",2.733446877556863e-07
ggt,high_ast,OR,2.78280440058859,2.51941324677373,3.07373168806345,4.68950437258073e-40,24907,"Age, years, Male sex, Body mass index, kg/m2, Ever alcohol (past/current), Ever smoking (past/current)",8.28199968657561e-39
uric,high_ast,OR,1.36394780221649,1.24685641361443,1.49203515886672,5.09971816619094e-10,24907,"Age, years, Male sex, Body mass index, kg/m2, Ever alcohol (past/current), Ever smoking (past/current)",1.5400370278970502e-09
cap,high_ast,OR,1.62996946331968,1.14976288487231,2.31073770627907,0.0227082279128707,24907,"Age, years, Male sex, Body mass index, kg/m2, Ever alcohol (past/current), Ever smoking (past/current)",0.03306358101704692
lsm,high_ast,OR,1.38754140690311,1.22798730459312,1.56782659614595,0.0005240271333865,24907,"Age, years, Male sex, Body mass index, kg/m2, Ever alcohol (past/current), Ever smoking (past/current)",0.0009631077683663108
dm,high_ast,OR,1.82840334185402,1.48074577103268,2.25768585391365,1.36880890873974e-07,24907,"Age, years, Male sex, Body mass index, kg/m2, Ever alcohol (past/current), Ever smoking (past/current)",3.4468542603274426e-07
prediabetes,high_ast,OR,0.910303060526182,0.779321171602431,1.06329930739527,0.238141538266729,24907,"Age, years, Male sex, Body mass index, kg/m2, Ever alcohol (past/current), Ever smoking (past/current)",0.2873971706477059
htn,high_ast,OR,1.7100870434123,1.39762482317578,2.09240537771902,8.04760654683693e-07,24907,"Age, years, Male sex, Body mass index, kg/m2, Ever alcohol (past/current), Ever smoking (past/current)",1.9097979303711396e-06
mets,high_ast,OR,1.88513779359265,1.49816249317625,2.3720687956198,3.37386331564579e-07,24907,"Age, years, Male sex, Body mass index, kg/m2, Ever alcohol (past/current), Ever smoking (past/current)",8.264398313742877e-07
dyslipidemia,high_ast,OR,1.25705879255814,1.04052225110039,1.51865739178245,0.0193187211423773,24907,"Age, years, Male sex, Body mass index, kg/m2, Ever alcohol (past/current), Ever smoking (past/current)",0.028368545226148702
low_hdl,high_ast,OR,1.35681941485896,1.12391969757684,1.63798083484727,0.0019064754263287,24907,"Age, years, Male sex, Body mass index, kg/m2, Ever alcohol (past/current), Ever smoking (past/current)",0.0032452740045423134
high_tg,high_ast,OR,1.42367687619606,1.08921800710541,1.86083578732022,0.010940132189562,24907,"Age, years, Male sex, Body mass index, kg/m2, Ever alcohol (past/current), Ever smoking (past/current)",0.016703652235394547
high_ldl,high_ast,OR,0.90179917778289,0.648805502633039,1.25344460512361,0.539542822636565,24907,"Age, years, Male sex, Body mass index, kg/m2, Ever alcohol (past/current), Ever smoking (past/current)",0.5957106911387806
high_nonhdl,high_ast,OR,1.3590349258539,1.11403377495172,1.65791735512757,0.0030544878499513,24907,"Age, years, Male sex, Body mass index, kg/m2, Ever alcohol (past/current), Ever smoking (past/current)",0.005062234576626453
atherogenic_dyslipidemia,high_ast,OR,1.59065514807224,1.1265720781439,2.2459138204964,0.0094865018131918,24907,"Age, years, Male sex, Body mass index, kg/m2, Ever alcohol (past/current), Ever smoking (past/current)",0.014671071607891618
insulin_resistance,high_ast,OR,1.66724044974453,1.29980748595344,2.1385403202424,0.0001012514475591,24907,"Age, years, Male sex, Body mass index, kg/m2, Ever alcohol (past/current), Ever smoking (past/current)",0.00019927896842975105
ckd,high_ast,OR,1.32474798897021,1.09342413311665,1.60501051799392,0.0048344871628636,24907,"Age, years, Male sex, Body mass index, kg/m2, Ever alcohol (past/current), Ever smoking (past/current)",0.007818982508703352
anemia,high_ast,OR,1.06371197215354,0.800710066394352,1.41309970636177,0.670715648551289,24907,"Age, years, Male sex, Body mass index, kg/m2, Ever alcohol (past/current), Ever smoking (past/current)",0.7136501091094403
leukocytosis,high_ast,OR,0.820597900160639,0.606988706470145,1.1093796417795,0.2012186416817,24907,"Age, years, Male sex, Body mass index, kg/m2, Ever alcohol (past/current), Ever smoking (past/current)",0.24629360968217984
vitd_deficiency,high_ast,OR,1.32633206113718,1.10650197766813,1.58983605262749,0.0027862596466942,24907,"Age, years, Male sex, Body mass index, kg/m2, Ever alcohol (past/current), Ever smoking (past/current)",0.004633225372981192
osteoporosis,high_ast,OR,0.842192417560411,0.436776821513184,1.62391416682545,0.609761179025856,24907,"Age, years, Male sex, Body mass index, kg/m2, Ever alcohol (past/current), Ever smoking (past/current)",0.659035650815116
current_smoking,high_ast,OR,1.41484155684322,1.16941136420066,1.71178140751082,0.0005158470186372,24907,"Age, years, Male sex, Body mass index, kg/m2, Ever alcohol (past/current)",0.0009491585142924481
bmi,adv_fibrosis,OR,0.835187455621266,0.72906903620215,0.956751763400518,0.0105499844372871,24840,"Age, years, Male sex",0.016182915251612164
smoking,adv_fibrosis,OR,1.20431899508659,0.966793878044802,1.50020006835332,0.0997647058577735,24840,"Age, years, Male sex",0.12963279517866202
alcohol,adv_fibrosis,OR,0.965352239228235,0.779720175163318,1.19517870059957,0.746776106862249,24840,"Age, years, Male sex",0.7786626986681753
dm,adv_fibrosis,OR,1.31112281747097,1.01166789925102,1.69921675261782,0.0427547784719533,24840,"Age, years, Male sex",0.05957657753964328
wc,adv_fibrosis,OR,0.798605991634133,0.701492181724076,0.909164131104738,0.0009213903398108,24840,"Age, years, Male sex, Ever alcohol (past/current), Ever smoking (past/current), Diabetes mellitus",0.001636740091733958
height,adv_fibrosis,OR,0.856566655196741,0.729957495786077,1.0051358319224,0.0602422070146916,24840,"Age, years, Male sex, Ever alcohol (past/current), Ever smoking (past/current), Diabetes mellitus",0.08164377216516613
weight,adv_fibrosis,OR,0.742482828431624,0.650926820130608,0.846916632510564,2.08196930500559e-05,24840,"Age, years, Male sex, Ever alcohol (past/current), Ever smoking (past/current), Diabetes mellitus",4.390336125054432e-05
whtr,adv_fibrosis,OR,0.830220215076688,0.72084136571187,0.956195965309642,0.011062685672061,24840,"Age, years, Male sex, Ever alcohol (past/current), Ever smoking (past/current), Diabetes mellitus",0.0168842532865252
fat_kg,adv_fibrosis,OR,0.530546803040311,0.337521821954006,0.833960626861783,0.0076198989310875,24840,"Age, years, Male sex, Ever alcohol (past/current), Ever smoking (past/current), Diabetes mellitus",0.011966780536475645
lean_kg,adv_fibrosis,OR,0.791488061310332,0.586158164913453,1.06874456195502,0.131426614092296,24840,"Age, years, Male sex, Ever alcohol (past/current), Ever smoking (past/current), Diabetes mellitus",0.1664639944113437
asmm_kg,adv_fibrosis,OR,0.758375364185236,0.528704793810909,1.08781535506331,0.137355568664113,24840,"Age, years, Male sex, Ever alcohol (past/current), Ever smoking (past/current), Diabetes mellitus",0.1734371623476639
asmi,adv_fibrosis,OR,0.94694745176838,0.677537535713226,1.32348309745922,0.750553741816906,24840,"Age, years, Male sex, Ever alcohol (past/current), Ever smoking (past/current), Diabetes mellitus",0.7818907729634581
bodyfat_pct,adv_fibrosis,OR,0.449099769686763,0.243366726758208,0.828751760026297,0.0125669769340547,24840,"Age, years, Male sex, Ever alcohol (past/current), Ever smoking (past/current), Diabetes mellitus",0.019033292783736753
asm_pct,adv_fibrosis,OR,1.98983249177317,0.983639592737955,4.02528870792517,0.0596369211325026,24840,"Age, years, Male sex, Ever alcohol (past/current), Ever smoking (past/current), Diabetes mellitus",0.08093436020589376
obesity,adv_fibrosis,OR,0.722553154159911,0.574246498553731,0.909161939866118,0.0064668710734987,24840,"Age, years, Male sex, Ever alcohol (past/current), Ever smoking (past/current), Diabetes mellitus",0.01027014932427172
overweight,adv_fibrosis,OR,0.699194785928723,0.54240155786833,0.901312582123129,0.0066647064506922,24840,"Age, years, Male sex, Ever alcohol (past/current), Ever smoking (past/current), Diabetes mellitus",0.01055358058224347
abdominal_obesity,adv_fibrosis,OR,0.74009228226673,0.590263248501212,0.927953057659581,0.0102870595241217,24840,"Age, years, Male sex, Ever alcohol (past/current), Ever smoking (past/current), Diabetes mellitus",0.01581640399433558
central_obesity,adv_fibrosis,OR,0.603512070875619,0.392199901323553,0.928676469482594,0.0234113626975022,24840,"Age, years, Male sex, Ever alcohol (past/current), Ever smoking (past/current), Diabetes mellitus",0.034012247826411574
high_bodyfat,adv_fibrosis,OR,0.514364091172488,0.223700182010916,1.18270095227186,0.122030192132356,24840,"Age, years, Male sex, Ever alcohol (past/current), Ever smoking (past/current), Diabetes mellitus",0.1559274677246771
sarcopenia,adv_fibrosis,OR,0.727916225346319,0.236374745919295,2.24161861734309,0.581734407685172,24840,"Age, years, Male sex, Ever alcohol (past/current), Ever smoking (past/current), Diabetes mellitus",0.6336292171813162
sbp,adv_fibrosis,OR,1.11004788076455,1.01037172861306,1.21955737942245,0.031645701518913,24840,"Age, years, Male sex, Body mass index, kg/m2, Ever alcohol (past/current), Ever smoking (past/current), Diabetes mellitus",0.04506493708020873
dbp,adv_fibrosis,OR,0.993363863047012,0.910037199382625,1.08432025094921,0.881845583641069,24840,"Age, years, Male sex, Body mass index, kg/m2, Ever alcohol (past/current), Ever smoking (past/current), Diabetes mellitus",0.9007439010803173
tg,adv_fibrosis,OR,1.07550117001432,0.814821321783066,1.4195784226301,0.608247966267632,24840,"Age, years, Male sex, Body mass index, kg/m2, Ever alcohol (past/current), Ever smoking (past/current), Diabetes mellitus",0.6577969418712016
tchol,adv_fibrosis,OR,0.761000203882409,0.64211035857371,0.901903080329437,0.0020646270227367,24840,"Age, years, Male sex, Body mass index, kg/m2, Ever alcohol (past/current), Ever smoking (past/current), Diabetes mellitus",0.0035009277762307694
hdl,adv_fibrosis,OR,1.22460181035118,1.08338044311356,1.38423173821145,0.0015511559725122,24840,"Age, years, Male sex, Body mass index, kg/m2, Ever alcohol (past/current), Ever smoking (past/current), Diabetes mellitus",0.0026773006227130292
ldl,adv_fibrosis,OR,0.616775888216215,0.510099944744286,0.745760708669754,2.14350391660068e-06,24840,"Age, years, Male sex, Body mass index, kg/m2, Ever alcohol (past/current), Ever smoking (past/current), Diabetes mellitus",4.893076453590472e-06
nonhdl,adv_fibrosis,OR,0.682758999030914,0.569865413439543,0.818017447214579,6.62506471418783e-05,24840,"Age, years, Male sex, Body mass index, kg/m2, Ever alcohol (past/current), Ever smoking (past/current), Diabetes mellitus",0.0001325012942837566
creatinine,adv_fibrosis,OR,0.950590809298397,0.863341263228485,1.04665782258972,0.304697416199276,24840,"Age, years, Male sex, Body mass index, kg/m2, Ever alcohol (past/current), Ever smoking (past/current), Diabetes mellitus",0.3589585999059964
egfr,adv_fibrosis,OR,1.02558360005087,0.902717107699581,1.16517313311332,0.698817051697535,24840,"Age, years, Male sex, Body mass index, kg/m2, Ever alcohol (past/current), Ever smoking (past/current), Diabetes mellitus",0.7385840920425991
hemoglobin,adv_fibrosis,OR,0.931454589418487,0.815078223400688,1.06444710119835,0.299191584410956,24840,"Age, years, Male sex, Body mass index, kg/m2, Ever alcohol (past/current), Ever smoking (past/current), Diabetes mellitus",0.3531031944897798
wbc,adv_fibrosis,OR,0.480369035599084,0.275604854755206,0.837265405093649,0.0109185589837828,24840,"Age, years, Male sex, Body mass index, kg/m2, Ever alcohol (past/current), Ever smoking (past/current), Diabetes mellitus",0.016677150324264384
vitd,adv_fibrosis,OR,1.00724994100567,0.886798225507188,1.14406232948389,0.911673057913272,24840,"Age, years, Male sex, Body mass index, kg/m2, Ever alcohol (past/current), Ever smoking (past/current), Diabetes mellitus",0.9257131974088563
fn_bmd,adv_fibrosis,OR,0.906526506419726,0.735051081062916,1.11800435100811,0.362123008814444,24840,"Age, years, Male sex, Body mass index, kg/m2, Ever alcohol (past/current), Ever smoking (past/current), Diabetes mellitus",0.41802119138311655
ls_bmd,adv_fibrosis,OR,0.898853500731748,0.723707864842251,1.11638639709108,0.338191914980533,24840,"Age, years, Male sex, Body mass index, kg/m2, Ever alcohol (past/current), Ever smoking (past/current), Diabetes mellitus",0.39384374909125364
ggt,adv_fibrosis,OR,1.65851974326029,1.49855504692663,1.8355600245887,7.311473060984091e-17,24840,"Age, years, Male sex, Body mass index, kg/m2, Ever alcohol (past/current), Ever smoking (past/current), Diabetes mellitus",3.455697422849828e-16
uric,adv_fibrosis,OR,1.1977581859359,1.08249256393651,1.32529748450134,0.00066949689956,24840,"Age, years, Male sex, Body mass index, kg/m2, Ever alcohol (past/current), Ever smoking (past/current), Diabetes mellitus",0.001213252283398699
cap,adv_fibrosis,OR,0.938743951812456,0.774213153026943,1.13823977753295,0.538234654814743,24840,"Age, years, Male sex, Body mass index, kg/m2, Ever alcohol (past/current), Ever smoking (past/current), Diabetes mellitus",0.5945982391642344
lsm,adv_fibrosis,OR,1.54277435275295,1.28331020104427,1.8546978755218,0.0017211781625485,24840,"Age, years, Male sex, Body mass index, kg/m2, Ever alcohol (past/current), Ever smoking (past/current), Diabetes mellitus",0.0029540046902567746
htn,adv_fibrosis,OR,1.64174613248714,1.31317540666925,2.05252881667418,2.91088072666368e-05,24840,"Age, years, Male sex, Body mass index, kg/m2, Ever alcohol (past/current), Ever smoking (past/current), Diabetes mellitus",6.048027392164663e-05
mets,adv_fibrosis,OR,1.05473733499687,0.746962886166826,1.48932546240035,0.762632182924402,24840,"Age, years, Male sex, Body mass index, kg/m2, Ever alcohol (past/current), Ever smoking (past/current), Diabetes mellitus",0.7931053931779533
dyslipidemia,adv_fibrosis,OR,0.73584751392177,0.580410928113565,0.932910697434186,0.0126114087249718,24840,"Age, years, Male sex, Body mass index, kg/m2, Ever alcohol (past/current), Ever smoking (past/current), Diabetes mellitus",0.019093277044006294
low_hdl,adv_fibrosis,OR,1.12531588556346,0.866704637279036,1.46109272736449,0.377328145787097,24840,"Age, years, Male sex, Body mass index, kg/m2, Ever alcohol (past/current), Ever smoking (past/current), Diabetes mellitus",0.4344325217502199
high_tg,adv_fibrosis,OR,0.690606937387292,0.460729628834556,1.03517966312238,0.0756250525525408,24840,"Age, years, Male sex, Body mass index, kg/m2, Ever alcohol (past/current), Ever smoking (past/current), Diabetes mellitus",0.10073155148075805
high_ldl,adv_fibrosis,OR,0.476417724088548,0.24663152574629,0.920295356154914,0.0292468653586513,24840,"Age, years, Male sex, Body mass index, kg/m2, Ever alcohol (past/current), Ever smoking (past/current), Diabetes mellitus",0.04182957315937258
high_nonhdl,adv_fibrosis,OR,0.651309022362636,0.385180769931454,1.1013100230483,0.112313680504109,24840,"Age, years, Male sex, Body mass index, kg/m2, Ever alcohol (past/current), Ever smoking (past/current), Diabetes mellitus",0.14505808686720706
atherogenic_dyslipidemia,adv_fibrosis,OR,1.29815901033216,0.755178840417673,2.23154665611992,0.347071351293679,24840,"Age, years, Male sex, Body mass index, kg/m2, Ever alcohol (past/current), Ever smoking (past/current), Diabetes mellitus",0.40323473295676776
anemia,adv_fibrosis,OR,1.42873980605451,1.11195712176963,1.83576991723931,0.0061599141608275,24840,"Age, years, Male sex, Body mass index, kg/m2, Ever alcohol (past/current), Ever smoking (past/current), Diabetes mellitus",0.009830020338940537
leukocytosis,adv_fibrosis,OR,0.487957851470848,0.277360329099722,0.858460420727431,0.014197386019244,24840,"Age, years, Male sex, Body mass index, kg/m2, Ever alcohol (past/current), Ever smoking (past/current), Diabetes mellitus",0.021339232177860663
vitd_deficiency,adv_fibrosis,OR,1.20569472365752,0.926217815318557,1.56950097764596,0.167071169455779,24840,"Age, years, Male sex, Body mass index, kg/m2, Ever alcohol (past/current), Ever smoking (past/current), Diabetes mellitus",0.2074493240323483
osteoporosis,adv_fibrosis,OR,1.2199771256035,0.742978610571725,2.00321269794092,0.434616713284603,24840,"Age, years, Male sex, Body mass index, kg/m2, Ever alcohol (past/current), Ever smoking (past/current), Diabetes mellitus",0.49349704872384886
glucose,adv_fibrosis,OR,1.06905934191716,0.955378437447624,1.196267187685,0.246692373386612,24840,"Age, years, Male sex, Body mass index, kg/m2, Ever alcohol (past/current), Ever smoking (past/current)",0.2965405740253531
hba1c,adv_fibrosis,OR,0.945310155301128,0.82840636905219,1.07871127395828,0.405375481406462,24840,"Age, years, Male sex, Body mass index, kg/m2, Ever alcohol (past/current), Ever smoking (past/current)",0.46321935425879945
homa_ir,adv_fibrosis,OR,1.09297978183129,0.900106369527232,1.32718181309997,0.371253861413663,24840,"Age, years, Male sex, Body mass index, kg/m2, Ever alcohol (past/current), Ever smoking (past/current)",0.4276879079069455
insulin,adv_fibrosis,OR,1.08111444545615,0.886154535947994,1.31896683564746,0.443594570713339,24840,"Age, years, Male sex, Body mass index, kg/m2, Ever alcohol (past/current), Ever smoking (past/current)",0.502681215050693
prediabetes,adv_fibrosis,OR,0.787328911256451,0.638384271819489,0.971024572290134,0.0273117518253866,24840,"Age, years, Male sex, Body mass index, kg/m2, Ever alcohol (past/current), Ever smoking (past/current)",0.03927491465693544
insulin_resistance,adv_fibrosis,OR,0.884626979672484,0.645462026036338,1.21241043097461,0.447405554620637,24840,"Age, years, Male sex, Body mass index, kg/m2, Ever alcohol (past/current), Ever smoking (past/current)",0.5061299325362425
men,adv_fibrosis,OR,1.36938348047056,1.16589764109118,1.60838400430301,0.0002030004111981,24840,unadjusted,0.00038851941301387694
current_smoking,adv_fibrosis,OR,1.40778875687145,1.03147065661748,1.92140141967086,0.0331728973838807,24840,"Age, years, Male sex, Body mass index, kg/m2, Ever alcohol (past/current), Diabetes mellitus",0.047070294853167875
age,steatosis,OR,1.44922066964731,1.32115989157127,1.58969445161944,1.67992738364919e-06,3001,unadjusted,3.861587873164553e-06
whtr,steatosis,OR,4.73921305282198,4.10573148945508,5.47043575979666,1.18397020891002e-09,3001,"Age, years, Male sex, Ever alcohol (past/current), Ever smoking (past/current)",3.4953627958567457e-09
homa_ir,steatosis,OR,3.77139434804638,3.09088168383286,4.6017339980605,1.29855189313912e-07,3001,"Age, years, Male sex, Ever alcohol (past/current), Ever smoking (past/current)",3.2741053468823187e-07
tchol,steatosis,OR,1.11610474021305,0.968987311927511,1.28555841319337,0.158696732298821,3001,"Age, years, Male sex, Ever alcohol (past/current), Ever smoking (past/current)",0.19785826441038004
ldl,steatosis,OR,1.08826801445588,0.894945346298899,1.32335150541383,0.416437902202885,3001,"Age, years, Male sex, Ever alcohol (past/current), Ever smoking (past/current)",0.474216563360568
nonhdl,steatosis,OR,1.38944459957813,1.19292402372169,1.61833969046399,0.0017512071142893,3001,"Age, years, Male sex, Ever alcohol (past/current), Ever smoking (past/current)",0.003000335792173439
creatinine,steatosis,OR,0.884557191174687,0.743208259765097,1.05278892447476,0.197388439684422,3001,"Age, years, Male sex, Ever alcohol (past/current), Ever smoking (past/current)",0.2419797543822663
egfr,steatosis,OR,1.29061381387992,1.11570717079508,1.49294013714251,0.0063998938105734,3001,"Age, years, Male sex, Ever alcohol (past/current), Ever smoking (past/current)",0.010167863419529466
hemoglobin,steatosis,OR,1.14565757241755,1.01558406449541,1.29239057516109,0.0514300629843533,3001,"Age, years, Male sex, Ever alcohol (past/current), Ever smoking (past/current)",0.07071857113872147
platelet,steatosis,OR,1.313742413476,1.12895191324334,1.52878002040618,0.0054629395560037,3001,"Age, years, Male sex, Ever alcohol (past/current), Ever smoking (past/current)",0.008767297721521556
wbc,steatosis,OR,3.16844739048705,1.45377913960262,6.90549107000416,0.0157975906189694,3001,"Age, years, Male sex, Ever alcohol (past/current), Ever smoking (past/current)",0.023583120184393565
fib4,steatosis,OR,0.806337153726172,0.524834735325805,1.23882731404126,0.349034289553077,3001,"Age, years, Male sex, Ever alcohol (past/current), Ever smoking (past/current)",0.4051583478497573
vitd,steatosis,OR,0.733070091771094,0.618516310033712,0.868840078639138,0.0049969269244395,3001,"Age, years, Male sex, Ever alcohol (past/current), Ever smoking (past/current)",0.008053056636889802
fat_kg,steatosis,OR,4.69566638814215,3.03682196183773,7.26064389213808,3.92082447838864e-05,3001,"Age, years, Male sex, Ever alcohol (past/current), Ever smoking (past/current)",8.070125721386816e-05
lean_kg,steatosis,OR,4.07580637827243,3.07823170081819,5.39666901252128,1.89371428649437e-06,3001,"Age, years, Male sex, Ever alcohol (past/current), Ever smoking (past/current)",4.335378308664195e-06
asmm_kg,steatosis,OR,3.32094268239704,2.52755736868407,4.36336695515178,6.10533732846344e-06,3001,"Age, years, Male sex, Ever alcohol (past/current), Ever smoking (past/current)",1.3463051544816815e-05
asmi,steatosis,OR,3.61596400743934,2.78247333870484,4.69912703968006,2.27531799990015e-06,3001,"Age, years, Male sex, Ever alcohol (past/current), Ever smoking (past/current)",5.176054058427253e-06
bodyfat_pct,steatosis,OR,5.51818452438326,3.48383695619426,8.74046656833414,2.66572113555288e-05,3001,"Age, years, Male sex, Ever alcohol (past/current), Ever smoking (past/current)",5.553234761583567e-05
asm_pct,steatosis,OR,0.196678009646763,0.134237117183082,0.288163514610156,8.12252780939692e-06,3001,"Age, years, Male sex, Ever alcohol (past/current), Ever smoking (past/current)",1.776269763072096e-05
fn_bmd,steatosis,OR,1.69651147328199,1.25718710973035,2.28935785031613,0.0061552574683238,3001,"Age, years, Male sex, Ever alcohol (past/current), Ever smoking (past/current)",0.00982655308502379
ls_bmd,steatosis,OR,2.08938648080975,1.38144612817515,3.1601202371585,0.0058156060168414,3001,"Age, years, Male sex, Ever alcohol (past/current), Ever smoking (past/current)",0.009318160146871032
insulin,steatosis,OR,3.41206779908731,2.8426838903775,4.0954981681141,1.20710480405758e-07,3001,"Age, years, Male sex, Ever alcohol (past/current), Ever smoking (past/current)",3.051314124505934e-07
ggt,steatosis,OR,1.65976619507419,1.08932966531721,2.52891655301506,0.040073726116054,3001,"Age, years, Male sex, Ever alcohol (past/current), Ever smoking (past/current)",0.056057871469274975
uric,steatosis,OR,1.73839624056465,1.46336875421557,2.06511276156722,8.98844257654065e-05,3001,"Age, years, Male sex, Ever alcohol (past/current), Ever smoking (past/current)",0.0001774365211217306
high_bodyfat,steatosis,OR,10.3971733672345,6.88111723078556,15.7098346682272,5.9640629340799e-07,3001,"Age, years, Male sex, Ever alcohol (past/current), Ever smoking (past/current)",1.4334041899890695e-06
high_ldl,steatosis,OR,1.3882875162656,0.747152711235735,2.57958272630937,0.323775157893699,3001,"Age, years, Male sex, Ever alcohol (past/current), Ever smoking (past/current)",0.3789510427891933
leukocytosis,steatosis,OR,2.07030624851896,1.25900412187769,3.40441138212022,0.0167367975287894,3001,"Age, years, Male sex, Ever alcohol (past/current), Ever smoking (past/current)",0.024844566988326777
vitd_deficiency,steatosis,OR,1.38766229629626,0.965439381229598,1.99453915595377,0.10715555835939,3001,"Age, years, Male sex, Ever alcohol (past/current), Ever smoking (past/current)",0.13871315080816324
osteoporosis,steatosis,OR,0.407492385825875,0.234257723877005,0.70883487535825,0.0098463658193966,3001,"Age, years, Male sex, Ever alcohol (past/current), Ever smoking (past/current)",0.015191974719786642
smoking,steatosis,OR,1.12514509969979,0.902392920944231,1.40288278641836,0.315487692839488,3001,"Age, years, Male sex",0.3700175846051037
alcohol,steatosis,OR,1.0561275330485,0.759156635650223,1.46926907265687,0.75137469943917,3001,"Age, years, Male sex",0.7824265098661113
current_smoking,steatosis,OR,0.898330850967542,0.729368814096973,1.10643381263731,0.334850816465804,3001,"Age, years, Male sex, Ever alcohol (past/current)",0.39041997063324735
age,masld,OR,1.56583687017345,1.42452615444804,1.72116538284592,2.2996117884138e-07,2812,unadjusted,5.703613940416923e-07
tchol,masld,OR,1.0462286745185,0.909831007741628,1.20307445016819,0.540249317334343,2812,"Age, years, Male sex, Ever alcohol (past/current), Ever smoking (past/current)",0.5961579635633643
ldl,masld,OR,1.07105063006608,0.858981187268072,1.33547680574167,0.555644988461999,2812,"Age, years, Male sex, Ever alcohol (past/current), Ever smoking (past/current)",0.6108348417728559
creatinine,masld,OR,0.932976358937923,0.797669681523224,1.09123476358644,0.405832787717541,2812,"Age, years, Male sex, Ever alcohol (past/current), Ever smoking (past/current)",0.4636080012158799
egfr,masld,OR,1.20898597702579,1.01680643845663,1.43748803839556,0.0571897268830797,2812,"Age, years, Male sex, Ever alcohol (past/current), Ever smoking (past/current)",0.07793405427125845
hemoglobin,masld,OR,1.06890670417923,0.949958580274632,1.20274879975188,0.294173352361615,2812,"Age, years, Male sex, Ever alcohol (past/current), Ever smoking (past/current)",0.34769936717733757
platelet,masld,OR,1.30132682185473,1.12459149400964,1.50583701397265,0.005386261149656,2812,"Age, years, Male sex, Ever alcohol (past/current), Ever smoking (past/current)",0.008651258265545731
wbc,masld,OR,3.22868265028147,1.48313056699131,7.02864055817795,0.0144580116319411,2812,"Age, years, Male sex, Ever alcohol (past/current), Ever smoking (past/current)",0.02169798710772344
vitd,masld,OR,0.725583291392133,0.623276483965893,0.844683100182954,0.0020222706225089,2812,"Age, years, Male sex, Ever alcohol (past/current), Ever smoking (past/current)",0.0034310706226526504
fat_kg,masld,OR,4.58360811204207,3.08010487402595,6.82102207036761,2.0470564324315e-05,2812,"Age, years, Male sex, Ever alcohol (past/current), Ever smoking (past/current)",4.321320836018684e-05
lean_kg,masld,OR,3.91374456834083,2.96902523014388,5.15906580742497,2.13835865316817e-06,2812,"Age, years, Male sex, Ever alcohol (past/current), Ever smoking (past/current)",4.884149441070023e-06
asmm_kg,masld,OR,3.33024503167004,2.63161907763991,4.21433788240705,1.56803194015017e-06,2812,"Age, years, Male sex, Ever alcohol (past/current), Ever smoking (past/current)",3.614880160392816e-06
asmi,masld,OR,3.90177779221923,3.03027993469363,5.02391537017993,9.65636101910469e-07,2812,"Age, years, Male sex, Ever alcohol (past/current), Ever smoking (past/current)",2.2792699398316325e-06
bodyfat_pct,masld,OR,5.83986335507183,3.81777934076062,8.93294267738277,1.01371183597778e-05,2812,"Age, years, Male sex, Ever alcohol (past/current), Ever smoking (past/current)",2.1937877588228104e-05
asm_pct,masld,OR,0.192844369717082,0.140397664740601,0.264882973661201,1.36985157286792e-06,2812,"Age, years, Male sex, Ever alcohol (past/current), Ever smoking (past/current)",3.18024226658773e-06
fn_bmd,masld,OR,1.67930122922658,1.21884812978563,2.31370303614272,0.0099809973669621,2812,"Age, years, Male sex, Ever alcohol (past/current), Ever smoking (past/current)",0.015381700655902638
ls_bmd,masld,OR,1.99611431265012,1.33515723252985,2.98427200339312,0.0071363457303248,2812,"Age, years, Male sex, Ever alcohol (past/current), Ever smoking (past/current)",0.011247563230742991
insulin,masld,OR,3.61952394937718,2.70951881672129,4.83515875190268,5.56805741656955e-06,2812,"Age, years, Male sex, Ever alcohol (past/current), Ever smoking (past/current)",1.2326376687156765e-05
ggt,masld,OR,1.15428169225525,0.993271336566551,1.3413920003785,0.0907217424010082,2812,"Age, years, Male sex, Ever alcohol (past/current), Ever smoking (past/current)",0.11883947448291009
uric,masld,OR,1.64370732223197,1.41283728867434,1.91230354890624,7.4856306842291e-05,2812,"Age, years, Male sex, Ever alcohol (past/current), Ever smoking (past/current)",0.00014895953212681247
high_bodyfat,masld,OR,12.5484490228608,7.75230675301676,20.3118346443218,1.21723985865833e-06,2812,"Age, years, Male sex, Ever alcohol (past/current), Ever smoking (past/current)",2.83926938729502e-06
high_ldl,masld,OR,1.31088025022679,0.72155399683983,2.38153629244757,0.395060853693921,2812,"Age, years, Male sex, Ever alcohol (past/current), Ever smoking (past/current)",0.4526095387237624
leukocytosis,masld,OR,2.07585180413984,1.24979176977018,3.44790293629717,0.0181192904640761,2812,"Age, years, Male sex, Ever alcohol (past/current), Ever smoking (past/current)",0.026754162138905007
vitd_deficiency,masld,OR,1.34236303587821,1.01952226895889,1.76743419438231,0.062312325592768,2812,"Age, years, Male sex, Ever alcohol (past/current), Ever smoking (past/current)",0.08418974045252398
osteoporosis,masld,OR,0.442388243699279,0.2456796719426,0.79659565081582,0.0216411001312038,2812,"Age, years, Male sex, Ever alcohol (past/current), Ever smoking (past/current)",0.03163791283039255
smoking,masld,OR,0.94825235958519,0.759509458249574,1.18389906497176,0.647318327570225,2812,"Age, years, Male sex",0.6915450456029734
alcohol,masld,OR,0.866856047900319,0.61839905032009,1.21513674284009,0.423185097911429,2812,"Age, years, Male sex",0.4816226258163444
current_smoking,masld,OR,0.662457088354158,0.511663437353278,0.857691525078946,0.0096651187134152,2812,"Age, years, Male sex, Ever alcohol (past/current)",0.0149239694107223
age,anemia,OR,1.42580490002477,1.34179755951017,1.51507177705464,4.15936794280919e-21,25491,unadjusted,2.5121312338554434e-20
bmi,anemia,OR,1.10692300520658,1.0382620701275,1.18012453185842,0.0023469955035236,25491,"Age, years, Male sex, Ever smoking (past/current), Ever alcohol (past/current)",0.003937537833731706
wc,anemia,OR,1.07160033065173,1.00610648897447,1.14135758116757,0.0336430356736559,25491,"Age, years, Male sex, Ever smoking (past/current), Ever alcohol (past/current)",0.047686079944458164
height,anemia,OR,0.806294543393957,0.740327234757747,0.878139909197859,2.53622481439616e-06,25491,"Age, years, Male sex, Ever smoking (past/current), Ever alcohol (past/current)",5.749745195272899e-06
weight,anemia,OR,1.04700480721033,0.975328160223571,1.12394895485254,0.206723106596832,25491,"Age, years, Male sex, Ever smoking (past/current), Ever alcohol (past/current)",0.2524842882670785
whtr,anemia,OR,1.11327571010873,1.04656133264964,1.18424288004246,0.0009073489742113,25491,"Age, years, Male sex, Ever smoking (past/current), Ever alcohol (past/current)",0.0016146974997660382
sbp,anemia,OR,1.04932069822781,0.97920394038328,1.12445822807689,0.175013511429404,25491,"Age, years, Male sex, Ever smoking (past/current), Ever alcohol (past/current)",0.21676689142602448
dbp,anemia,OR,0.773362394158477,0.725896760601759,0.823931756084326,1.1806628096170198e-12,25491,"Age, years, Male sex, Ever smoking (past/current), Ever alcohol (past/current)",4.159129185080081e-12
glucose,anemia,OR,1.04915378661306,0.961592943340486,1.14468775544536,0.282689330540657,25491,"Age, years, Male sex, Ever smoking (past/current), Ever alcohol (past/current)",0.3359324096181553
hba1c,anemia,OR,1.21924577174052,1.16202832204603,1.2792805680413,5.92210917175843e-13,25491,"Age, years, Male sex, Ever smoking (past/current), Ever alcohol (past/current)",2.143445917975878e-12
homa_ir,anemia,OR,1.01413457949446,0.920903467011989,1.11680429292272,0.775936341627994,25491,"Age, years, Male sex, Ever smoking (past/current), Ever alcohol (past/current)",0.8052476829696601
tg,anemia,OR,0.780987512621041,0.652568542029837,0.93467805385279,0.0080114292979215,25491,"Age, years, Male sex, Ever smoking (past/current), Ever alcohol (past/current)",0.012536872746272727
tchol,anemia,OR,0.582851855366423,0.530620602534113,0.640224453558119,1.7282376934256902e-20,25491,"Age, years, Male sex, Ever smoking (past/current), Ever alcohol (past/current)",9.966338651883426e-20
hdl,anemia,OR,0.87608493795881,0.819503507154088,0.936572951571245,0.0001695084654192,25491,"Age, years, Male sex, Ever smoking (past/current), Ever alcohol (past/current)",0.00032742943808513437
ldl,anemia,OR,0.642367628801421,0.572065254283353,0.721309618863122,1.3660796410403598e-11,25491,"Age, years, Male sex, Ever smoking (past/current), Ever alcohol (past/current)",4.496015856868272e-11
nonhdl,anemia,OR,0.612437412336623,0.553800534038105,0.677282813894454,2.19338538310875e-16,25491,"Age, years, Male sex, Ever smoking (past/current), Ever alcohol (past/current)",9.96214991455593e-16
alt,anemia,OR,0.3944389860565,0.307117865508635,0.506587636846236,3.7809491453341595e-11,25491,"Age, years, Male sex, Ever smoking (past/current), Ever alcohol (past/current)",1.2210150872605663e-10
ast,anemia,OR,0.790106253964405,0.665752639235876,0.937687446902463,0.0080265143480975,25491,"Age, years, Male sex, Ever smoking (past/current), Ever alcohol (past/current)",0.012555512361041405
creatinine,anemia,OR,1.45003271624261,1.29018230746553,1.6296881967823,9.81451927345487e-09,25491,"Age, years, Male sex, Ever smoking (past/current), Ever alcohol (past/current)",2.7170215707339026e-08
egfr,anemia,OR,0.717638921802861,0.663110602665723,0.776651165003299,5.80174294738764e-13,25491,"Age, years, Male sex, Ever smoking (past/current), Ever alcohol (past/current)",2.1037300733148946e-12
platelet,anemia,OR,1.3353360887803,1.26034455679186,1.41478967825903,5.35146251464338e-17,25491,"Age, years, Male sex, Ever smoking (past/current), Ever alcohol (past/current)",2.5599015366298925e-16
wbc,anemia,OR,0.998557105111481,0.913110279933118,1.09199985377632,0.974814194611584,25491,"Age, years, Male sex, Ever smoking (past/current), Ever alcohol (past/current)",0.9787728309348799
fib4,anemia,OR,1.07592681866005,1.01772554505783,1.13745648297171,0.0111189474674852,25491,"Age, years, Male sex, Ever smoking (past/current), Ever alcohol (past/current)",0.01696357739351001
vitd,anemia,OR,0.727614593414298,0.676348011216673,0.782767137286444,5.4746879804632103e-14,25491,"Age, years, Male sex, Ever smoking (past/current), Ever alcohol (past/current)",2.131679690030754e-13
fat_kg,anemia,OR,1.13054437921102,1.00800138514636,1.26798495736199,0.039584178420291,25491,"Age, years, Male sex, Ever smoking (past/current), Ever alcohol (past/current)",0.055437545223655876
lean_kg,anemia,OR,1.26880719494325,1.08929199490101,1.47790648005823,0.0031188793827438,25491,"Age, years, Male sex, Ever smoking (past/current), Ever alcohol (past/current)",0.00516030398918213
asmm_kg,anemia,OR,1.3161629725314,1.11108966425883,1.55908656698579,0.0021793508298626,25491,"Age, years, Male sex, Ever smoking (past/current), Ever alcohol (past/current)",0.0036781194039831253
asmi,anemia,OR,1.31738512119983,1.14225187710137,1.51937028281607,0.000312810050724,25491,"Age, years, Male sex, Ever smoking (past/current), Ever alcohol (past/current)",0.0005859264018296136
bodyfat_pct,anemia,OR,1.05104090315036,0.878823980280388,1.25700595896652,0.587276739640515,25491,"Age, years, Male sex, Ever smoking (past/current), Ever alcohol (past/current)",0.6386109901093671
asm_pct,anemia,OR,1.108670926499,0.89362098355658,1.37547265102502,0.35154297165373,25491,"Age, years, Male sex, Ever smoking (past/current), Ever alcohol (past/current)",0.40747260353417986
fn_bmd,anemia,OR,1.30335066873695,1.16822201600499,1.45410970040289,1.03133319448271e-05,25491,"Age, years, Male sex, Ever smoking (past/current), Ever alcohol (past/current)",2.2294831242478692e-05
ls_bmd,anemia,OR,1.39380037927646,1.25538457652179,1.54747758862361,2.89832591866896e-08,25491,"Age, years, Male sex, Ever smoking (past/current), Ever alcohol (past/current)",7.747146847469194e-08
insulin,anemia,OR,1.00705074069419,0.91341679845864,1.11028305593247,0.888020195003542,25491,"Age, years, Male sex, Ever smoking (past/current), Ever alcohol (past/current)",0.9059341058273175
ggt,anemia,OR,0.959771550382186,0.883842176838518,1.04222388686858,0.330812024727988,25491,"Age, years, Male sex, Ever smoking (past/current), Ever alcohol (past/current)",0.3862728364297286
uric,anemia,OR,1.02159481780689,0.942455299640575,1.10737981118883,0.604488088976963,25491,"Age, years, Male sex, Ever smoking (past/current), Ever alcohol (past/current)",0.6544485166920815
cap,anemia,OR,0.776915999442932,0.692691761486058,0.871381043850568,0.0015331041154854,25491,"Age, years, Male sex, Ever smoking (past/current), Ever alcohol (past/current)",0.0026484540964455206
lsm,anemia,OR,0.995267568741902,0.901995971383459,1.0981839884164,0.926589449358541,25491,"Age, years, Male sex, Ever smoking (past/current), Ever alcohol (past/current)",0.9365324122796086
dm,anemia,OR,2.14609587993516,1.89193439040189,2.4344012927934,6.27360847316542e-22,25491,"Age, years, Male sex, Ever smoking (past/current), Ever alcohol (past/current)",3.983691030472296e-21
prediabetes,anemia,OR,0.835347847771757,0.731110356658988,0.954446918199498,0.0092557654444199,25491,"Age, years, Male sex, Ever smoking (past/current), Ever alcohol (past/current)",0.014347887185785706
htn,anemia,OR,1.49025691433126,1.31792821309876,1.68511884686827,3.83390785323939e-09,25491,"Age, years, Male sex, Ever smoking (past/current), Ever alcohol (past/current)",1.0880157437170034e-08
obesity,anemia,OR,1.16627580211409,1.03342071072192,1.31621055440883,0.0140503281760886,25491,"Age, years, Male sex, Ever smoking (past/current), Ever alcohol (past/current)",0.021142296791406046
overweight,anemia,OR,0.935623961721498,0.819792742934253,1.06782135520519,0.325727895638012,25491,"Age, years, Male sex, Ever smoking (past/current), Ever alcohol (past/current)",0.38089847920306696
abdominal_obesity,anemia,OR,0.987405313536635,0.871790490358499,1.11835270513154,0.842222618456378,25491,"Age, years, Male sex, Ever smoking (past/current), Ever alcohol (past/current)",0.8658608832155488
central_obesity,anemia,OR,1.13731749053206,0.951164126046027,1.35990313222511,0.160863003749356,25491,"Age, years, Male sex, Ever smoking (past/current), Ever alcohol (past/current)",0.20036966084145225
high_bodyfat,anemia,OR,0.9471773741536,0.731048199917288,1.22720359370287,0.682532313069671,25491,"Age, years, Male sex, Ever smoking (past/current), Ever alcohol (past/current)",0.724275169126507
sarcopenia,anemia,OR,0.691324977234915,0.364601136975104,1.31083031751898,0.261871012245387,25491,"Age, years, Male sex, Ever smoking (past/current), Ever alcohol (past/current)",0.3132632973821442
mets,anemia,OR,1.21369684014443,0.994373400822743,1.48139523699825,0.0592574436546627,25491,"Age, years, Male sex, Ever smoking (past/current), Ever alcohol (past/current)",0.08047457847505858
dyslipidemia,anemia,OR,1.11381821022085,0.982816282325584,1.26228169773911,0.0939354751404901,25491,"Age, years, Male sex, Ever smoking (past/current), Ever alcohol (past/current)",0.12276469760679842
low_hdl,anemia,OR,1.33522274054524,1.1796422191676,1.51132244836673,1.18231639219811e-05,25491,"Age, years, Male sex, Ever smoking (past/current), Ever alcohol (past/current)",2.5419802432259367e-05
high_tg,anemia,OR,0.776860542267075,0.60735819125592,0.993667840197439,0.0466303595781578,25491,"Age, years, Male sex, Ever smoking (past/current), Ever alcohol (past/current)",0.06454503236220863
high_ldl,anemia,OR,0.522727490902672,0.343108999029804,0.796376750589593,0.0030943592772332,25491,"Age, years, Male sex, Ever smoking (past/current), Ever alcohol (past/current)",0.0051261663738419345
high_nonhdl,anemia,OR,0.526324787022264,0.394762025696267,0.701733610129895,2.63478686315849e-05,25491,"Age, years, Male sex, Ever smoking (past/current), Ever alcohol (past/current)",5.500378274751972e-05
atherogenic_dyslipidemia,anemia,OR,0.956884774235839,0.699033702152446,1.30984882180214,0.783705016395934,25491,"Age, years, Male sex, Ever smoking (past/current), Ever alcohol (past/current)",0.8125505678116154
insulin_resistance,anemia,OR,1.02315569679623,0.876283095407815,1.19464541239311,0.772666066513206,25491,"Age, years, Male sex, Ever smoking (past/current), Ever alcohol (past/current)",0.8022747924215861
high_alt,anemia,OR,0.549751100644321,0.418995651587025,0.721311239185666,3.28487702553978e-05,25491,"Age, years, Male sex, Ever smoking (past/current), Ever alcohol (past/current)",6.785886951976695e-05
high_ast,anemia,OR,1.05286426525695,0.795466640029157,1.39355078550425,0.719364413314792,25491,"Age, years, Male sex, Ever smoking (past/current), Ever alcohol (past/current)",0.7566619566799566
adv_fibrosis,anemia,OR,2.09328815850807,1.66953167344032,2.62460148810512,3.1833152874564304e-09,25491,"Age, years, Male sex, Ever smoking (past/current), Ever alcohol (past/current)",9.099129535532975e-09
leukocytosis,anemia,OR,1.09415271820092,0.835044358127875,1.43366057035634,0.515283000557964,25491,"Age, years, Male sex, Ever smoking (past/current), Ever alcohol (past/current)",0.5729228640267863
vitd_deficiency,anemia,OR,2.20901687749036,1.95887838585159,2.49109674203479,2.04799564818618e-24,25491,"Age, years, Male sex, Ever smoking (past/current), Ever alcohol (past/current)",1.5003464415230607e-23
osteoporosis,anemia,OR,1.061581709786,0.795913260472556,1.41592781841963,0.685460762206845,25491,"Age, years, Male sex, Ever smoking (past/current), Ever alcohol (past/current)",0.7267978491799193
smoking,anemia,OR,0.784675162680335,0.699983796240303,0.879613377101714,5.951352350346e-05,25491,"Age, years, Male sex",0.00011951040557344557
alcohol,anemia,OR,0.628661117041059,0.555754535355245,0.711131938539532,2.18860922241663e-11,25491,"Age, years, Male sex",7.143678287029858e-11
current_smoking,anemia,OR,0.689798422282089,0.568163305714591,0.837473766075773,0.0002716373889008,25491,"Age, years, Male sex, Ever alcohol (past/current)",0.0005126896519520825
age,leukocytosis,OR,0.776652845112849,0.727743676155378,0.828849032407254,5.97551595861666e-12,25491,unadjusted,2.015272048788364e-11
men,leukocytosis,OR,0.728367465375827,0.629291274303269,0.843042302160284,4.20452586605814e-05,25491,unadjusted,8.604813412377652e-05
bmi,leukocytosis,OR,1.46157933368818,1.38246792165087,1.54521787826617,1.38004541034771e-25,25491,"Age, years, Male sex",1.0746967801841615e-24
smoking,leukocytosis,OR,2.47063786434625,2.09705326936726,2.91077558491547,1.7532950172462702e-19,25491,"Age, years, Male sex",9.514451424178661e-19
alcohol,leukocytosis,OR,1.13409322139199,0.930008008375483,1.38296382743403,0.216219452569944,25491,"Age, years, Male sex",0.2632699767210521
wc,leukocytosis,OR,1.66580203036454,1.56774523491559,1.7699919237937,1.63763468685162e-32,25491,"Age, years, Male sex, Ever smoking (past/current), Ever alcohol (past/current)",2.0308723577382473e-31
height,leukocytosis,OR,0.87807004584692,0.790547861336901,0.975281881238357,0.0167144608649936,25491,"Age, years, Male sex, Ever smoking (past/current), Ever alcohol (past/current)",0.02482072341663464
weight,leukocytosis,OR,1.46606873193502,1.37691745042498,1.56099229194471,4.08916943433338e-22,25491,"Age, years, Male sex, Ever smoking (past/current), Ever alcohol (past/current)",2.6432605036311847e-21
whtr,leukocytosis,OR,1.72206079384196,1.6165471744065,1.83446139069611,2.66622571422888e-33,25491,"Age, years, Male sex, Ever smoking (past/current), Ever alcohol (past/current)",3.4810524506565834e-32
fat_kg,leukocytosis,OR,1.62269254232038,1.47561336406109,1.78443158013658,3.1322798690993604e-15,25491,"Age, years, Male sex, Ever smoking (past/current), Ever alcohol (past/current)",1.3043472802270599e-14
lean_kg,leukocytosis,OR,1.7065448353397,1.45650496442979,1.9995093364922,5.69135077560934e-09,25491,"Age, years, Male sex, Ever smoking (past/current), Ever alcohol (past/current)",1.5945455855744017e-08
asmm_kg,leukocytosis,OR,1.53196632750823,1.29554248627908,1.81153520897614,4.08746847323957e-06,25491,"Age, years, Male sex, Ever smoking (past/current), Ever alcohol (past/current)",9.140771780743776e-06
asmi,leukocytosis,OR,1.58478433151278,1.38516598908745,1.81316997182627,3.87463092245614e-09,25491,"Age, years, Male sex, Ever smoking (past/current), Ever alcohol (past/current)",1.098784224318028e-08
bodyfat_pct,leukocytosis,OR,1.9664166164268,1.66538288718506,2.32186504323661,1.69545366063155e-11,25491,"Age, years, Male sex, Ever smoking (past/current), Ever alcohol (past/current)",5.5569301420533646e-11
asm_pct,leukocytosis,OR,0.436430332562283,0.353942991640337,0.538141564260648,4.34987484943544e-11,25491,"Age, years, Male sex, Ever smoking (past/current), Ever alcohol (past/current)",1.4013114742969542e-10
obesity,leukocytosis,OR,2.13752092054217,1.84667212239461,2.47417807977235,6.90839714089141e-18,25491,"Age, years, Male sex, Ever smoking (past/current), Ever alcohol (past/current)",3.4903728083482015e-17
overweight,leukocytosis,OR,2.13409659235845,1.76789386434389,2.57615480056333,1.62406329594779e-12,25491,"Age, years, Male sex, Ever smoking (past/current), Ever alcohol (past/current)",5.675613426474785e-12
abdominal_obesity,leukocytosis,OR,2.55803186253281,2.18836171883287,2.99014872789082,9.71989471263073e-22,25491,"Age, years, Male sex, Ever smoking (past/current), Ever alcohol (past/current)",6.084161943539109e-21
central_obesity,leukocytosis,OR,3.30309257106519,2.57152796168313,4.24277732756399,6.33820740555747e-16,25491,"Age, years, Male sex, Ever smoking (past/current), Ever alcohol (past/current)",2.810980773137371e-15
high_bodyfat,leukocytosis,OR,2.22573338376927,1.68942178216892,2.93229858162777,2.58024298906809e-07,25491,"Age, years, Male sex, Ever smoking (past/current), Ever alcohol (past/current)",6.375665999221341e-07
sarcopenia,leukocytosis,OR,0.979777261991341,0.463887713255083,2.06938760326119,0.957437303367688,25491,"Age, years, Male sex, Ever smoking (past/current), Ever alcohol (past/current)",0.964507759644149
sbp,leukocytosis,OR,1.08403621196071,0.987767525080754,1.18968732925903,0.0916511812835433,25491,"Age, years, Male sex, Ever smoking (past/current), Ever alcohol (past/current), Body mass index, kg/m2",0.11993783432275795
dbp,leukocytosis,OR,0.902787676621275,0.837880481521989,0.972722968291094,0.0082623614505069,25491,"Age, years, Male sex, Ever smoking (past/current), Ever alcohol (past/current), Body mass index, kg/m2",0.012904027595027751
glucose,leukocytosis,OR,1.24593162580172,1.13279680790578,1.37036545772297,1.43647647197601e-05,25491,"Age, years, Male sex, Ever smoking (past/current), Ever alcohol (past/current), Body mass index, kg/m2",3.061800066345418e-05
hba1c,leukocytosis,OR,1.19500854856255,1.1245255782331,1.26990924775706,7.34572553296871e-08,25491,"Age, years, Male sex, Ever smoking (past/current), Ever alcohol (past/current), Body mass index, kg/m2",1.8989453570914183e-07
homa_ir,leukocytosis,OR,1.58457915204461,1.38560523315566,1.81212587035051,6.66339818589125e-10,25491,"Age, years, Male sex, Ever smoking (past/current), Ever alcohol (past/current), Body mass index, kg/m2",2.0015492196952e-09
tg,leukocytosis,OR,1.17272162418596,1.09129359595318,1.26022549104407,3.03119355626369e-05,25491,"Age, years, Male sex, Ever smoking (past/current), Ever alcohol (past/current), Body mass index, kg/m2",6.281509538281382e-05
tchol,leukocytosis,OR,1.08659520799468,1.0034964056239,1.17657536132671,0.0429802370540969,25491,"Age, years, Male sex, Ever smoking (past/current), Ever alcohol (past/current), Body mass index, kg/m2",0.05984602597709415
hdl,leukocytosis,OR,0.654310700875712,0.588596187364185,0.727361988526731,2.05731105730622e-12,25491,"Age, years, Male sex, Ever smoking (past/current), Ever alcohol (past/current), Body mass index, kg/m2",7.1204921633450625e-12
ldl,leukocytosis,OR,1.05826293017138,0.912114074767266,1.22782934761824,0.456654370050494,25491,"Age, years, Male sex, Ever smoking (past/current), Ever alcohol (past/current), Body mass index, kg/m2",0.5149728300797475
nonhdl,leukocytosis,OR,1.18933247900804,1.10121987969818,1.28449528718196,2.24904905971948e-05,25491,"Age, years, Male sex, Ever smoking (past/current), Ever alcohol (past/current), Body mass index, kg/m2",4.730057458931559e-05
alt,leukocytosis,OR,0.938232361727654,0.859623207460808,1.02403001332788,0.155900340473888,25491,"Age, years, Male sex, Ever smoking (past/current), Ever alcohol (past/current), Body mass index, kg/m2",0.19474005270435776
ast,leukocytosis,OR,0.890664095967309,0.799510678900858,0.992210051447773,0.0376827961134315,25491,"Age, years, Male sex, Ever smoking (past/current), Ever alcohol (past/current), Body mass index, kg/m2",0.05299436239770175
creatinine,leukocytosis,OR,1.0367146009705,0.981460087437328,1.09507984850587,0.199832074387349,25491,"Age, years, Male sex, Ever smoking (past/current), Ever alcohol (past/current), Body mass index, kg/m2",0.2447478904880349
egfr,leukocytosis,OR,0.927844884825899,0.829407017312145,1.03796581452552,0.193517135325156,25491,"Age, years, Male sex, Ever smoking (past/current), Ever alcohol (past/current), Body mass index, kg/m2",0.23797133582415825
hemoglobin,leukocytosis,OR,1.12757156873544,1.00483788101506,1.26529628972203,0.0433722012307831,25491,"Age, years, Male sex, Ever smoking (past/current), Ever alcohol (past/current), Body mass index, kg/m2",0.06028827409310539
platelet,leukocytosis,OR,1.74913944548408,1.6258352607051,1.8817950832371,4.30006861662406e-29,25491,"Age, years, Male sex, Ever smoking (past/current), Ever alcohol (past/current), Body mass index, kg/m2",4.216162935560022e-28
fib4,leukocytosis,OR,0.312090565783377,0.225406203184892,0.432111094880094,1.55840659402331e-10,25491,"Age, years, Male sex, Ever smoking (past/current), Ever alcohol (past/current), Body mass index, kg/m2",4.900680831443732e-10
vitd,leukocytosis,OR,1.05578594934599,0.97186580881891,1.14695255324506,0.201426858258277,25491,"Age, years, Male sex, Ever smoking (past/current), Ever alcohol (past/current), Body mass index, kg/m2",0.2464722088678453
fn_bmd,leukocytosis,OR,0.804484164133145,0.668167039918279,0.968612235677116,0.0245912562643376,25491,"Age, years, Male sex, Ever smoking (past/current), Ever alcohol (past/current), Body mass index, kg/m2",0.03558266634298447
ls_bmd,leukocytosis,OR,0.957706504830734,0.850909550565659,1.07790745653915,0.476118512626726,25491,"Age, years, Male sex, Ever smoking (past/current), Ever alcohol (past/current), Body mass index, kg/m2",0.5341817458738877
insulin,leukocytosis,OR,1.50103650112082,1.30678431433249,1.72416408200303,7.33448858233016e-08,25491,"Age, years, Male sex, Ever smoking (past/current), Ever alcohol (past/current), Body mass index, kg/m2",1.8976610092673718e-07
ggt,leukocytosis,OR,1.043919380748,0.999109702056554,1.09073875597257,0.0572450997173114,25491,"Age, years, Male sex, Ever smoking (past/current), Ever alcohol (past/current), Body mass index, kg/m2",0.07798264961490492
uric,leukocytosis,OR,1.12357899849461,1.02482264560716,1.2318519416696,0.0144575977023812,25491,"Age, years, Male sex, Ever smoking (past/current), Ever alcohol (past/current), Body mass index, kg/m2",0.02169798710772344
cap,leukocytosis,OR,1.3555069830473,0.981519067222,1.87199540228025,0.0978561600019437,25491,"Age, years, Male sex, Ever smoking (past/current), Ever alcohol (past/current), Body mass index, kg/m2",0.1272580437106145
lsm,leukocytosis,OR,0.873318115118895,0.70316846134773,1.08463984396146,0.25161665819454,25491,"Age, years, Male sex, Ever smoking (past/current), Ever alcohol (past/current), Body mass index, kg/m2",0.3017461126245549
dm,leukocytosis,OR,1.71454440036633,1.37369502411387,2.13996735026672,5.36897269831197e-06,25491,"Age, years, Male sex, Ever smoking (past/current), Ever alcohol (past/current), Body mass index, kg/m2",1.189896694370989e-05
prediabetes,leukocytosis,OR,1.01703591306392,0.880924938181994,1.17417728075269,0.818145528880561,25491,"Age, years, Male sex, Ever smoking (past/current), Ever alcohol (past/current), Body mass index, kg/m2",0.8435193412174875
htn,leukocytosis,OR,1.36044175641029,1.11761025093744,1.65603507218396,0.0026696975529908,25491,"Age, years, Male sex, Ever smoking (past/current), Ever alcohol (past/current), Body mass index, kg/m2",0.0044468730608975176
mets,leukocytosis,OR,2.62935548412516,1.88381490587294,3.6699519896279,9.73773558589033e-08,25491,"Age, years, Male sex, Ever smoking (past/current), Ever alcohol (past/current), Body mass index, kg/m2",2.4837190185546194e-07
dyslipidemia,leukocytosis,OR,1.82126776327969,1.53147899786986,2.16589079587475,5.02459927504436e-10,25491,"Age, years, Male sex, Ever smoking (past/current), Ever alcohol (past/current), Body mass index, kg/m2",1.5208350980929986e-09
low_hdl,leukocytosis,OR,1.82416207139735,1.56330316121075,2.12854892466765,6.48612892976913e-12,25491,"Age, years, Male sex, Ever smoking (past/current), Ever alcohol (past/current), Body mass index, kg/m2",2.1818984733134927e-11
high_tg,leukocytosis,OR,1.93165953646579,1.42859369673806,2.61187528220167,3.86286288176134e-05,25491,"Age, years, Male sex, Ever smoking (past/current), Ever alcohol (past/current), Body mass index, kg/m2",7.954963852289361e-05
high_ldl,leukocytosis,OR,1.53490547607189,1.06617663537606,2.20970404181152,0.022933274776278,25491,"Age, years, Male sex, Ever smoking (past/current), Ever alcohol (past/current), Body mass index, kg/m2",0.03336669180395578
high_nonhdl,leukocytosis,OR,1.51048707614425,1.22316303130846,1.86530425527832,0.0002058403108299,25491,"Age, years, Male sex, Ever smoking (past/current), Ever alcohol (past/current), Body mass index, kg/m2",0.00039376415359917044
atherogenic_dyslipidemia,leukocytosis,OR,1.97745205756028,1.44301709974051,2.70982002961196,4.4401827169616e-05,25491,"Age, years, Male sex, Ever smoking (past/current), Ever alcohol (past/current), Body mass index, kg/m2",9.05431073623716e-05
insulin_resistance,leukocytosis,OR,1.81362216259487,1.31244462854465,2.50618218636977,0.0004543200225263,25491,"Age, years, Male sex, Ever smoking (past/current), Ever alcohol (past/current), Body mass index, kg/m2",0.000840247783597028
ckd,leukocytosis,OR,1.85659413883197,1.51358678233692,2.27733344170943,2.98681784904158e-08,25491,"Age, years, Male sex, Ever smoking (past/current), Ever alcohol (past/current), Body mass index, kg/m2",7.967532980990217e-08
high_alt,leukocytosis,OR,0.773047340870654,0.582631110145912,1.02569564312748,0.0769689908320818,25491,"Age, years, Male sex, Ever smoking (past/current), Ever alcohol (past/current), Body mass index, kg/m2",0.10238376857152506
high_ast,leukocytosis,OR,0.832075697077193,0.616879994729507,1.12234141418394,0.230980221222343,25491,"Age, years, Male sex, Ever smoking (past/current), Ever alcohol (past/current), Body mass index, kg/m2",0.27960763621652046
adv_fibrosis,leukocytosis,OR,0.647149613343705,0.369429200243692,1.1336478593859,0.130824183865149,25491,"Age, years, Male sex, Ever smoking (past/current), Ever alcohol (past/current), Body mass index, kg/m2",0.16577209204693447
steatosis,leukocytosis,OR,1.49505103202736,0.857733583853434,2.60591124148873,0.189687835902612,25491,"Age, years, Male sex, Ever smoking (past/current), Ever alcohol (past/current), Body mass index, kg/m2",0.23362549154132414
masld,leukocytosis,OR,1.48619282527467,0.805609181052237,2.74173776298448,0.236563171219315,25491,"Age, years, Male sex, Ever smoking (past/current), Ever alcohol (past/current), Body mass index, kg/m2",0.28566663777277473
anemia,leukocytosis,OR,1.00188436577943,0.752574693704871,1.33378426193385,0.98973295949313,25491,"Age, years, Male sex, Ever smoking (past/current), Ever alcohol (past/current), Body mass index, kg/m2",0.9914873607887623
vitd_deficiency,leukocytosis,OR,0.873611733696905,0.733832541446184,1.04001583215274,0.13145437779096,25491,"Age, years, Male sex, Ever smoking (past/current), Ever alcohol (past/current), Body mass index, kg/m2",0.1664639944113437
osteoporosis,leukocytosis,OR,1.16354969104808,0.754550788511796,1.79424354748641,0.495266133997708,25491,"Age, years, Male sex, Ever smoking (past/current), Ever alcohol (past/current), Body mass index, kg/m2",0.5533105975981172
current_smoking,leukocytosis,OR,3.91660340312688,3.26430475303049,4.69924942000101,1.70492294228839e-28,25491,"Age, years, Male sex, Ever alcohol (past/current), Body mass index, kg/m2",1.5758586821712316e-27
age,vitd_deficiency,OR,0.70828464077742,0.678962167603852,0.738873469388802,8.08297417438328e-32,24836,unadjusted,9.516739831506029e-31
men,vitd_deficiency,OR,1.01576128230812,0.940436778361089,1.09711892003449,0.691457505940793,24836,unadjusted,0.7325671916180443
bmi,vitd_deficiency,OR,1.37554134536956,1.32574807177125,1.42720478581815,9.53706853192925e-34,24836,"Age, years, Male sex",1.2703246839162328e-32
smoking,vitd_deficiency,OR,0.961413297157175,0.888635036655739,1.04015201947154,0.329139316357758,24836,"Age, years, Male sex",0.3844331666700002
alcohol,vitd_deficiency,OR,0.557530887022053,0.503576630901149,0.617265915273607,1.5532590221935902e-20,24836,"Age, years, Male sex",8.996621803510751e-20
wc,vitd_deficiency,OR,1.32841317475019,1.28144553320936,1.37710227794876,3.0250092002983196e-30,24836,"Age, years, Male sex, Ever smoking (past/current), Ever alcohol (past/current)",3.174253686042481e-29
height,vitd_deficiency,OR,0.748438234403235,0.703138020653759,0.79665694964953,2.57597600745127e-15,24836,"Age, years, Male sex, Ever smoking (past/current), Ever alcohol (past/current)",1.0829501684885467e-14
weight,vitd_deficiency,OR,1.27476124950691,1.22932679305197,1.32187490944543,7.563999114103571e-25,24836,"Age, years, Male sex, Ever smoking (past/current), Ever alcohol (past/current)",5.645883112338438e-24
whtr,vitd_deficiency,OR,1.41019892834263,1.35697063715224,1.46551514310741,1.00623204704473e-34,24836,"Age, years, Male sex, Ever smoking (past/current), Ever alcohol (past/current)",1.3869874488184503e-33
fat_kg,vitd_deficiency,OR,1.40282328036166,1.322266672565,1.48828764783671,1.83164867311431e-17,24836,"Age, years, Male sex, Ever smoking (past/current), Ever alcohol (past/current)",9.034915400050137e-17
lean_kg,vitd_deficiency,OR,1.21879507839057,1.11818831918748,1.32845372967988,2.54149142894085e-05,24836,"Age, years, Male sex, Ever smoking (past/current), Ever alcohol (past/current)",5.316837701158119e-05
asmm_kg,vitd_deficiency,OR,1.22955930234865,1.1314029047562,1.33623139169672,6.44613036793512e-06,24836,"Age, years, Male sex, Ever smoking (past/current), Ever alcohol (past/current)",1.4167162075306296e-05
asmi,vitd_deficiency,OR,1.3794249594404,1.27755112491418,1.48942236566461,6.01702141720436e-12,24836,"Age, years, Male sex, Ever smoking (past/current), Ever alcohol (past/current)",2.0275414588126445e-11
bodyfat_pct,vitd_deficiency,OR,1.65288314098198,1.52298665222689,1.79385858290203,6.62908074838022e-19,24836,"Age, years, Male sex, Ever smoking (past/current), Ever alcohol (past/current)",3.520086367864718e-18
asm_pct,vitd_deficiency,OR,0.654594726607962,0.596359560872566,0.718516620201409,3.0214101024696e-13,24836,"Age, years, Male sex, Ever smoking (past/current), Ever alcohol (past/current)",1.1223190953398814e-12
obesity,vitd_deficiency,OR,1.77137597740491,1.64336812035564,1.90935482711454,4.55932567927747e-29,24836,"Age, years, Male sex, Ever smoking (past/current), Ever alcohol (past/current)",4.442535070744254e-28
overweight,vitd_deficiency,OR,1.57456546764902,1.43872021108114,1.72323735554511,3.9504221140323404e-17,24836,"Age, years, Male sex, Ever smoking (past/current), Ever alcohol (past/current)",1.9104975407227306e-16
abdominal_obesity,vitd_deficiency,OR,1.63020316214658,1.49954706794772,1.77224337046643,5.88763753362213e-21,24836,"Age, years, Male sex, Ever smoking (past/current), Ever alcohol (past/current)",3.507755132983305e-20
central_obesity,vitd_deficiency,OR,1.72013893740791,1.53965190821977,1.92178371500091,1.74404855367533e-16,24836,"Age, years, Male sex, Ever smoking (past/current), Ever alcohol (past/current)",7.967039351431416e-16
high_bodyfat,vitd_deficiency,OR,1.8051138871102,1.57820476044432,2.0646472670129,1.07883639615411e-12,24836,"Age, years, Male sex, Ever smoking (past/current), Ever alcohol (past/current)",3.824262350524784e-12
sarcopenia,vitd_deficiency,OR,1.06090554756113,0.740399230443449,1.52015363410343,0.74825772786396,24836,"Age, years, Male sex, Ever smoking (past/current), Ever alcohol (past/current)",0.7797965151290374
sbp,vitd_deficiency,OR,1.23144913526311,1.17372405896251,1.2920131960835,6.79038248371846e-14,24836,"Age, years, Male sex, Body mass index, kg/m2, Ever smoking (past/current), Ever alcohol (past/current)",2.625880068972652e-13
dbp,vitd_deficiency,OR,1.01944943441241,0.970293394835583,1.07109576840918,0.446411211938494,24836,"Age, years, Male sex, Body mass index, kg/m2, Ever smoking (past/current), Ever alcohol (past/current)",0.5051495292988222
glucose,vitd_deficiency,OR,1.1723525223121,1.10155363319259,1.24770178696441,1.98628185209793e-06,24836,"Age, years, Male sex, Body mass index, kg/m2, Ever smoking (past/current), Ever alcohol (past/current)",4.542041044450527e-06
hba1c,vitd_deficiency,OR,1.25657647463269,1.19711397402399,1.31899256951508,1.29908973784538e-15,24836,"Age, years, Male sex, Body mass index, kg/m2, Ever smoking (past/current), Ever alcohol (past/current)",5.6043609628313236e-15
homa_ir,vitd_deficiency,OR,1.23244174709186,1.13836022664941,1.33429877855582,1.01631417265602e-06,24836,"Age, years, Male sex, Body mass index, kg/m2, Ever smoking (past/current), Ever alcohol (past/current)",2.392064096039547e-06
tg,vitd_deficiency,OR,1.00128748838448,0.938810733519675,1.06792199811837,0.968843177244189,24836,"Age, years, Male sex, Body mass index, kg/m2, Ever smoking (past/current), Ever alcohol (past/current)",0.9747567673392705
tchol,vitd_deficiency,OR,0.952122743045002,0.911757826063111,0.994274676794263,0.0283441519182825,24836,"Age, years, Male sex, Body mass index, kg/m2, Ever smoking (past/current), Ever alcohol (past/current)",0.04062661774953825
hdl,vitd_deficiency,OR,0.909421988055319,0.869307915346597,0.951387118140689,6.929087916038e-05,24836,"Age, years, Male sex, Body mass index, kg/m2, Ever smoking (past/current), Ever alcohol (past/current)",0.0001383020776783367
ldl,vitd_deficiency,OR,0.981427247060191,0.921393529805157,1.04537248213131,0.561584800489528,24836,"Age, years, Male sex, Body mass index, kg/m2, Ever smoking (past/current), Ever alcohol (past/current)",0.6160924766324384
nonhdl,vitd_deficiency,OR,0.979312665537602,0.9399819627584,1.02028904264077,0.31956629896702,24836,"Age, years, Male sex, Body mass index, kg/m2, Ever smoking (past/current), Ever alcohol (past/current)",0.3745790455447499
alt,vitd_deficiency,OR,1.02134094730898,0.979685458867919,1.06476759577039,0.322281466448497,24836,"Age, years, Male sex, Body mass index, kg/m2, Ever smoking (past/current), Ever alcohol (past/current)",0.3774261341830237
ast,vitd_deficiency,OR,1.03967183736977,0.990772432974872,1.0909846635259,0.116135084544428,24836,"Age, years, Male sex, Body mass index, kg/m2, Ever smoking (past/current), Ever alcohol (past/current)",0.14926263627607447
creatinine,vitd_deficiency,OR,0.872588389400056,0.705897099190259,1.07864233779853,0.21048627986154,24836,"Age, years, Male sex, Body mass index, kg/m2, Ever smoking (past/current), Ever alcohol (past/current)",0.2569218522469152
egfr,vitd_deficiency,OR,1.27946038398859,1.18408943984209,1.38251285681134,1.0055504276468e-08,24836,"Age, years, Male sex, Body mass index, kg/m2, Ever smoking (past/current), Ever alcohol (past/current)",2.7817884557837348e-08
hemoglobin,vitd_deficiency,OR,0.788078802690785,0.747135990161153,0.831265268209848,1.77884693861535e-14,24836,"Age, years, Male sex, Body mass index, kg/m2, Ever smoking (past/current), Ever alcohol (past/current)",7.086725568139301e-14
platelet,vitd_deficiency,OR,1.05660588000238,1.00991647282506,1.10545378325461,0.0185301042344003,24836,"Age, years, Male sex, Body mass index, kg/m2, Ever smoking (past/current), Ever alcohol (past/current)",0.027301710372919025
wbc,vitd_deficiency,OR,0.967343304262484,0.89373249778205,1.04701694368694,0.412614471972398,24836,"Age, years, Male sex, Body mass index, kg/m2, Ever smoking (past/current), Ever alcohol (past/current)",0.47108307391711585
fib4,vitd_deficiency,OR,1.06428212923036,1.00191764224242,1.13052850138858,0.0454187987655376,24836,"Age, years, Male sex, Body mass index, kg/m2, Ever smoking (past/current), Ever alcohol (past/current)",0.06297818714211943
fn_bmd,vitd_deficiency,OR,1.03837757439353,0.957234673040337,1.12639879997114,0.36738809163051,24836,"Age, years, Male sex, Body mass index, kg/m2, Ever smoking (past/current), Ever alcohol (past/current)",0.4233577892485574
ls_bmd,vitd_deficiency,OR,1.00112390112381,0.939674719193989,1.06659149696081,0.972371858401866,24836,"Age, years, Male sex, Body mass index, kg/m2, Ever smoking (past/current), Ever alcohol (past/current)",0.977486571841811
insulin,vitd_deficiency,OR,1.19260386566516,1.09954778256662,1.29353539968902,4.30242042295931e-05,24836,"Age, years, Male sex, Body mass index, kg/m2, Ever smoking (past/current), Ever alcohol (past/current)",8.786977384216329e-05
ggt,vitd_deficiency,OR,1.12798180524811,1.08284701277665,1.17499788793637,6.20883552539617e-08,24836,"Age, years, Male sex, Body mass index, kg/m2, Ever smoking (past/current), Ever alcohol (past/current)",1.6169949531578176e-07
uric,vitd_deficiency,OR,0.970378173153394,0.922331234029956,1.0209280182546,0.248154429072227,24836,"Age, years, Male sex, Body mass index, kg/m2, Ever smoking (past/current), Ever alcohol (past/current)",0.2981168908016186
cap,vitd_deficiency,OR,1.17919090891722,0.973015584172648,1.42905337004992,0.127058605822967,24836,"Age, years, Male sex, Body mass index, kg/m2, Ever smoking (past/current), Ever alcohol (past/current)",0.16151794493433722
lsm,vitd_deficiency,OR,1.09745989626176,0.942923789558911,1.27732297905676,0.260396183612858,24836,"Age, years, Male sex, Body mass index, kg/m2, Ever smoking (past/current), Ever alcohol (past/current)",0.31168753475717587
dm,vitd_deficiency,OR,1.49575120834818,1.32603418687145,1.68719004338306,1.5532744748787202e-09,24836,"Age, years, Male sex, Body mass index, kg/m2, Ever smoking (past/current), Ever alcohol (past/current)",4.5516694982371976e-09
prediabetes,vitd_deficiency,OR,1.11302858149732,1.01083271068675,1.22555652397544,0.0312985668918976,24836,"Age, years, Male sex, Body mass index, kg/m2, Ever smoking (past/current), Ever alcohol (past/current)",0.04458665128712528
htn,vitd_deficiency,OR,1.27330419758715,1.15208736999561,1.40727484895458,6.18066874915431e-06,24836,"Age, years, Male sex, Body mass index, kg/m2, Ever smoking (past/current), Ever alcohol (past/current)",1.3613989739228535e-05
mets,vitd_deficiency,OR,1.14849397172148,1.01556044708626,1.29882805781283,0.029319249749248,24836,"Age, years, Male sex, Body mass index, kg/m2, Ever smoking (past/current), Ever alcohol (past/current)",0.04191794434695522
dyslipidemia,vitd_deficiency,OR,1.03445376657727,0.948822164544403,1.12781365694563,0.443807607613005,24836,"Age, years, Male sex, Body mass index, kg/m2, Ever smoking (past/current), Ever alcohol (past/current)",0.5027563606114872
low_hdl,vitd_deficiency,OR,1.19618345739764,1.09209818080054,1.31018885381066,0.0001876512723839,24836,"Age, years, Male sex, Body mass index, kg/m2, Ever smoking (past/current), Ever alcohol (past/current)",0.0003598392794719866
high_tg,vitd_deficiency,OR,0.948813554292715,0.823921428067541,1.09263714978387,0.46703501025794,24836,"Age, years, Male sex, Body mass index, kg/m2, Ever smoking (past/current), Ever alcohol (past/current)",0.5250328219893181
high_ldl,vitd_deficiency,OR,1.05120859418412,0.868150842502948,1.27286579058156,0.609891182415101,24836,"Age, years, Male sex, Body mass index, kg/m2, Ever smoking (past/current), Ever alcohol (past/current)",0.659035650815116
high_nonhdl,vitd_deficiency,OR,1.00934749717357,0.899952615343577,1.13204001264178,0.873968415617058,24836,"Age, years, Male sex, Body mass index, kg/m2, Ever smoking (past/current), Ever alcohol (past/current)",0.8933899359641038
atherogenic_dyslipidemia,vitd_deficiency,OR,1.09781873233712,0.919225025206569,1.31111092063604,0.305007573648621,24836,"Age, years, Male sex, Body mass index, kg/m2, Ever smoking (past/current), Ever alcohol (past/current)",0.35921701737241585
insulin_resistance,vitd_deficiency,OR,1.46395616989779,1.26843535995063,1.68961520235862,8.08343216687797e-07,24836,"Age, years, Male sex, Body mass index, kg/m2, Ever smoking (past/current), Ever alcohol (past/current)",1.917149739338684e-06
ckd,vitd_deficiency,OR,1.33973618815355,1.18482305120955,1.51490389389018,8.2023064070321e-06,24836,"Age, years, Male sex, Body mass index, kg/m2, Ever smoking (past/current), Ever alcohol (past/current)",1.7927250909513252e-05
high_alt,vitd_deficiency,OR,1.23999436951281,1.07906306433585,1.42492694564599,0.0029792487507686,24836,"Age, years, Male sex, Body mass index, kg/m2, Ever smoking (past/current), Ever alcohol (past/current)",0.00494661695651113
high_ast,vitd_deficiency,OR,1.32466008473455,1.10449302629375,1.58871473003058,0.0029901469605339,24836,"Age, years, Male sex, Body mass index, kg/m2, Ever smoking (past/current), Ever alcohol (past/current)",0.0049618378254497105
adv_fibrosis,vitd_deficiency,OR,1.28781522186193,1.00543784437926,1.64949833043456,0.0474755374381257,24836,"Age, years, Male sex, Body mass index, kg/m2, Ever smoking (past/current), Ever alcohol (past/current)",0.06560014883172381
steatosis,vitd_deficiency,OR,1.23153812715467,0.80804166073005,1.87699005180667,0.358025443946091,24836,"Age, years, Male sex, Body mass index, kg/m2, Ever smoking (past/current), Ever alcohol (past/current)",0.41389499013756165
masld,vitd_deficiency,OR,1.18638171039278,0.86913401879006,1.61942983743049,0.309699166163422,24836,"Age, years, Male sex, Body mass index, kg/m2, Ever smoking (past/current), Ever alcohol (past/current)",0.3639839279092387
anemia,vitd_deficiency,OR,2.14817389328194,1.89532798072113,2.43475067255763,4.26654985394501e-22,24836,"Age, years, Male sex, Body mass index, kg/m2, Ever smoking (past/current), Ever alcohol (past/current)",2.7534210802946913e-21
leukocytosis,vitd_deficiency,OR,0.863454719523273,0.727954484814064,1.02417674211794,0.0944949131569263,24836,"Age, years, Male sex, Body mass index, kg/m2, Ever smoking (past/current), Ever alcohol (past/current)",0.12337355658376253
osteoporosis,vitd_deficiency,OR,1.5491363488419,1.15378972482482,2.07994869053594,0.0048018751456855,24836,"Age, years, Male sex, Body mass index, kg/m2, Ever smoking (past/current), Ever alcohol (past/current)",0.00776941434614799
current_smoking,vitd_deficiency,OR,1.43273364328281,1.27049326247508,1.61569191527664,4.13124009227368e-08,24836,"Age, years, Male sex, Body mass index, kg/m2, Ever alcohol (past/current)",1.0895457203356454e-07
age,osteoporosis,OR,1.92312804545722,1.74979790040521,2.11362779574009,5.31075549436598e-22,6930,unadjusted,3.399570992833627e-21
men,osteoporosis,OR,0.218422318061061,0.173049126844188,0.275692284018998,1.1605482256268801e-20,6930,unadjusted,6.771576372536781e-20
bmi,osteoporosis,OR,0.404702232457755,0.352680966989511,0.464396755952984,1.35829672872577e-20,6930,"Age, years, Male sex",7.8904873110707e-20
smoking,osteoporosis,OR,0.988659608062752,0.780865966292619,1.25174852382862,0.924775462140245,6930,"Age, years, Male sex",0.9354159366471002
alcohol,osteoporosis,OR,0.848950958173363,0.667814779584759,1.07921799788799,0.185196265335198,6930,"Age, years, Male sex",0.22830677022936846
wc,osteoporosis,OR,0.469119352156536,0.408544988079049,0.538674988041187,1.37929511353599e-16,6930,"Age, years, Male sex, Ever smoking (past/current), Ever alcohol (past/current)",6.3595471668396e-16
height,osteoporosis,OR,0.540075189150311,0.457126463296464,0.638075529104904,3.96102044673871e-10,6930,"Age, years, Male sex, Ever smoking (past/current), Ever alcohol (past/current)",1.214712936999871e-09
weight,osteoporosis,OR,0.294965898396399,0.246899564188252,0.352389772346689,2.48441304643022e-21,6930,"Age, years, Male sex, Ever smoking (past/current), Ever alcohol (past/current)",1.5214145528913236e-20
whtr,osteoporosis,OR,0.557882846213943,0.493818141509937,0.63025888264882,4.1586709117117504e-14,6930,"Age, years, Male sex, Ever smoking (past/current), Ever alcohol (past/current)",1.6353580642874438e-13
fat_kg,osteoporosis,OR,0.36428850686674,0.247603973967777,0.53596117262831,7.91812666313956e-06,6930,"Age, years, Male sex, Ever smoking (past/current), Ever alcohol (past/current)",1.7334869440719476e-05
lean_kg,osteoporosis,OR,0.116434038097929,0.0634689156871261,0.213598815751311,2.22785413273191e-08,6930,"Age, years, Male sex, Ever smoking (past/current), Ever alcohol (past/current)",6.007764791470645e-08
asmm_kg,osteoporosis,OR,0.124247884328086,0.0688652601549867,0.224170165410864,2.37379338911997e-08,6930,"Age, years, Male sex, Ever smoking (past/current), Ever alcohol (past/current)",6.370913600650341e-08
asmi,osteoporosis,OR,0.210922725174521,0.13613177217856,0.326803914200813,2.09018234766124e-08,6930,"Age, years, Male sex, Ever smoking (past/current), Ever alcohol (past/current)",5.6442057115002495e-08
bodyfat_pct,osteoporosis,OR,0.538924371118312,0.343517625628646,0.84548639172082,0.0103597588808722,6930,"Age, years, Male sex, Ever smoking (past/current), Ever alcohol (past/current)",0.015915808206885602
asm_pct,osteoporosis,OR,1.58906832042911,0.95945548946237,2.63184499408758,0.0795325505330456,6930,"Age, years, Male sex, Ever smoking (past/current), Ever alcohol (past/current)",0.1055099832021222
obesity,osteoporosis,OR,0.234602783413041,0.177564232533857,0.309963697078756,1.2627514561103902e-15,6930,"Age, years, Male sex, Ever smoking (past/current), Ever alcohol (past/current)",5.4595024703526816e-15
overweight,osteoporosis,OR,0.24471110347782,0.20156435335477,0.297093822239155,1.32494259733963e-22,6930,"Age, years, Male sex, Ever smoking (past/current), Ever alcohol (past/current)",8.853839383573608e-22
abdominal_obesity,osteoporosis,OR,0.28415885449102,0.225280912042725,0.358424750030909,2.1723328819402e-16,6930,"Age, years, Male sex, Ever smoking (past/current), Ever alcohol (past/current)",9.877872276960267e-16
central_obesity,osteoporosis,OR,0.369293811246387,0.269707101022518,0.505651940597203,3.00991280651514e-08,6930,"Age, years, Male sex, Ever smoking (past/current), Ever alcohol (past/current)",8.023729826532272e-08
high_bodyfat,osteoporosis,OR,0.340419820244854,0.169803789606242,0.682468007835787,0.0041978225809153,6930,"Age, years, Male sex, Ever smoking (past/current), Ever alcohol (past/current)",0.006848076754680794
sarcopenia,osteoporosis,OR,6.85709673754499,2.90732988364511,16.1728381538521,7.87817155274471e-05,6930,"Age, years, Male sex, Ever smoking (past/current), Ever alcohol (past/current)",0.00015629913070540658
sbp,osteoporosis,OR,1.08080498094453,0.934380658702164,1.25017507153565,0.299014811125994,6930,"Age, years, Male sex, Body mass index, kg/m2, Ever smoking (past/current), Ever alcohol (past/current)",0.35299987848834147
dbp,osteoporosis,OR,1.03982799108573,0.910513268027064,1.18750850648038,0.566161317681308,6930,"Age, years, Male sex, Body mass index, kg/m2, Ever smoking (past/current), Ever alcohol (past/current)",0.6204249786003475
glucose,osteoporosis,OR,1.02116094211036,0.831740728480373,1.25371961957052,0.84202278948412,6930,"Age, years, Male sex, Body mass index, kg/m2, Ever smoking (past/current), Ever alcohol (past/current)",0.8658608832155488
hba1c,osteoporosis,OR,1.02760034128723,0.872332409740974,1.21050467645376,0.745561801086325,6930,"Age, years, Male sex, Body mass index, kg/m2, Ever smoking (past/current), Ever alcohol (past/current)",0.7778065625257125
homa_ir,osteoporosis,OR,0.982380080729106,0.815383478858326,1.18357882890218,0.852189262462182,6930,"Age, years, Male sex, Body mass index, kg/m2, Ever smoking (past/current), Ever alcohol (past/current)",0.8739190473645599
tg,osteoporosis,OR,0.905796689161338,0.742202007496426,1.10545058327613,0.33358915257483,6930,"Age, years, Male sex, Body mass index, kg/m2, Ever smoking (past/current), Ever alcohol (past/current)",0.3894006159887954
tchol,osteoporosis,OR,1.00032059560668,0.867212020522163,1.15386003689433,0.996501767809771,6930,"Age, years, Male sex, Body mass index, kg/m2, Ever smoking (past/current), Ever alcohol (past/current)",0.9967537278016319
hdl,osteoporosis,OR,0.895854405343576,0.790798882132665,1.01486627473362,0.0883139785155291,6930,"Age, years, Male sex, Body mass index, kg/m2, Ever smoking (past/current), Ever alcohol (past/current)",0.11606980033469541
ldl,osteoporosis,OR,1.10128414957242,0.899871752785474,1.3477773631023,0.352340902309088,6930,"Age, years, Male sex, Body mass index, kg/m2, Ever smoking (past/current), Ever alcohol (past/current)",0.4080388201214145
nonhdl,osteoporosis,OR,1.04078822846105,0.907143715376734,1.19412185538123,0.570374485262115,6930,"Age, years, Male sex, Body mass index, kg/m2, Ever smoking (past/current), Ever alcohol (past/current)",0.623832309565089
alt,osteoporosis,OR,0.963578100819127,0.739978265025177,1.2547432813403,0.783794986544268,6930,"Age, years, Male sex, Body mass index, kg/m2, Ever smoking (past/current), Ever alcohol (past/current)",0.8125505678116154
ast,osteoporosis,OR,1.10838311780748,0.941700152299712,1.304569329038,0.219950660738272,6930,"Age, years, Male sex, Body mass index, kg/m2, Ever smoking (past/current), Ever alcohol (past/current)",0.26748380383664433
creatinine,osteoporosis,OR,1.0375123120833,0.918226441986206,1.1722944891415,0.556922225539195,6930,"Age, years, Male sex, Body mass index, kg/m2, Ever smoking (past/current), Ever alcohol (past/current)",0.6116558368220587
egfr,osteoporosis,OR,1.07126139863805,0.916625649996273,1.25198436702771,0.390475238684648,6930,"Age, years, Male sex, Body mass index, kg/m2, Ever smoking (past/current), Ever alcohol (past/current)",0.4477449403583964
hemoglobin,osteoporosis,OR,0.951527195302757,0.835837249003041,1.08323002412332,0.454990961407996,6930,"Age, years, Male sex, Body mass index, kg/m2, Ever smoking (past/current), Ever alcohol (past/current)",0.5132432972141523
platelet,osteoporosis,OR,1.05190707616944,0.931785475889269,1.18751421386914,0.416109085230494,6930,"Age, years, Male sex, Body mass index, kg/m2, Ever smoking (past/current), Ever alcohol (past/current)",0.474216563360568
wbc,osteoporosis,OR,1.07043011215315,0.841644814137379,1.36140638634908,0.580795716708062,6930,"Age, years, Male sex, Body mass index, kg/m2, Ever smoking (past/current), Ever alcohol (past/current)",0.6327810121996951
fib4,osteoporosis,OR,1.03845372861646,0.842840010478376,1.27946719789129,0.724128358013786,6930,"Age, years, Male sex, Body mass index, kg/m2, Ever smoking (past/current), Ever alcohol (past/current)",0.7612680798040228
vitd,osteoporosis,OR,0.831396266968603,0.742380312241377,0.931085780874784,0.0020815872282933,6930,"Age, years, Male sex, Body mass index, kg/m2, Ever smoking (past/current), Ever alcohol (past/current)",0.003525153713667934
insulin,osteoporosis,OR,0.98680067080349,0.811661416647179,1.19973124744638,0.894340692379802,6930,"Age, years, Male sex, Body mass index, kg/m2, Ever smoking (past/current), Ever alcohol (past/current)",0.9118587059418806
ggt,osteoporosis,OR,1.15196155319241,1.03479069978241,1.2823998324613,0.0117963121555702,6930,"Age, years, Male sex, Body mass index, kg/m2, Ever smoking (past/current), Ever alcohol (past/current)",0.01795544859077942
uric,osteoporosis,OR,0.834015352400724,0.727603436188156,0.955989998733634,0.0111455459709116,6930,"Age, years, Male sex, Body mass index, kg/m2, Ever smoking (past/current), Ever alcohol (past/current)",0.016997602105214452
cap,osteoporosis,OR,0.841163692018265,0.539297525963808,1.31199629648826,0.465181485395959,6930,"Age, years, Male sex, Body mass index, kg/m2, Ever smoking (past/current), Ever alcohol (past/current)",0.5234889516167235
lsm,osteoporosis,OR,0.996227886339018,0.723415101409727,1.37192325621275,0.982037007921839,6930,"Age, years, Male sex, Body mass index, kg/m2, Ever smoking (past/current), Ever alcohol (past/current)",0.9847752606688961
dm,osteoporosis,OR,0.934506625992172,0.682784290835659,1.27903152685959,0.673551873963836,6930,"Age, years, Male sex, Body mass index, kg/m2, Ever smoking (past/current), Ever alcohol (past/current)",0.7164751851037738
prediabetes,osteoporosis,OR,1.05338751332625,0.825409461771447,1.34433309117906,0.677217034475701,6930,"Age, years, Male sex, Body mass index, kg/m2, Ever smoking (past/current), Ever alcohol (past/current)",0.7192135807747311
htn,osteoporosis,OR,1.0227140532436,0.730751216543825,1.43132712067025,0.89617664265533,6930,"Age, years, Male sex, Body mass index, kg/m2, Ever smoking (past/current), Ever alcohol (past/current)",0.9130686055976248
mets,osteoporosis,OR,0.925749688306477,0.646578966677861,1.32545679579231,0.674791403613316,6930,"Age, years, Male sex, Body mass index, kg/m2, Ever smoking (past/current), Ever alcohol (past/current)",0.717022506767198
dyslipidemia,osteoporosis,OR,0.820631188783382,0.649626809836843,1.03664987005872,0.101711118563458,6930,"Age, years, Male sex, Body mass index, kg/m2, Ever smoking (past/current), Ever alcohol (past/current)",0.13196759102559524
low_hdl,osteoporosis,OR,1.15401865557851,0.870941860264831,1.52910213434714,0.321834360443148,6930,"Age, years, Male sex, Body mass index, kg/m2, Ever smoking (past/current), Ever alcohol (past/current)",0.3770141338208746
high_tg,osteoporosis,OR,1.05574802431539,0.684310584216366,1.6287982628856,0.806987367211025,6930,"Age, years, Male sex, Body mass index, kg/m2, Ever smoking (past/current), Ever alcohol (past/current)",0.8336197139996707
high_ldl,osteoporosis,OR,1.26739751157213,0.761832184085186,2.10846494266725,0.364598767986969,6930,"Age, years, Male sex, Body mass index, kg/m2, Ever smoking (past/current), Ever alcohol (past/current)",0.4205109988794313
high_nonhdl,osteoporosis,OR,1.23241775217151,0.840034954475952,1.80808370862973,0.288854133429372,6930,"Age, years, Male sex, Body mass index, kg/m2, Ever smoking (past/current), Ever alcohol (past/current)",0.34202542707171374
atherogenic_dyslipidemia,osteoporosis,OR,1.49272042931332,0.846030283671974,2.63372874835917,0.17104805215328,6930,"Age, years, Male sex, Body mass index, kg/m2, Ever smoking (past/current), Ever alcohol (past/current)",0.21218754917478072
insulin_resistance,osteoporosis,OR,0.959636695170777,0.66455351055649,1.38574632755628,0.826679136428942,6930,"Age, years, Male sex, Body mass index, kg/m2, Ever smoking (past/current), Ever alcohol (past/current)",0.8509869018248489
ckd,osteoporosis,OR,1.19022167639777,0.911705990535992,1.55382069841867,0.204587509750119,6930,"Age, years, Male sex, Body mass index, kg/m2, Ever smoking (past/current), Ever alcohol (past/current)",0.25003033320094864
high_alt,osteoporosis,OR,1.09416245430094,0.570938076716224,2.09688497794291,0.787055886432873,6930,"Age, years, Male sex, Body mass index, kg/m2, Ever smoking (past/current), Ever alcohol (past/current)",0.8157173399864935
high_ast,osteoporosis,OR,0.811501318099135,0.408120199501293,1.61357950447279,0.553323372587121,6930,"Age, years, Male sex, Body mass index, kg/m2, Ever smoking (past/current), Ever alcohol (past/current)",0.608886581906718
adv_fibrosis,osteoporosis,OR,1.16000464762889,0.70062215986886,1.92059409421547,0.565789076509375,6930,"Age, years, Male sex, Body mass index, kg/m2, Ever smoking (past/current), Ever alcohol (past/current)",0.6201888574871398
steatosis,osteoporosis,OR,0.737877668944032,0.360214944178003,1.5114960196022,0.427540267415828,6930,"Age, years, Male sex, Body mass index, kg/m2, Ever smoking (past/current), Ever alcohol (past/current)",0.4861596142273687
masld,osteoporosis,OR,0.869359957514349,0.402452185774595,1.87795410844818,0.729843874713397,6930,"Age, years, Male sex, Body mass index, kg/m2, Ever smoking (past/current), Ever alcohol (past/current)",0.7650403731759932
anemia,osteoporosis,OR,1.24069273246524,0.912827598499615,1.68631892694983,0.1726963077487,6930,"Age, years, Male sex, Body mass index, kg/m2, Ever smoking (past/current), Ever alcohol (past/current)",0.21403088767351416
leukocytosis,osteoporosis,OR,1.08902362680196,0.716745829049978,1.65466252005241,0.690663124031023,6930,"Age, years, Male sex, Body mass index, kg/m2, Ever smoking (past/current), Ever alcohol (past/current)",0.7319215962139639
vitd_deficiency,osteoporosis,OR,1.54657985884411,1.14367232538921,2.09142881809984,0.0060177278484142,6930,"Age, years, Male sex, Body mass index, kg/m2, Ever smoking (past/current), Ever alcohol (past/current)",0.009614754187530926
current_smoking,osteoporosis,OR,1.47131733414451,1.03033128368467,2.1010472379451,0.0370727207002796,6930,"Age, years, Male sex, Body mass index, kg/m2, Ever alcohol (past/current)",0.052229231869767134
age,smoking,OR,1.21808944034648,1.1764611236332,1.26119074814937,2.6189315981217102e-20,26876,unadjusted,1.492866484462462e-19
men,smoking,OR,1.70692233500086,1.59860797500498,1.82257558030493,8.223853674895501e-32,26876,unadjusted,9.653876895515313e-31
bmi,smoking,OR,0.970587105562648,0.936779580073975,1.0056147139865,0.101441676572364,26876,"Age, years, Male sex",0.1316611786483832
alcohol,smoking,OR,3.21675804692931,2.83536184880105,3.64945741823395,2.51686718296295e-36,26876,"Age, years, Male sex",3.757255311623181e-35
wc,smoking,OR,1.04840960456904,1.00841664616904,1.08998865015598,0.0187720443911678,26876,"Age, years, Male sex, Ever alcohol (past/current)",0.027643383937935632
height,smoking,OR,1.02095775305891,0.968604338687192,1.07614088838778,0.441470553695569,26876,"Age, years, Male sex, Ever alcohol (past/current)",0.5005610519976127
weight,smoking,OR,0.981790848455481,0.945939942002407,1.01900049602566,0.334857168948081,26876,"Age, years, Male sex, Ever alcohol (past/current)",0.39041997063324735
whtr,smoking,OR,1.04541778248427,1.00336377049398,1.08923440538049,0.036039480725048,26876,"Age, years, Male sex, Ever alcohol (past/current)",0.050827873707055216
fat_kg,smoking,OR,0.968606590738664,0.897497341526619,1.0453498681417,0.414930458948917,26876,"Age, years, Male sex, Ever alcohol (past/current)",0.4731810019031178
lean_kg,smoking,OR,0.938685417037148,0.856700139428978,1.02851659712056,0.1789651511824,26876,"Age, years, Male sex, Ever alcohol (past/current)",0.22131482903331492
asmm_kg,smoking,OR,0.846306343065788,0.7708723276952,0.92912198373345,0.0007883933662151,26876,"Age, years, Male sex, Ever alcohol (past/current)",0.001413178140800605
asmi,smoking,OR,0.856887266090239,0.785803176414011,0.93440165276292,0.0008083462529958,26876,"Age, years, Male sex, Ever alcohol (past/current)",0.0014469763696160112
bodyfat_pct,smoking,OR,0.941202009388316,0.856322697639012,1.03449461858133,0.21286974376622,26876,"Age, years, Male sex, Ever alcohol (past/current)",0.25943090152161624
asm_pct,smoking,OR,0.863730984227965,0.783733856066606,0.951893563536456,0.0042162341997759,26876,"Age, years, Male sex, Ever alcohol (past/current)",0.006875277202932176
obesity,smoking,OR,1.01845019558001,0.932907962460066,1.11183615384927,0.683678031748987,26876,"Age, years, Male sex, Ever alcohol (past/current)",0.7252964048267612
overweight,smoking,OR,0.944262431148157,0.867126643821798,1.02825988018085,0.189663848729542,26876,"Age, years, Male sex, Ever alcohol (past/current)",0.23362549154132414
abdominal_obesity,smoking,OR,1.10796765807044,1.02891841172241,1.19309006170382,0.0076079596027679,26876,"Age, years, Male sex, Ever alcohol (past/current)",0.011952775293308106
central_obesity,smoking,OR,1.03131866896268,0.931038441893113,1.14239987211298,0.555711475111352,26876,"Age, years, Male sex, Ever alcohol (past/current)",0.6108348417728559
high_bodyfat,smoking,OR,0.989370357511588,0.861277880840436,1.13651322772557,0.880339844035416,26876,"Age, years, Male sex, Ever alcohol (past/current)",0.8996321923187507
sarcopenia,smoking,OR,1.46597348947335,0.977556386334878,2.1984187325461,0.0683306246966985,26876,"Age, years, Male sex, Ever alcohol (past/current)",0.09169469175717071
sbp,smoking,OR,1.06224630665354,1.01762915265446,1.10881966486098,0.0067296073973681,26876,"Age, years, Male sex, Ever alcohol (past/current), Body mass index, kg/m2",0.010644672876444704
dbp,smoking,OR,0.940283277609858,0.906911333604226,0.974883221096199,0.0011204800463847,26876,"Age, years, Male sex, Ever alcohol (past/current), Body mass index, kg/m2",0.001970928885503723
glucose,smoking,OR,1.08093876645367,1.02296953339286,1.14219297709395,0.0065520086121175,26876,"Age, years, Male sex, Ever alcohol (past/current), Body mass index, kg/m2",0.010384513649654177
hba1c,smoking,OR,1.11542622707117,1.071812153146,1.16081504057058,3.99416129930109e-07,26876,"Age, years, Male sex, Ever alcohol (past/current), Body mass index, kg/m2",9.729619519726054e-07
homa_ir,smoking,OR,1.03456685882235,0.979549642066192,1.09267416311425,0.225297499879491,26876,"Age, years, Male sex, Ever alcohol (past/current), Body mass index, kg/m2",0.27381779094416786
tg,smoking,OR,1.20760127747755,1.11702900040217,1.3055174438984,5.91976929726234e-06,26876,"Age, years, Male sex, Ever alcohol (past/current), Body mass index, kg/m2",1.307571599104959e-05
tchol,smoking,OR,1.02694071282412,0.989930440942417,1.06533467811307,0.158347196964873,26876,"Age, years, Male sex, Ever alcohol (past/current), Body mass index, kg/m2",0.19754699186156974
hdl,smoking,OR,0.884862994961089,0.847099834713793,0.924309612356438,2.23636579322919e-07,26876,"Age, years, Male sex, Ever alcohol (past/current), Body mass index, kg/m2",5.553711913380211e-07
ldl,smoking,OR,0.991390970983507,0.942476031212342,1.04284461864068,0.738270564146029,26876,"Age, years, Male sex, Ever alcohol (past/current), Body mass index, kg/m2",0.7722364758756453
nonhdl,smoking,OR,1.06653551903608,1.02963132443936,1.10476243910406,0.00048944429159,26876,"Age, years, Male sex, Ever alcohol (past/current), Body mass index, kg/m2",0.0009022561125489468
alt,smoking,OR,1.06125934758005,1.01667934387127,1.1077941236983,0.0076031526438619,26876,"Age, years, Male sex, Ever alcohol (past/current), Body mass index, kg/m2",0.011949968954754737
ast,smoking,OR,1.05643917513026,1.01102288683748,1.10389561431293,0.0157833718833929,26876,"Age, years, Male sex, Ever alcohol (past/current), Body mass index, kg/m2",0.023570788663911785
creatinine,smoking,OR,0.920650154193147,0.863484429921861,0.981600451663693,0.012981577869137,26876,"Age, years, Male sex, Ever alcohol (past/current), Body mass index, kg/m2",0.01963116286326681
egfr,smoking,OR,1.13225359119977,1.0619689013794,1.20718995925358,0.0002450140843574,26876,"Age, years, Male sex, Ever alcohol (past/current), Body mass index, kg/m2",0.0004644349390119188
hemoglobin,smoking,OR,1.24740092467711,1.18107686396126,1.31744945173724,1.3290604149216298e-12,26876,"Age, years, Male sex, Ever alcohol (past/current), Body mass index, kg/m2",4.673567112382194e-12
platelet,smoking,OR,1.1265828024536,1.09041194819733,1.16395350663796,7.27732891612302e-11,26876,"Age, years, Male sex, Ever alcohol (past/current), Body mass index, kg/m2",2.3273333219226083e-10
wbc,smoking,OR,1.83899589012125,1.70550984321035,1.98292956053361,4.232439726004841e-31,26876,"Age, years, Male sex, Ever alcohol (past/current), Body mass index, kg/m2",4.6509809877986526e-30
fib4,smoking,OR,0.946329612405389,0.901998913863032,0.992839039550463,0.0260526119981738,26876,"Age, years, Male sex, Ever alcohol (past/current), Body mass index, kg/m2",0.03758721118336089
vitd,smoking,OR,0.94205267793651,0.902973045400305,0.982823631921283,0.0066666829815537,26876,"Age, years, Male sex, Ever alcohol (past/current), Body mass index, kg/m2",0.01055358058224347
fn_bmd,smoking,OR,0.900203935640484,0.838867996711257,0.966024605682448,0.0046694211647477,26876,"Age, years, Male sex, Ever alcohol (past/current), Body mass index, kg/m2",0.007561289450569751
ls_bmd,smoking,OR,0.963314019282703,0.906182225010561,1.02404778435792,0.234769362432691,26876,"Age, years, Male sex, Ever alcohol (past/current), Body mass index, kg/m2",0.2835870527583895
insulin,smoking,OR,1.00940836815272,0.957043402855205,1.06463850088406,0.731045099974802,26876,"Age, years, Male sex, Ever alcohol (past/current), Body mass index, kg/m2",0.7660965339073686
ggt,smoking,OR,1.18436798331887,1.08710198825478,1.29033663360576,0.0001780744560784,26876,"Age, years, Male sex, Ever alcohol (past/current), Body mass index, kg/m2",0.0003428041597304868
uric,smoking,OR,1.02669907664685,0.983071132733049,1.0722631952959,0.236678355843538,26876,"Age, years, Male sex, Ever alcohol (past/current), Body mass index, kg/m2",0.2857185156292451
cap,smoking,OR,1.15426774483904,0.981915272678675,1.35687269955704,0.112701522728129,26876,"Age, years, Male sex, Ever alcohol (past/current), Body mass index, kg/m2",0.1455114960549864
lsm,smoking,OR,0.999618391745712,0.88175488403565,1.13323662528858,0.995359647784227,26876,"Age, years, Male sex, Ever alcohol (past/current), Body mass index, kg/m2",0.9963670968204459
dm,smoking,OR,1.22495298821921,1.09086319721309,1.37552520534255,0.0008293354017707,26876,"Age, years, Male sex, Ever alcohol (past/current), Body mass index, kg/m2",0.0014818657856390646
prediabetes,smoking,OR,1.06495853093229,0.989164933059331,1.14655972396611,0.0973918136698879,26876,"Age, years, Male sex, Ever alcohol (past/current), Body mass index, kg/m2",0.12690448447894484
htn,smoking,OR,1.2622046295911,1.15616943706027,1.37796457499521,8.34280429493846e-07,26876,"Age, years, Male sex, Ever alcohol (past/current), Body mass index, kg/m2",1.976295436573446e-06
mets,smoking,OR,1.44351442885222,1.28481835329588,1.62181206468545,9.376507179068921e-09,26876,"Age, years, Male sex, Ever alcohol (past/current), Body mass index, kg/m2",2.6048779775559446e-08
dyslipidemia,smoking,OR,1.27298603427173,1.16405146475927,1.39211494724247,5.69141312037779e-07,26876,"Age, years, Male sex, Ever alcohol (past/current), Body mass index, kg/m2",1.3703731165072755e-06
low_hdl,smoking,OR,1.32883824767038,1.21409715350454,1.45442321759391,9.698906463682651e-09,26876,"Age, years, Male sex, Ever alcohol (past/current), Body mass index, kg/m2",2.686895936297519e-08
high_tg,smoking,OR,1.47753451589222,1.31605007876176,1.65883371832391,1.13881592998244e-09,26876,"Age, years, Male sex, Ever alcohol (past/current), Body mass index, kg/m2",3.3645674525844163e-09
high_ldl,smoking,OR,1.10402064920472,0.936082321257421,1.30208803883098,0.242167556245693,26876,"Age, years, Male sex, Ever alcohol (past/current), Body mass index, kg/m2",0.2918997113065087
high_nonhdl,smoking,OR,1.27850384850638,1.13876484022771,1.43539037464379,6.02936721581278e-05,26876,"Age, years, Male sex, Ever alcohol (past/current), Body mass index, kg/m2",0.00012101560987191963
atherogenic_dyslipidemia,smoking,OR,1.4649184545272,1.26225081617443,1.70012651282596,1.78879732358392e-06,26876,"Age, years, Male sex, Ever alcohol (past/current), Body mass index, kg/m2",4.104688058061478e-06
insulin_resistance,smoking,OR,1.07087047650519,0.95516516087638,1.20059192317932,0.242856804543142,26876,"Age, years, Male sex, Ever alcohol (past/current), Body mass index, kg/m2",0.2925522286153075
ckd,smoking,OR,1.18165044998008,1.06415924413454,1.31211357100385,0.0022424788319015,26876,"Age, years, Male sex, Ever alcohol (past/current), Body mass index, kg/m2",0.0037766054742453528
high_alt,smoking,OR,1.08854335225441,0.967830069946026,1.22431268311735,0.159756442561238,26876,"Age, years, Male sex, Ever alcohol (past/current), Body mass index, kg/m2",0.1990540115818134
high_ast,smoking,OR,1.33936907850645,1.11510075375808,1.60874210013172,0.0022325700787571,26876,"Age, years, Male sex, Ever alcohol (past/current), Body mass index, kg/m2",0.0037615192638684363
adv_fibrosis,smoking,OR,1.17657430071113,0.940227969213975,1.47233131795811,0.15784801807903,26876,"Age, years, Male sex, Ever alcohol (past/current), Body mass index, kg/m2",0.19698635947023427
steatosis,smoking,OR,1.15611176961165,0.827934364950681,1.61437244353809,0.414385122573384,26876,"Age, years, Male sex, Ever alcohol (past/current), Body mass index, kg/m2",0.4726953705018187
masld,smoking,OR,0.894885568659523,0.642983720893611,1.24547504854727,0.525102390346527,26876,"Age, years, Male sex, Ever alcohol (past/current), Body mass index, kg/m2",0.5818781670058433
anemia,smoking,OR,0.812453645260881,0.713505302177369,0.925124065207866,0.0021678769592647,26876,"Age, years, Male sex, Ever alcohol (past/current), Body mass index, kg/m2",0.0036650090815603213
leukocytosis,smoking,OR,2.54916422450723,2.13284057377626,3.04675291880923,3.85463320252263e-18,26876,"Age, years, Male sex, Ever alcohol (past/current), Body mass index, kg/m2",1.967603735378003e-17
vitd_deficiency,smoking,OR,1.05816202630349,0.964954454956602,1.1603727700921,0.231868235596435,26876,"Age, years, Male sex, Ever alcohol (past/current), Body mass index, kg/m2",0.28059673906989807
osteoporosis,smoking,OR,0.97567161208335,0.764755516883262,1.24475740757635,0.843454477975223,26876,"Age, years, Male sex, Ever alcohol (past/current), Body mass index, kg/m2",0.8666768610051903
age,current_smoking,OR,0.730500064960651,0.701809203157985,0.76036384605146,2.1808966995987196e-30,26876,unadjusted,2.3007006249633427e-29
men,current_smoking,OR,1.3957636272374,1.28991823073202,1.51029426261642,1.67560141919053e-13,26876,unadjusted,6.33111672809717e-13
bmi,current_smoking,OR,0.821365251701055,0.781651966210968,0.863096244703683,2.67466249969523e-12,26876,"Age, years, Male sex",9.200838998951591e-12
alcohol,current_smoking,OR,2.26065103148017,1.8757998879713,2.72446070548573,4.07119709755433e-14,26876,"Age, years, Male sex",1.6057483268120568e-13
wc,current_smoking,OR,0.791082591561657,0.747398432357185,0.837320015106519,5.83535985544139e-13,26876,"Age, years, Male sex, Ever smoking (past/current), Ever alcohol (past/current)",2.1139820135646644e-12
height,current_smoking,OR,0.937485954865826,0.866865614436731,1.01385947364144,0.108843964792043,26876,"Age, years, Male sex, Ever smoking (past/current), Ever alcohol (past/current)",0.1407146159206935
weight,current_smoking,OR,0.739611245953333,0.69454389864324,0.787602909203046,4.844435794050089e-16,26876,"Age, years, Male sex, Ever smoking (past/current), Ever alcohol (past/current)",2.1654901696341417e-15
whtr,current_smoking,OR,0.797285346670554,0.751005785150945,0.846416814069978,1.8535876309457698e-11,26876,"Age, years, Male sex, Ever smoking (past/current), Ever alcohol (past/current)",6.060159229769807e-11
fat_kg,current_smoking,OR,0.765405672254128,0.697777412075566,0.839588431755296,2.83560216879966e-07,26876,"Age, years, Male sex, Ever smoking (past/current), Ever alcohol (past/current)",6.984833237715725e-07
lean_kg,current_smoking,OR,0.75430991965829,0.662001986355091,0.859489044780145,6.69203822023378e-05,26876,"Age, years, Male sex, Ever smoking (past/current), Ever alcohol (past/current)",0.00013377313390219725
asmm_kg,current_smoking,OR,0.700955604406918,0.613007234552329,0.801521958722535,1.83406863173226e-06,26876,"Age, years, Male sex, Ever smoking (past/current), Ever alcohol (past/current)",4.20613072877265e-06
asmi,current_smoking,OR,0.70428428385914,0.621696427078047,0.797843337820425,5.295605649573e-07,26876,"Age, years, Male sex, Ever smoking (past/current), Ever alcohol (past/current)",1.278182791318535e-06
bodyfat_pct,current_smoking,OR,0.696023101214084,0.612219192613535,0.791298546776334,4.74827167999774e-07,26876,"Age, years, Male sex, Ever smoking (past/current), Ever alcohol (past/current)",1.1502855337459315e-06
asm_pct,current_smoking,OR,1.27303303589226,1.10709989730487,1.46383638406822,0.0011449625809162,26876,"Age, years, Male sex, Ever smoking (past/current), Ever alcohol (past/current)",0.0020113108215384042
obesity,current_smoking,OR,0.669450880297299,0.597126944655529,0.75053468134714,2.9840949472579e-10,26876,"Age, years, Male sex, Ever smoking (past/current), Ever alcohol (past/current)",9.237151495580793e-10
overweight,current_smoking,OR,0.544422590868926,0.479212276525409,0.618506603373125,6.81529920347259e-16,26876,"Age, years, Male sex, Ever smoking (past/current), Ever alcohol (past/current)",3.009076300104639e-15
abdominal_obesity,current_smoking,OR,0.690318502236717,0.617715217410415,0.771455229042427,1.6418228891574502e-09,26876,"Age, years, Male sex, Ever smoking (past/current), Ever alcohol (past/current)",4.804032063244729e-09
central_obesity,current_smoking,OR,0.653591072056359,0.553289034030919,0.772076190195935,1.9694661010597e-06,26876,"Age, years, Male sex, Ever smoking (past/current), Ever alcohol (past/current)",4.50619311497523e-06
high_bodyfat,current_smoking,OR,0.721503590737455,0.58906916088269,0.883711906878637,0.0023438326130137,26876,"Age, years, Male sex, Ever smoking (past/current), Ever alcohol (past/current)",0.003935181151667725
sarcopenia,current_smoking,OR,1.99250660859099,1.19828269955362,3.31314354013263,0.0096983247871279,26876,"Age, years, Male sex, Ever smoking (past/current), Ever alcohol (past/current)",0.014969400256682785
sbp,current_smoking,OR,1.10523839468752,1.03689636890815,1.17808485565218,0.0026356995579331,26876,"Age, years, Male sex, Ever smoking (past/current), Ever alcohol (past/current), Body mass index, kg/m2",0.004393943300119402
dbp,current_smoking,OR,1.00391864839238,0.952203770327692,1.05844219902967,0.885004497097937,26876,"Age, years, Male sex, Ever smoking (past/current), Ever alcohol (past/current), Body mass index, kg/m2",0.9035039459405004
glucose,current_smoking,OR,1.02221440027984,0.95190216905553,1.09772024280209,0.546816775422764,26876,"Age, years, Male sex, Ever smoking (past/current), Ever alcohol (past/current), Body mass index, kg/m2",0.6027325615972288
hba1c,current_smoking,OR,1.15375981722265,1.0718388822107,1.2419419914046,0.0002252693305013,26876,"Age, years, Male sex, Ever smoking (past/current), Ever alcohol (past/current), Body mass index, kg/m2",0.00042865102042479207
homa_ir,current_smoking,OR,0.98393789558957,0.887867156162043,1.09040386915781,0.757937074756352,26876,"Age, years, Male sex, Ever smoking (past/current), Ever alcohol (past/current), Body mass index, kg/m2",0.7888447955106889
tg,current_smoking,OR,1.19684733734523,1.09850692395884,1.30399137016639,7.40218460194619e-05,26876,"Age, years, Male sex, Ever smoking (past/current), Ever alcohol (past/current), Body mass index, kg/m2",0.00014737313681579831
tchol,current_smoking,OR,1.06667412560299,1.01254051501176,1.12370188981295,0.0166489866796404,26876,"Age, years, Male sex, Ever smoking (past/current), Ever alcohol (past/current), Body mass index, kg/m2",0.024751368397090353
hdl,current_smoking,OR,0.787652913008675,0.7337558399098,0.845508924940639,1.22680336130066e-09,26876,"Age, years, Male sex, Ever smoking (past/current), Ever alcohol (past/current), Body mass index, kg/m2",3.6191156579458697e-09
ldl,current_smoking,OR,1.09558820490493,1.02039424752153,1.17632328645746,0.0131943813489488,26876,"Age, years, Male sex, Ever smoking (past/current), Ever alcohol (past/current), Body mass index, kg/m2",0.019930115546560313
nonhdl,current_smoking,OR,1.14123193434329,1.07823770817774,1.2079064923133,1.25760099807685e-05,26876,"Age, years, Male sex, Ever smoking (past/current), Ever alcohol (past/current), Body mass index, kg/m2",2.695053926539555e-05
alt,current_smoking,OR,1.00820643014086,0.965534237474608,1.05276453835134,0.711741616194351,26876,"Age, years, Male sex, Ever smoking (past/current), Ever alcohol (past/current), Body mass index, kg/m2",0.7490422542337996
ast,current_smoking,OR,1.00972433775623,0.961299871083716,1.06058813584139,0.700234134072354,26876,"Age, years, Male sex, Ever smoking (past/current), Ever alcohol (past/current), Body mass index, kg/m2",0.73988414380081
creatinine,current_smoking,OR,0.870540713193015,0.769903391095588,0.984332764463059,0.0291797839373998,26876,"Age, years, Male sex, Ever smoking (past/current), Ever alcohol (past/current), Body mass index, kg/m2",0.041748725228337655
egfr,current_smoking,OR,1.08782834028361,0.986594448245359,1.1994497840818,0.0942080345666086,26876,"Age, years, Male sex, Ever smoking (past/current), Ever alcohol (past/current), Body mass index, kg/m2",0.12303961199917585
hemoglobin,current_smoking,OR,1.54818681805099,1.42644708283753,1.68031639759036,1.61503008125602e-18,26876,"Age, years, Male sex, Ever smoking (past/current), Ever alcohol (past/current), Body mass index, kg/m2",8.406656580853704e-18
platelet,current_smoking,OR,1.1566559709898,1.10240392124396,1.21357789957489,2.98002284228619e-08,26876,"Age, years, Male sex, Ever smoking (past/current), Ever alcohol (past/current), Body mass index, kg/m2",7.960142041920438e-08
wbc,current_smoking,OR,2.338758653543,2.06163036710481,2.65313905285727,5.363217778195001e-25,26876,"Age, years, Male sex, Ever smoking (past/current), Ever alcohol (past/current), Body mass index, kg/m2",4.025975242986608e-24
fib4,current_smoking,OR,0.917504846238976,0.845073645935608,0.996144119415777,0.0423742786757373,26876,"Age, years, Male sex, Ever smoking (past/current), Ever alcohol (past/current), Body mass index, kg/m2",0.059067176335876236
vitd,current_smoking,OR,0.719989044719717,0.668492266899865,0.775452836456013,2.63011692247397e-14,26876,"Age, years, Male sex, Ever smoking (past/current), Ever alcohol (past/current), Body mass index, kg/m2",1.0415157703010035e-13
fn_bmd,current_smoking,OR,0.947729350797129,0.861601507900099,1.04246674840603,0.273138238667236,26876,"Age, years, Male sex, Ever smoking (past/current), Ever alcohol (past/current), Body mass index, kg/m2",0.32565849070753033
ls_bmd,current_smoking,OR,0.95339778724246,0.870030921243881,1.04475291455075,0.310144572228552,26876,"Age, years, Male sex, Ever smoking (past/current), Ever alcohol (past/current), Body mass index, kg/m2",0.364399146936784
insulin,current_smoking,OR,0.975120211196332,0.881245128667653,1.07899538431625,0.626570520558251,26876,"Age, years, Male sex, Ever smoking (past/current), Ever alcohol (past/current), Body mass index, kg/m2",0.6738642954531844
ggt,current_smoking,OR,1.12051436125404,1.05264874562393,1.19275536022451,0.000518096077746,26876,"Age, years, Male sex, Ever smoking (past/current), Ever alcohol (past/current), Body mass index, kg/m2",0.00095285359533388
uric,current_smoking,OR,0.909981159014571,0.853226814381979,0.970510649458781,0.004851122443066,26876,"Age, years, Male sex, Ever smoking (past/current), Ever alcohol (past/current), Body mass index, kg/m2",0.007839477281359924
cap,current_smoking,OR,1.04915686820365,0.860527441594963,1.27913426219009,0.64641062478424,26876,"Age, years, Male sex, Ever smoking (past/current), Ever alcohol (past/current), Body mass index, kg/m2",0.691322095605962
lsm,current_smoking,OR,1.07052457667697,0.951598668551336,1.20431323323943,0.285990920971481,26876,"Age, years, Male sex, Ever smoking (past/current), Ever alcohol (past/current), Body mass index, kg/m2",0.3390644328516342
dm,current_smoking,OR,1.0082518331599,0.849296039340376,1.19695808290809,0.925360634778016,26876,"Age, years, Male sex, Ever smoking (past/current), Ever alcohol (past/current), Body mass index, kg/m2",0.9357685764779732
prediabetes,current_smoking,OR,1.28933300654316,1.13940633838732,1.45898749704563,9.94436383486517e-05,26876,"Age, years, Male sex, Ever smoking (past/current), Ever alcohol (past/current), Body mass index, kg/m2",0.00019581833414995827
htn,current_smoking,OR,1.20400085788139,1.06282255457759,1.36393235120538,0.0042257243566916,26876,"Age, years, Male sex, Ever smoking (past/current), Ever alcohol (past/current), Body mass index, kg/m2",0.0068879132900996985
mets,current_smoking,OR,1.3804655896219,1.10983563090302,1.71708782009419,0.0045043599539205,26876,"Age, years, Male sex, Ever smoking (past/current), Ever alcohol (past/current), Body mass index, kg/m2",0.007308961434663453
dyslipidemia,current_smoking,OR,1.43599087128703,1.28230447748259,1.60809684332376,6.268930135920511e-09,26876,"Age, years, Male sex, Ever smoking (past/current), Ever alcohol (past/current), Body mass index, kg/m2",1.7538817268530084e-08
low_hdl,current_smoking,OR,1.8421046132486,1.58686320879474,2.13840070608802,8.28380121800719e-13,26876,"Age, years, Male sex, Ever smoking (past/current), Ever alcohol (past/current), Body mass index, kg/m2",2.9737493301666464e-12
high_tg,current_smoking,OR,1.27955287440308,1.07713894445491,1.5200040503797,0.005873046964622,26876,"Age, years, Male sex, Ever smoking (past/current), Ever alcohol (past/current), Body mass index, kg/m2",0.009387383350321065
high_ldl,current_smoking,OR,1.08484207887228,0.844056196178553,1.39431751276779,0.526023189877033,26876,"Age, years, Male sex, Ever smoking (past/current), Ever alcohol (past/current), Body mass index, kg/m2",0.5827352951984157
high_nonhdl,current_smoking,OR,1.26066133242445,1.06531077153416,1.49183415538123,0.0080328142710363,26876,"Age, years, Male sex, Ever smoking (past/current), Ever alcohol (past/current), Body mass index, kg/m2",0.012560400496529489
atherogenic_dyslipidemia,current_smoking,OR,1.57233721639278,1.21723639607501,2.03103056236699,0.000739493993193,26876,"Age, years, Male sex, Ever smoking (past/current), Ever alcohol (past/current), Body mass index, kg/m2",0.0013294965309938432
insulin_resistance,current_smoking,OR,1.04684218232651,0.866371412942105,1.26490618033742,0.636243997054557,26876,"Age, years, Male sex, Ever smoking (past/current), Ever alcohol (past/current), Body mass index, kg/m2",0.6828489561442831
ckd,current_smoking,OR,1.21601202737055,1.02426023293367,1.44366168202645,0.027381919820865,26876,"Age, years, Male sex, Ever smoking (past/current), Ever alcohol (past/current), Body mass index, kg/m2",0.03934259886284217
high_alt,current_smoking,OR,0.989512652302438,0.8115838243196,1.20644998055188,0.917152725275553,26876,"Age, years, Male sex, Ever smoking (past/current), Ever alcohol (past/current), Body mass index, kg/m2",0.9300836147629038
high_ast,current_smoking,OR,1.25429481334408,1.02823531878583,1.53005391862983,0.0273253809838525,26876,"Age, years, Male sex, Ever smoking (past/current), Ever alcohol (past/current), Body mass index, kg/m2",0.03928023516428797
adv_fibrosis,current_smoking,OR,0.984052995786155,0.727846299555115,1.33044613829541,0.916971274042273,26876,"Age, years, Male sex, Ever smoking (past/current), Ever alcohol (past/current), Body mass index, kg/m2",0.9300836147629038
steatosis,current_smoking,OR,0.89359863700383,0.623031887801415,1.28166557713916,0.556078106864453,26876,"Age, years, Male sex, Ever smoking (past/current), Ever alcohol (past/current), Body mass index, kg/m2",0.6110680529877156
masld,current_smoking,OR,0.679806893283647,0.482724181491525,0.95735293543416,0.0544888015238224,26876,"Age, years, Male sex, Ever smoking (past/current), Ever alcohol (past/current), Body mass index, kg/m2",0.07456163916577012
anemia,current_smoking,OR,0.816776519437055,0.656988115553676,1.01542762633003,0.0709628620191231,26876,"Age, years, Male sex, Ever smoking (past/current), Ever alcohol (past/current), Body mass index, kg/m2",0.09496924294575472
leukocytosis,current_smoking,OR,3.60847504940273,2.83228928949829,4.5973736618086,2.4413568360609298e-18,26876,"Age, years, Male sex, Ever smoking (past/current), Ever alcohol (past/current), Body mass index, kg/m2",1.2608365069787256e-17
vitd_deficiency,current_smoking,OR,1.86000714308383,1.59402968566461,2.17036520927804,1.78347992621076e-12,26876,"Age, years, Male sex, Ever smoking (past/current), Ever alcohol (past/current), Body mass index, kg/m2",6.199865191643029e-12
osteoporosis,current_smoking,OR,1.53693696644118,1.02122224265273,2.3130863588296,0.0429976800556143,26876,"Age, years, Male sex, Ever smoking (past/current), Ever alcohol (past/current), Body mass index, kg/m2",0.05984602597709415
age,alcohol,OR,0.79440434336772,0.754394581436302,0.836536046640182,1.51859101643354e-14,24112,unadjusted,6.068228344455642e-14
men,alcohol,OR,2.60566554869778,2.37922082052599,2.85366238101831,8.756172743296119e-42,24112,unadjusted,1.7406743403256004e-40
bmi,alcohol,OR,0.92767525821603,0.890630716405131,0.966260616049442,0.0004454708026894,24112,"Age, years, Male sex",0.0008258118535329271
smoking,alcohol,OR,3.18477016101391,2.80878793022897,3.61108108922191,3.58964685761407e-36,24112,"Age, years, Male sex",5.318592872180248e-35
wc,alcohol,OR,0.949636155804958,0.906317219161073,0.995025592967076,0.0320282207380091,24112,"Age, years, Male sex, Ever smoking (past/current)",0.04556046071181733
height,alcohol,OR,1.46145629898502,1.35756696633792,1.57329587917459,1.07080204602571e-17,24112,"Age, years, Male sex, Ever smoking (past/current)",5.3621429038958337e-17
weight,alcohol,OR,1.01152597817715,0.963898878936444,1.0615063746689,0.642252226386158,24112,"Age, years, Male sex, Ever smoking (past/current)",0.6878044958266489
whtr,alcohol,OR,0.88769855539957,0.846566417471344,0.930829181261678,2.76901545791084e-06,24112,"Age, years, Male sex, Ever smoking (past/current)",6.259557229425876e-06
fat_kg,alcohol,OR,0.874235645393376,0.80431932224794,0.950229520211343,0.0022935204804219,24112,"Age, years, Male sex, Ever smoking (past/current)",0.003860545588413891
lean_kg,alcohol,OR,1.03812767858695,0.930072829977636,1.1587362218443,0.506701308036525,24112,"Age, years, Male sex, Ever smoking (past/current)",0.5644917979702881
asmm_kg,alcohol,OR,1.0457914750633,0.93932164974029,1.16432939623766,0.416403512995055,24112,"Age, years, Male sex, Ever smoking (past/current)",0.474216563360568
asmi,alcohol,OR,0.927164370452958,0.848843413696151,1.01271183349859,0.0973351788820839,24112,"Age, years, Male sex, Ever smoking (past/current)",0.12687247698765203
bodyfat_pct,alcohol,OR,0.724255499660958,0.638678974824701,0.821298413546676,3.41414535893853e-06,24112,"Age, years, Male sex, Ever smoking (past/current)",7.65666612242677e-06
asm_pct,alcohol,OR,1.40169932417629,1.22452461730155,1.60450918473648,5.64770560128028e-06,24112,"Age, years, Male sex, Ever smoking (past/current)",1.248872183268015e-05
obesity,alcohol,OR,0.839919893446183,0.767462586991575,0.919218004061991,0.0002371249644786,24112,"Age, years, Male sex, Ever smoking (past/current)",0.00044991192301071544
overweight,alcohol,OR,0.901697396377474,0.827544913378481,0.982494341382122,0.0197169267895112,24112,"Age, years, Male sex, Ever smoking (past/current)",0.028915219075638737
abdominal_obesity,alcohol,OR,0.861656473699684,0.78776962012082,0.942473357318227,0.001472252153901,24112,"Age, years, Male sex, Ever smoking (past/current)",0.0025511298820991486
central_obesity,alcohol,OR,0.795431744465358,0.69899688640168,0.90517092767079,0.0007214135298509,24112,"Age, years, Male sex, Ever smoking (past/current)",0.0013001876647335583
high_bodyfat,alcohol,OR,0.640203724089733,0.532560042138535,0.769604881906904,9.97478588872115e-06,24112,"Age, years, Male sex, Ever smoking (past/current)",2.1598386959923847e-05
sarcopenia,alcohol,OR,0.704006670474672,0.488377793213651,1.01484014826205,0.063953583536468,24112,"Age, years, Male sex, Ever smoking (past/current)",0.086230530494297
sbp,alcohol,OR,0.866397985367135,0.824300721370486,0.910645168185954,1.14992151770729e-07,24112,"Age, years, Male sex, Ever smoking (past/current), Body mass index, kg/m2",2.9123492471511134e-07
dbp,alcohol,OR,1.16720561868016,1.11851973164619,1.21801065974353,9.20039610481427e-11,24112,"Age, years, Male sex, Ever smoking (past/current), Body mass index, kg/m2",2.9304965370889897e-10
glucose,alcohol,OR,0.937597869509945,0.877873030922839,1.00138600223938,0.0574104800723045,24112,"Age, years, Male sex, Ever smoking (past/current), Body mass index, kg/m2",0.07818101864579574
hba1c,alcohol,OR,0.842547413659395,0.805403223191639,0.88140464778749,1.6497488833830497e-11,24112,"Age, years, Male sex, Ever smoking (past/current), Body mass index, kg/m2",5.4206034739728775e-11
homa_ir,alcohol,OR,0.806531093555673,0.744514747751156,0.873713256637231,6.24568571402709e-07,24112,"Age, years, Male sex, Ever smoking (past/current), Body mass index, kg/m2",1.4992677599933962e-06
tg,alcohol,OR,0.941929702177573,0.892099597516594,0.994543172437456,0.0329913436721372,24112,"Age, years, Male sex, Ever smoking (past/current), Body mass index, kg/m2",0.04686310792350979
tchol,alcohol,OR,1.11155369612076,1.0525649723132,1.17384831517277,0.0002283724892503,24112,"Age, years, Male sex, Ever smoking (past/current), Body mass index, kg/m2",0.00043413818715722574
hdl,alcohol,OR,1.45732387371451,1.37843701007206,1.54072537038689,3.31460701568191e-25,24112,"Age, years, Male sex, Ever smoking (past/current), Body mass index, kg/m2",2.5168110084525216e-24
ldl,alcohol,OR,1.02182659580426,0.955254977900608,1.09303758268565,0.531087701007479,24112,"Age, years, Male sex, Ever smoking (past/current), Body mass index, kg/m2",0.5875531420674915
nonhdl,alcohol,OR,0.990825870277103,0.94096826677312,1.04332520009103,0.727044439583909,24112,"Age, years, Male sex, Ever smoking (past/current), Body mass index, kg/m2",0.7631169548935909
alt,alcohol,OR,0.996462188207803,0.94133638805184,1.05481622205515,0.90305886886792,24112,"Age, years, Male sex, Ever smoking (past/current), Body mass index, kg/m2",0.9193126035478941
ast,alcohol,OR,0.983713941229899,0.942782147897513,1.02642282772123,0.450391179304508,24112,"Age, years, Male sex, Ever smoking (past/current), Body mass index, kg/m2",0.5090707158081811
creatinine,alcohol,OR,0.948430686082685,0.905487352967831,0.993410635007765,0.0272415345103617,24112,"Age, years, Male sex, Ever smoking (past/current), Body mass index, kg/m2",0.039188185644723955
egfr,alcohol,OR,0.96586504759092,0.898011084664352,1.03884607449639,0.352193216216939,24112,"Age, years, Male sex, Ever smoking (past/current), Body mass index, kg/m2",0.40798722206565463
hemoglobin,alcohol,OR,1.14669381613048,1.07836005653043,1.21935776458796,2.70842707564022e-05,24112,"Age, years, Male sex, Ever smoking (past/current), Body mass index, kg/m2",5.639230269069848e-05
platelet,alcohol,OR,0.977388354358131,0.92865228364528,1.02868211499471,0.382578551434572,24112,"Age, years, Male sex, Ever smoking (past/current), Body mass index, kg/m2",0.4394543407303039
wbc,alcohol,OR,0.923624521348121,0.850739333207394,1.00275398484201,0.0605959119132727,24112,"Age, years, Male sex, Ever smoking (past/current), Body mass index, kg/m2",0.08209500942770781
fib4,alcohol,OR,0.977980535427032,0.929211332106614,1.02930936658487,0.395303767219304,24112,"Age, years, Male sex, Ever smoking (past/current), Body mass index, kg/m2",0.452756717753204
vitd,alcohol,OR,1.39614443845883,1.31656045289698,1.48053914938006,3.4392980062051904e-20,24112,"Age, years, Male sex, Ever smoking (past/current), Body mass index, kg/m2",1.9409219561409036e-19
fn_bmd,alcohol,OR,1.10604603579171,1.01750745531677,1.20228881557405,0.0205873227174693,24112,"Age, years, Male sex, Ever smoking (past/current), Body mass index, kg/m2",0.03014191290536956
ls_bmd,alcohol,OR,1.15519883026654,1.06936566713495,1.24792143460574,0.0004735365158917,24112,"Age, years, Male sex, Ever smoking (past/current), Body mass index, kg/m2",0.0008741532696535535
insulin,alcohol,OR,0.794925724913118,0.735058182946782,0.859669238148452,7.19701993874224e-08,24112,"Age, years, Male sex, Ever smoking (past/current), Body mass index, kg/m2",1.8657543170160093e-07
ggt,alcohol,OR,1.09776840137774,1.01744398145368,1.184434214591,0.0176638825043058,24112,"Age, years, Male sex, Ever smoking (past/current), Body mass index, kg/m2",0.02611297428513967
uric,alcohol,OR,1.00462724045528,0.951587561238485,1.06062325042502,0.867792894700673,24112,"Age, years, Male sex, Ever smoking (past/current), Body mass index, kg/m2",0.8879950055447134
cap,alcohol,OR,0.702924505575381,0.527200718920428,0.937219625857472,0.0372032693527798,24112,"Age, years, Male sex, Ever smoking (past/current), Body mass index, kg/m2",0.05239449396924062
lsm,alcohol,OR,0.960684319572414,0.809442427834389,1.14018530550901,0.656099151733265,24112,"Age, years, Male sex, Ever smoking (past/current), Body mass index, kg/m2",0.6996742661077736
dm,alcohol,OR,0.662118982273845,0.582640707266823,0.75243892371321,4.7312211450253206e-09,24112,"Age, years, Male sex, Ever smoking (past/current), Body mass index, kg/m2",1.3302566346638356e-08
prediabetes,alcohol,OR,0.981696317731026,0.884792840223699,1.08921276985356,0.728163161036699,24112,"Age, years, Male sex, Ever smoking (past/current), Body mass index, kg/m2",0.7637497988198114
htn,alcohol,OR,0.804577522266444,0.719287659920135,0.899980668941669,0.0002268702241167,24112,"Age, years, Male sex, Ever smoking (past/current), Body mass index, kg/m2",0.00043148971471426207
mets,alcohol,OR,0.752085508018634,0.65287623609798,0.866370347238003,0.0001341584973411,24112,"Age, years, Male sex, Ever smoking (past/current), Body mass index, kg/m2",0.0002615727035393748
dyslipidemia,alcohol,OR,0.782145095850995,0.706550161111537,0.865828053879943,6.02583702136068e-06,24112,"Age, years, Male sex, Ever smoking (past/current), Body mass index, kg/m2",1.3295154075015532e-05
low_hdl,alcohol,OR,0.619917095679174,0.555011062748859,0.692413595527185,7.396172189088061e-14,24112,"Age, years, Male sex, Ever smoking (past/current), Body mass index, kg/m2",2.8462312431938105e-13
high_tg,alcohol,OR,0.816456609464147,0.700264049649022,0.951928626739866,0.0108259356867029,24112,"Age, years, Male sex, Ever smoking (past/current), Body mass index, kg/m2",0.016548455014140907
high_ldl,alcohol,OR,0.99474215963696,0.788531412825028,1.25487957494823,0.964598583403874,24112,"Age, years, Male sex, Ever smoking (past/current), Body mass index, kg/m2",0.9709801516401337
high_nonhdl,alcohol,OR,0.958688693363075,0.835026801228005,1.10066408578812,0.550471567578813,24112,"Age, years, Male sex, Ever smoking (past/current), Body mass index, kg/m2",0.6064231471294304
atherogenic_dyslipidemia,alcohol,OR,0.709588930063821,0.578745033803521,0.870014289988805,0.0012802277828142,24112,"Age, years, Male sex, Ever smoking (past/current), Body mass index, kg/m2",0.0022360181495863023
insulin_resistance,alcohol,OR,0.758137806974786,0.651026830576345,0.882871346263409,0.000528408553705,24112,"Age, years, Male sex, Ever smoking (past/current), Body mass index, kg/m2",0.000970015887915072
ckd,alcohol,OR,0.769715217312936,0.684847468964576,0.865099956722985,2.45770005446123e-05,24112,"Age, years, Male sex, Ever smoking (past/current), Body mass index, kg/m2",5.149714732758806e-05
high_alt,alcohol,OR,1.0367410170685,0.88780456970631,1.21066276650028,0.649212259858643,24112,"Age, years, Male sex, Ever smoking (past/current), Body mass index, kg/m2",0.6931899164838512
high_ast,alcohol,OR,1.07878776178719,0.871786214323773,1.3349408557516,0.486731322182266,24112,"Age, years, Male sex, Ever smoking (past/current), Body mass index, kg/m2",0.5445444317174899
adv_fibrosis,alcohol,OR,0.799387945121673,0.639461393287494,0.999311441650325,0.0516216456688963,24112,"Age, years, Male sex, Ever smoking (past/current), Body mass index, kg/m2",0.07089774385288365
steatosis,alcohol,OR,0.792622097564832,0.533280706743888,1.17808460273024,0.277123403066248,24112,"Age, years, Male sex, Ever smoking (past/current), Body mass index, kg/m2",0.3299127843906341
masld,alcohol,OR,0.654760280870166,0.431808722721299,0.992826228019208,0.0741378480661516,24112,"Age, years, Male sex, Ever smoking (past/current), Body mass index, kg/m2",0.09895051516521448
anemia,alcohol,OR,0.648584278194462,0.571512188261077,0.736050034560008,7.034486476651401e-10,24112,"Age, years, Male sex, Ever smoking (past/current), Body mass index, kg/m2",2.109812623323195e-09
leukocytosis,alcohol,OR,0.915117012128221,0.739839225409551,1.13192044585485,0.415162848671101,24112,"Age, years, Male sex, Ever smoking (past/current), Body mass index, kg/m2",0.473309576179503
vitd_deficiency,alcohol,OR,0.548618478021842,0.494004205519026,0.609270591352102,2.24903445109567e-20,24112,"Age, years, Male sex, Ever smoking (past/current), Body mass index, kg/m2",1.2894464186281842e-19
osteoporosis,alcohol,OR,0.769569361945508,0.596771176954315,0.99240215633027,0.047234576889405,24112,"Age, years, Male sex, Ever smoking (past/current), Body mass index, kg/m2",0.0653356595015686
current_smoking,alcohol,OR,2.20069774807309,1.81875830970327,2.66284450910034,4.91911027134637e-13,24112,"Age, years, Male sex, Body mass index, kg/m2",1.8001850354714375e-12
bmi,age,beta,0.670770322818822,0.367786235514181,0.973754410123464,2.96665086580997e-05,26892,Male sex,6.157434850547871e-05
smoking,age,beta,3.4664060696856,2.91143595016932,4.02137618920187,5.697956367480471e-23,26892,Male sex,3.906605786785571e-22
alcohol,age,beta,-3.4920681380009,-4.34592610953899,-2.63821016646281,7.48054097405975e-13,26892,Male sex,2.6976317313929234e-12
wc,age,beta,3.12274502636222,2.82332557318064,3.4221644795438,6.70240250642659e-41,26892,"Male sex, Ever smoking (past/current), Ever alcohol (past/current)",1.2626049674011234e-39
height,age,beta,-4.11198220391675,-4.51511198029627,-3.70885242753722,5.29095315383444e-40,26892,"Male sex, Ever smoking (past/current), Ever alcohol (past/current)",9.302671411808463e-39
weight,age,beta,-0.28993600661448,-0.60877937244421,0.0289073592152507,0.0772291919754887,26892,"Male sex, Ever smoking (past/current), Ever alcohol (past/current)",0.10269535578320449
whtr,age,beta,3.82117571758073,3.53770331549412,4.10464811966733,7.57643065194533e-52,26892,"Male sex, Ever smoking (past/current), Ever alcohol (past/current)",2.518685685638296e-50
fat_kg,age,beta,1.71752656204397,1.31669822850708,2.11835489558086,2.50975787300182e-12,26892,"Male sex, Ever smoking (past/current), Ever alcohol (past/current)",8.641081066662488e-12
lean_kg,age,beta,0.419639741409785,-0.110366268846029,0.949645751665599,0.125021167676701,26892,"Male sex, Ever smoking (past/current), Ever alcohol (past/current)",0.15934430900596702
asmm_kg,age,beta,-0.804983675175503,-1.33285749355379,-0.27710985679722,0.0038128709180069,26892,"Male sex, Ever smoking (past/current), Ever alcohol (past/current)",0.0062464610684481794
asmi,age,beta,-0.479477820462149,-0.945459067034743,-0.0134965738895539,0.047398321686144,26892,"Male sex, Ever smoking (past/current), Ever alcohol (past/current)",0.06551633843130178
bodyfat_pct,age,beta,3.6414632431739,3.15996561968448,4.12296086666332,1.03462437608937e-23,26892,"Male sex, Ever smoking (past/current), Ever alcohol (past/current)",7.321957123094004e-23
asm_pct,age,beta,-5.36348185090325,-5.89403552763674,-4.83292817416975,4.301910824040161e-31,26892,"Male sex, Ever smoking (past/current), Ever alcohol (past/current)",4.714226930721018e-30
obesity,age,beta,1.02759955385809,0.419854010586491,1.63534509712969,0.001216171594821,26892,"Male sex, Ever smoking (past/current), Ever alcohol (past/current)",0.0021278968726722142
overweight,age,beta,4.15443127047581,3.51855103327758,4.79031150767404,3.40370704970194e-24,26892,"Male sex, Ever smoking (past/current), Ever alcohol (past/current)",2.457128665806729e-23
abdominal_obesity,age,beta,7.15394388870516,6.58264568517561,7.72524209223472,1.3328155444401599e-48,26892,"Male sex, Ever smoking (past/current), Ever alcohol (past/current)",3.79325057108293e-47
central_obesity,age,beta,11.5729226750123,10.9222162353314,12.2236291146933,1.26100397325816e-64,26892,"Male sex, Ever smoking (past/current), Ever alcohol (past/current)",1.108562604046507e-62
high_bodyfat,age,beta,5.54820554521516,4.80370138182676,6.29270970860356,2.3202527983318502e-23,26892,"Male sex, Ever smoking (past/current), Ever alcohol (past/current)",1.6217173268906007e-22
sarcopenia,age,beta,-0.560180764202153,-2.88111092379909,1.76074939539478,0.637577240032499,26892,"Male sex, Ever smoking (past/current), Ever alcohol (past/current)",0.6836624805427828
sbp,age,beta,7.87497348884789,7.57560473990037,8.17434223779542,2.9680108676360796e-83,26892,"Male sex, Ever smoking (past/current), Ever alcohol (past/current), Body mass index, kg/m2",1.4676813740460414e-80
dbp,age,beta,0.241153923340498,-0.0856819774708538,0.56798982415185,0.150757023709088,26892,"Male sex, Ever smoking (past/current), Ever alcohol (past/current), Body mass index, kg/m2",0.18897173187362235
glucose,age,beta,4.1764239409875,3.55540451175988,4.79744337021511,5.16519868947939e-25,26892,"Male sex, Ever smoking (past/current), Ever alcohol (past/current), Body mass index, kg/m2",3.88470076341834e-24
hba1c,age,beta,5.68605589194138,5.22631968390307,6.14579209997969,7.4138767990971e-48,26892,"Male sex, Ever smoking (past/current), Ever alcohol (past/current), Body mass index, kg/m2",2.0088559326868584e-46
homa_ir,age,beta,1.79631418358224,1.33345960353529,2.25916876362918,7.23907766535978e-12,26892,"Male sex, Ever smoking (past/current), Ever alcohol (past/current), Body mass index, kg/m2",2.4248764813008712e-11
tg,age,beta,1.09218457280412,0.685613674206529,1.49875547140171,6.29989746119315e-07,26892,"Male sex, Ever smoking (past/current), Ever alcohol (past/current), Body mass index, kg/m2",1.511364121072171e-06
tchol,age,beta,1.75455447780893,1.451437365513,2.05767159010486,1.14069817897503e-20,26892,"Male sex, Ever smoking (past/current), Ever alcohol (past/current), Body mass index, kg/m2",6.665586404763986e-20
hdl,age,beta,2.24424688026087,1.91103094263866,2.57746281788308,4.64746988965832e-25,26892,"Male sex, Ever smoking (past/current), Ever alcohol (past/current), Body mass index, kg/m2",3.508662382345098e-24
ldl,age,beta,0.576923801587751,0.150572603189265,1.00327499998624,0.0090871378445854,26892,"Male sex, Ever smoking (past/current), Ever alcohol (past/current), Body mass index, kg/m2",0.01409200992284588
nonhdl,age,beta,1.04809625248357,0.742776328542478,1.35341617642467,6.36185354841631e-10,26892,"Male sex, Ever smoking (past/current), Ever alcohol (past/current), Body mass index, kg/m2",1.9147194779507894e-09
alt,age,beta,-1.10633238048145,-1.55325397874293,-0.659410782219968,3.74458557816083e-06,26892,"Male sex, Ever smoking (past/current), Ever alcohol (past/current), Body mass index, kg/m2",8.383463807133132e-06
ast,age,beta,0.439902193309671,0.138844490781699,0.740959895837643,0.0049470001467499,26892,"Male sex, Ever smoking (past/current), Ever alcohol (past/current), Body mass index, kg/m2",0.007987890849201061
creatinine,age,beta,4.20205897780824,2.66972590602814,5.73439204958833,4.72501541927699e-07,26892,"Male sex, Ever smoking (past/current), Ever alcohol (past/current), Body mass index, kg/m2",1.1453530023688588e-06
hemoglobin,age,beta,-1.79002066916417,-2.15341868358854,-1.4266226547398,1.22997532951662e-16,26892,"Male sex, Ever smoking (past/current), Ever alcohol (past/current), Body mass index, kg/m2",5.690973571424267e-16
platelet,age,beta,-2.70475947306987,-2.97723030975576,-2.43228863638397,9.00470929549883e-39,26892,"Male sex, Ever smoking (past/current), Ever alcohol (past/current), Body mass index, kg/m2",1.4599438513521875e-37
wbc,age,beta,-1.734733240952,-2.91055877245135,-0.558907709452648,0.004557249753977,26892,"Male sex, Ever smoking (past/current), Ever alcohol (past/current), Body mass index, kg/m2",0.0073887213224315615
vitd,age,beta,4.45783670503001,4.12142099882025,4.79425241123977,7.38910683821253e-51,26892,"Male sex, Ever smoking (past/current), Ever alcohol (past/current), Body mass index, kg/m2",2.3573634396749007e-49
fn_bmd,age,beta,-9.34458888461062,-9.67664367664545,-9.01253409257579,1.2003645971853001e-60,26892,"Male sex, Ever smoking (past/current), Ever alcohol (past/current), Body mass index, kg/m2",8.793782123083421e-59
ls_bmd,age,beta,-3.15278753619383,-3.61066993013899,-2.69490514224867,2.10597244135551e-21,26892,"Male sex, Ever smoking (past/current), Ever alcohol (past/current), Body mass index, kg/m2",1.293668785404099e-20
insulin,age,beta,0.125478064615768,-0.348890624140919,0.599846753372455,0.605106201354257,26892,"Male sex, Ever smoking (past/current), Ever alcohol (past/current), Body mass index, kg/m2",0.6549384767599017
ggt,age,beta,0.690394942530276,0.376732144458908,1.00405774060165,3.32845646670979e-05,26892,"Male sex, Ever smoking (past/current), Ever alcohol (past/current), Body mass index, kg/m2",6.872324521035453e-05
uric,age,beta,2.20694256235454,1.84591192634132,2.56797319836776,3.49354006032548e-22,26892,"Male sex, Ever smoking (past/current), Ever alcohol (past/current), Body mass index, kg/m2",2.269366909465944e-21
cap,age,beta,4.49184106097815,3.21260734855712,5.77107477339917,4.28614317044281e-05,26892,"Male sex, Ever smoking (past/current), Ever alcohol (past/current), Body mass index, kg/m2",8.758255362743676e-05
lsm,age,beta,0.893642135306696,0.0148173178226387,1.77246695279075,0.0742430693512962,26892,"Male sex, Ever smoking (past/current), Ever alcohol (past/current), Body mass index, kg/m2",0.0990575319911392
dm,age,beta,13.0715971529964,12.4913240284017,13.6518702775911,1.23166087159804e-75,26892,"Male sex, Ever smoking (past/current), Ever alcohol (past/current), Body mass index, kg/m2",2.7069168933565813e-73
prediabetes,age,beta,6.80428524321857,6.2224601440597,7.38611034237745,1.80701265234731e-45,26892,"Male sex, Ever smoking (past/current), Ever alcohol (past/current), Body mass index, kg/m2",4.2805641034047654e-44
htn,age,beta,17.6719538761753,17.1178920642641,18.2260156880864,7.37397089854123e-93,26892,"Male sex, Ever smoking (past/current), Ever alcohol (past/current), Body mass index, kg/m2",7.2928572186572765e-90
mets,age,beta,11.4875011125337,10.6820321480926,12.2929700769748,3.98129139853527e-54,26892,"Male sex, Ever smoking (past/current), Ever alcohol (past/current), Body mass index, kg/m2",1.6237101827428381e-52
dyslipidemia,age,beta,7.34176387209923,6.71159751175661,7.97193023244185,2.61059867455063e-45,26892,"Male sex, Ever smoking (past/current), Ever alcohol (past/current), Body mass index, kg/m2",6.004376951466448e-44
low_hdl,age,beta,-2.8980403919088,-3.61950535048676,-2.17657543333084,1.7968866083742199e-12,26892,"Male sex, Ever smoking (past/current), Ever alcohol (past/current), Body mass index, kg/m2",6.2409863237299505e-12
high_tg,age,beta,2.39209183600053,1.54854257461093,3.23564109739013,1.69649418219695e-07,26892,"Male sex, Ever smoking (past/current), Ever alcohol (past/current), Body mass index, kg/m2",4.244991135212609e-07
high_ldl,age,beta,2.23037564966007,1.05403083596104,3.40672046335911,0.0003095678425559,26892,"Male sex, Ever smoking (past/current), Ever alcohol (past/current), Body mass index, kg/m2",0.0005801280839181148
high_nonhdl,age,beta,1.48720411777025,0.733249619113798,2.2411586164267,0.0001806855944061,26892,"Male sex, Ever smoking (past/current), Ever alcohol (past/current), Body mass index, kg/m2",0.0003474925675598112
atherogenic_dyslipidemia,age,beta,0.821450066341575,-0.278620617166082,1.92152074984923,0.145945056004344,26892,"Male sex, Ever smoking (past/current), Ever alcohol (past/current), Body mass index, kg/m2",0.18328845763593168
insulin_resistance,age,beta,2.87494248316397,1.93331096260883,3.81657400371912,2.35441175850091e-08,26892,"Male sex, Ever smoking (past/current), Ever alcohol (past/current), Body mass index, kg/m2",6.323185958336456e-08
high_alt,age,beta,-5.17246014452322,-6.04620343246202,-4.29871685658441,2.77250219459812e-21,26892,"Male sex, Ever smoking (past/current), Ever alcohol (past/current), Body mass index, kg/m2",1.6925954755910745e-20
high_ast,age,beta,-1.64989451220699,-2.72105845578912,-0.578730568624855,0.0031039784378389,26892,"Male sex, Ever smoking (past/current), Ever alcohol (past/current), Body mass index, kg/m2",0.005139949225655374
steatosis,age,beta,8.39028761784989,6.53745811025964,10.2431171254401,4.68891022755434e-06,26892,"Male sex, Ever smoking (past/current), Ever alcohol (past/current), Body mass index, kg/m2",1.0420971269778072e-05
masld,age,beta,9.26505125916816,7.57933467659352,10.9507678417428,8.00371871042432e-07,26892,"Male sex, Ever smoking (past/current), Ever alcohol (past/current), Body mass index, kg/m2",1.9005228822592203e-06
anemia,age,beta,5.3585987261076,4.29867271370116,6.41852473851404,3.05189060075816e-17,26892,"Male sex, Ever smoking (past/current), Ever alcohol (past/current), Body mass index, kg/m2",1.4813839529569672e-16
leukocytosis,age,beta,-4.78864083759945,-5.85810855301658,-3.71917312218231,1.45862730436647e-14,26892,"Male sex, Ever smoking (past/current), Ever alcohol (past/current), Body mass index, kg/m2",5.840414591167769e-14
vitd_deficiency,age,beta,-6.08109326051245,-6.71808690373136,-5.44409961729355,3.01817188010386e-37,26892,"Male sex, Ever smoking (past/current), Ever alcohol (past/current), Body mass index, kg/m2",4.6099953504597956e-36
osteoporosis,age,beta,5.64277611874303,4.62835669547222,6.65719554201385,6.741276617540761e-17,26892,"Male sex, Ever smoking (past/current), Ever alcohol (past/current), Body mass index, kg/m2",3.2014994356532115e-16
men,age,beta,-1.56897064844487,-2.04424606124145,-1.0936952356483,2.08848307144385e-09,26892,unadjusted,6.0350905994389125e-09
current_smoking,age,beta,-4.47897710988781,-5.13147607079058,-3.82647814898505,1.0122733061900201e-25,26892,"Male sex, Ever alcohol (past/current), Body mass index, kg/m2",7.961338368365248e-25
age,bmi,beta,0.295492871760265,0.16689153574451,0.42409420777602,1.5310112280908e-05,26491,unadjusted,3.259784939896235e-05
men,bmi,beta,-0.42165015073867,-0.629271420517441,-0.214028880959899,0.0001167844545434,26491,unadjusted,0.0002288258059305054
sbp,bmi,beta,1.06730577315199,0.928731910856308,1.20587963544766,2.02390196227039e-29,26491,"Age, years, Male sex, Ever smoking (past/current), Ever alcohol (past/current)",2.021857616853955e-28
dbp,bmi,beta,1.01263842382057,0.885840311804208,1.13943653583694,1.1371809851483698e-30,26491,"Age, years, Male sex, Ever smoking (past/current), Ever alcohol (past/current)",1.2224695590344975e-29
glucose,bmi,beta,1.76974215152917,1.46169948830957,2.07778481474877,1.81708540531329e-20,26491,"Age, years, Male sex, Ever smoking (past/current), Ever alcohol (past/current)",1.0448241080551417e-19
hba1c,bmi,beta,1.94914566017907,1.78548768201372,2.11280363834442,3.05375606521946e-46,26491,"Age, years, Male sex, Ever smoking (past/current), Ever alcohol (past/current)",7.411447235587844e-45
homa_ir,bmi,beta,4.1159843656873,3.93915877754984,4.29280995382477,3.0941538429560796e-77,26491,"Age, years, Male sex, Ever smoking (past/current), Ever alcohol (past/current)",7.650295376708907e-75
tg,bmi,beta,1.26113459674655,1.00105665615598,1.52121253733712,2.79783154455404e-16,26491,"Age, years, Male sex, Ever smoking (past/current), Ever alcohol (past/current)",1.2663869096402497e-15
tchol,bmi,beta,0.0020361945705464,-0.117425927092747,0.12149831623384,0.973405529029792,26491,"Age, years, Male sex, Ever smoking (past/current), Ever alcohol (past/current)",0.9776065683782325
hdl,bmi,beta,-2.42027024151593,-2.55008426091297,-2.29045622211888,1.57626460832614e-66,26491,"Age, years, Male sex, Ever smoking (past/current), Ever alcohol (past/current)",1.6853250785238404e-64
ldl,bmi,beta,0.233203857894174,0.063290708113376,0.403117007674972,0.0081705286567383,26491,"Age, years, Male sex, Ever smoking (past/current), Ever alcohol (past/current)",0.012770688015036238
nonhdl,bmi,beta,0.839685791958031,0.72582345796273,0.953548125953333,5.83134171797283e-28,26491,"Age, years, Male sex, Ever smoking (past/current), Ever alcohol (past/current)",5.219182768393782e-27
alt,bmi,beta,1.10808949560416,0.729131531181006,1.48704746002732,7.67595625875999e-08,26491,"Age, years, Male sex, Ever smoking (past/current), Ever alcohol (past/current)",1.980827329396903e-07
ast,bmi,beta,0.180011473714036,0.0351321233406978,0.324890824087373,0.0163634148654543,26491,"Age, years, Male sex, Ever smoking (past/current), Ever alcohol (past/current)",0.02436344343535462
creatinine,bmi,beta,0.164764223916377,-0.0266843240309732,0.356212771863727,0.0946368000928368,26491,"Age, years, Male sex, Ever smoking (past/current), Ever alcohol (past/current)",0.12351804063585034
egfr,bmi,beta,-0.222644889226808,-0.432837546885505,-0.0124522315681099,0.040349226389735,26491,"Age, years, Male sex, Ever smoking (past/current), Ever alcohol (past/current)",0.056403370882611895
hemoglobin,bmi,beta,0.0288938557244398,-0.13984634126651,0.19763405271539,0.737751218945396,26491,"Age, years, Male sex, Ever smoking (past/current), Ever alcohol (past/current)",0.77210154025079
platelet,bmi,beta,0.961874637488862,0.812297987269357,1.11145128770837,1.172652296873e-23,26491,"Age, years, Male sex, Ever smoking (past/current), Ever alcohol (past/current)",8.269184467788928e-23
wbc,bmi,beta,1.68744330777885,0.747119686942964,2.62776692861473,0.0006180973217166,26491,"Age, years, Male sex, Ever smoking (past/current), Ever alcohol (past/current)",0.001126817052862152
fib4,bmi,beta,-0.845256329783366,-1.19604271312815,-0.494469946438578,6.41759224416171e-06,26491,"Age, years, Male sex, Ever smoking (past/current), Ever alcohol (past/current)",1.4112281777600737e-05
vitd,bmi,beta,-1.32858456023528,-1.4536319718657,-1.20353714860486,1.7143741065322e-41,26491,"Age, years, Male sex, Ever smoking (past/current), Ever alcohol (past/current)",3.357457408634348e-40
fn_bmd,bmi,beta,2.72119426175278,2.56857290941454,2.87381561409102,6.72037885914507e-47,26491,"Age, years, Male sex, Ever smoking (past/current), Ever alcohol (past/current)",1.7263518679725907e-45
ls_bmd,bmi,beta,1.89854854105871,1.72402953605616,2.07306754606125,7.80116490156684e-33,26491,"Age, years, Male sex, Ever smoking (past/current), Ever alcohol (past/current)",9.766268465379245e-32
insulin,bmi,beta,4.05180922445755,3.88512147382991,4.2184969750852,2.32622512297349e-79,26491,"Age, years, Male sex, Ever smoking (past/current), Ever alcohol (past/current)",7.078881989602405e-77
ggt,bmi,beta,0.655550024239119,0.418201164261441,0.892898884216797,3.25842727505174e-07,26491,"Age, years, Male sex, Ever smoking (past/current), Ever alcohol (past/current)",7.991530254249649e-07
uric,bmi,beta,2.61012559333227,2.48008623810463,2.74016494855992,4.71705193884166e-70,26491,"Age, years, Male sex, Ever smoking (past/current), Ever alcohol (past/current)",6.664520525020574e-68
cap,bmi,beta,4.4388439241834,4.01122139646523,4.86646645190157,1.8151978734827202e-09,26491,"Age, years, Male sex, Ever smoking (past/current), Ever alcohol (past/current)",5.2839755610725834e-09
lsm,bmi,beta,2.13528501547277,1.0958663662996,3.17470366464594,0.0024132909902255,26491,"Age, years, Male sex, Ever smoking (past/current), Ever alcohol (past/current)",0.004038485261138781
dm,bmi,beta,5.09503607881333,4.70134398477714,5.48872817284952,8.01661969620985e-50,26491,"Age, years, Male sex, Ever smoking (past/current), Ever alcohol (past/current)",2.3844922946019676e-48
prediabetes,bmi,beta,1.41506981882745,1.1296417020977,1.70049793555719,8.733838407180771e-17,26491,"Age, years, Male sex, Ever smoking (past/current), Ever alcohol (past/current)",4.1034518692169986e-16
htn,bmi,beta,3.6178864869054,3.3724290950025,3.8633438788083,1.30283300715317e-55,26491,"Age, years, Male sex, Ever smoking (past/current), Ever alcohol (past/current)",5.993031832904582e-54
mets,bmi,beta,6.8690906515309,6.44467363047706,7.29350767258474,6.78905479812738e-60,26491,"Age, years, Male sex, Ever smoking (past/current), Ever alcohol (past/current)",4.6306035829986065e-58
dyslipidemia,bmi,beta,3.34481233670097,3.09196047129253,3.59766420210942,8.78554897030873e-51,26491,"Age, years, Male sex, Ever smoking (past/current), Ever alcohol (past/current)",2.780450538123307e-49
low_hdl,bmi,beta,4.05865643888191,3.80764329029245,4.30966958747137,7.52680608317379e-60,26491,"Age, years, Male sex, Ever smoking (past/current), Ever alcohol (past/current)",5.0467872652602566e-58
high_tg,bmi,beta,3.05169931398654,2.67880861005719,3.42459001791589,1.56751637849263e-31,26491,"Age, years, Male sex, Ever smoking (past/current), Ever alcohol (past/current)",1.7974187806715493e-30
high_ldl,bmi,beta,0.357578454412026,-0.119015379733775,0.834172288557827,0.144052812854528,26491,"Age, years, Male sex, Ever smoking (past/current), Ever alcohol (past/current)",0.1810845019550406
high_nonhdl,bmi,beta,1.11091022106218,0.760483891507637,1.46133655061672,7.8960343354929e-09,26491,"Age, years, Male sex, Ever smoking (past/current), Ever alcohol (past/current)",2.2013186632283238e-08
atherogenic_dyslipidemia,bmi,beta,3.81355747638429,3.2896207886115,4.33749416415708,1.57316948173591e-27,26491,"Age, years, Male sex, Ever smoking (past/current), Ever alcohol (past/current)",1.376871342864438e-26
insulin_resistance,bmi,beta,6.84427957131305,6.51807593423841,7.17048320838769,3.45427254396704e-72,26491,"Age, years, Male sex, Ever smoking (past/current), Ever alcohol (past/current)",6.507191516158861e-70
ckd,bmi,beta,1.02610048348514,0.674687196080964,1.37751377088932,7.96743156653005e-08,26491,"Age, years, Male sex, Ever smoking (past/current), Ever alcohol (past/current)",2.0520285987755782e-07
high_alt,bmi,beta,3.14290515542736,2.69046296477078,3.59534734608394,5.02302444716596e-26,26491,"Age, years, Male sex, Ever smoking (past/current), Ever alcohol (past/current)",4.071943588727159e-25
high_ast,bmi,beta,1.55434690635772,0.930649288172099,2.17804452454335,3.26190442559907e-06,26491,"Age, years, Male sex, Ever smoking (past/current), Ever alcohol (past/current)",7.323549323308695e-06
adv_fibrosis,bmi,beta,-1.7224163150229,-2.36887841127916,-1.07595421876665,7.61426965173045e-07,26491,"Age, years, Male sex, Ever smoking (past/current), Ever alcohol (past/current)",1.8091321767114511e-06
anemia,bmi,beta,0.706876752560514,0.209277468403361,1.20447603671767,0.0062419987470038,26491,"Age, years, Male sex, Ever smoking (past/current), Ever alcohol (past/current)",0.009952981476480063
leukocytosis,bmi,beta,3.63778084808427,3.06353231358128,4.21202938258725,3.25470371422716e-23,26491,"Age, years, Male sex, Ever smoking (past/current), Ever alcohol (past/current)",2.266832375613142e-22
vitd_deficiency,bmi,beta,2.31522188489346,2.03705837424852,2.5933853955384,3.91916896083026e-32,26491,"Age, years, Male sex, Ever smoking (past/current), Ever alcohol (past/current)",4.741355476772021e-31
osteoporosis,bmi,beta,-4.11261157060217,-4.55404164718773,-3.67118149401661,9.8038472502726e-29,26491,"Age, years, Male sex, Ever smoking (past/current), Ever alcohol (past/current)",9.256329289278855e-28
smoking,bmi,beta,-0.204625410882196,-0.444943710086886,0.0356928883224938,0.0977238672881504,26491,"Age, years, Male sex",0.12717345511163244
alcohol,bmi,beta,-0.541241058704304,-0.844923849032114,-0.237558268376494,0.0006672825913853,26491,"Age, years, Male sex",0.0012097937358021298
current_smoking,bmi,beta,-1.2405448512846,-1.56379246922493,-0.917297233344267,1.0855454454867198e-11,26491,"Age, years, Male sex, Ever alcohol (past/current)",3.602699481833443e-11
age,wc,beta,3.12985571189503,2.83029497568076,3.4294164481093,1.91084411639465e-41,25279,unadjusted,3.723792770668589e-40
men,wc,beta,4.89062181463599,4.37940595722513,5.40183767204686,7.1751568350896e-38,25279,unadjusted,1.1353968175845783e-36
sbp,wc,beta,2.24980127802063,1.93521720015406,2.5643853558872,5.8861557504176e-27,25279,"Age, years, Male sex, Ever smoking (past/current), Ever alcohol (past/current)",5.04018011875585e-26
dbp,wc,beta,2.35434703130375,2.07021614764133,2.63847791496616,5.66400067931689e-32,25279,"Age, years, Male sex, Ever smoking (past/current), Ever alcohol (past/current)",6.7490321347522945e-31
glucose,wc,beta,4.54709136674232,3.75219966121129,5.34198307227335,2.37148293591647e-20,25279,"Age, years, Male sex, Ever smoking (past/current), Ever alcohol (past/current)",1.357682560707027e-19
hba1c,wc,beta,4.67496423719142,4.26229360772872,5.08763486665412,3.9081700666979997e-44,25279,"Age, years, Male sex, Ever smoking (past/current), Ever alcohol (past/current)",8.589289324365159e-43
homa_ir,wc,beta,10.0353899359866,9.62681985200352,10.4439600199697,7.15835538381416e-80,25279,"Age, years, Male sex, Ever smoking (past/current), Ever alcohol (past/current)",2.57440489985171e-77
tg,wc,beta,3.50849209588537,2.76259451673599,4.25438967503475,1.32167743344729e-15,25279,"Age, years, Male sex, Ever smoking (past/current), Ever alcohol (past/current)",5.695594691413377e-15
tchol,wc,beta,0.228703782070743,-0.0584927112575956,0.515900275399082,0.121223931041601,25279,"Age, years, Male sex, Ever smoking (past/current), Ever alcohol (past/current)",0.1550976297543899
hdl,wc,beta,-6.05895471692938,-6.3818676266255,-5.73604180723325,7.84491099757308e-67,25279,"Age, years, Male sex, Ever smoking (past/current), Ever alcohol (past/current)",8.620685529555308e-65
ldl,wc,beta,0.603663659270822,0.240842307557679,0.966485010983965,0.0014481525000642,25279,"Age, years, Male sex, Ever smoking (past/current), Ever alcohol (past/current)",0.0025115700527198487
nonhdl,wc,beta,2.32888674842476,2.04537279737229,2.61240069947722,1.15678919691492e-31,25279,"Age, years, Male sex, Ever smoking (past/current), Ever alcohol (past/current)",1.3341860241969165e-30
alt,wc,beta,2.71929859353259,1.82934122183678,3.6092559652284,2.30296043206257e-08,25279,"Age, years, Male sex, Ever smoking (past/current), Ever alcohol (past/current)",6.193413643262764e-08
ast,wc,beta,0.427486255206884,0.0872316305518581,0.76774087986191,0.0152295847473039,25279,"Age, years, Male sex, Ever smoking (past/current), Ever alcohol (past/current)",0.022786776573500086
creatinine,wc,beta,0.0692450880875307,-0.288779144122242,0.427269320297303,0.705400174278532,25279,"Age, years, Male sex, Ever smoking (past/current), Ever alcohol (past/current)",0.7443486501589417
egfr,wc,beta,0.0909710819664312,-0.387144286329912,0.569086450262774,0.709959913092564,25279,"Age, years, Male sex, Ever smoking (past/current), Ever alcohol (past/current)",0.7475649231286088
hemoglobin,wc,beta,0.375095728886072,-0.0015012046581229,0.751692662430267,0.0532647177460557,25279,"Age, years, Male sex, Ever smoking (past/current), Ever alcohol (past/current)",0.07293707975195443
platelet,wc,beta,2.06608275987181,1.70353659678101,2.42862892296261,2.99189129379103e-20,25279,"Age, years, Male sex, Ever smoking (past/current), Ever alcohol (past/current)",1.6932649439538363e-19
wbc,wc,beta,4.44915115217713,1.93175687794169,6.96654542641257,0.0007404739594928,25279,"Age, years, Male sex, Ever smoking (past/current), Ever alcohol (past/current)",0.0013302974494793446
fib4,wc,beta,-1.87023669384769,-2.66612860440502,-1.07434478329036,1.0382442215614e-05,25279,"Age, years, Male sex, Ever smoking (past/current), Ever alcohol (past/current)",2.243197236754177e-05
vitd,wc,beta,-2.75671193168774,-3.04376375536255,-2.46966010801294,1.77509389387158e-37,25279,"Age, years, Male sex, Ever smoking (past/current), Ever alcohol (past/current)",2.721810637269756e-36
fn_bmd,wc,beta,5.77644622746264,5.39877646262745,6.15411599229782,2.0755182689634797e-42,25279,"Age, years, Male sex, Ever smoking (past/current), Ever alcohol (past/current)",4.2764324333435033e-41
ls_bmd,wc,beta,4.34800917015201,3.92596345687233,4.77005488343169,2.25988922978771e-31,25279,"Age, years, Male sex, Ever smoking (past/current), Ever alcohol (past/current)",2.532612405960391e-30
insulin,wc,beta,9.84164063007217,9.45486086277085,10.2284203973735,1.30408763599523e-81,25279,"Age, years, Male sex, Ever smoking (past/current), Ever alcohol (past/current)",5.1589706879971296e-79
ggt,wc,beta,1.65896456331173,1.12740815613201,2.19052097049145,1.25308367726141e-08,25279,"Age, years, Male sex, Ever smoking (past/current), Ever alcohol (past/current)",3.435342361223935e-08
uric,wc,beta,6.08540426731743,5.78953893195137,6.38126960268348,3.15226134828245e-71,25279,"Age, years, Male sex, Ever smoking (past/current), Ever alcohol (past/current)",5.195977455752238e-69
cap,wc,beta,10.7495316949162,9.93936793720232,11.55969545263,1.62612312821068e-10,25279,"Age, years, Male sex, Ever smoking (past/current), Ever alcohol (past/current)",5.105510393017023e-10
lsm,wc,beta,4.70241375055864,2.4080824407311,6.99674506038617,0.0024495694342799,25279,"Age, years, Male sex, Ever smoking (past/current), Ever alcohol (past/current)",0.00409710737603354
dm,wc,beta,12.5028821782044,11.6505058969335,13.3552584594753,2.1564187871939098e-55,25279,"Age, years, Male sex, Ever smoking (past/current), Ever alcohol (past/current)",9.805508876021962e-54
prediabetes,wc,beta,3.06501153305074,2.44453811372807,3.68548495237342,1.0584178879346199e-16,25279,"Age, years, Male sex, Ever smoking (past/current), Ever alcohol (past/current)",4.937619297959147e-16
htn,wc,beta,8.25245153191012,7.68369480017503,8.8212082636452,6.681616022566e-55,25279,"Age, years, Male sex, Ever smoking (past/current), Ever alcohol (past/current)",2.904667361018802e-53
dyslipidemia,wc,beta,8.60945129584039,8.01112360955658,9.2077789821242,1.5866073701431e-54,25279,"Age, years, Male sex, Ever smoking (past/current), Ever alcohol (past/current)",6.749052426114089e-53
low_hdl,wc,beta,10.199748061631,9.63189527421312,10.7676008490488,9.168124198027881e-65,25279,"Age, years, Male sex, Ever smoking (past/current), Ever alcohol (past/current)",8.434674262185652e-63
high_tg,wc,beta,8.30436833248845,7.30968207655914,9.29905458841776,3.04429246082003e-32,25279,"Age, years, Male sex, Ever smoking (past/current), Ever alcohol (past/current)",3.7170435108037156e-31
high_ldl,wc,beta,1.06715308760717,-0.0425568178528326,2.17686299306718,0.0618912834857885,25279,"Age, years, Male sex, Ever smoking (past/current), Ever alcohol (past/current)",0.08373526589253738
high_nonhdl,wc,beta,3.48206376233713,2.61786588419455,4.34626164047971,1.5819447249237899e-12,25279,"Age, years, Male sex, Ever smoking (past/current), Ever alcohol (past/current)",5.538206488317268e-12
atherogenic_dyslipidemia,wc,beta,10.1012567897355,8.85664598363251,11.3458675958384,3.09010268809618e-31,25279,"Age, years, Male sex, Ever smoking (past/current), Ever alcohol (past/current)",3.443505981439011e-30
insulin_resistance,wc,beta,16.8882840683344,16.1194211346228,17.6571470020459,2.08196584485954e-74,25279,"Age, years, Male sex, Ever smoking (past/current), Ever alcohol (past/current)",4.334872043297021e-72
ckd,wc,beta,2.82818266926847,2.00755309939291,3.64881223914403,5.57226415154723e-10,25279,"Age, years, Male sex, Ever smoking (past/current), Ever alcohol (past/current)",1.6801735505732348e-09
high_alt,wc,beta,7.71951624066591,6.64543025223757,8.79360222909424,4.07268245545471e-27,25279,"Age, years, Male sex, Ever smoking (past/current), Ever alcohol (past/current)",3.5101376457034497e-26
high_ast,wc,beta,3.70865882998558,2.24754279968291,5.16977486028825,2.22230775050836e-06,25279,"Age, years, Male sex, Ever smoking (past/current), Ever alcohol (past/current)",5.061283512384038e-06
adv_fibrosis,wc,beta,-3.69825509664225,-5.31841258787018,-2.07809760541431,1.76780533733366e-05,25279,"Age, years, Male sex, Ever smoking (past/current), Ever alcohol (past/current)",3.74381044673017e-05
anemia,wc,beta,0.922511297017308,-0.0974902702303041,1.94251286426492,0.078842794444924,25279,"Age, years, Male sex, Ever smoking (past/current), Ever alcohol (past/current)",0.1046651324913152
leukocytosis,wc,beta,9.74598945534659,8.46458091691163,11.0273979937816,5.41690492564177e-29,25279,"Age, years, Male sex, Ever smoking (past/current), Ever alcohol (past/current)",5.252273501431089e-28
vitd_deficiency,wc,beta,4.65452534469454,4.02703965740439,5.28201103198468,3.73496154035213e-28,25279,"Age, years, Male sex, Ever smoking (past/current), Ever alcohol (past/current)",3.38112307863456e-27
osteoporosis,wc,beta,-9.53197638959186,-10.864563936355,-8.19938884282871,2.85840523933814e-22,25279,"Age, years, Male sex, Ever smoking (past/current), Ever alcohol (past/current)",1.8721607825863713e-21
smoking,wc,beta,0.695251265472426,0.13393747443755,1.2565650565073,0.0166682072119878,25279,"Age, years, Male sex",0.024761332230801254
alcohol,wc,beta,-0.497442269126161,-1.19841609127501,0.203531553022692,0.166807253465645,25279,"Age, years, Male sex",0.2072517257255313
current_smoking,wc,beta,-1.8061672488773,-2.53949968117813,-1.07283481657647,4.11664470219871e-06,25279,"Age, years, Male sex, Ever alcohol (past/current)",9.200817198812483e-06
age,height,beta,-1.73689449119003,-1.89816407267176,-1.5756249097083,1.0379913224146598e-42,26558,unadjusted,2.1726421542181983e-41
men,height,beta,14.0400372081096,13.7966437416633,14.2834306745559,3.7475503726835297e-126,26558,unadjusted,1.4825309274336042e-122
sbp,height,beta,-0.348497998457279,-0.47485306163943,-0.222142935275128,3.41255789967608e-07,26558,"Age, years, Male sex, Ever smoking (past/current), Ever alcohol (past/current), Body mass index, kg/m2",8.354009313810997e-07
dbp,height,beta,0.625375975458294,0.498200122054231,0.752551828862356,1.4452645226596e-16,26558,"Age, years, Male sex, Ever smoking (past/current), Ever alcohol (past/current), Body mass index, kg/m2",6.648216804234161e-16
glucose,height,beta,-0.0919705034194996,-0.311770073545631,0.127829066706632,0.413800844373995,26558,"Age, years, Male sex, Ever smoking (past/current), Ever alcohol (past/current), Body mass index, kg/m2",0.4721650246159574
hba1c,height,beta,-0.408702782160483,-0.550085756225893,-0.267319808095073,1.05148563828187e-07,26558,"Age, years, Male sex, Ever smoking (past/current), Ever alcohol (past/current), Body mass index, kg/m2",2.6727300010991096e-07
homa_ir,height,beta,-0.0086636467331685,-0.244591203602407,0.227263910136069,0.942744120724308,26558,"Age, years, Male sex, Ever smoking (past/current), Ever alcohol (past/current), Body mass index, kg/m2",0.9516447414098909
tg,height,beta,-0.104606720217896,-0.279880840126709,0.0706673996909181,0.2444536963961,26558,"Age, years, Male sex, Ever smoking (past/current), Ever alcohol (past/current), Body mass index, kg/m2",0.2942966594470395
tchol,height,beta,-0.0859576940543616,-0.192752776043834,0.0208373879351103,0.117340795447495,26558,"Age, years, Male sex, Ever smoking (past/current), Ever alcohol (past/current), Body mass index, kg/m2",0.15071434636048384
hdl,height,beta,0.125750917542348,0.0003919565686715,0.251109878516025,0.0516320525885131,26558,"Age, years, Male sex, Ever smoking (past/current), Ever alcohol (past/current), Body mass index, kg/m2",0.07089774385288365
ldl,height,beta,-0.135105173863877,-0.306073809145066,0.0358634614173125,0.124093758377541,26558,"Age, years, Male sex, Ever smoking (past/current), Ever alcohol (past/current), Body mass index, kg/m2",0.15825754614492335
nonhdl,height,beta,-0.124830447015089,-0.23529840537649,-0.0143624886536879,0.0286921141927781,26558,"Age, years, Male sex, Ever smoking (past/current), Ever alcohol (past/current), Body mass index, kg/m2",0.04108071072986977
alt,height,beta,-0.204990623890085,-0.3407130335792,-0.0692682142009703,0.0037156400542742,26558,"Age, years, Male sex, Ever smoking (past/current), Ever alcohol (past/current), Body mass index, kg/m2",0.006096670283993668
ast,height,beta,-0.0806001457544818,-0.231944384491418,0.0707440929824544,0.298701957839968,26558,"Age, years, Male sex, Ever smoking (past/current), Ever alcohol (past/current), Body mass index, kg/m2",0.3528066419096211
creatinine,height,beta,0.549317785458137,0.31479125267677,0.783844318239505,1.25147937599349e-05,26558,"Age, years, Male sex, Ever smoking (past/current), Ever alcohol (past/current), Body mass index, kg/m2",2.6848440409057738e-05
egfr,height,beta,-1.20395803422853,-1.41281203817157,-0.995104030285486,9.724220221081351e-20,26558,"Age, years, Male sex, Ever smoking (past/current), Ever alcohol (past/current), Body mass index, kg/m2",5.357801559136187e-19
hemoglobin,height,beta,0.406751097334694,0.244645240205112,0.568856954464277,2.85731370657467e-06,26558,"Age, years, Male sex, Ever smoking (past/current), Ever alcohol (past/current), Body mass index, kg/m2",6.4370916988663986e-06
platelet,height,beta,-0.503393275821014,-0.636129781253398,-0.370656770388629,1.84027257156821e-11,26558,"Age, years, Male sex, Ever smoking (past/current), Ever alcohol (past/current), Body mass index, kg/m2",6.021603220118973e-11
wbc,height,beta,-0.467945741288572,-0.783849483794328,-0.152041998782816,0.0044078859734617,26558,"Age, years, Male sex, Ever smoking (past/current), Ever alcohol (past/current), Body mass index, kg/m2",0.007161230764276997
fib4,height,beta,0.131500301645074,-0.0330334908451026,0.29603409413525,0.119911741087872,26558,"Age, years, Male sex, Ever smoking (past/current), Ever alcohol (past/current), Body mass index, kg/m2",0.15356777201153177
vitd,height,beta,0.652552679180514,0.527487225522026,0.777618132839001,5.8063457023406696e-18,26558,"Age, years, Male sex, Ever smoking (past/current), Ever alcohol (past/current), Body mass index, kg/m2",2.9486397430628614e-17
fn_bmd,height,beta,1.67117760886637,1.48367709895197,1.85867811878077,2.05142858698282e-27,26558,"Age, years, Male sex, Ever smoking (past/current), Ever alcohol (past/current), Body mass index, kg/m2",1.791490395166454e-26
ls_bmd,height,beta,1.91448580352678,1.70363605905313,2.12533554800043,6.99528959924475e-28,26558,"Age, years, Male sex, Ever smoking (past/current), Ever alcohol (past/current), Body mass index, kg/m2",6.232740012300052e-27
insulin,height,beta,0.0262133928653513,-0.212531378777734,0.264958164508437,0.829981673176405,26558,"Age, years, Male sex, Ever smoking (past/current), Ever alcohol (past/current), Body mass index, kg/m2",0.8541642817601088
ggt,height,beta,-0.235884939766403,-0.386000267143888,-0.0857696123889176,0.0025768025621379,26558,"Age, years, Male sex, Ever smoking (past/current), Ever alcohol (past/current), Body mass index, kg/m2",0.004301194487686722
uric,height,beta,0.117991699969512,-0.0217860423525693,0.257769442291594,0.100681463994159,26558,"Age, years, Male sex, Ever smoking (past/current), Ever alcohol (past/current), Body mass index, kg/m2",0.13071738482471054
cap,height,beta,0.200088702415804,-0.210165645489949,0.610343050321557,0.364078834335407,26558,"Age, years, Male sex, Ever smoking (past/current), Ever alcohol (past/current), Body mass index, kg/m2",0.4201563210708489
lsm,height,beta,0.278813707611339,-0.178092069485452,0.735719484708131,0.262241946369855,26558,"Age, years, Male sex, Ever smoking (past/current), Ever alcohol (past/current), Body mass index, kg/m2",0.313517419111256
dm,height,beta,-0.750918822416813,-1.07393080774917,-0.427906837084453,1.27684343375305e-05,26558,"Age, years, Male sex, Ever smoking (past/current), Ever alcohol (past/current), Body mass index, kg/m2",2.7333293419518755e-05
prediabetes,height,beta,-0.367116945299242,-0.629880608840665,-0.104353281757819,0.0071314411109602,26558,"Age, years, Male sex, Ever smoking (past/current), Ever alcohol (past/current), Body mass index, kg/m2",0.011246868566852633
htn,height,beta,-0.191963533658875,-0.472273755831821,0.088346688514072,0.182089285522548,26558,"Age, years, Male sex, Ever smoking (past/current), Ever alcohol (past/current), Body mass index, kg/m2",0.22489703825388696
mets,height,beta,0.626440282659934,0.183503906752859,1.06937665856701,0.0064758402210614,26558,"Age, years, Male sex, Ever smoking (past/current), Ever alcohol (past/current), Body mass index, kg/m2",0.010276654729574296
dyslipidemia,height,beta,-0.402031166110972,-0.64825255432968,-0.155809777892264,0.0017638902281193,26558,"Age, years, Male sex, Ever smoking (past/current), Ever alcohol (past/current), Body mass index, kg/m2",0.0030194503428991565
low_hdl,height,beta,0.0266367336224243,-0.226577203666206,0.279850670911055,0.837004553764281,26558,"Age, years, Male sex, Ever smoking (past/current), Ever alcohol (past/current), Body mass index, kg/m2",0.8609438415734517
high_tg,height,beta,-0.436148350444192,-0.777702139047967,-0.0945945618404179,0.013688745102117,26558,"Age, years, Male sex, Ever smoking (past/current), Ever alcohol (past/current), Body mass index, kg/m2",0.02063745260060017
high_ldl,height,beta,-0.422451891315052,-1.01537145474926,0.170467672119155,0.165188545120884,26558,"Age, years, Male sex, Ever smoking (past/current), Ever alcohol (past/current), Body mass index, kg/m2",0.20536954258272064
high_nonhdl,height,beta,-0.572440097859275,-0.949218064077057,-0.195662131641492,0.0035238902327409,26558,"Age, years, Male sex, Ever smoking (past/current), Ever alcohol (past/current), Body mass index, kg/m2",0.005801294115989597
atherogenic_dyslipidemia,height,beta,-0.0647767551268847,-0.612205480499205,0.482651970245436,0.81699795139013,26558,"Age, years, Male sex, Ever smoking (past/current), Ever alcohol (past/current), Body mass index, kg/m2",0.8427754617208225
insulin_resistance,height,beta,-0.0121501601378579,-0.444316327674172,0.420016007398456,0.956148378184748,26558,"Age, years, Male sex, Ever smoking (past/current), Ever alcohol (past/current), Body mass index, kg/m2",0.9636304654031809
ckd,height,beta,-1.09606052760161,-1.4798572912628,-0.712263763940422,1.43743872911564e-07,26558,"Age, years, Male sex, Ever smoking (past/current), Ever alcohol (past/current), Body mass index, kg/m2",3.610481023734268e-07
high_alt,height,beta,-0.666960121553244,-1.06340323391872,-0.270517009187765,0.0012896975742238,26558,"Age, years, Male sex, Ever smoking (past/current), Ever alcohol (past/current), Body mass index, kg/m2",0.0022505706235683076
high_ast,height,beta,-0.474683003013315,-0.982192677992675,0.0328266719660454,0.0692899112030411,26558,"Age, years, Male sex, Ever smoking (past/current), Ever alcohol (past/current), Body mass index, kg/m2",0.09291894532855273
adv_fibrosis,height,beta,-1.51182009419563,-2.19163180709873,-0.832008381292522,2.80926091764794e-05,26558,"Age, years, Male sex, Ever smoking (past/current), Ever alcohol (past/current), Body mass index, kg/m2",5.839955959125197e-05
anemia,height,beta,-1.06611468762994,-1.45908752705734,-0.673141848202531,5.05900523205212e-07,26558,"Age, years, Male sex, Ever smoking (past/current), Ever alcohol (past/current), Body mass index, kg/m2",1.2233144680927988e-06
leukocytosis,height,beta,-0.582717431623595,-1.08455873327476,-0.0808761299724352,0.0246575803254226,26558,"Age, years, Male sex, Ever smoking (past/current), Ever alcohol (past/current), Body mass index, kg/m2",0.035665589677284025
vitd_deficiency,height,beta,-1.4613583299529,-1.76772926714313,-1.15498739276267,6.96618545466328e-16,26558,"Age, years, Male sex, Ever smoking (past/current), Ever alcohol (past/current), Body mass index, kg/m2",3.0722664056463693e-15
osteoporosis,height,beta,-2.98402573105663,-3.69752656391857,-2.27052489819469,7.2048528966791194e-12,26558,"Age, years, Male sex, Ever smoking (past/current), Ever alcohol (past/current), Body mass index, kg/m2",2.4154574626493725e-11
smoking,height,beta,0.525839872344529,0.282650761532671,0.769028983156387,4.42802349142949e-05,26558,"Age, years, Male sex",9.034172734448201e-05
alcohol,height,beta,1.95012456712818,1.5871698357428,2.31307929851356,8.392111887458081e-19,26558,"Age, years, Male sex",4.438395003580771e-18
current_smoking,height,beta,-0.0722075832160651,-0.377901600508726,0.233486434076595,0.64423209950064,26558,"Age, years, Male sex, Ever alcohol (past/current), Body mass index, kg/m2",0.6893649406612203
age,weight,beta,-0.807739875943081,-1.18166406615101,-0.433815685735148,4.454285163131e-05,26544,unadjusted,9.069043801001667e-05
men,weight,beta,12.7484038282055,12.1333317412911,13.36347591512,3.9811484790868604e-73,26544,unadjusted,7.87471169163381e-71
sbp,weight,beta,-0.228877045034847,-0.360087559169903,-0.0976665308997918,0.0008637697351118,26544,"Age, years, Male sex, Ever smoking (past/current), Ever alcohol (past/current), Body mass index, kg/m2",0.0015399157602984592
dbp,weight,beta,0.704384227790607,0.563938054873694,0.844830400707519,5.0742074712439704e-17,26544,"Age, years, Male sex, Ever smoking (past/current), Ever alcohol (past/current), Body mass index, kg/m2",2.4331593643928665e-16
glucose,weight,beta,-0.0330476460366791,-0.292701292466841,0.226606000393483,0.803438149235721,26544,"Age, years, Male sex, Ever smoking (past/current), Ever alcohol (past/current), Body mass index, kg/m2",0.8305203340414195
hba1c,weight,beta,-0.378744918477237,-0.54143334857558,-0.216056488378894,1.24387574684081e-05,26544,"Age, years, Male sex, Ever smoking (past/current), Ever alcohol (past/current), Body mass index, kg/m2",2.6699796280533064e-05
homa_ir,weight,beta,0.307510812596906,0.0556780153937918,0.55934360980002,0.0182725719722164,26544,"Age, years, Male sex, Ever smoking (past/current), Ever alcohol (past/current), Body mass index, kg/m2",0.026952384310994806
tg,weight,beta,0.0013128842722162,-0.189905189821374,0.192530958365807,0.989285786028585,26544,"Age, years, Male sex, Ever smoking (past/current), Ever alcohol (past/current), Body mass index, kg/m2",0.9914567619073307
tchol,weight,beta,-0.0226312047067082,-0.131404333403659,0.0861419239902428,0.684162963360333,26544,"Age, years, Male sex, Ever smoking (past/current), Ever alcohol (past/current), Body mass index, kg/m2",0.7256162689151414
hdl,weight,beta,0.0424631798679253,-0.0820805684980191,0.16700692823387,0.505271550407458,26544,"Age, years, Male sex, Ever smoking (past/current), Ever alcohol (past/current), Body mass index, kg/m2",0.5632161886198658
ldl,weight,beta,-0.0650977362365232,-0.241583645656198,0.111388173183151,0.471137404335918,26544,"Age, years, Male sex, Ever smoking (past/current), Ever alcohol (past/current), Body mass index, kg/m2",0.5294941964638896
nonhdl,weight,beta,-0.0357773009166239,-0.147503985332689,0.0759493834994417,0.531456175748623,26544,"Age, years, Male sex, Ever smoking (past/current), Ever alcohol (past/current), Body mass index, kg/m2",0.5877664610739595
alt,weight,beta,-0.0810853988082182,-0.211824993217594,0.0496541956011571,0.226562803993479,26544,"Age, years, Male sex, Ever smoking (past/current), Ever alcohol (past/current), Body mass index, kg/m2",0.27501762890402054
ast,weight,beta,-0.0561679508956024,-0.209191365405853,0.0968554636146485,0.47330025979332,26544,"Age, years, Male sex, Ever smoking (past/current), Ever alcohol (past/current), Body mass index, kg/m2",0.5314719919791013
creatinine,weight,beta,0.479766063595494,0.213505771475282,0.746026355715707,0.0006193476916523,26544,"Age, years, Male sex, Ever smoking (past/current), Ever alcohol (past/current), Body mass index, kg/m2",0.0011285764478012432
egfr,weight,beta,-1.08827583633717,-1.30441211433078,-0.872139558343574,1.44830968672994e-16,26544,"Age, years, Male sex, Ever smoking (past/current), Ever alcohol (past/current), Body mass index, kg/m2",6.654486783627924e-16
hemoglobin,weight,beta,0.437974663794494,0.270497217164814,0.605452110424174,1.17272098565894e-06,26544,"Age, years, Male sex, Ever smoking (past/current), Ever alcohol (past/current), Body mass index, kg/m2",2.7435152095013402e-06
platelet,weight,beta,-0.532434269153806,-0.670578494076654,-0.394290044230958,9.849354610882e-12,26544,"Age, years, Male sex, Ever smoking (past/current), Ever alcohol (past/current), Body mass index, kg/m2",3.2715404568135337e-11
wbc,weight,beta,-0.444822620544317,-0.754562638620686,-0.135082602467948,0.0057210687705148,26544,"Age, years, Male sex, Ever smoking (past/current), Ever alcohol (past/current), Body mass index, kg/m2",0.009177837816770701
fib4,weight,beta,0.13904855442975,-0.0378526614306873,0.315949770290188,0.126090031998257,26544,"Age, years, Male sex, Ever smoking (past/current), Ever alcohol (past/current), Body mass index, kg/m2",0.16049297509173252
vitd,weight,beta,0.659897439269319,0.542428194726467,0.77736668381217,7.942259624902261e-20,26544,"Age, years, Male sex, Ever smoking (past/current), Ever alcohol (past/current), Body mass index, kg/m2",4.406673082203834e-19
fn_bmd,weight,beta,1.5759538127859,1.37851627409526,1.77339135147654,1.0492916821057001e-24,26544,"Age, years, Male sex, Ever smoking (past/current), Ever alcohol (past/current), Body mass index, kg/m2",7.817321835047362e-24
ls_bmd,weight,beta,1.82320701548972,1.62013066931089,2.02628336166855,1.34717294852343e-27,26544,"Age, years, Male sex, Ever smoking (past/current), Ever alcohol (past/current), Body mass index, kg/m2",1.1843147076352642e-26
insulin,weight,beta,0.350633043138514,0.0961550487455239,0.605111037531504,0.0079402214522876,26544,"Age, years, Male sex, Ever smoking (past/current), Ever alcohol (past/current), Body mass index, kg/m2",0.01243486840550898
ggt,weight,beta,-0.202580820086057,-0.354560997791647,-0.0506006423804672,0.0101551612056911,26544,"Age, years, Male sex, Ever smoking (past/current), Ever alcohol (past/current), Body mass index, kg/m2",0.015625755631938545
uric,weight,beta,0.176795308476521,0.0134796774336658,0.340110939519375,0.0359485026457474,26544,"Age, years, Male sex, Ever smoking (past/current), Ever alcohol (past/current), Body mass index, kg/m2",0.05073573901768702
cap,weight,beta,0.403161921585991,-0.024662141276854,0.830985984448836,0.0978144247227748,26544,"Age, years, Male sex, Ever smoking (past/current), Ever alcohol (past/current), Body mass index, kg/m2",0.12724559822535256
lsm,weight,beta,0.508887482533804,-0.0615135421173222,1.07928850718493,0.114290072819041,26544,"Age, years, Male sex, Ever smoking (past/current), Ever alcohol (past/current), Body mass index, kg/m2",0.14719184505471258
dm,weight,beta,-0.760883981678335,-1.18488157317849,-0.336886390178177,0.0006197593257284,26544,"Age, years, Male sex, Ever smoking (past/current), Ever alcohol (past/current), Body mass index, kg/m2",0.0011288065803782459
prediabetes,weight,beta,-0.301411127462415,-0.58392139280462,-0.0189008621202101,0.0386621660042266,26544,"Age, years, Male sex, Ever smoking (past/current), Ever alcohol (past/current), Body mass index, kg/m2",0.054255952008769225
htn,weight,beta,-0.027290176135445,-0.331610291506015,0.277029939235125,0.860780046393891,26544,"Age, years, Male sex, Ever smoking (past/current), Ever alcohol (past/current), Body mass index, kg/m2",0.8817311920078283
mets,weight,beta,0.999892440122824,0.52654078441876,1.47324409582689,6.54369316883851e-05,26544,"Age, years, Male sex, Ever smoking (past/current), Ever alcohol (past/current), Body mass index, kg/m2",0.0001309400615878864
dyslipidemia,weight,beta,-0.204194166573127,-0.484285166117091,0.0758968329708373,0.155676328407039,26544,"Age, years, Male sex, Ever smoking (past/current), Ever alcohol (past/current), Body mass index, kg/m2",0.19452165356230142
low_hdl,weight,beta,0.185550993145197,-0.101029751209455,0.47213173749985,0.206927351920984,26544,"Age, years, Male sex, Ever smoking (past/current), Ever alcohol (past/current), Body mass index, kg/m2",0.25265574203685576
high_tg,weight,beta,-0.279879649209775,-0.690833404616163,0.131074106196614,0.184493229136894,26544,"Age, years, Male sex, Ever smoking (past/current), Ever alcohol (past/current), Body mass index, kg/m2",0.22751097707779072
high_ldl,weight,beta,-0.236842685037925,-0.850473366067315,0.376787995991465,0.450857155462392,26544,"Age, years, Male sex, Ever smoking (past/current), Ever alcohol (past/current), Body mass index, kg/m2",0.5093706554590922
high_nonhdl,weight,beta,-0.422418228242456,-0.817289620878473,-0.0275468356064393,0.0381532722283769,26544,"Age, years, Male sex, Ever smoking (past/current), Ever alcohol (past/current), Body mass index, kg/m2",0.05359884408219426
atherogenic_dyslipidemia,weight,beta,0.125318054330165,-0.530001801576616,0.780637910236946,0.708471215119674,26544,"Age, years, Male sex, Ever smoking (past/current), Ever alcohol (past/current), Body mass index, kg/m2",0.7465935341005409
insulin_resistance,weight,beta,0.347314347311918,-0.103319187857827,0.797947882481664,0.133558539381638,26544,"Age, years, Male sex, Ever smoking (past/current), Ever alcohol (past/current), Body mass index, kg/m2",0.16891227039442452
ckd,weight,beta,-0.888597867385482,-1.3136884480089,-0.463507286762062,7.70540189011521e-05,26544,"Age, years, Male sex, Ever smoking (past/current), Ever alcohol (past/current), Body mass index, kg/m2",0.00015310180752032028
high_alt,weight,beta,-0.105420697224763,-0.555583165975118,0.344741771525591,0.647078556706867,26544,"Age, years, Male sex, Ever smoking (past/current), Ever alcohol (past/current), Body mass index, kg/m2",0.6914894664694443
high_ast,weight,beta,-0.349324091788764,-0.920752110147035,0.222103926569506,0.233246886752835,26544,"Age, years, Male sex, Ever smoking (past/current), Ever alcohol (past/current), Body mass index, kg/m2",0.28192016009600224
adv_fibrosis,weight,beta,-1.48917458775873,-2.17744254875852,-0.800906626758941,4.45083904179663e-05,26544,"Age, years, Male sex, Ever smoking (past/current), Ever alcohol (past/current), Body mass index, kg/m2",9.067438324043044e-05
anemia,weight,beta,-1.29527336469185,-1.67493647933903,-0.915610250044671,8.00834349854064e-10,26544,"Age, years, Male sex, Ever smoking (past/current), Ever alcohol (past/current), Body mass index, kg/m2",2.38741574078574e-09
leukocytosis,weight,beta,-0.728591019474482,-1.34403020400666,-0.113151834942301,0.0220395639753729,26544,"Age, years, Male sex, Ever smoking (past/current), Ever alcohol (past/current), Body mass index, kg/m2",0.0321728837957842
vitd_deficiency,weight,beta,-1.44206007777255,-1.78883962490736,-1.09528053063775,4.33923690967207e-13,26544,"Age, years, Male sex, Ever smoking (past/current), Ever alcohol (past/current), Body mass index, kg/m2",1.593873836087531e-12
osteoporosis,weight,beta,-2.02070038080789,-2.60426300428428,-1.43713775733149,2.88075590160475e-09,26544,"Age, years, Male sex, Ever smoking (past/current), Ever alcohol (past/current), Body mass index, kg/m2",8.246215880425753e-09
smoking,weight,beta,-0.178086300206959,-0.867657451497818,0.511484851083899,0.613649252538188,26544,"Age, years, Male sex",0.6621921557667954
alcohol,weight,beta,0.308026023895562,-0.588818548336648,1.20487059612777,0.502121333787133,26544,"Age, years, Male sex",0.5600202978466022
current_smoking,weight,beta,-0.292344777904745,-0.596921277467729,0.0122317216582395,0.0623764763084876,26544,"Age, years, Male sex, Ever alcohol (past/current), Body mass index, kg/m2",0.08421888746634025
age,whtr,beta,0.0243128168336627,0.0225129168982369,0.0261127167690885,1.23572388236602e-52,25250,unadjusted,4.484884108844014e-51
men,whtr,beta,-0.0202190379495287,-0.0233012429359867,-0.0171368329630708,1.6662515579576102e-24,25250,unadjusted,1.2275030099218448e-23
sbp,whtr,beta,0.000505491844843,-0.0001424264833917,0.0011534101730779,0.128903706594446,25250,"Age, years, Male sex, Ever smoking (past/current), Ever alcohol (past/current), Body mass index, kg/m2",0.16365310118344942
dbp,whtr,beta,-0.0016166865506796,-0.0021550144192469,-0.0010783586821123,3.79221859170497e-08,25250,"Age, years, Male sex, Ever smoking (past/current), Ever alcohol (past/current), Body mass index, kg/m2",1.0021387273737381e-07
glucose,whtr,beta,0.0042019678302707,0.0032377307477082,0.0051662049128333,5.4271250164881504e-14,25250,"Age, years, Male sex, Ever smoking (past/current), Ever alcohol (past/current), Body mass index, kg/m2",2.115242026130751e-13
hba1c,whtr,beta,0.0041739565018029,0.0034292249550101,0.0049186880485957,9.12846847295122e-20,25250,"Age, years, Male sex, Ever smoking (past/current), Ever alcohol (past/current), Body mass index, kg/m2",5.036572005438638e-19
homa_ir,whtr,beta,0.0094725718979203,0.0084441344399046,0.010501009355936,9.58855542307144e-36,25250,"Age, years, Male sex, Ever smoking (past/current), Ever alcohol (past/current), Body mass index, kg/m2",1.3793572819516587e-34
tg,whtr,beta,0.0047202401306988,0.0034212425901661,0.0060192376712315,9.024608057374739e-11,25250,"Age, years, Male sex, Ever smoking (past/current), Ever alcohol (past/current), Body mass index, kg/m2",2.876821069699796e-10
tchol,whtr,beta,0.0010353591625977,0.0004910185305183,0.001579699794677,0.0002978927029147,25250,"Age, years, Male sex, Ever smoking (past/current), Ever alcohol (past/current), Body mass index, kg/m2",0.0005595743270325513
hdl,whtr,beta,-0.0056438743835921,-0.0063486678626253,-0.0049390809045589,1.14856723404473e-30,25250,"Age, years, Male sex, Ever smoking (past/current), Ever alcohol (past/current), Body mass index, kg/m2",1.2313636796425344e-29
ldl,whtr,beta,0.0006185762926127,-0.0001538535464343,0.0013910061316599,0.119184813627333,25250,"Age, years, Male sex, Ever smoking (past/current), Ever alcohol (past/current), Body mass index, kg/m2",0.1528842810342832
nonhdl,whtr,beta,0.0028024797245782,0.0022170116734413,0.0033879477757151,5.82323569782083e-16,25250,"Age, years, Male sex, Ever smoking (past/current), Ever alcohol (past/current), Body mass index, kg/m2",2.59130713392342e-15
alt,whtr,beta,0.0022033130799349,0.0015134564220172,0.0028931697378525,6.438795123213751e-09,25250,"Age, years, Male sex, Ever smoking (past/current), Ever alcohol (past/current), Body mass index, kg/m2",1.8001324033521978e-08
ast,whtr,beta,0.0004515662526579,-0.0002150592787762,0.0011181917840921,0.18684437108551,25250,"Age, years, Male sex, Ever smoking (past/current), Ever alcohol (past/current), Body mass index, kg/m2",0.23026677009790575
creatinine,whtr,beta,-0.0030453778096682,-0.0041437196679713,-0.0019470359513652,3.70133797329878e-07,25250,"Age, years, Male sex, Ever smoking (past/current), Ever alcohol (past/current), Body mass index, kg/m2",9.049748468708266e-07
egfr,whtr,beta,0.0065587639424406,0.0055926149731457,0.0075249129117355,4.1789142060386805e-24,25250,"Age, years, Male sex, Ever smoking (past/current), Ever alcohol (past/current), Body mass index, kg/m2",3.005779018016185e-23
hemoglobin,whtr,beta,0.0003243851407509,-0.0003740099095156,0.0010227801910176,0.364485561682475,25250,"Age, years, Male sex, Ever smoking (past/current), Ever alcohol (past/current), Body mass index, kg/m2",0.42050302770949866
platelet,whtr,beta,0.0015114304975115,0.000827413521821,0.0021954474732021,3.13450764804523e-05,25250,"Age, years, Male sex, Ever smoking (past/current), Ever alcohol (past/current), Body mass index, kg/m2",6.485414359658436e-05
wbc,whtr,beta,0.0062957426491563,0.0025929087399369,0.0099985765583757,0.0011500049095899,25250,"Age, years, Male sex, Ever smoking (past/current), Ever alcohol (past/current), Body mass index, kg/m2",0.0020192718252719237
fib4,whtr,beta,-0.0008183636244072,-0.0015998977452783,-3.68295035362293e-05,0.0423462133183692,25250,"Age, years, Male sex, Ever smoking (past/current), Ever alcohol (past/current), Body mass index, kg/m2",0.059048861433721726
vitd,whtr,beta,-0.0017925967754949,-0.0024039513085622,-0.0011812422424277,7.23766718895082e-08,25250,"Age, years, Male sex, Ever smoking (past/current), Ever alcohol (past/current), Body mass index, kg/m2",1.8738358245739165e-07
fn_bmd,whtr,beta,-0.0071904673411834,-0.0083040986159892,-0.0060768360663775,7.12676984310909e-20,25250,"Age, years, Male sex, Ever smoking (past/current), Ever alcohol (past/current), Body mass index, kg/m2",3.9597614465364555e-19
ls_bmd,whtr,beta,-0.0058381608996993,-0.0068746863340902,-0.0048016354653085,4.60966524054998e-17,25250,"Age, years, Male sex, Ever smoking (past/current), Ever alcohol (past/current), Body mass index, kg/m2",2.2157759042060415e-16
insulin,whtr,beta,0.0087763817386586,0.0077485954378388,0.0098041680394783,6.03101602953727e-33,25250,"Age, years, Male sex, Ever smoking (past/current), Ever alcohol (past/current), Body mass index, kg/m2",7.622587671836882e-32
ggt,whtr,beta,0.002484415199863,0.001777337504206,0.00319149289552,2.95824442208752e-10,25250,"Age, years, Male sex, Ever smoking (past/current), Ever alcohol (past/current), Body mass index, kg/m2",9.164303002175589e-10
uric,whtr,beta,0.0026135779739094,0.0018785195681394,0.0033486363796793,1.9571852948792502e-10,25250,"Age, years, Male sex, Ever smoking (past/current), Ever alcohol (past/current), Body mass index, kg/m2",6.106171156579112e-10
cap,whtr,beta,0.0088758767889112,0.0066701772121934,0.0110815763656291,2.47904347308404e-05,25250,"Age, years, Male sex, Ever smoking (past/current), Ever alcohol (past/current), Body mass index, kg/m2",5.1916865958287244e-05
lsm,whtr,beta,0.000395948710248,-0.0006700412067179,0.0014619386272141,0.48511155823648,25250,"Age, years, Male sex, Ever smoking (past/current), Ever alcohol (past/current), Body mass index, kg/m2",0.5428858060490848
dm,whtr,beta,0.0124118247483037,0.0105356943499148,0.0142879551466927,1.91164659237366e-24,25250,"Age, years, Male sex, Ever smoking (past/current), Ever alcohol (past/current), Body mass index, kg/m2",1.4056642972918587e-23
prediabetes,whtr,beta,0.0012409043150818,-3.59599379421572e-05,0.0025177685681058,0.0592401071134028,25250,"Age, years, Male sex, Ever smoking (past/current), Ever alcohol (past/current), Body mass index, kg/m2",0.08047457847505858
htn,whtr,beta,0.0031581237881132,0.0017553656709467,0.0045608819052796,2.27100039649292e-05,25250,"Age, years, Male sex, Ever smoking (past/current), Ever alcohol (past/current), Body mass index, kg/m2",4.771151125080187e-05
dyslipidemia,whtr,beta,0.0092085543783632,0.007914893521597,0.0105022152351295,9.96351938934128e-27,25250,"Age, years, Male sex, Ever smoking (past/current), Ever alcohol (past/current), Body mass index, kg/m2",8.38631546898598e-26
low_hdl,whtr,beta,0.0081826003205129,0.0067639079437818,0.0096012926972439,1.58824599842484e-20,25250,"Age, years, Male sex, Ever smoking (past/current), Ever alcohol (past/current), Body mass index, kg/m2",9.172410466815571e-20
high_tg,whtr,beta,0.0115377937140731,0.0094955225133932,0.0135800649147529,5.6420519715496e-20,25250,"Age, years, Male sex, Ever smoking (past/current), Ever alcohol (past/current), Body mass index, kg/m2",3.148089929400595e-19
high_ldl,whtr,beta,0.0023754598461376,-0.000275995052287,0.0050269147445624,0.0816864576678698,25250,"Age, years, Male sex, Ever smoking (past/current), Ever alcohol (past/current), Body mass index, kg/m2",0.10793307499468702
high_nonhdl,whtr,beta,0.0072307810808937,0.0054364650723378,0.0090250970894495,1.6374193366720899e-12,25250,"Age, years, Male sex, Ever smoking (past/current), Ever alcohol (past/current), Body mass index, kg/m2",5.7172382134817185e-12
atherogenic_dyslipidemia,whtr,beta,0.0103979982961535,0.0076704440762568,0.0131255525160502,1.5069426745262e-11,25250,"Age, years, Male sex, Ever smoking (past/current), Ever alcohol (past/current), Body mass index, kg/m2",4.955498936347171e-11
insulin_resistance,whtr,beta,0.0147289697196932,0.0129672905872806,0.0164906488521058,3.46255913588629e-32,25250,"Age, years, Male sex, Ever smoking (past/current), Ever alcohol (past/current), Body mass index, kg/m2",4.201804890050971e-31
ckd,whtr,beta,0.0069525030608574,0.0053353845115784,0.0085696216101364,1.00108581260679e-13,25250,"Age, years, Male sex, Ever smoking (past/current), Ever alcohol (past/current), Body mass index, kg/m2",3.8189927431749865e-13
high_alt,whtr,beta,0.0062985893922054,0.0042628962056997,0.0083342825787112,1.63908549982728e-08,25250,"Age, years, Male sex, Ever smoking (past/current), Ever alcohol (past/current), Body mass index, kg/m2",4.459575128828556e-08
high_ast,whtr,beta,0.0042116887897211,0.001778220024092,0.0066451575553503,0.0009440849948739,25250,"Age, years, Male sex, Ever smoking (past/current), Ever alcohol (past/current), Body mass index, kg/m2",0.0016755496813464104
adv_fibrosis,whtr,beta,0.005617177874909,0.0021761681545873,0.0090581875952308,0.0017681095846385,25250,"Age, years, Male sex, Ever smoking (past/current), Ever alcohol (past/current), Body mass index, kg/m2",0.0030240559951707335
anemia,whtr,beta,0.000794691007031,-0.0013161912828076,0.0029055732968696,0.462047511142912,25250,"Age, years, Male sex, Ever smoking (past/current), Ever alcohol (past/current), Body mass index, kg/m2",0.5201650410020944
leukocytosis,whtr,beta,0.0128181439495324,0.0100061573265785,0.0156301305724863,6.568622030900941e-15,25250,"Age, years, Male sex, Ever smoking (past/current), Ever alcohol (past/current), Body mass index, kg/m2",2.695588045046071e-14
vitd_deficiency,whtr,beta,0.003340648048977,0.0019419683301608,0.0047393277677932,7.67414015362281e-06,25250,"Age, years, Male sex, Ever smoking (past/current), Ever alcohol (past/current), Body mass index, kg/m2",1.681002128888806e-05
osteoporosis,whtr,beta,0.0076150927982441,0.0034543674504818,0.0117758181460065,0.0006102118372747,25250,"Age, years, Male sex, Ever smoking (past/current), Ever alcohol (past/current), Body mass index, kg/m2",0.0011134677252115836
smoking,whtr,beta,0.0023238658547556,-0.0010876513116014,0.0057353830211127,0.184344253630465,25250,"Age, years, Male sex",0.22745285497117576
alcohol,whtr,beta,-0.0101135604565342,-0.0144703798024289,-0.0057567411106394,1.28598816915856e-05,25250,"Age, years, Male sex",2.7514165479671515e-05
current_smoking,whtr,beta,0.0065988573894854,0.0052219986970244,0.0079757160819465,5.11295032160112e-16,25250,"Age, years, Male sex, Ever alcohol (past/current), Body mass index, kg/m2",2.2803643147975237e-15
age,sbp,beta,7.81904974899309,7.56133663227284,8.07676286571334,1.7527375098718897e-92,24727,unadjusted,1.3867659178106389e-89
men,sbp,beta,3.26237984676875,2.76401919293247,3.76074050060504,1.93246573163344e-24,24727,unadjusted,1.4183366297480312e-23
bmi,sbp,beta,2.05208858887954,1.79881145035109,2.30536572740798,2.24108717759437e-31,24727,"Age, years, Male sex",2.518676384819127e-30
smoking,sbp,beta,0.404514987147481,-0.114779063781575,0.923809038076536,0.12942474077343,24727,"Age, years, Male sex",0.16415654841285315
alcohol,sbp,beta,-2.01512309283252,-2.69942215466305,-1.33082403100199,6.17407236904198e-08,24727,"Age, years, Male sex",1.6090006779927582e-07
wc,sbp,beta,1.85281565072609,1.5869106211499,2.11872068030227,4.01242276955228e-26,24727,"Age, years, Male sex, Ever smoking (past/current), Ever alcohol (past/current)",3.2728132940925404e-25
height,sbp,beta,-0.901697139216171,-1.23799920878367,-0.565395069648669,6.58501616272806e-07,24727,"Age, years, Male sex, Ever smoking (past/current), Ever alcohol (past/current)",1.5721378358329634e-06
weight,sbp,beta,1.82208828780325,1.56408941844713,2.08008715715938,1.49375836646494e-26,24727,"Age, years, Male sex, Ever smoking (past/current), Ever alcohol (past/current)",1.2493251792252223e-25
whtr,sbp,beta,2.05999637096402,1.78428362564405,2.335709116284,2.14609346675642e-28,24727,"Age, years, Male sex, Ever smoking (past/current), Ever alcohol (past/current)",1.9698250010413915e-27
fat_kg,sbp,beta,2.74315797139068,2.32454832060453,3.16176762217683,2.6493333419285803e-20,24727,"Age, years, Male sex, Ever smoking (past/current), Ever alcohol (past/current)",1.508023410168268e-19
lean_kg,sbp,beta,3.50455563871094,2.96904833380547,4.04006294361641,2.8318157691182004e-20,24727,"Age, years, Male sex, Ever smoking (past/current), Ever alcohol (past/current)",1.6072687493015207e-19
asmm_kg,sbp,beta,3.59762924805434,3.03893103082422,4.15632746528447,6.373997387241531e-20,24727,"Age, years, Male sex, Ever smoking (past/current), Ever alcohol (past/current)",3.551483614637675e-19
asmi,sbp,beta,3.69585035415993,3.17292879460267,4.21877191371719,5.3840990676293e-22,24727,"Age, years, Male sex, Ever smoking (past/current), Ever alcohol (past/current)",3.4354025663776634e-21
bodyfat_pct,sbp,beta,2.70298314560417,2.2104494747705,3.19551681643785,1.23779816968529e-16,24727,"Age, years, Male sex, Ever smoking (past/current), Ever alcohol (past/current)",5.720478457096971e-16
asm_pct,sbp,beta,-2.15651603381608,-2.724027385612,-1.58900468202016,1.63772821366325e-10,24727,"Age, years, Male sex, Ever smoking (past/current), Ever alcohol (past/current)",5.137869003371782e-10
obesity,sbp,beta,3.52689821333847,3.05647496311309,3.99732146356386,1.6466806260012199e-28,24727,"Age, years, Male sex, Ever smoking (past/current), Ever alcohol (past/current)",1.525589825869046e-27
overweight,sbp,beta,2.67920960078232,2.10655379902381,3.25186540254083,1.7278843517943201e-15,24727,"Age, years, Male sex, Ever smoking (past/current), Ever alcohol (past/current)",7.365851827261132e-15
abdominal_obesity,sbp,beta,2.8714577563562,2.29184567606402,3.45106983664837,9.078438486137581e-17,24727,"Age, years, Male sex, Ever smoking (past/current), Ever alcohol (past/current)",4.255249129284392e-16
central_obesity,sbp,beta,3.35279109628589,2.70296612621227,4.00261606635951,9.98514388726152e-18,24727,"Age, years, Male sex, Ever smoking (past/current), Ever alcohol (past/current)",5.0064929300388556e-17
high_bodyfat,sbp,beta,2.66056393898901,1.85331986235803,3.46780801561998,1.07725882869817e-08,24727,"Age, years, Male sex, Ever smoking (past/current), Ever alcohol (past/current)",2.973925977899484e-08
sarcopenia,sbp,beta,-1.70288400614609,-4.63582706850727,1.2300590562151,0.258898338842217,24727,"Age, years, Male sex, Ever smoking (past/current), Ever alcohol (past/current)",0.31017620486366154
dbp,sbp,beta,6.28651951698869,5.87166544643723,6.70137358754015,1.34609978343849e-56,24727,"Age, years, Male sex, Ever smoking (past/current), Ever alcohol (past/current), Body mass index, kg/m2",6.827141978567521e-55
glucose,sbp,beta,1.20872850611073,0.735206885107239,1.68225012711423,1.9880289611458e-06,24727,"Age, years, Male sex, Ever smoking (past/current), Ever alcohol (past/current), Body mass index, kg/m2",4.543409919291037e-06
hba1c,sbp,beta,0.809424400884015,0.404489657370561,1.21435914439747,0.0001501991859381,24727,"Age, years, Male sex, Ever smoking (past/current), Ever alcohol (past/current), Body mass index, kg/m2",0.0002915544551379409
homa_ir,sbp,beta,1.45076072863849,0.978093742085215,1.92342771519176,2.06237985246944e-08,24727,"Age, years, Male sex, Ever smoking (past/current), Ever alcohol (past/current), Body mass index, kg/m2",5.572933535771246e-08
tg,sbp,beta,1.02795064443751,0.626287251743803,1.42961403713121,1.88092926299167e-06,24727,"Age, years, Male sex, Ever smoking (past/current), Ever alcohol (past/current), Body mass index, kg/m2",4.308602295538533e-06
tchol,sbp,beta,1.42031960897441,1.12237413367574,1.71826508427308,7.180961489860569e-16,24727,"Age, years, Male sex, Ever smoking (past/current), Ever alcohol (past/current), Body mass index, kg/m2",3.1564315170987128e-15
hdl,sbp,beta,0.53951853395624,0.215481862406249,0.863555205506231,0.0014403589270838,24727,"Age, years, Male sex, Ever smoking (past/current), Ever alcohol (past/current), Body mass index, kg/m2",0.0025002456847492377
ldl,sbp,beta,0.746659256239926,0.313330511134815,1.17998800134504,0.0009922765199071,24727,"Age, years, Male sex, Ever smoking (past/current), Ever alcohol (past/current), Body mass index, kg/m2",0.0017547813646636066
nonhdl,sbp,beta,1.24297896037591,0.942548557558793,1.54340936319302,5.40000062430775e-13,24727,"Age, years, Male sex, Ever smoking (past/current), Ever alcohol (past/current), Body mass index, kg/m2",1.9652624167213852e-12
alt,sbp,beta,0.950338084065038,0.377868003016822,1.52280816511325,0.0014859935473489,24727,"Age, years, Male sex, Ever smoking (past/current), Ever alcohol (past/current), Body mass index, kg/m2",0.0025715618868382543
ast,sbp,beta,0.963956145601466,0.514414306822632,1.4134979843803,5.15097530671243e-05,24727,"Age, years, Male sex, Ever smoking (past/current), Ever alcohol (past/current), Body mass index, kg/m2",0.00010412497860681847
creatinine,sbp,beta,0.333409331307144,-0.174052488146182,0.84087115076047,0.200719939871464,24727,"Age, years, Male sex, Ever smoking (past/current), Ever alcohol (past/current), Body mass index, kg/m2",0.24575923309548486
egfr,sbp,beta,0.252717854080738,-0.276836812855049,0.782272521016525,0.351787959237118,24727,"Age, years, Male sex, Ever smoking (past/current), Ever alcohol (past/current), Body mass index, kg/m2",0.407637131441722
hemoglobin,sbp,beta,0.492478329764965,0.0869856168487586,0.897971042681172,0.0188928629932089,24727,"Age, years, Male sex, Ever smoking (past/current), Ever alcohol (past/current), Body mass index, kg/m2",0.027805121280183934
platelet,sbp,beta,0.546715912661554,0.283986802063949,0.809445023259159,8.26375554556577e-05,24727,"Age, years, Male sex, Ever smoking (past/current), Ever alcohol (past/current), Body mass index, kg/m2",0.0001636207053966876
wbc,sbp,beta,0.637605739900872,0.154921810954367,1.12028966884738,0.0108336020640028,24727,"Age, years, Male sex, Ever smoking (past/current), Ever alcohol (past/current), Body mass index, kg/m2",0.016553777429584814
fib4,sbp,beta,0.449532291560282,0.0758693094763829,0.823195273644181,0.0200206997388871,24727,"Age, years, Male sex, Ever smoking (past/current), Ever alcohol (past/current), Body mass index, kg/m2",0.02934490113636064
vitd,sbp,beta,-1.05415218737334,-1.37547338516197,-0.732830989584716,2.82523548268099e-09,24727,"Age, years, Male sex, Ever smoking (past/current), Ever alcohol (past/current), Body mass index, kg/m2",8.099008383685505e-09
fn_bmd,sbp,beta,0.537502479428347,0.0745183918136462,1.00048656704305,0.0258983445324465,24727,"Age, years, Male sex, Ever smoking (past/current), Ever alcohol (past/current), Body mass index, kg/m2",0.03740556807972193
ls_bmd,sbp,beta,0.138641697273201,-0.346580658675914,0.623864053222315,0.577223605781102,24727,"Age, years, Male sex, Ever smoking (past/current), Ever alcohol (past/current), Body mass index, kg/m2",0.6295827362751695
insulin,sbp,beta,1.10842347542855,0.637970562813657,1.57887638804345,9.94960995983985e-06,24727,"Age, years, Male sex, Ever smoking (past/current), Ever alcohol (past/current), Body mass index, kg/m2",2.1555671961186444e-05
ggt,sbp,beta,1.49370097549111,1.13329241747599,1.85410953350622,5.01516582934168e-13,24727,"Age, years, Male sex, Ever smoking (past/current), Ever alcohol (past/current), Body mass index, kg/m2",1.8319479243652525e-12
uric,sbp,beta,1.05561040650584,0.706323147196286,1.4048976658154,3.18504725783753e-08,24727,"Age, years, Male sex, Ever smoking (past/current), Ever alcohol (past/current), Body mass index, kg/m2",8.46208660309286e-08
cap,sbp,beta,1.93096559357231,1.07658009007674,2.78535109706788,0.0016478126532511,24727,"Age, years, Male sex, Ever smoking (past/current), Ever alcohol (past/current), Body mass index, kg/m2",0.0028342377635918923
lsm,sbp,beta,0.648245351211113,-0.107535265795098,1.40402596821732,0.127037249502755,24727,"Age, years, Male sex, Ever smoking (past/current), Ever alcohol (past/current), Body mass index, kg/m2",0.16151794493433722
dm,sbp,beta,1.73926521328794,0.812442876922792,2.66608754965309,0.0003552557445736,24727,"Age, years, Male sex, Ever smoking (past/current), Ever alcohol (past/current), Body mass index, kg/m2",0.0006626080742730607
prediabetes,sbp,beta,1.14423057789103,0.523953712098955,1.7645074436831,0.0004419137293997,24727,"Age, years, Male sex, Ever smoking (past/current), Ever alcohol (past/current), Body mass index, kg/m2",0.000819986263370175
dyslipidemia,sbp,beta,0.615133803003018,0.0584815793985336,1.1717860266075,0.0323291911799256,24727,"Age, years, Male sex, Ever smoking (past/current), Ever alcohol (past/current), Body mass index, kg/m2",0.04593903746687704
low_hdl,sbp,beta,-0.104898449372449,-0.624796178493837,0.414999279748939,0.693214347701137,24727,"Age, years, Male sex, Ever smoking (past/current), Ever alcohol (past/current), Body mass index, kg/m2",0.7342318499345912
high_tg,sbp,beta,1.7019203418407,0.721164179906032,2.68267650377536,0.0009163181166151,24727,"Age, years, Male sex, Ever smoking (past/current), Ever alcohol (past/current), Body mass index, kg/m2",0.0016291930199232969
high_ldl,sbp,beta,2.84231975915819,1.20784323022533,4.47679628809105,0.0008946562308717,24727,"Age, years, Male sex, Ever smoking (past/current), Ever alcohol (past/current), Body mass index, kg/m2",0.0015935434711069091
high_nonhdl,sbp,beta,3.4444588065818,2.37059206041339,4.51832555275022,5.659841802722311e-09,24727,"Age, years, Male sex, Ever smoking (past/current), Ever alcohol (past/current), Body mass index, kg/m2",1.5868415429886224e-08
atherogenic_dyslipidemia,sbp,beta,-0.201774666275402,-1.23810588456637,0.834556552015566,0.703434120697979,24727,"Age, years, Male sex, Ever smoking (past/current), Ever alcohol (past/current), Body mass index, kg/m2",0.74286849478943
insulin_resistance,sbp,beta,1.96011192966209,1.12471538634023,2.79550847298395,1.07551164580222e-05,24727,"Age, years, Male sex, Ever smoking (past/current), Ever alcohol (past/current), Body mass index, kg/m2",2.3211806169086648e-05
ckd,sbp,beta,5.59726527390347,4.61298631120366,6.58154423660328,3.78674004947719e-20,24727,"Age, years, Male sex, Ever smoking (past/current), Ever alcohol (past/current), Body mass index, kg/m2",2.1339520848620747e-19
high_alt,sbp,beta,3.21674431493834,2.22980041035725,4.20368821951943,3.4639387435530403e-09,24727,"Age, years, Male sex, Ever smoking (past/current), Ever alcohol (past/current), Body mass index, kg/m2",9.879842587956617e-09
high_ast,sbp,beta,3.63055597818361,2.37852062608219,4.88259133028503,9.6998521170181e-08,24727,"Age, years, Male sex, Ever smoking (past/current), Ever alcohol (past/current), Body mass index, kg/m2",2.475652579027329e-07
adv_fibrosis,sbp,beta,3.09605666400882,1.15969765588681,5.03241567213084,0.0021768674466264,24727,"Age, years, Male sex, Ever smoking (past/current), Ever alcohol (past/current), Body mass index, kg/m2",0.003677560247857541
anemia,sbp,beta,0.914206134860068,-0.122183693745091,1.95059596346523,0.0864372366623725,24727,"Age, years, Male sex, Ever smoking (past/current), Ever alcohol (past/current), Body mass index, kg/m2",0.11371656409589147
leukocytosis,sbp,beta,1.02636195829207,-0.0897538310517885,2.14247774763592,0.0740376449361521,24727,"Age, years, Male sex, Ever smoking (past/current), Ever alcohol (past/current), Body mass index, kg/m2",0.0988834987736049
vitd_deficiency,sbp,beta,2.53727509766887,1.9218338734269,3.15271632191083,6.28312890256653e-13,24727,"Age, years, Male sex, Ever smoking (past/current), Ever alcohol (past/current), Body mass index, kg/m2",2.2720345464856668e-12
osteoporosis,sbp,beta,2.57987486142903,-0.265291754777173,5.42504147763523,0.0798109881859932,24727,"Age, years, Male sex, Ever smoking (past/current), Ever alcohol (past/current), Body mass index, kg/m2",0.10577295452723254
current_smoking,sbp,beta,1.61981348883465,1.00336316677374,2.23626381089557,1.04330174815369e-06,24727,"Age, years, Male sex, Ever alcohol (past/current), Body mass index, kg/m2",2.4538060140879886e-06
age,dbp,beta,0.0356194177890774,-0.201932823264353,0.273171658842508,0.769337846727726,24727,unadjusted,0.7994485215799537
men,dbp,beta,2.8853404946788,2.50652317592047,3.26415781343712,2.16699504371212e-29,24727,unadjusted,2.1593532475881982e-28
bmi,dbp,beta,1.76876469709588,1.56712666301914,1.97040273117261,2.80606077523304e-34,24727,"Age, years, Male sex",3.827853940283416e-33
smoking,dbp,beta,-0.432195461036869,-0.833962921627894,-0.030428000445844,0.0370555135255982,24727,"Age, years, Male sex",0.05222358799688867
alcohol,dbp,beta,1.60384508126665,1.09588825937768,2.11180190315563,8.57674520713271e-09,24727,"Age, years, Male sex",2.3894087351702115e-08
wc,dbp,beta,1.75445314250982,1.55180540633158,1.95710087868806,1.46033977765718e-33,24727,"Age, years, Male sex, Ever smoking (past/current), Ever alcohol (past/current)",1.9321418596694998e-32
height,dbp,beta,1.4409832272299,1.13381545052048,1.74815100393932,1.5104428921786301e-15,24727,"Age, years, Male sex, Ever smoking (past/current), Ever alcohol (past/current)",6.459796844820174e-15
weight,dbp,beta,2.10540900613526,1.90213139559145,2.30868661667907,1.83741876736899e-40,24727,"Age, years, Male sex, Ever smoking (past/current), Ever alcohol (past/current)",3.3040130198689655e-39
whtr,dbp,beta,1.48096477685756,1.26445402160071,1.69747553211441,1.53601926392058e-25,24727,"Age, years, Male sex, Ever smoking (past/current), Ever alcohol (past/current)",1.1891374184089657e-24
fat_kg,dbp,beta,1.87395504935465,1.55084904792897,2.19706105078032,9.91479492680458e-18,24727,"Age, years, Male sex, Ever smoking (past/current), Ever alcohol (past/current)",4.977529026705446e-17
lean_kg,dbp,beta,2.28829842228952,1.85778111383571,2.71881573074334,5.08750850969946e-16,24727,"Age, years, Male sex, Ever smoking (past/current), Ever alcohol (past/current)",2.271578291689736e-15
asmm_kg,dbp,beta,2.35340550364884,1.92759017106253,2.77922083623515,9.01560092952353e-17,24727,"Age, years, Male sex, Ever smoking (past/current), Ever alcohol (past/current)",4.230808692431208e-16
asmi,dbp,beta,1.99910322655056,1.61742566068798,2.38078079241313,9.63043914803258e-16,24727,"Age, years, Male sex, Ever smoking (past/current), Ever alcohol (past/current)",4.200442918370108e-15
bodyfat_pct,dbp,beta,2.26260459887549,1.82020322405746,2.70500597369351,2.66686811027283e-15,24727,"Age, years, Male sex, Ever smoking (past/current), Ever alcohol (past/current)",1.1199713635073584e-14
asm_pct,dbp,beta,-2.05362411421972,-2.55355918457811,-1.55368904386133,1.2301709570324699e-11,24727,"Age, years, Male sex, Ever smoking (past/current), Ever alcohol (past/current)",4.062233978314233e-11
obesity,dbp,beta,3.16369179106846,2.74585909674629,3.58152448539063,7.6742732486286e-29,24727,"Age, years, Male sex, Ever smoking (past/current), Ever alcohol (past/current)",7.350950356313496e-28
overweight,dbp,beta,3.13683341573669,2.71904784986482,3.55461898160855,1.4714103581259799e-28,24727,"Age, years, Male sex, Ever smoking (past/current), Ever alcohol (past/current)",1.366408304400558e-27
abdominal_obesity,dbp,beta,3.01453104260961,2.6100021383494,3.41905994686981,2.62521928260386e-28,24727,"Age, years, Male sex, Ever smoking (past/current), Ever alcohol (past/current)",2.404020250458535e-27
central_obesity,dbp,beta,3.7472462663506,3.24710552780189,4.24738700489931,1.73181800327854e-28,24727,"Age, years, Male sex, Ever smoking (past/current), Ever alcohol (past/current)",1.5969864850745697e-27
high_bodyfat,dbp,beta,3.10539085888058,2.39464040430073,3.81614131346042,1.3594608152413099e-12,24727,"Age, years, Male sex, Ever smoking (past/current), Ever alcohol (past/current)",4.776222899728794e-12
sarcopenia,dbp,beta,-0.711902808596914,-2.5785793058183,1.15477368862447,0.457199800821765,24727,"Age, years, Male sex, Ever smoking (past/current), Ever alcohol (past/current)",0.515440983770562
sbp,dbp,beta,5.66540844258806,5.3778934132745,5.95292347190162,8.43224956332736e-69,24727,"Age, years, Male sex, Ever smoking (past/current), Ever alcohol (past/current), Body mass index, kg/m2",9.811170374271481e-67
glucose,dbp,beta,0.344941463784886,0.0042569975748322,0.68562592999494,0.0495217629726447,24727,"Age, years, Male sex, Ever smoking (past/current), Ever alcohol (past/current), Body mass index, kg/m2",0.06823688412392283
hba1c,dbp,beta,0.0363610665229111,-0.260689700724169,0.333411833769991,0.810810456085015,24727,"Age, years, Male sex, Ever smoking (past/current), Ever alcohol (past/current), Body mass index, kg/m2",0.8370475376493527
homa_ir,dbp,beta,0.692443412593011,0.31252195717777,1.07236486800825,0.0005133748585461,24727,"Age, years, Male sex, Ever smoking (past/current), Ever alcohol (past/current), Body mass index, kg/m2",0.0009450492975376322
tg,dbp,beta,1.0201933179588,0.679362317853914,1.36102431806368,4.15224484186613e-08,24727,"Age, years, Male sex, Ever smoking (past/current), Ever alcohol (past/current), Body mass index, kg/m2",1.0943558024265429e-07
tchol,dbp,beta,2.21891479267181,1.93068206278417,2.50714752255945,2.5933459578670897e-29,24727,"Age, years, Male sex, Ever smoking (past/current), Ever alcohol (past/current), Body mass index, kg/m2",2.571247270506819e-28
hdl,dbp,beta,0.416150902914289,0.162680835642543,0.669620970186036,0.001667084402584,24727,"Age, years, Male sex, Ever smoking (past/current), Ever alcohol (past/current), Body mass index, kg/m2",0.0028648939603050845
ldl,dbp,beta,1.80660679668452,1.46206700156627,2.15114659180277,4.4005772080395396e-18,24727,"Age, years, Male sex, Ever smoking (past/current), Ever alcohol (past/current), Body mass index, kg/m2",2.2433870405933528e-17
nonhdl,dbp,beta,2.07554332539392,1.79237608094244,2.35871056984541,1.12005904874165e-27,24727,"Age, years, Male sex, Ever smoking (past/current), Ever alcohol (past/current), Body mass index, kg/m2",9.868493534124649e-27
alt,dbp,beta,0.974037395409926,0.499243165009233,1.44883162581062,0.0001025779185623,24727,"Age, years, Male sex, Ever smoking (past/current), Ever alcohol (past/current), Body mass index, kg/m2",0.00020158879574389409
ast,dbp,beta,0.55890286022503,0.275552808269995,0.842252912180066,0.0001814560287356,24727,"Age, years, Male sex, Ever smoking (past/current), Ever alcohol (past/current), Body mass index, kg/m2",0.0003488046888620183
creatinine,dbp,beta,-0.873400313403182,-1.22081045262565,-0.525990174180713,3.19199172280894e-06,24727,"Age, years, Male sex, Ever smoking (past/current), Ever alcohol (past/current), Body mass index, kg/m2",7.1747268496773676e-06
egfr,dbp,beta,0.472661289999964,0.12767488559034,0.817647694409587,0.0084458370675307,24727,"Age, years, Male sex, Ever smoking (past/current), Ever alcohol (past/current), Body mass index, kg/m2",0.013164590795567945
hemoglobin,dbp,beta,2.30880402079998,2.02880839188875,2.5887996497112,1.07592183223769e-31,24727,"Age, years, Male sex, Ever smoking (past/current), Ever alcohol (past/current), Body mass index, kg/m2",1.2445458386936553e-30
platelet,dbp,beta,0.923414254106822,0.694082765536108,1.15274574267754,1.69353890911379e-12,24727,"Age, years, Male sex, Ever smoking (past/current), Ever alcohol (past/current), Body mass index, kg/m2",5.892383398816318e-12
wbc,dbp,beta,-0.271963082445023,-0.570313762454849,0.0263875975648024,0.0765621585530481,24727,"Age, years, Male sex, Ever smoking (past/current), Ever alcohol (past/current), Body mass index, kg/m2",0.10190333557545038
fib4,dbp,beta,-0.679209855870133,-1.43538160199877,0.0769618902585041,0.0809114651732443,24727,"Age, years, Male sex, Ever smoking (past/current), Ever alcohol (past/current), Body mass index, kg/m2",0.10705209238306168
vitd,dbp,beta,-0.0171126198491201,-0.254756007453956,0.220530767755716,0.888000850498986,24727,"Age, years, Male sex, Ever smoking (past/current), Ever alcohol (past/current), Body mass index, kg/m2",0.9059341058273175
fn_bmd,dbp,beta,-0.200428819129536,-0.565433447462837,0.164575809203764,0.285453820249973,24727,"Age, years, Male sex, Ever smoking (past/current), Ever alcohol (past/current), Body mass index, kg/m2",0.33870885210224755
ls_bmd,dbp,beta,0.136962626589234,-0.280766396980729,0.554691650159198,0.522531676293289,24727,"Age, years, Male sex, Ever smoking (past/current), Ever alcohol (past/current), Body mass index, kg/m2",0.5795164876412254
insulin,dbp,beta,0.608069081868707,0.235517300763922,0.980620862973492,0.0017708531245178,24727,"Age, years, Male sex, Ever smoking (past/current), Ever alcohol (past/current), Body mass index, kg/m2",0.003027439481673473
ggt,dbp,beta,1.20168466952055,0.971096976287747,1.43227236275334,6.21148375749171e-18,24727,"Age, years, Male sex, Ever smoking (past/current), Ever alcohol (past/current), Body mass index, kg/m2",3.1503371467483593e-17
uric,dbp,beta,0.260130678004134,-0.0004303846852623,0.520691740693531,0.0527374173887766,24727,"Age, years, Male sex, Ever smoking (past/current), Ever alcohol (past/current), Body mass index, kg/m2",0.07226505825770704
cap,dbp,beta,1.78489563916575,0.952369632323388,2.61742164600812,0.0022993769717995,24727,"Age, years, Male sex, Ever smoking (past/current), Ever alcohol (past/current), Body mass index, kg/m2",0.0038674894984858936
lsm,dbp,beta,-0.780846304365497,-1.32163157329776,-0.24006103543323,0.0197202378832339,24727,"Age, years, Male sex, Ever smoking (past/current), Ever alcohol (past/current), Body mass index, kg/m2",0.028915219075638737
dm,dbp,beta,-2.38731046729108,-3.10124973236432,-1.67337120221783,1.54192580432612e-09,24727,"Age, years, Male sex, Ever smoking (past/current), Ever alcohol (past/current), Body mass index, kg/m2",4.521763144487866e-09
prediabetes,dbp,beta,1.09145681746263,0.653251217054368,1.5296624178709,3.32862135612137e-06,24727,"Age, years, Male sex, Ever smoking (past/current), Ever alcohol (past/current), Body mass index, kg/m2",7.469101579589416e-06
dyslipidemia,dbp,beta,0.476875680439965,0.0014437686702419,0.952307592209689,0.0516526709827597,24727,"Age, years, Male sex, Ever smoking (past/current), Ever alcohol (past/current), Body mass index, kg/m2",0.07090144566543975
low_hdl,dbp,beta,-0.148940838597947,-0.663908397143513,0.366026719947619,0.571873473305845,24727,"Age, years, Male sex, Ever smoking (past/current), Ever alcohol (past/current), Body mass index, kg/m2",0.6247808507036517
high_tg,dbp,beta,2.27802667799163,1.47030243022814,3.08575092575512,1.97192959942279e-07,24727,"Age, years, Male sex, Ever smoking (past/current), Ever alcohol (past/current), Body mass index, kg/m2",4.91553465363362e-07
high_ldl,dbp,beta,3.15692250235987,2.00207925711466,4.31176574760508,4.22554531396708e-07,24727,"Age, years, Male sex, Ever smoking (past/current), Ever alcohol (past/current), Body mass index, kg/m2",1.0261668055281625e-06
high_nonhdl,dbp,beta,3.7518726874425,2.90481280925042,4.59893256563457,2.5626504619139998e-14,24727,"Age, years, Male sex, Ever smoking (past/current), Ever alcohol (past/current), Body mass index, kg/m2",1.0158161550432649e-13
atherogenic_dyslipidemia,dbp,beta,1.06410087722244,0.0669135431129002,2.06128821133199,0.0386265465044203,24727,"Age, years, Male sex, Ever smoking (past/current), Ever alcohol (past/current), Body mass index, kg/m2",0.054225201551272785
insulin_resistance,dbp,beta,1.28280458353329,0.556660307280823,2.00894885978575,0.0007461924786585,24727,"Age, years, Male sex, Ever smoking (past/current), Ever alcohol (past/current), Body mass index, kg/m2",0.0013399625263608834
ckd,dbp,beta,-1.32429817877942,-1.93738160860097,-0.711214748957868,4.5735536561866e-05,24727,"Age, years, Male sex, Ever smoking (past/current), Ever alcohol (past/current), Body mass index, kg/m2",9.297522232206675e-05
high_alt,dbp,beta,3.03202527718537,2.3592103002208,3.70484025414994,1.1365557852819999e-14,24727,"Age, years, Male sex, Ever smoking (past/current), Ever alcohol (past/current), Body mass index, kg/m2",4.56932386847113e-14
high_ast,dbp,beta,2.07703914359044,1.12824774201124,3.02583054516964,3.66689413720068e-05,24727,"Age, years, Male sex, Ever smoking (past/current), Ever alcohol (past/current), Body mass index, kg/m2",7.567153472491336e-05
adv_fibrosis,dbp,beta,-3.79678154484077,-5.17201783168781,-2.42154525799373,3.33169416657651e-07,24727,"Age, years, Male sex, Ever smoking (past/current), Ever alcohol (past/current), Body mass index, kg/m2",8.166159927494841e-07
anemia,dbp,beta,-3.7338777009343,-4.63060710104706,-2.83714830082155,4.10080664738597e-13,24727,"Age, years, Male sex, Ever smoking (past/current), Ever alcohol (past/current), Body mass index, kg/m2",1.5076943398753623e-12
leukocytosis,dbp,beta,-1.25951120618739,-2.16414977447612,-0.354872637898663,0.007327723972475,24727,"Age, years, Male sex, Ever smoking (past/current), Ever alcohol (past/current), Body mass index, kg/m2",0.011535406301277796
vitd_deficiency,dbp,beta,0.126444833486147,-0.407179625071619,0.660069292043913,0.643194563311161,24727,"Age, years, Male sex, Ever smoking (past/current), Ever alcohol (past/current), Body mass index, kg/m2",0.6886272510037761
osteoporosis,dbp,beta,0.492077892997872,-1.27852336734062,2.26267915333637,0.587656591970973,24727,"Age, years, Male sex, Ever smoking (past/current), Ever alcohol (past/current), Body mass index, kg/m2",0.6388484412852897
current_smoking,dbp,beta,-0.257106837651114,-0.752321887711873,0.238108212409645,0.310933888323974,24727,"Age, years, Male sex, Ever alcohol (past/current), Body mass index, kg/m2",0.3652180707273281
age,glucose,beta,7.17494131898649,6.61227246159436,7.73761017637862,4.90731532918636e-50,12581,unadjusted,1.504910034283817e-48
men,glucose,beta,5.4023565594484,4.20089754518279,6.603815573714,9.620417443172041e-15,12581,unadjusted,3.891449018935439e-14
bmi,glucose,beta,6.62891343862443,5.96050582830676,7.29732104894209,5.01682987101658e-39,12581,"Age, years, Male sex",8.269407904058996e-38
smoking,glucose,beta,1.45974439011695,0.224576664877634,2.69491211535627,0.0222207630296455,12581,"Age, years, Male sex",0.03240673929082934
alcohol,glucose,beta,-2.14810020957731,-3.98168560649067,-0.314514812663939,0.0233849579391583,12581,"Age, years, Male sex",0.03398636796741743
wc,glucose,beta,7.44673537658716,6.70826934628903,8.1852014068853,2.15026323724001e-39,12581,"Age, years, Male sex, Ever smoking (past/current), Ever alcohol (past/current)",3.6824421500092984e-38
height,glucose,beta,-0.434280668824108,-1.64426100978494,0.775699672136726,0.48313432793261,12581,"Age, years, Male sex, Ever smoking (past/current), Ever alcohol (past/current)",0.5409791682143802
weight,glucose,beta,6.42027014719448,5.65982514068059,7.18071515370837,1.20184979405011e-32,12581,"Age, years, Male sex, Ever smoking (past/current), Ever alcohol (past/current)",1.499847881786194e-31
whtr,glucose,beta,7.71417530902734,7.00051480003671,8.42783581801796,3.39786753659959e-42,12581,"Age, years, Male sex, Ever smoking (past/current), Ever alcohol (past/current)",6.89331485886563e-41
fat_kg,glucose,beta,6.45678523818212,5.16340914162783,7.7501613347364,7.34923988569649e-15,12581,"Age, years, Male sex, Ever smoking (past/current), Ever alcohol (past/current)",3.000370793376194e-14
lean_kg,glucose,beta,7.95381660385643,6.15524688526578,9.75238632244708,8.69088636107149e-13,12581,"Age, years, Male sex, Ever smoking (past/current), Ever alcohol (past/current)",3.111415967818897e-12
asmm_kg,glucose,beta,6.04307685062451,4.27816888057896,7.80798482067007,3.7526134599035e-09,12581,"Age, years, Male sex, Ever smoking (past/current), Ever alcohol (past/current)",1.0657098957199027e-08
asmi,glucose,beta,6.20383423299156,4.71304676548303,7.69462170050009,7.82653159545073e-12,12581,"Age, years, Male sex, Ever smoking (past/current), Ever alcohol (past/current)",2.6194381549579598e-11
bodyfat_pct,glucose,beta,6.23436737455802,4.74691398377671,7.72182076533933,6.0855156618094294e-12,12581,"Age, years, Male sex, Ever smoking (past/current), Ever alcohol (past/current)",2.048876592180264e-11
asm_pct,glucose,beta,-8.20505844456104,-10.0114946732515,-6.39862221587054,3.17159081944641e-13,12581,"Age, years, Male sex, Ever smoking (past/current), Ever alcohol (past/current)",1.175896277575445e-12
obesity,glucose,beta,11.7621265629094,10.4308570105612,13.0933961152575,2.59979065507579e-34,12581,"Age, years, Male sex, Ever smoking (past/current), Ever alcohol (past/current)",3.5587445783667213e-33
overweight,glucose,beta,8.9550945223919,7.59005715875064,10.3201318860332,2.9554836547492702e-24,12581,"Age, years, Male sex, Ever smoking (past/current), Ever alcohol (past/current)",2.141372406261559e-23
abdominal_obesity,glucose,beta,10.9681934685105,9.77229064069646,12.1640962963245,1.0334020566044e-35,12581,"Age, years, Male sex, Ever smoking (past/current), Ever alcohol (past/current)",1.4812096144663066e-34
central_obesity,glucose,beta,8.77484331156299,7.02739520104574,10.5222914220802,4.40293976173014e-17,12581,"Age, years, Male sex, Ever smoking (past/current), Ever alcohol (past/current)",2.1241499630981017e-16
high_bodyfat,glucose,beta,7.66344494239353,5.57594832012198,9.75094156466507,4.81463000224209e-10,12581,"Age, years, Male sex, Ever smoking (past/current), Ever alcohol (past/current)",1.4628783632004385e-09
sarcopenia,glucose,beta,3.60808857466063,-8.77046226362187,15.9866394129431,0.569576069948979,12581,"Age, years, Male sex, Ever smoking (past/current), Ever alcohol (past/current)",0.6231313420127659
sbp,glucose,beta,2.38982878959775,1.59336036438312,3.18629721481239,3.88471432246529e-08,12581,"Age, years, Male sex, Ever smoking (past/current), Ever alcohol (past/current), Body mass index, kg/m2",1.0258965193372955e-07
dbp,glucose,beta,0.757914397339072,-0.0005802187481324,1.51640901342628,0.0525307787372368,12581,"Age, years, Male sex, Ever smoking (past/current), Ever alcohol (past/current), Body mass index, kg/m2",0.07200684708402938
tg,glucose,beta,5.52587691124824,4.19028618191487,6.86146764058161,5.39578682748705e-13,12581,"Age, years, Male sex, Ever smoking (past/current), Ever alcohol (past/current), Body mass index, kg/m2",1.9652624167213852e-12
tchol,glucose,beta,-0.662847842124863,-1.49335792732076,0.167662243071037,0.120420879815004,12581,"Age, years, Male sex, Ever smoking (past/current), Ever alcohol (past/current), Body mass index, kg/m2",0.15412002605893105
hdl,glucose,beta,-3.74376049987572,-4.54890780354632,-2.93861319620512,2.49587603187116e-15,12581,"Age, years, Male sex, Ever smoking (past/current), Ever alcohol (past/current), Body mass index, kg/m2",1.0503920832002456e-14
ldl,glucose,beta,-1.55993286852819,-2.29256733959968,-0.827298397456704,5.76956448272393e-05,12581,"Age, years, Male sex, Ever smoking (past/current), Ever alcohol (past/current), Body mass index, kg/m2",0.00011603658918991291
nonhdl,glucose,beta,0.537480568500361,-0.26207329121112,1.33703442821184,0.190202721123189,12581,"Age, years, Male sex, Ever smoking (past/current), Ever alcohol (past/current), Body mass index, kg/m2",0.2341138658255556
alt,glucose,beta,2.56589825541037,1.53064088698274,3.60115562383801,3.68217689808438e-06,12581,"Age, years, Male sex, Ever smoking (past/current), Ever alcohol (past/current), Body mass index, kg/m2",8.248409857769993e-06
ast,glucose,beta,0.531198396936322,-0.384325996021108,1.44672278989375,0.257752059459913,12581,"Age, years, Male sex, Ever smoking (past/current), Ever alcohol (past/current), Body mass index, kg/m2",0.3089882802169523
creatinine,glucose,beta,-1.29415590745623,-2.30965002029974,-0.278661794612726,0.0140777789547991,12581,"Age, years, Male sex, Ever smoking (past/current), Ever alcohol (past/current), Body mass index, kg/m2",0.021175548876496288
egfr,glucose,beta,2.60758201044313,1.29378072912803,3.92138329175824,0.0001778265909506,12581,"Age, years, Male sex, Ever smoking (past/current), Ever alcohol (past/current), Body mass index, kg/m2",0.0003426604938142102
hemoglobin,glucose,beta,0.870961394458624,-0.0423141839362611,1.78423697285351,0.0640757396824934,12581,"Age, years, Male sex, Ever smoking (past/current), Ever alcohol (past/current), Body mass index, kg/m2",0.08633638494003538
platelet,glucose,beta,-0.540068391663076,-1.23310528175652,0.152968498430372,0.12934144796777,12581,"Age, years, Male sex, Ever smoking (past/current), Ever alcohol (past/current), Body mass index, kg/m2",0.16415616559528332
wbc,glucose,beta,3.04984816163611,2.15669994727906,3.94299637599315,7.772596388128811e-10,12581,"Age, years, Male sex, Ever smoking (past/current), Ever alcohol (past/current), Body mass index, kg/m2",2.322386050712808e-09
fib4,glucose,beta,-0.407196837015525,-1.10911724213445,0.294723568103402,0.257828693881739,12581,"Age, years, Male sex, Ever smoking (past/current), Ever alcohol (past/current), Body mass index, kg/m2",0.3089882802169523
vitd,glucose,beta,-2.14172041332776,-2.79229876624411,-1.49114206041142,2.5350599659934703e-09,12581,"Age, years, Male sex, Ever smoking (past/current), Ever alcohol (past/current), Body mass index, kg/m2",7.293597982160122e-09
fn_bmd,glucose,beta,0.802326585483929,-0.28950908890866,1.89416225987652,0.154180566792355,12581,"Age, years, Male sex, Ever smoking (past/current), Ever alcohol (past/current), Body mass index, kg/m2",0.19271352993066554
ls_bmd,glucose,beta,0.445349283125015,-0.864961485085017,1.75566005133505,0.507463739646185,12581,"Age, years, Male sex, Ever smoking (past/current), Ever alcohol (past/current), Body mass index, kg/m2",0.5651820253491857
ggt,glucose,beta,2.77942318105598,1.79469667222722,3.76414968988474,1.93329833689613e-07,12581,"Age, years, Male sex, Ever smoking (past/current), Ever alcohol (past/current), Body mass index, kg/m2",4.828363775733011e-07
uric,glucose,beta,-2.75517746383828,-3.9200588475411,-1.59029608013546,9.24914183898979e-06,12581,"Age, years, Male sex, Ever smoking (past/current), Ever alcohol (past/current), Body mass index, kg/m2",2.013737210514233e-05
cap,glucose,beta,8.12122377684658,4.88291371238206,11.3595338413111,0.0008298426164091,12581,"Age, years, Male sex, Ever smoking (past/current), Ever alcohol (past/current), Body mass index, kg/m2",0.0014821026593744467
lsm,glucose,beta,2.76684797623524,-2.6513094243765,8.18500537684697,0.34302513583355,12581,"Age, years, Male sex, Ever smoking (past/current), Ever alcohol (past/current), Body mass index, kg/m2",0.39900248084608164
htn,glucose,beta,8.27334631672195,6.43858130268887,10.108111330755,1.1042171167850201e-14,12581,"Age, years, Male sex, Ever smoking (past/current), Ever alcohol (past/current), Body mass index, kg/m2",4.443827989828627e-14
dyslipidemia,glucose,beta,6.92553894761559,5.59922573799105,8.25185215724012,5.56507597632485e-18,12581,"Age, years, Male sex, Ever smoking (past/current), Ever alcohol (past/current), Body mass index, kg/m2",2.829748144259782e-17
low_hdl,glucose,beta,7.69491864334199,6.0260051558416,9.36383213084238,3.7752647813949e-15,12581,"Age, years, Male sex, Ever smoking (past/current), Ever alcohol (past/current), Body mass index, kg/m2",1.5622329994977222e-14
high_tg,glucose,beta,9.28603658476284,7.32366759555995,11.2484055739657,1.0418956813575e-15,12581,"Age, years, Male sex, Ever smoking (past/current), Ever alcohol (past/current), Body mass index, kg/m2",4.524411981833447e-15
high_ldl,glucose,beta,0.106370613793508,-1.92579696530248,2.1385381928895,0.918460051485149,12581,"Age, years, Male sex, Ever smoking (past/current), Ever alcohol (past/current), Body mass index, kg/m2",0.9307795827066061
high_nonhdl,glucose,beta,3.55685463991249,0.869800618332112,6.24390866149288,0.0106748968111485,12581,"Age, years, Male sex, Ever smoking (past/current), Ever alcohol (past/current), Body mass index, kg/m2",0.016323885498609768
atherogenic_dyslipidemia,glucose,beta,12.1261914104256,9.26964975197302,14.9827330688781,1.7634375733941899e-13,12581,"Age, years, Male sex, Ever smoking (past/current), Ever alcohol (past/current), Body mass index, kg/m2",6.650294604716316e-13
ckd,glucose,beta,15.0845504001371,11.6184864231604,18.5506143771138,5.76401276765387e-14,12581,"Age, years, Male sex, Ever smoking (past/current), Ever alcohol (past/current), Body mass index, kg/m2",2.2399248044045885e-13
high_alt,glucose,beta,6.36405914421535,3.48972823898599,9.23839004944471,3.02889029500016e-05,12581,"Age, years, Male sex, Ever smoking (past/current), Ever alcohol (past/current), Body mass index, kg/m2",6.280026209130311e-05
high_ast,glucose,beta,8.60817283543122,4.65494450852509,12.5614011623373,4.00680147699741e-05,12581,"Age, years, Male sex, Ever smoking (past/current), Ever alcohol (past/current), Body mass index, kg/m2",8.238516966217127e-05
adv_fibrosis,glucose,beta,0.762021572231393,-3.0513505885093,4.57539373297209,0.696012574559043,12581,"Age, years, Male sex, Ever smoking (past/current), Ever alcohol (past/current), Body mass index, kg/m2",0.73601329723485
anemia,glucose,beta,0.137271592524342,-2.90161966762775,3.17616285267643,0.929600485834492,12581,"Age, years, Male sex, Ever smoking (past/current), Ever alcohol (past/current), Body mass index, kg/m2",0.9388561455096375
leukocytosis,glucose,beta,9.36879013858564,4.15875520983942,14.5788250673319,0.0006047341912656,12581,"Age, years, Male sex, Ever smoking (past/current), Ever alcohol (past/current), Body mass index, kg/m2",0.0011039817538748102
vitd_deficiency,glucose,beta,4.3454870219498,2.69228704859906,5.99868699530053,1.04618712378095e-06,12581,"Age, years, Male sex, Ever smoking (past/current), Ever alcohol (past/current), Body mass index, kg/m2",2.459130280259916e-06
osteoporosis,glucose,beta,0.713047431701116,-4.74328325627336,6.16937811967559,0.798585052959424,12581,"Age, years, Male sex, Ever smoking (past/current), Ever alcohol (past/current), Body mass index, kg/m2",0.8259352861457466
current_smoking,glucose,beta,1.69983165853314,-0.0261630876374139,3.4258264047037,0.0559504310506923,12581,"Age, years, Male sex, Ever alcohol (past/current), Body mass index, kg/m2",0.07635043298949248
age,hba1c,beta,0.281471596277778,0.270492011078695,0.292451181476861,7.74498305200633e-84,25480,unadjusted,4.377021850533864e-81
men,hba1c,beta,0.0507069925041959,0.0273584887283611,0.0740554962800307,4.07826972739146e-05,25480,unadjusted,8.368067967614429e-05
bmi,hba1c,beta,0.206393211728363,0.191782201599164,0.221004221857563,3.41716028694531e-54,25480,"Age, years, Male sex",1.4081548015787132e-52
smoking,hba1c,beta,0.0457081085341591,0.0168385491270297,0.0745776679412884,0.0023836103217887,25480,"Age, years, Male sex",0.003993884977973781
alcohol,hba1c,beta,-0.133034927856372,-0.171580000662798,-0.0944898550499458,5.04877326643009e-10,25480,"Age, years, Male sex",1.5269837188071436e-09
wc,hba1c,beta,0.211016011192535,0.195238202901293,0.226793819483777,2.88879064404079e-51,25480,"Age, years, Male sex, Ever smoking (past/current), Ever alcohol (past/current)",9.444674204814351e-50
height,hba1c,beta,-0.059519741875312,-0.0801341596743417,-0.0389053240762824,1.06949456580348e-07,25480,"Age, years, Male sex, Ever smoking (past/current), Ever alcohol (past/current)",2.7138681862210175e-07
weight,hba1c,beta,0.187707407348193,0.171852118174769,0.203562696521617,5.4821427851588e-46,25480,"Age, years, Male sex, Ever smoking (past/current), Ever alcohol (past/current)",1.3064672806077238e-44
whtr,hba1c,beta,0.226784724445692,0.211542419949479,0.242027028941906,4.881042906819539e-56,25480,"Age, years, Male sex, Ever smoking (past/current), Ever alcohol (past/current)",2.383877251775074e-54
fat_kg,hba1c,beta,0.170432339486609,0.143795034621132,0.197069644352087,8.763835723532841e-20,25480,"Age, years, Male sex, Ever smoking (past/current), Ever alcohol (past/current)",4.848913863258171e-19
lean_kg,hba1c,beta,0.223409478785109,0.186797735584437,0.260021221985781,8.91777303716614e-19,25480,"Age, years, Male sex, Ever smoking (past/current), Ever alcohol (past/current)",4.710108162220194e-18
asmm_kg,hba1c,beta,0.194551698178252,0.159531595870473,0.229571800486032,7.14391995079659e-17,25480,"Age, years, Male sex, Ever smoking (past/current), Ever alcohol (past/current)",3.3805439384391516e-16
asmi,hba1c,beta,0.218961061293931,0.189405988461594,0.248516134126268,4.37824395219951e-23,25480,"Age, years, Male sex, Ever smoking (past/current), Ever alcohol (past/current)",3.0439952679967065e-22
bodyfat_pct,hba1c,beta,0.150835235900992,0.121557118143646,0.180113353658337,1.95650076506837e-15,25480,"Age, years, Male sex, Ever smoking (past/current), Ever alcohol (past/current)",8.28684906489344e-15
asm_pct,hba1c,beta,-0.159639654381506,-0.193890297295502,-0.12538901146751,1.16960556445199e-13,25480,"Age, years, Male sex, Ever smoking (past/current), Ever alcohol (past/current)",4.4575718814759856e-13
obesity,hba1c,beta,0.362093024533411,0.333158616259006,0.391027432807817,2.3078566589152898e-48,25480,"Age, years, Male sex, Ever smoking (past/current), Ever alcohol (past/current)",6.475092867141054e-47
overweight,hba1c,beta,0.254647613182841,0.231379905664008,0.277915320701674,1.0519024396908499e-42,25480,"Age, years, Male sex, Ever smoking (past/current), Ever alcohol (past/current)",2.1901716060089483e-41
abdominal_obesity,hba1c,beta,0.297189545691898,0.272129050160374,0.322250041223422,4.6452159640849806e-46,25480,"Age, years, Male sex, Ever smoking (past/current), Ever alcohol (past/current)",1.1137257184194051e-44
central_obesity,hba1c,beta,0.233215471528123,0.205859344731467,0.260571598324778,5.34264734131688e-33,25480,"Age, years, Male sex, Ever smoking (past/current), Ever alcohol (past/current)",6.774202846874865e-32
high_bodyfat,hba1c,beta,0.173944195291207,0.135479347464369,0.212409043118046,3.75119949067547e-13,25480,"Age, years, Male sex, Ever smoking (past/current), Ever alcohol (past/current)",1.3830144627317949e-12
sarcopenia,hba1c,beta,-0.0289358796908918,-0.201449418223945,0.143577658842162,0.743296775299753,25480,"Age, years, Male sex, Ever smoking (past/current), Ever alcohol (past/current)",0.7758527818168398
sbp,hba1c,beta,0.0441424465520057,0.0219491497165746,0.0663357433874367,0.000161259736694,25480,"Age, years, Male sex, Ever smoking (past/current), Ever alcohol (past/current), Body mass index, kg/m2",0.0003118003511053098
dbp,hba1c,beta,0.0022010313581762,-0.0158238932298981,0.0202259559462505,0.81125991973439,25480,"Age, years, Male sex, Ever smoking (past/current), Ever alcohol (past/current), Body mass index, kg/m2",0.8372930452567824
tg,hba1c,beta,0.136901005217572,0.101232416550019,0.172569593885125,1.15903350041938e-11,25480,"Age, years, Male sex, Ever smoking (past/current), Ever alcohol (past/current), Body mass index, kg/m2",3.8337261936948717e-11
tchol,hba1c,beta,0.0009015155869549,-0.0142996628490563,0.0161026940229662,0.907660683300451,25480,"Age, years, Male sex, Ever smoking (past/current), Ever alcohol (past/current), Body mass index, kg/m2",0.9227910513949582
hdl,hba1c,beta,-0.111509227798427,-0.126088661828835,-0.0969297937680194,4.30568712327161e-29,25480,"Age, years, Male sex, Ever smoking (past/current), Ever alcohol (past/current), Body mass index, kg/m2",4.216162935560022e-28
ldl,hba1c,beta,-0.0261102111640944,-0.0479005357747118,-0.004319886553477,0.0205092080750102,25480,"Age, years, Male sex, Ever smoking (past/current), Ever alcohol (past/current), Body mass index, kg/m2",0.03003866240086648
nonhdl,hba1c,beta,0.035693291209932,0.0207154316806164,0.0506711507392477,8.01266853159845e-06,25480,"Age, years, Male sex, Ever smoking (past/current), Ever alcohol (past/current), Body mass index, kg/m2",1.7532144198563867e-05
alt,hba1c,beta,0.0713420880721079,0.0449929879440209,0.0976911882001949,5.30058788124989e-07,25480,"Age, years, Male sex, Ever smoking (past/current), Ever alcohol (past/current), Body mass index, kg/m2",1.2786052230624737e-06
ast,hba1c,beta,0.0239491950189804,-0.0057739631009091,0.0536723531388699,0.116954755099476,25480,"Age, years, Male sex, Ever smoking (past/current), Ever alcohol (past/current), Body mass index, kg/m2",0.15026729820510784
creatinine,hba1c,beta,-0.0149242331829116,-0.0402970396597156,0.0104485732938925,0.251633070158849,25480,"Age, years, Male sex, Ever smoking (past/current), Ever alcohol (past/current), Body mass index, kg/m2",0.3017461126245549
egfr,hba1c,beta,0.0380303241922473,0.0125337186743403,0.0635269297101543,0.0042559668966399,25480,"Age, years, Male sex, Ever smoking (past/current), Ever alcohol (past/current), Body mass index, kg/m2",0.0069286440506615005
hemoglobin,hba1c,beta,-0.0671603775429957,-0.0857443551354633,-0.0485763999505281,1.09942488122103e-10,25480,"Age, years, Male sex, Ever smoking (past/current), Ever alcohol (past/current), Body mass index, kg/m2",3.487830657666716e-10
platelet,hba1c,beta,0.0332140212432279,0.0172813720419552,0.0491466704445006,8.03855082066212e-05,25480,"Age, years, Male sex, Ever smoking (past/current), Ever alcohol (past/current), Body mass index, kg/m2",0.0001594010378272649
wbc,hba1c,beta,0.079970437975882,0.0332300063724063,0.126710869579358,0.0010733724190156,25480,"Age, years, Male sex, Ever smoking (past/current), Ever alcohol (past/current), Body mass index, kg/m2",0.0018914304185415204
fib4,hba1c,beta,-0.0381305055894812,-0.0619016619618645,-0.014359349217098,0.0021086894089165,25480,"Age, years, Male sex, Ever smoking (past/current), Ever alcohol (past/current), Body mass index, kg/m2",0.003567996279586687
vitd,hba1c,beta,-0.0764826593908725,-0.0913657978630912,-0.0615995209186538,1.3515377169943801e-17,25480,"Age, years, Male sex, Ever smoking (past/current), Ever alcohol (past/current), Body mass index, kg/m2",6.725387683559456e-17
fn_bmd,hba1c,beta,0.0383082687417596,0.0135457452287402,0.063070792254779,0.0033883371823496,25480,"Age, years, Male sex, Ever smoking (past/current), Ever alcohol (past/current), Body mass index, kg/m2",0.005592099246297463
ls_bmd,hba1c,beta,0.0257310856114181,-0.0002301964957841,0.0516923677186204,0.0560284234111799,25480,"Age, years, Male sex, Ever smoking (past/current), Ever alcohol (past/current), Body mass index, kg/m2",0.07643049759125094
ggt,hba1c,beta,0.0580784125186288,0.0313020139828675,0.0848548110543901,4.27365538391492e-05,25480,"Age, years, Male sex, Ever smoking (past/current), Ever alcohol (past/current), Body mass index, kg/m2",8.737251007114949e-05
uric,hba1c,beta,-0.0799818904880045,-0.102420119619953,-0.0575436613560556,1.79204909619759e-10,25480,"Age, years, Male sex, Ever smoking (past/current), Ever alcohol (past/current), Body mass index, kg/m2",5.613100732032989e-10
cap,hba1c,beta,0.170876061213502,0.110952512797721,0.230799609629282,0.0003389842261781,25480,"Age, years, Male sex, Ever smoking (past/current), Ever alcohol (past/current), Body mass index, kg/m2",0.0006328558748280149
lsm,hba1c,beta,0.0473712585511082,0.0225668109302223,0.0721757061719942,0.0046028045517144,25480,"Age, years, Male sex, Ever smoking (past/current), Ever alcohol (past/current), Body mass index, kg/m2",0.007459522657346238
htn,hba1c,beta,0.191859985616897,0.15545159193941,0.228268379294384,3.32494839002942e-18,25480,"Age, years, Male sex, Ever smoking (past/current), Ever alcohol (past/current), Body mass index, kg/m2",1.7082462118125174e-17
mets,hba1c,beta,0.393052419207254,0.340221461311217,0.445883377103292,3.61705806305378e-28,25480,"Age, years, Male sex, Ever smoking (past/current), Ever alcohol (past/current), Body mass index, kg/m2",3.281899471890081e-27
dyslipidemia,hba1c,beta,0.221474069128393,0.194783476741391,0.248164661515395,6.43750797086067e-32,25480,"Age, years, Male sex, Ever smoking (past/current), Ever alcohol (past/current), Body mass index, kg/m2",7.647682141959403e-31
low_hdl,hba1c,beta,0.201586277002559,0.168491563495064,0.234680990510055,4.99110798745204e-22,25480,"Age, years, Male sex, Ever smoking (past/current), Ever alcohol (past/current), Body mass index, kg/m2",3.2053284412922516e-21
high_tg,hba1c,beta,0.233751774173235,0.179385726954992,0.288117821391478,9.982077998056451e-14,25480,"Age, years, Male sex, Ever smoking (past/current), Ever alcohol (past/current), Body mass index, kg/m2",3.8116892432732936e-13
high_ldl,hba1c,beta,0.0616568230606733,0.0010722894477023,0.122241356673644,0.0483816298474136,25480,"Age, years, Male sex, Ever smoking (past/current), Ever alcohol (past/current), Body mass index, kg/m2",0.06675888652820655
high_nonhdl,hba1c,beta,0.176285609445673,0.125115618575831,0.227455600315514,5.78403159570205e-10,25480,"Age, years, Male sex, Ever smoking (past/current), Ever alcohol (past/current), Body mass index, kg/m2",1.7426983238840296e-09
atherogenic_dyslipidemia,hba1c,beta,0.319269658337911,0.233441397439413,0.405097919236409,3.8188497959490896e-11,25480,"Age, years, Male sex, Ever smoking (past/current), Ever alcohol (past/current), Body mass index, kg/m2",1.2312444818887203e-10
ckd,hba1c,beta,0.424379732365052,0.358065011251536,0.490694453478569,1.8790828192629e-23,25480,"Age, years, Male sex, Ever smoking (past/current), Ever alcohol (past/current), Body mass index, kg/m2",1.3180136525868763e-22
high_alt,hba1c,beta,0.143816888553129,0.0801958174336932,0.207437959672565,2.11489140492488e-05,25480,"Age, years, Male sex, Ever smoking (past/current), Ever alcohol (past/current), Body mass index, kg/m2",4.452639913721568e-05
high_ast,hba1c,beta,0.190607629230245,0.103483141282161,0.277732117178329,3.70570926598727e-05,25480,"Age, years, Male sex, Ever smoking (past/current), Ever alcohol (past/current), Body mass index, kg/m2",7.63928392717334e-05
adv_fibrosis,hba1c,beta,-0.0912460243872017,-0.178288891859399,-0.0042031569150043,0.0421214107621725,25480,"Age, years, Male sex, Ever smoking (past/current), Ever alcohol (past/current), Body mass index, kg/m2",0.05877682574079521
anemia,hba1c,beta,0.181535432252345,0.12608284133953,0.236988023165161,3.0196598805657702e-09,25480,"Age, years, Male sex, Ever smoking (past/current), Ever alcohol (past/current), Body mass index, kg/m2",8.637580974344315e-09
leukocytosis,hba1c,beta,0.180368148681439,0.109412705158009,0.25132359220487,2.17344429172802e-06,25480,"Age, years, Male sex, Ever smoking (past/current), Ever alcohol (past/current), Body mass index, kg/m2",4.958561486779727e-06
vitd_deficiency,hba1c,beta,0.174986766704072,0.139841909358591,0.210131624049553,7.4826862698891e-17,25480,"Age, years, Male sex, Ever smoking (past/current), Ever alcohol (past/current), Body mass index, kg/m2",3.532399389460773e-16
osteoporosis,hba1c,beta,0.0123552923112908,-0.0788156114582381,0.10352619608082,0.791305356549692,25480,"Age, years, Male sex, Ever smoking (past/current), Ever alcohol (past/current), Body mass index, kg/m2",0.8196920635010687
current_smoking,hba1c,beta,0.111620227750678,0.0761006117966278,0.147139843704728,1.02417884349389e-08,25480,"Age, years, Male sex, Ever alcohol (past/current), Body mass index, kg/m2",2.8293655760208303e-08
age,homa_ir,beta,0.480537009236068,0.313974447908399,0.647099570563737,1.03375517189872e-07,12256,unadjusted,2.631618700148865e-07
men,homa_ir,beta,0.62912562963824,0.35786117025747,0.900390089019011,1.29084478252124e-05,12256,unadjusted,2.7603145727859596e-05
bmi,homa_ir,beta,2.16501197390485,1.95592678642386,2.37409716138584,9.14652407001315e-41,12256,"Age, years, Male sex",1.6908247299519636e-39
smoking,homa_ir,beta,0.0649729382179066,-0.192075684360875,0.322021560796688,0.621202410914397,12256,"Age, years, Male sex",0.6688831621059756
alcohol,homa_ir,beta,-0.782097048090536,-1.2071475425375,-0.357046553643568,0.0004522058105077,12256,"Age, years, Male sex",0.0008372831878502953
wc,homa_ir,beta,2.2394892522763,2.01748808545608,2.46149041909652,2.07975713287314e-39,12256,"Age, years, Male sex, Ever smoking (past/current), Ever alcohol (past/current)",3.5937125126906956e-38
height,homa_ir,beta,0.105975682950383,-0.0834696253538458,0.295420991254611,0.275107238004937,12256,"Age, years, Male sex, Ever smoking (past/current), Ever alcohol (past/current)",0.32770979631060854
weight,homa_ir,beta,2.17235967745747,1.93103082663067,2.41368852828427,5.23344778742037e-35,12256,"Age, years, Male sex, Ever smoking (past/current), Ever alcohol (past/current)",7.341673562778364e-34
whtr,homa_ir,beta,2.25340435213313,2.02780026769613,2.47900843657013,5.13477199023003e-39,12256,"Age, years, Male sex, Ever smoking (past/current), Ever alcohol (past/current)",8.428696262800829e-38
fat_kg,homa_ir,beta,2.07674885683112,1.62595378173856,2.52754393192368,1.8411620624437999e-13,12256,"Age, years, Male sex, Ever smoking (past/current), Ever alcohol (past/current)",6.930197068532514e-13
lean_kg,homa_ir,beta,2.48555122403361,1.84821260415606,3.12288984391115,7.07723825194062e-11,12256,"Age, years, Male sex, Ever smoking (past/current), Ever alcohol (past/current)",2.2670084635366064e-10
asmm_kg,homa_ir,beta,2.15437889682017,1.61434707197923,2.69441072166111,3.3349392114224096e-11,12256,"Age, years, Male sex, Ever smoking (past/current), Ever alcohol (past/current)",1.0805093792290788e-10
asmi,homa_ir,beta,2.04011227523963,1.58061253423299,2.49961201624627,7.49700209202994e-13,12256,"Age, years, Male sex, Ever smoking (past/current), Ever alcohol (past/current)",2.7011056717732645e-12
bodyfat_pct,homa_ir,beta,2.15524381877693,1.75408558176041,2.55640205579344,3.17854434070772e-16,12256,"Age, years, Male sex, Ever smoking (past/current), Ever alcohol (past/current)",1.432155058296098e-15
asm_pct,homa_ir,beta,-2.31376175681025,-2.82929097485648,-1.79823253876403,4.99423561968983e-13,12256,"Age, years, Male sex, Ever smoking (past/current), Ever alcohol (past/current)",1.8259885500455607e-12
obesity,homa_ir,beta,3.64071893203193,3.29417244332597,3.9872654207379,4.903840360045e-41,12256,"Age, years, Male sex, Ever smoking (past/current), Ever alcohol (past/current)",9.417277895309719e-40
overweight,homa_ir,beta,2.79837223429391,2.55237302842799,3.04437144015983,2.62558450996698e-44,12256,"Age, years, Male sex, Ever smoking (past/current), Ever alcohol (past/current)",5.802688447725908e-43
abdominal_obesity,homa_ir,beta,3.25803776274261,2.93295998602161,3.5831155394636,3.76688705647468e-39,12256,"Age, years, Male sex, Ever smoking (past/current), Ever alcohol (past/current)",6.314324235344845e-38
central_obesity,homa_ir,beta,2.6783526050888,2.46911224683106,2.88759296334654,2.41414137550951e-49,12256,"Age, years, Male sex, Ever smoking (past/current), Ever alcohol (past/current)",6.920538609793929e-48
high_bodyfat,homa_ir,beta,2.42893768921201,2.04591977480857,2.81195560361544,1.36205168563608e-19,12256,"Age, years, Male sex, Ever smoking (past/current), Ever alcohol (past/current)",7.442370812674493e-19
sarcopenia,homa_ir,beta,-1.47965715667691,-1.92861692295313,-1.03069739040069,1.07827479413414e-08,12256,"Age, years, Male sex, Ever smoking (past/current), Ever alcohol (past/current)",2.9746548714049218e-08
sbp,homa_ir,beta,0.0607481209893108,-0.142241688036467,0.263737930015088,0.558617678607207,12256,"Age, years, Male sex, Ever smoking (past/current), Ever alcohol (past/current), Body mass index, kg/m2",0.6133476371274246
dbp,homa_ir,beta,0.0228402583742091,-0.113437396161151,0.15911791290957,0.743117559352265,12256,"Age, years, Male sex, Ever smoking (past/current), Ever alcohol (past/current), Body mass index, kg/m2",0.7758527818168398
tg,homa_ir,beta,0.88409264929224,0.613484634091316,1.15470066449316,3.21712222880911e-09,12256,"Age, years, Male sex, Ever smoking (past/current), Ever alcohol (past/current), Body mass index, kg/m2",9.189123131529849e-09
tchol,homa_ir,beta,-0.379412788676301,-0.539842963475395,-0.218982613877208,9.26609154292223e-06,12256,"Age, years, Male sex, Ever smoking (past/current), Ever alcohol (past/current), Body mass index, kg/m2",2.0163178296919878e-05
hdl,homa_ir,beta,-0.780270154338144,-0.906500763973055,-0.654039544703233,1.9096066520135098e-22,12256,"Age, years, Male sex, Ever smoking (past/current), Ever alcohol (past/current), Body mass index, kg/m2",1.2611692680075868e-21
ldl,homa_ir,beta,-0.467037082893329,-0.616504585866837,-0.317569579919821,1.23261120691181e-08,12256,"Age, years, Male sex, Ever smoking (past/current), Ever alcohol (past/current), Body mass index, kg/m2",3.3839069635968915e-08
nonhdl,homa_ir,beta,-0.129275413525525,-0.282310687849971,0.0237598607989211,0.100440625872459,12256,"Age, years, Male sex, Ever smoking (past/current), Ever alcohol (past/current), Body mass index, kg/m2",0.13044751016134204
alt,homa_ir,beta,0.567012725119312,0.369381839291567,0.764643610947057,1.27732573985738e-07,12256,"Age, years, Male sex, Ever smoking (past/current), Ever alcohol (past/current), Body mass index, kg/m2",3.2246972730541125e-07
ast,homa_ir,beta,0.23116520039127,0.0522711430660903,0.410059257716449,0.0126317643860061,12256,"Age, years, Male sex, Ever smoking (past/current), Ever alcohol (past/current), Body mass index, kg/m2",0.019116778848905943
creatinine,homa_ir,beta,0.115832774195208,-0.230229861308112,0.461895409698528,0.513258826471166,12256,"Age, years, Male sex, Ever smoking (past/current), Ever alcohol (past/current), Body mass index, kg/m2",0.5708327010176927
egfr,homa_ir,beta,-0.212336433366784,-0.642610372874922,0.217937506141355,0.335688299757425,12256,"Age, years, Male sex, Ever smoking (past/current), Ever alcohol (past/current), Body mass index, kg/m2",0.39127369294059317
hemoglobin,homa_ir,beta,0.0175570164394018,-0.19305248489043,0.228166517769233,0.870489892830196,12256,"Age, years, Male sex, Ever smoking (past/current), Ever alcohol (past/current), Body mass index, kg/m2",0.8905244416954371
platelet,homa_ir,beta,-0.0557559704857138,-0.210206003138074,0.0986940621666465,0.480617541396507,12256,"Age, years, Male sex, Ever smoking (past/current), Ever alcohol (past/current), Body mass index, kg/m2",0.5384658719242655
wbc,homa_ir,beta,0.691665594143414,0.467574258961655,0.915756929325174,1.75800896874179e-08,12256,"Age, years, Male sex, Ever smoking (past/current), Ever alcohol (past/current), Body mass index, kg/m2",4.773289965917997e-08
fib4,homa_ir,beta,0.0464159967598319,-0.128584160224449,0.221416153744112,0.604135943032214,12256,"Age, years, Male sex, Ever smoking (past/current), Ever alcohol (past/current), Body mass index, kg/m2",0.6542463155311904
vitd,homa_ir,beta,-0.229795000126922,-0.410071569310599,-0.0495184309432462,0.013853049613907,12256,"Age, years, Male sex, Ever smoking (past/current), Ever alcohol (past/current), Body mass index, kg/m2",0.020861311104916673
fn_bmd,homa_ir,beta,-0.0955145222919522,-0.355787581410656,0.164758536826751,0.474331033055059,12256,"Age, years, Male sex, Ever smoking (past/current), Ever alcohol (past/current), Body mass index, kg/m2",0.5323272529832095
ls_bmd,homa_ir,beta,0.180647594854031,-0.167427166577949,0.528722356286012,0.312501705036551,12256,"Age, years, Male sex, Ever smoking (past/current), Ever alcohol (past/current), Body mass index, kg/m2",0.3668417641319275
ggt,homa_ir,beta,0.358673555257369,0.191585427744627,0.525761682770111,5.06231989542145e-05,12256,"Age, years, Male sex, Ever smoking (past/current), Ever alcohol (past/current), Body mass index, kg/m2",0.00010248995653166457
uric,homa_ir,beta,0.210861691536661,-0.0243112915954546,0.446034674668776,0.0814460635337811,12256,"Age, years, Male sex, Ever smoking (past/current), Ever alcohol (past/current), Body mass index, kg/m2",0.10768737544774
cap,homa_ir,beta,1.31149325186654,0.767278531012264,1.85570797272083,0.001083946087816,12256,"Age, years, Male sex, Ever smoking (past/current), Ever alcohol (past/current), Body mass index, kg/m2",0.001908362582732575
lsm,homa_ir,beta,0.278247958018993,-0.406620751035279,0.963116667073264,0.446348770537433,12256,"Age, years, Male sex, Ever smoking (past/current), Ever alcohol (past/current), Body mass index, kg/m2",0.5051495292988222
htn,homa_ir,beta,0.766733957497222,0.427640561943172,1.10582735305127,2.10492829425979e-05,12256,"Age, years, Male sex, Ever smoking (past/current), Ever alcohol (past/current), Body mass index, kg/m2",4.4340236060126354e-05
dyslipidemia,homa_ir,beta,1.36737602513146,1.08211477142458,1.65263727883834,5.42325168580437e-16,12256,"Age, years, Male sex, Ever smoking (past/current), Ever alcohol (past/current), Body mass index, kg/m2",2.416034196964199e-15
low_hdl,homa_ir,beta,1.55698055391148,1.17365785082424,1.94030325699872,1.1782057057388699e-12,12256,"Age, years, Male sex, Ever smoking (past/current), Ever alcohol (past/current), Body mass index, kg/m2",4.1541727022308106e-12
high_tg,homa_ir,beta,1.67203137651123,1.32264768139268,2.02141507162979,5.89023236735443e-16,12256,"Age, years, Male sex, Ever smoking (past/current), Ever alcohol (past/current), Body mass index, kg/m2",2.618175196095969e-15
high_ldl,homa_ir,beta,-0.433279513784199,-0.701820087132533,-0.164738940435864,0.0019896279263718,12256,"Age, years, Male sex, Ever smoking (past/current), Ever alcohol (past/current), Body mass index, kg/m2",0.0033795483369372437
high_nonhdl,homa_ir,beta,0.114766025210642,-0.18178198599337,0.411314036414653,0.449644463079558,12256,"Age, years, Male sex, Ever smoking (past/current), Ever alcohol (past/current), Body mass index, kg/m2",0.5083719622585686
atherogenic_dyslipidemia,homa_ir,beta,2.11749759858425,1.61491211265365,2.62008308451485,2.45682081658979e-13,12256,"Age, years, Male sex, Ever smoking (past/current), Ever alcohol (past/current), Body mass index, kg/m2",9.203771922754932e-13
ckd,homa_ir,beta,2.36091460728276,1.52095326935788,3.20087594520764,2.14623527052084e-07,12256,"Age, years, Male sex, Ever smoking (past/current), Ever alcohol (past/current), Body mass index, kg/m2",5.339941339736128e-07
high_alt,homa_ir,beta,1.58763163935558,1.08060485729201,2.09465842141916,1.15907880637761e-08,12256,"Age, years, Male sex, Ever smoking (past/current), Ever alcohol (past/current), Body mass index, kg/m2",3.190894751586517e-08
high_ast,homa_ir,beta,2.12248295980989,1.40157770063746,2.84338821898233,6.49101970372778e-08,12256,"Age, years, Male sex, Ever smoking (past/current), Ever alcohol (past/current), Body mass index, kg/m2",1.6882625869787705e-07
adv_fibrosis,homa_ir,beta,0.393214929537862,-0.312799524903476,1.0992293839792,0.277222932954745,12256,"Age, years, Male sex, Ever smoking (past/current), Ever alcohol (past/current), Body mass index, kg/m2",0.3299319863925906
anemia,homa_ir,beta,0.0543185949503264,-0.548885336610956,0.657522526511609,0.860205080018472,12256,"Age, years, Male sex, Ever smoking (past/current), Ever alcohol (past/current), Body mass index, kg/m2",0.8813704471776936
leukocytosis,homa_ir,beta,2.38172417906122,0.635680645153369,4.12776771296907,0.0085682819171585,12256,"Age, years, Male sex, Ever smoking (past/current), Ever alcohol (past/current), Body mass index, kg/m2",0.013339678577048023
vitd_deficiency,homa_ir,beta,0.58970635688798,0.168513916160306,1.01089879761565,0.0070145417863934,12256,"Age, years, Male sex, Ever smoking (past/current), Ever alcohol (past/current), Body mass index, kg/m2",0.011077655611565785
osteoporosis,homa_ir,beta,-0.284599864471081,-1.00432244001254,0.435122711070382,0.440888093568244,12256,"Age, years, Male sex, Ever smoking (past/current), Ever alcohol (past/current), Body mass index, kg/m2",0.5000439501593961
current_smoking,homa_ir,beta,0.0634327585592354,-0.212320590397747,0.339186107516218,0.652905559443497,12256,"Age, years, Male sex, Ever alcohol (past/current), Body mass index, kg/m2",0.6965734609380999
age,tg,beta,7.31585494609297,5.44925300443776,9.18245688774817,4.23409167723857e-12,12287,unadjusted,1.4439712650996364e-11
men,tg,beta,19.7719416073287,15.2292720932244,24.3146111214329,4.4797360888365205e-14,12287,unadjusted,1.7581186475632218e-13
bmi,tg,beta,16.5842150666738,14.5250414961771,18.6433886371704,3.65859897816416e-31,12287,"Age, years, Male sex",4.054178587567904e-30
smoking,tg,beta,13.8161811747078,9.81970059370135,17.8126617557143,4.77503509912945e-10,12287,"Age, years, Male sex",1.4519630170757958e-09
alcohol,tg,beta,-2.79269855983161,-7.33519977192226,1.74980265225903,0.230556850560253,12287,"Age, years, Male sex",0.2791805634577168
wc,tg,beta,20.0946363222128,17.5761819852645,22.613090659161,1.22356993748768e-30,12287,"Age, years, Male sex, Ever smoking (past/current), Ever alcohol (past/current)",1.3082277493787194e-29
height,tg,beta,-1.9524498802625,-5.25712483845106,1.35222507792605,0.249184326712222,12287,"Age, years, Male sex, Ever smoking (past/current), Ever alcohol (past/current)",0.29908167368736355
weight,tg,beta,16.1556440163074,13.769085337527,18.5422026950877,3.23551761344712e-25,12287,"Age, years, Male sex, Ever smoking (past/current), Ever alcohol (past/current)",2.466224986280695e-24
whtr,tg,beta,20.8831067011026,18.424604377217,23.3416090249882,7.240389741283749e-33,12287,"Age, years, Male sex, Ever smoking (past/current), Ever alcohol (past/current)",9.093010100482067e-32
fat_kg,tg,beta,17.9548801528689,14.376168138808,21.5335921669298,5.97348407238589e-15,12287,"Age, years, Male sex, Ever smoking (past/current), Ever alcohol (past/current)",2.4539047757381707e-14
lean_kg,tg,beta,20.9670352648485,15.7014841843592,26.2325863453379,3.5501032044362e-11,12287,"Age, years, Male sex, Ever smoking (past/current), Ever alcohol (past/current)",1.1483408239370078e-10
asmm_kg,tg,beta,14.6243642165676,9.55382957035777,19.6948988627775,2.97074416705314e-07,12287,"Age, years, Male sex, Ever smoking (past/current), Ever alcohol (past/current)",7.313169835010716e-07
asmi,tg,beta,14.468194918655,10.4425943677071,18.493795469603,9.15683569675043e-10,12287,"Age, years, Male sex, Ever smoking (past/current), Ever alcohol (past/current)",2.715475413519093e-09
bodyfat_pct,tg,beta,24.8124425638507,20.1969554201772,29.4279297075242,3.09229316917765e-16,12287,"Age, years, Male sex, Ever smoking (past/current), Ever alcohol (past/current)",1.3948816165640574e-15
asm_pct,tg,beta,-31.5002936056188,-37.0641246134867,-25.9364625977509,3.01997971360399e-17,12287,"Age, years, Male sex, Ever smoking (past/current), Ever alcohol (past/current)",1.4676953006163864e-16
obesity,tg,beta,31.6981557905022,27.0655243267413,36.330787254263,1.5005355333875501e-25,12287,"Age, years, Male sex, Ever smoking (past/current), Ever alcohol (past/current)",1.1662315461849014e-24
overweight,tg,beta,42.9443692761442,38.8124941085393,47.0762444437491,1.33090080703081e-40,12287,"Age, years, Male sex, Ever smoking (past/current), Ever alcohol (past/current)",2.437520181765687e-39
abdominal_obesity,tg,beta,37.7568682886046,32.3101571883317,43.2035793888774,5.84735751698558e-26,12287,"Age, years, Male sex, Ever smoking (past/current), Ever alcohol (past/current)",4.720846191264276e-25
central_obesity,tg,beta,48.692794508689,43.8658514466472,53.5197375707308,2.08028353237151e-39,12287,"Age, years, Male sex, Ever smoking (past/current), Ever alcohol (past/current)",3.5937125126906956e-38
high_bodyfat,tg,beta,42.3452570690033,35.3708889486165,49.3196251893902,1.1356736774421299e-18,12287,"Age, years, Male sex, Ever smoking (past/current), Ever alcohol (past/current)",5.958521310293191e-18
sarcopenia,tg,beta,-21.064526559091,-37.1057689574289,-5.0232841607531,0.0121180095120524,12287,"Age, years, Male sex, Ever smoking (past/current), Ever alcohol (past/current)",0.018416767433607106
sbp,tg,beta,7.42046684122302,4.60104474259073,10.2398889398553,1.0164458406073e-06,12287,"Age, years, Male sex, Ever smoking (past/current), Ever alcohol (past/current), Body mass index, kg/m2",2.392064096039547e-06
dbp,tg,beta,8.15616995612885,5.41709528539333,10.8952446268644,4.7854873672542e-08,12287,"Age, years, Male sex, Ever smoking (past/current), Ever alcohol (past/current), Body mass index, kg/m2",1.256230127727778e-07
glucose,tg,beta,19.710627984383,14.5252901381293,24.8959658306368,1.6838335205075e-11,12287,"Age, years, Male sex, Ever smoking (past/current), Ever alcohol (past/current), Body mass index, kg/m2",5.5234207355950834e-11
hba1c,tg,beta,17.1235874725186,12.278816092521,21.9683588525163,2.4109250826822e-10,12287,"Age, years, Male sex, Ever smoking (past/current), Ever alcohol (past/current), Body mass index, kg/m2",7.480485982031987e-10
homa_ir,tg,beta,29.345681857044,26.1470325303358,32.5443311837522,1.35020093807046e-35,12287,"Age, years, Male sex, Ever smoking (past/current), Ever alcohol (past/current), Body mass index, kg/m2",1.9213650759017049e-34
tchol,tg,beta,32.0642588206379,28.1480825074933,35.9804351337825,1.9153918854360402e-31,12287,"Age, years, Male sex, Ever smoking (past/current), Ever alcohol (past/current), Body mass index, kg/m2",2.183657146623912e-30
hdl,tg,beta,-36.482548732645,-40.0865520424368,-32.8785454228531,2.15020442163758e-39,12287,"Age, years, Male sex, Ever smoking (past/current), Ever alcohol (past/current), Body mass index, kg/m2",3.6824421500092984e-38
ldl,tg,beta,10.8148106681889,9.26944188762196,12.3601794487557,3.46851823419274e-26,12287,"Age, years, Male sex, Ever smoking (past/current), Ever alcohol (past/current), Body mass index, kg/m2",2.8408816013388157e-25
nonhdl,tg,beta,43.7023801203965,39.5349570674716,47.8698031733215,8.42325094624202e-41,12287,"Age, years, Male sex, Ever smoking (past/current), Ever alcohol (past/current), Body mass index, kg/m2",1.5718104124213884e-39
alt,tg,beta,14.9827105824117,9.5805891286245,20.3848320361989,2.98116142686087e-07,12287,"Age, years, Male sex, Ever smoking (past/current), Ever alcohol (past/current), Body mass index, kg/m2",7.334250376033335e-07
ast,tg,beta,8.70727339261598,2.34341729357407,15.0711294916579,0.0083737027999394,12287,"Age, years, Male sex, Ever smoking (past/current), Ever alcohol (past/current), Body mass index, kg/m2",0.013067600898051385
creatinine,tg,beta,-2.00130812165148,-4.21783113513287,0.215214891829905,0.0797377240547545,12287,"Age, years, Male sex, Ever smoking (past/current), Ever alcohol (past/current), Body mass index, kg/m2",0.10571127223880994
egfr,tg,beta,3.41698176061212,-0.12170631077873,6.95566983200297,0.0612200818478758,12287,"Age, years, Male sex, Ever smoking (past/current), Ever alcohol (past/current), Body mass index, kg/m2",0.08285550591522294
hemoglobin,tg,beta,15.0410793284865,11.8230154412618,18.2591432157112,1.93135663493796e-15,12287,"Age, years, Male sex, Ever smoking (past/current), Ever alcohol (past/current), Body mass index, kg/m2",8.18911773613566e-15
platelet,tg,beta,5.89410015155575,3.16047414480083,8.62772615831068,4.71094054523616e-05,12287,"Age, years, Male sex, Ever smoking (past/current), Ever alcohol (past/current), Body mass index, kg/m2",9.566981928621277e-05
wbc,tg,beta,14.2801408162507,11.4656400674072,17.0946415650943,2.7146447261271702e-17,12287,"Age, years, Male sex, Ever smoking (past/current), Ever alcohol (past/current), Body mass index, kg/m2",1.3253611121535963e-16
fib4,tg,beta,-3.44294761630005,-7.66851826867575,0.782623036075652,0.11294342664025,12287,"Age, years, Male sex, Ever smoking (past/current), Ever alcohol (past/current), Body mass index, kg/m2",0.14574772696292057
vitd,tg,beta,-1.09381797646077,-3.37592833301087,1.18829238008933,0.349428983783007,12287,"Age, years, Male sex, Ever smoking (past/current), Ever alcohol (past/current), Body mass index, kg/m2",0.40537860992538877
fn_bmd,tg,beta,-1.3014226782363,-5.29494792551274,2.69210256904014,0.525053097914444,12287,"Age, years, Male sex, Ever smoking (past/current), Ever alcohol (past/current), Body mass index, kg/m2",0.5818781670058433
ls_bmd,tg,beta,-1.64381749222223,-5.79597651247948,2.50834152803502,0.440353588371179,12287,"Age, years, Male sex, Ever smoking (past/current), Ever alcohol (past/current), Body mass index, kg/m2",0.4995809565805518
insulin,tg,beta,25.9074832405789,23.2421681868758,28.572798294282,8.3434341244814e-38,12287,"Age, years, Male sex, Ever smoking (past/current), Ever alcohol (past/current), Body mass index, kg/m2",1.315004995874439e-36
ggt,tg,beta,20.0673022273508,12.4753929926713,27.6592114620302,9.2257282904681e-07,12287,"Age, years, Male sex, Ever smoking (past/current), Ever alcohol (past/current), Body mass index, kg/m2",2.1815290566103886e-06
uric,tg,beta,15.6223923731033,12.3096867755207,18.9350979706859,1.2370564460900601e-15,12287,"Age, years, Male sex, Ever smoking (past/current), Ever alcohol (past/current), Body mass index, kg/m2",5.3542618169937395e-15
cap,tg,beta,22.3444222295161,16.7739309714911,27.9149134875412,2.54298683851694e-05,12287,"Age, years, Male sex, Ever smoking (past/current), Ever alcohol (past/current), Body mass index, kg/m2",5.3171542987172386e-05
lsm,tg,beta,-3.73000583577082,-9.44425813765138,1.98424646610974,0.232753910385618,12287,"Age, years, Male sex, Ever smoking (past/current), Ever alcohol (past/current), Body mass index, kg/m2",0.2814963220683292
dm,tg,beta,36.6648753102604,25.5468610274729,47.7828895930479,2.3990842225907703e-09,12287,"Age, years, Male sex, Ever smoking (past/current), Ever alcohol (past/current), Body mass index, kg/m2",6.912437862031382e-09
prediabetes,tg,beta,-1.29348266261307,-6.31215242221374,3.72518709698761,0.614389393507863,12287,"Age, years, Male sex, Ever smoking (past/current), Ever alcohol (past/current), Body mass index, kg/m2",0.6626293458879788
htn,tg,beta,17.2451210740036,11.1054198184798,23.3848223295274,2.18366678458008e-07,12287,"Age, years, Male sex, Ever smoking (past/current), Ever alcohol (past/current), Body mass index, kg/m2",5.426247361682661e-07
low_hdl,tg,beta,73.0825394930482,66.2070111550545,79.9580678310419,2.40554483991873e-41,12287,"Age, years, Male sex, Ever smoking (past/current), Ever alcohol (past/current), Body mass index, kg/m2",4.664870287607106e-40
high_ldl,tg,beta,28.1787492469517,23.6635938850194,32.693904608884,1.01226794972935e-22,12287,"Age, years, Male sex, Ever smoking (past/current), Ever alcohol (past/current), Body mass index, kg/m2",6.798865889863003e-22
high_nonhdl,tg,beta,105.266373466827,92.9718169861012,117.560929947552,4.82310239893902e-33,12287,"Age, years, Male sex, Ever smoking (past/current), Ever alcohol (past/current), Body mass index, kg/m2",6.194867886429468e-32
insulin_resistance,tg,beta,44.9542823121389,40.038610902706,49.8699537215718,1.78143657467078e-35,12287,"Age, years, Male sex, Ever smoking (past/current), Ever alcohol (past/current), Body mass index, kg/m2",2.5079583948034186e-34
ckd,tg,beta,14.8133757343672,6.63326840048192,22.9934830682524,0.0005554438632175,12287,"Age, years, Male sex, Ever smoking (past/current), Ever alcohol (past/current), Body mass index, kg/m2",0.0010163440901426596
high_alt,tg,beta,32.9725513869561,22.7575082285668,43.1875945453453,4.66999475846145e-09,12287,"Age, years, Male sex, Ever smoking (past/current), Ever alcohol (past/current), Body mass index, kg/m2",1.3139757656097792e-08
high_ast,tg,beta,30.9908213369893,9.1479426034147,52.8337000705638,0.006312569061408,12287,"Age, years, Male sex, Ever smoking (past/current), Ever alcohol (past/current), Body mass index, kg/m2",0.010057399600052376
adv_fibrosis,tg,beta,-0.338528283742029,-32.3766305109092,31.6995739434251,0.983511813269873,12287,"Age, years, Male sex, Ever smoking (past/current), Ever alcohol (past/current), Body mass index, kg/m2",0.9860042405716214
anemia,tg,beta,-16.9703461289156,-24.3037573223246,-9.63693493550665,1.38888677965626e-05,12287,"Age, years, Male sex, Ever smoking (past/current), Ever alcohol (past/current), Body mass index, kg/m2",2.961960161897663e-05
leukocytosis,tg,beta,23.7814817039854,10.7035192716034,36.8594441363674,0.0005279723669943,12287,"Age, years, Male sex, Ever smoking (past/current), Ever alcohol (past/current), Body mass index, kg/m2",0.0009696651271260218
vitd_deficiency,tg,beta,-0.620268586948029,-6.48892649431949,5.24838932042343,0.836245260853077,12287,"Age, years, Male sex, Ever smoking (past/current), Ever alcohol (past/current), Body mass index, kg/m2",0.8603865414654805
osteoporosis,tg,beta,-3.92280652313998,-12.8474297111982,5.00181666491821,0.39185450803554,12287,"Age, years, Male sex, Ever smoking (past/current), Ever alcohol (past/current), Body mass index, kg/m2",0.44919630072112327
current_smoking,tg,beta,22.4386531310277,15.6943843305625,29.1829219314929,1.7718862228312702e-09,12287,"Age, years, Male sex, Ever alcohol (past/current), Body mass index, kg/m2",5.169308184012172e-09
age,tchol,beta,4.64076791559444,3.92901269671821,5.35252313447068,2.5617097821935902e-24,25076,unadjusted,1.8628904224922506e-23
men,tchol,beta,-6.81559658915374,-8.25863575444272,-5.37255742386477,8.384832655571929e-16,25076,unadjusted,3.677427714572345e-15
bmi,tchol,beta,0.0536096137294737,-0.603331555187525,0.710550782646472,0.873190633780467,25076,"Age, years, Male sex",0.8928255743694824
smoking,tchol,beta,1.3760090251318,0.0284582389857653,2.72355981127784,0.0475875428910282,25076,"Age, years, Male sex",0.06570901210363266
alcohol,tchol,beta,4.24330833346171,2.26031672208423,6.22629994483919,5.24680406204344e-05,25076,"Age, years, Male sex",0.00010595383802676798
wc,tchol,beta,0.588962948795355,-0.152202524929561,1.33012842252027,0.122006712235408,25076,"Age, years, Male sex, Ever smoking (past/current), Ever alcohol (past/current)",0.1559274677246771
height,tchol,beta,-0.708609869844265,-1.58455530131123,0.167335561622699,0.115490062359172,25076,"Age, years, Male sex, Ever smoking (past/current), Ever alcohol (past/current)",0.14857843469687299
weight,tchol,beta,-0.0444572353513116,-0.75997420278457,0.671059732081947,0.903278081392989,25076,"Age, years, Male sex, Ever smoking (past/current), Ever alcohol (past/current)",0.9193126035478941
whtr,tchol,beta,0.68092647730156,-0.07500917143033,1.43686212603345,0.0800420994471365,25076,"Age, years, Male sex, Ever smoking (past/current), Ever alcohol (past/current)",0.1060437191603724
fat_kg,tchol,beta,1.55278346021794,0.317653872165039,2.78791304827085,0.0161254318544997,25076,"Age, years, Male sex, Ever smoking (past/current), Ever alcohol (past/current)",0.02404531037180581
lean_kg,tchol,beta,-0.295831981412014,-1.82874664191872,1.2370826790947,0.706355073655386,25076,"Age, years, Male sex, Ever smoking (past/current), Ever alcohol (past/current)",0.7449588566730756
asmm_kg,tchol,beta,-0.748227787168505,-2.26736765240865,0.770912078071641,0.337592737434219,25076,"Age, years, Male sex, Ever smoking (past/current), Ever alcohol (past/current)",0.3932617400735484
asmi,tchol,beta,0.394539509214298,-0.86046567169932,1.64954469012792,0.539725077164212,25076,"Age, years, Male sex, Ever smoking (past/current), Ever alcohol (past/current)",0.5957456487895153
bodyfat_pct,tchol,beta,4.96940458144166,3.3370250467392,6.60178411614412,8.30150037269954e-08,25076,"Age, years, Male sex, Ever smoking (past/current), Ever alcohol (past/current)",2.1330355225477113e-07
asm_pct,tchol,beta,-5.38473797504772,-7.27731472053917,-3.49216122955627,4.03907267614673e-07,25076,"Age, years, Male sex, Ever smoking (past/current), Ever alcohol (past/current)",9.832967081130131e-07
obesity,tchol,beta,-0.22134534647954,-1.64795087129143,1.20526017833235,0.761579548477737,25076,"Age, years, Male sex, Ever smoking (past/current), Ever alcohol (past/current)",0.7922189570807067
overweight,tchol,beta,6.75975094876533,5.111563258222,8.40793863930866,7.50931153485971e-13,25076,"Age, years, Male sex, Ever smoking (past/current), Ever alcohol (past/current)",2.7030788382079175e-12
abdominal_obesity,tchol,beta,3.10016871107868,1.52855654646327,4.67178087569408,0.0001806007306072,25076,"Age, years, Male sex, Ever smoking (past/current), Ever alcohol (past/current)",0.0003474925675598112
central_obesity,tchol,beta,11.7463859597525,9.88131862310498,13.6114532964,4.81790807249159e-23,25076,"Age, years, Male sex, Ever smoking (past/current), Ever alcohol (past/current)",3.332105652932995e-22
high_bodyfat,tchol,beta,7.70188976387687,5.04700749206212,10.3567720356916,2.60049299985254e-07,25076,"Age, years, Male sex, Ever smoking (past/current), Ever alcohol (past/current)",6.417685781295475e-07
sarcopenia,tchol,beta,-8.10861618829911,-14.3568205376547,-1.86041183894355,0.0131194614439181,25076,"Age, years, Male sex, Ever smoking (past/current), Ever alcohol (past/current)",0.019824518514950346
sbp,tchol,beta,4.60152049781977,3.67917826834571,5.52386272729384,6.728438082744351e-17,25076,"Age, years, Male sex, Ever smoking (past/current), Ever alcohol (past/current), Body mass index, kg/m2",3.199242915304886e-16
dbp,tchol,beta,7.9501539888047,6.98686787569968,8.91344010190972,1.00094235283667e-31,25076,"Age, years, Male sex, Ever smoking (past/current), Ever alcohol (past/current), Body mass index, kg/m2",1.1646258670064315e-30
glucose,tchol,beta,-1.06296697217131,-2.39344527814351,0.26751133380088,0.120046523696727,25076,"Age, years, Male sex, Ever smoking (past/current), Ever alcohol (past/current), Body mass index, kg/m2",0.15369063033794564
hba1c,tchol,beta,0.0532903013210594,-0.845498496112032,0.952079098754151,0.907683001332784,25076,"Age, years, Male sex, Ever smoking (past/current), Ever alcohol (past/current), Body mass index, kg/m2",0.9227910513949582
homa_ir,tchol,beta,-1.15786915942922,-2.35246485038952,0.0367265315310676,0.059907791956586,25076,"Age, years, Male sex, Ever smoking (past/current), Ever alcohol (past/current), Body mass index, kg/m2",0.08121837730646135
tg,tchol,beta,14.3747694979834,12.3149713409133,16.4345676550534,4.2490515377805196e-26,25076,"Age, years, Male sex, Ever smoking (past/current), Ever alcohol (past/current), Body mass index, kg/m2",3.458692980135748e-25
alt,tchol,beta,4.0955058258689,1.95200761830992,6.23900403342788,0.0002805397476783,25076,"Age, years, Male sex, Ever smoking (past/current), Ever alcohol (past/current), Body mass index, kg/m2",0.0005282319094789884
ast,tchol,beta,2.15994114398133,0.907639961718948,3.41224232624372,0.0009813838213166,25076,"Age, years, Male sex, Ever smoking (past/current), Ever alcohol (past/current), Body mass index, kg/m2",0.0017378488796456891
creatinine,tchol,beta,-3.14790361265486,-4.15518598162391,-2.14062124368581,1.67204199480877e-08,25076,"Age, years, Male sex, Ever smoking (past/current), Ever alcohol (past/current), Body mass index, kg/m2",4.546115554270443e-08
egfr,tchol,beta,2.74751413746199,1.52796837658242,3.96705989834156,2.49065013894159e-05,25076,"Age, years, Male sex, Ever smoking (past/current), Ever alcohol (past/current), Body mass index, kg/m2",5.2132338357952e-05
hemoglobin,tchol,beta,9.61055047724966,8.65906703773154,10.5620339167678,2.62522752406828e-39,25076,"Age, years, Male sex, Ever smoking (past/current), Ever alcohol (past/current), Body mass index, kg/m2",4.476465553971601e-38
platelet,tchol,beta,5.01246298455032,4.33923145725075,5.68569451184989,3.41658377086145e-28,25076,"Age, years, Male sex, Ever smoking (past/current), Ever alcohol (past/current), Body mass index, kg/m2",3.10712767759262e-27
wbc,tchol,beta,1.25225053135346,0.281060241169943,2.22344082153697,0.012819844365155,25076,"Age, years, Male sex, Ever smoking (past/current), Ever alcohol (past/current), Body mass index, kg/m2",0.0193939978235385
fib4,tchol,beta,-3.83202973896985,-6.94465237029133,-0.719407107648372,0.0173604070405852,25076,"Age, years, Male sex, Ever smoking (past/current), Ever alcohol (past/current), Body mass index, kg/m2",0.02570275832805204
vitd,tchol,beta,1.08416772082823,0.304345294539653,1.86399014711681,0.0074102262014044,25076,"Age, years, Male sex, Ever smoking (past/current), Ever alcohol (past/current), Body mass index, kg/m2",0.011660642343976057
fn_bmd,tchol,beta,-2.27442241416417,-3.62211594825802,-0.926728880070313,0.0014783001035873,25076,"Age, years, Male sex, Ever smoking (past/current), Ever alcohol (past/current), Body mass index, kg/m2",0.0025593677066920607
ls_bmd,tchol,beta,-2.92348003757684,-4.04946078633403,-1.79749928881966,2.83086356672453e-06,25076,"Age, years, Male sex, Ever smoking (past/current), Ever alcohol (past/current), Body mass index, kg/m2",6.384775524493865e-06
insulin,tchol,beta,-0.734332136786993,-1.9256344538174,0.456970180243409,0.229399124152036,25076,"Age, years, Male sex, Ever smoking (past/current), Ever alcohol (past/current), Body mass index, kg/m2",0.2779488315912571
ggt,tchol,beta,5.17312868258795,4.23238501264871,6.1138723525272,2.83737806958216e-19,25076,"Age, years, Male sex, Ever smoking (past/current), Ever alcohol (past/current), Body mass index, kg/m2",1.529246272924663e-18
uric,tchol,beta,4.26055543957943,3.31711890816475,5.2039919709941,1.02794390887473e-14,25076,"Age, years, Male sex, Ever smoking (past/current), Ever alcohol (past/current), Body mass index, kg/m2",4.141085645120603e-14
cap,tchol,beta,5.00132052051955,2.75287014759826,7.24977089344084,0.0018242402460461,25076,"Age, years, Male sex, Ever smoking (past/current), Ever alcohol (past/current), Body mass index, kg/m2",0.003114671736451606
lsm,tchol,beta,0.676925700326061,-2.97467942053375,4.32853082118587,0.724738705655816,25076,"Age, years, Male sex, Ever smoking (past/current), Ever alcohol (past/current), Body mass index, kg/m2",0.761707311257813
dm,tchol,beta,-16.9695718376302,-19.1802895682165,-14.7588541070439,3.25154071715506e-29,25076,"Age, years, Male sex, Ever smoking (past/current), Ever alcohol (past/current), Body mass index, kg/m2",3.207754383308084e-28
prediabetes,tchol,beta,7.44903698320683,6.0926163733924,8.80545759302125,3.06836349718077e-19,25076,"Age, years, Male sex, Ever smoking (past/current), Ever alcohol (past/current), Body mass index, kg/m2",1.6497086350626026e-18
htn,tchol,beta,-2.60446346818177,-4.44035686810009,-0.768570068263452,0.0063186874571603,25076,"Age, years, Male sex, Ever smoking (past/current), Ever alcohol (past/current), Body mass index, kg/m2",0.010059045304034666
mets,tchol,beta,2.56712798192917,-0.0065892681458827,5.14084523200422,0.0529498145043473,25076,"Age, years, Male sex, Ever smoking (past/current), Ever alcohol (past/current), Body mass index, kg/m2",0.0725309785939051
high_tg,tchol,beta,26.1031644568103,23.6160355224388,28.5902933911818,7.80613053214787e-41,25076,"Age, years, Male sex, Ever smoking (past/current), Ever alcohol (past/current), Body mass index, kg/m2",1.4635569850794773e-39
atherogenic_dyslipidemia,tchol,beta,11.2516021352593,8.24524239330593,14.2579618772126,3.0396191895806894e-11,25076,"Age, years, Male sex, Ever smoking (past/current), Ever alcohol (past/current), Body mass index, kg/m2",9.872523410493602e-11
insulin_resistance,tchol,beta,-0.265977909307869,-2.55505021333321,2.02309439471748,0.820241371732768,25076,"Age, years, Male sex, Ever smoking (past/current), Ever alcohol (past/current), Body mass index, kg/m2",0.8452396109858896
ckd,tchol,beta,-7.55393778240436,-9.90782881806764,-5.20004674674109,5.5749519347274e-09,25076,"Age, years, Male sex, Ever smoking (past/current), Ever alcohol (past/current), Body mass index, kg/m2",1.5641496350199714e-08
high_alt,tchol,beta,10.0140484269026,7.20097755645243,12.8271192973528,1.87731973379153e-10,25076,"Age, years, Male sex, Ever smoking (past/current), Ever alcohol (past/current), Body mass index, kg/m2",5.861623415058636e-10
high_ast,tchol,beta,4.2567546253812,0.657530540994389,7.85597870976801,0.0221681376135511,25076,"Age, years, Male sex, Ever smoking (past/current), Ever alcohol (past/current), Body mass index, kg/m2",0.032348636074956895
adv_fibrosis,tchol,beta,-20.9531800153301,-26.3460974673891,-15.5602625632711,7.17939855902094e-12,25076,"Age, years, Male sex, Ever smoking (past/current), Ever alcohol (past/current), Body mass index, kg/m2",2.4089652840955758e-11
steatosis,tchol,beta,6.38271904051434,0.935101123979477,11.8303369570492,0.0472739318209648,25076,"Age, years, Male sex, Ever smoking (past/current), Ever alcohol (past/current), Body mass index, kg/m2",0.0653672402250041
masld,tchol,beta,2.95097502828434,-2.60768680426551,8.5096368608342,0.325241762184094,25076,"Age, years, Male sex, Ever smoking (past/current), Ever alcohol (past/current), Body mass index, kg/m2",0.38044246339452276
anemia,tchol,beta,-19.3053168135146,-22.3972047592136,-16.2134288678155,9.811502320277281e-23,25076,"Age, years, Male sex, Ever smoking (past/current), Ever alcohol (past/current), Body mass index, kg/m2",6.623601225088212e-22
leukocytosis,tchol,beta,3.09906945041224,-0.342234739611329,6.5403736404358,0.080137373163689,25076,"Age, years, Male sex, Ever smoking (past/current), Ever alcohol (past/current), Body mass index, kg/m2",0.10613439847189611
vitd_deficiency,tchol,beta,-2.08478777048387,-3.75460461691669,-0.41497092405104,0.0158752631276523,25076,"Age, years, Male sex, Ever smoking (past/current), Ever alcohol (past/current), Body mass index, kg/m2",0.023690132377590527
osteoporosis,tchol,beta,0.385080489090262,-5.36605300748432,6.13621398566484,0.895959505599607,25076,"Age, years, Male sex, Ever smoking (past/current), Ever alcohol (past/current), Body mass index, kg/m2",0.9130686055976248
current_smoking,tchol,beta,3.39116792784253,1.66269173725083,5.11964411843423,0.0001948422051975,25076,"Age, years, Male sex, Ever alcohol (past/current), Body mass index, kg/m2",0.000373447559961875
age,hdl,beta,1.64573679878028,1.35745675264771,1.93401684491284,1.77921011256952e-20,25076,unadjusted,1.0245349643850102e-19
men,hdl,beta,-10.6065460125739,-11.1519607098338,-10.061131315314,5.70521128717503e-70,25076,unadjusted,7.657919920582035e-68
bmi,hdl,beta,-5.08328079689488,-5.33920527591518,-4.82735631787458,2.7636422405379298e-70,25076,"Age, years, Male sex",4.049247667988167e-68
smoking,hdl,beta,-0.818994252388217,-1.34898016255141,-0.289008342225028,0.0030018378524223,25076,"Age, years, Male sex",0.004979149075128981
alcohol,hdl,beta,4.41256389706019,3.76919467865205,5.05593311546832,9.16792325262757e-26,25076,"Age, years, Male sex",7.239182512454025e-25
wc,hdl,beta,-5.53241430605296,-5.75886765273074,-5.30596095937518,1.31456357833038e-79,25076,"Age, years, Male sex, Ever smoking (past/current), Ever alcohol (past/current)",4.3336779298958195e-77
height,hdl,beta,0.381704767818263,0.0222573694045176,0.741152166232009,0.0395449092904687,25076,"Age, years, Male sex, Ever smoking (past/current), Ever alcohol (past/current)",0.05541610384452504
weight,hdl,beta,-4.9033821306999,-5.13725646430173,-4.66950779709807,3.75485747949274e-72,25076,"Age, years, Male sex, Ever smoking (past/current), Ever alcohol (past/current)",6.751916449487854e-70
whtr,hdl,beta,-5.6985058405308,-5.94248305701739,-5.45452862404421,2.10613308414072e-77,25076,"Age, years, Male sex, Ever smoking (past/current), Ever alcohol (past/current)",5.554574987240459e-75
fat_kg,hdl,beta,-5.07491620491778,-5.55926920558436,-4.5905632042512,7.99820662053747e-32,25076,"Age, years, Male sex, Ever smoking (past/current), Ever alcohol (past/current)",9.445046385327233e-31
lean_kg,hdl,beta,-5.66580934347687,-6.20499331531165,-5.12662537164209,6.68973214601738e-32,25076,"Age, years, Male sex, Ever smoking (past/current), Ever alcohol (past/current)",7.923527056779867e-31
asmm_kg,hdl,beta,-4.92093692879718,-5.46824772864492,-4.37362612894943,7.99187438616265e-28,25076,"Age, years, Male sex, Ever smoking (past/current), Ever alcohol (past/current)",7.072898226322022e-27
asmi,hdl,beta,-5.09556203081589,-5.5896759461334,-4.60144811549839,2.12548908053249e-31,25076,"Age, years, Male sex, Ever smoking (past/current), Ever alcohol (past/current)",2.4092936397096075e-30
bodyfat_pct,hdl,beta,-6.64379376628737,-7.24698243825138,-6.04060509432336,3.59948187028433e-33,25076,"Age, years, Male sex, Ever smoking (past/current), Ever alcohol (past/current)",4.653447803544055e-32
asm_pct,hdl,beta,7.10623300508705,6.41664999152982,7.79581601864428,2.2213025096000997e-31,25076,"Age, years, Male sex, Ever smoking (past/current), Ever alcohol (past/current)",2.5035534837544142e-30
obesity,hdl,beta,-9.02536940062388,-9.52273767095169,-8.52800113029607,3.02089155249072e-65,25076,"Age, years, Male sex, Ever smoking (past/current), Ever alcohol (past/current)",2.987661745413322e-63
overweight,hdl,beta,-10.3387686791219,-10.8635071388206,-9.8140302194233,3.6625705213578796e-69,25076,"Age, years, Male sex, Ever smoking (past/current), Ever alcohol (past/current)",4.390645146209628e-67
abdominal_obesity,hdl,beta,-9.74618513473556,-10.2859145675115,-9.20645570195958,5.14890305152524e-65,25076,"Age, years, Male sex, Ever smoking (past/current), Ever alcohol (past/current)",4.968063529715573e-63
central_obesity,hdl,beta,-11.5994268298607,-12.2819958863466,-10.9168577733748,3.6653422579339096e-62,25076,"Age, years, Male sex, Ever smoking (past/current), Ever alcohol (past/current)",2.843155680860107e-60
high_bodyfat,hdl,beta,-9.94180883035387,-10.8453325833643,-9.03828507734341,3.8331424471620896e-33,25076,"Age, years, Male sex, Ever smoking (past/current), Ever alcohol (past/current)",4.939384860251865e-32
sarcopenia,hdl,beta,6.1711128393639,3.22295014136414,9.11927553736365,0.0001062088560036,25076,"Age, years, Male sex, Ever smoking (past/current), Ever alcohol (past/current)",0.00020851723789093877
sbp,hdl,beta,0.550810725430816,0.206313840356825,0.895307610504808,0.0021771602882918,25076,"Age, years, Male sex, Ever smoking (past/current), Ever alcohol (past/current), Body mass index, kg/m2",0.003677560247857541
dbp,hdl,beta,0.469857862141874,0.179274981372133,0.760440742911616,0.0019470170993585,25076,"Age, years, Male sex, Ever smoking (past/current), Ever alcohol (past/current), Body mass index, kg/m2",0.0033114357889347493
glucose,hdl,beta,-1.92563701420407,-2.38656004341689,-1.46471398499124,3.55004948141601e-13,25076,"Age, years, Male sex, Ever smoking (past/current), Ever alcohol (past/current), Body mass index, kg/m2",1.3100742302688187e-12
hba1c,hdl,beta,-2.06795751131274,-2.34235567633339,-1.7935593462921,1.34780164074031e-28,25076,"Age, years, Male sex, Ever smoking (past/current), Ever alcohol (past/current), Body mass index, kg/m2",1.2545654801808625e-27
homa_ir,hdl,beta,-5.0483091363141,-5.49705932226507,-4.59955895036312,1.1580444787378399e-43,25076,"Age, years, Male sex, Ever smoking (past/current), Ever alcohol (past/current), Body mass index, kg/m2",2.5034010698835492e-42
tg,hdl,beta,-5.21121118964123,-5.97821844574252,-4.44420393353995,2.9245602950269503e-25,25076,"Age, years, Male sex, Ever smoking (past/current), Ever alcohol (past/current), Body mass index, kg/m2",2.2335058932676863e-24
alt,hdl,beta,-0.406716391924112,-0.713738843759577,-0.0996939400886476,0.0106168538054822,25076,"Age, years, Male sex, Ever smoking (past/current), Ever alcohol (past/current), Body mass index, kg/m2",0.016253975872479717
ast,hdl,beta,0.791197737897648,0.317850584069025,1.26454489172627,0.0013821154968765,25076,"Age, years, Male sex, Ever smoking (past/current), Ever alcohol (past/current), Body mass index, kg/m2",0.0024023061975586265
creatinine,hdl,beta,-0.563793591965134,-0.971317769348893,-0.156269414581376,0.0078476915443198,25076,"Age, years, Male sex, Ever smoking (past/current), Ever alcohol (past/current), Body mass index, kg/m2",0.012300106081350685
egfr,hdl,beta,0.66853792556865,0.211973459191534,1.12510239194577,0.0049820996613496,25076,"Age, years, Male sex, Ever smoking (past/current), Ever alcohol (past/current), Body mass index, kg/m2",0.008035882649811801
hemoglobin,hdl,beta,-0.556207682891392,-0.873937608522126,-0.238477757260658,0.0008292673715671,25076,"Age, years, Male sex, Ever smoking (past/current), Ever alcohol (past/current), Body mass index, kg/m2",0.0014818657856390646
platelet,hdl,beta,-0.509123601488805,-0.796904711855837,-0.221342491121774,0.0007337824265863,25076,"Age, years, Male sex, Ever smoking (past/current), Ever alcohol (past/current), Body mass index, kg/m2",0.0013206748314719757
wbc,hdl,beta,-2.44852829614835,-3.77975811413256,-1.11729847816414,0.0004584771773717,25076,"Age, years, Male sex, Ever smoking (past/current), Ever alcohol (past/current), Body mass index, kg/m2",0.0008475400531226379
fib4,hdl,beta,1.01846131170002,0.413341680305448,1.62358094309459,0.0012838301142605,25076,"Age, years, Male sex, Ever smoking (past/current), Ever alcohol (past/current), Body mass index, kg/m2",0.0022413203583471044
vitd,hdl,beta,1.50063603366472,1.16434398442068,1.83692808290876,1.81058649989399e-14,25076,"Age, years, Male sex, Ever smoking (past/current), Ever alcohol (past/current), Body mass index, kg/m2",7.205915687706867e-14
fn_bmd,hdl,beta,0.0596369609865857,-0.385434687067169,0.50470860904034,0.793597589134307,25076,"Age, years, Male sex, Ever smoking (past/current), Ever alcohol (past/current), Body mass index, kg/m2",0.82163623727174
ls_bmd,hdl,beta,-0.105791953292176,-0.549836773225248,0.338252866640897,0.641956635324306,25076,"Age, years, Male sex, Ever smoking (past/current), Ever alcohol (past/current), Body mass index, kg/m2",0.6876740994700662
insulin,hdl,beta,-4.8283208373786,-5.27608025281321,-4.38056142194399,6.293115509865769e-42,25076,"Age, years, Male sex, Ever smoking (past/current), Ever alcohol (past/current), Body mass index, kg/m2",1.2701818855627032e-40
ggt,hdl,beta,0.427215724346218,-0.0721278942647602,0.926559342957197,0.0962118467403345,25076,"Age, years, Male sex, Ever smoking (past/current), Ever alcohol (past/current), Body mass index, kg/m2",0.12549095473285965
uric,hdl,beta,-1.37498528482287,-1.71644578845742,-1.03352478118831,1.6895583666288999e-12,25076,"Age, years, Male sex, Ever smoking (past/current), Ever alcohol (past/current), Body mass index, kg/m2",5.883708537309795e-12
cap,hdl,beta,-2.64066515943872,-3.37974748492353,-1.90158283395391,6.30467657747229e-05,25076,"Age, years, Male sex, Ever smoking (past/current), Ever alcohol (past/current), Body mass index, kg/m2",0.00012628506602774874
lsm,hdl,beta,-0.0734730575688848,-0.484533936580417,0.337587821442647,0.734150039557682,25076,"Age, years, Male sex, Ever smoking (past/current), Ever alcohol (past/current), Body mass index, kg/m2",0.7689429590919221
dm,hdl,beta,-4.67063298210073,-5.46129155450852,-3.87997440969294,3.56275564572403e-21,25076,"Age, years, Male sex, Ever smoking (past/current), Ever alcohol (past/current), Body mass index, kg/m2",2.1616965236939053e-20
prediabetes,hdl,beta,-0.949953037662476,-1.49663455980938,-0.403271515515576,0.0009023265023178,25076,"Age, years, Male sex, Ever smoking (past/current), Ever alcohol (past/current), Body mass index, kg/m2",0.0016064822876549131
htn,hdl,beta,-0.437290747229471,-1.14565337928804,0.271071884829097,0.228712879112319,25076,"Age, years, Male sex, Ever smoking (past/current), Ever alcohol (past/current), Body mass index, kg/m2",0.2773188557206159
high_tg,hdl,beta,-10.8259193895017,-11.5949209261219,-10.0569178528816,2.69868110537395e-53,25076,"Age, years, Male sex, Ever smoking (past/current), Ever alcohol (past/current), Body mass index, kg/m2",1.007168155930127e-51
insulin_resistance,hdl,beta,-7.38409206015189,-8.22849745892112,-6.53968666138266,8.19412235069699e-34,25076,"Age, years, Male sex, Ever smoking (past/current), Ever alcohol (past/current), Body mass index, kg/m2",1.0988456955714335e-32
ckd,hdl,beta,-1.71777193991801,-2.55495224777231,-0.880591632063711,0.0001023078442781,25076,"Age, years, Male sex, Ever smoking (past/current), Ever alcohol (past/current), Body mass index, kg/m2",0.0002011579681730435
high_alt,hdl,beta,-2.37515389191475,-3.2158104874835,-1.534497296346,1.88547654383418e-07,25076,"Age, years, Male sex, Ever smoking (past/current), Ever alcohol (past/current), Body mass index, kg/m2",4.711904742519277e-07
high_ast,hdl,beta,1.46319263224161,-0.054167529071466,2.98055279355469,0.0612071297985576,25076,"Age, years, Male sex, Ever smoking (past/current), Ever alcohol (past/current), Body mass index, kg/m2",0.08285550591522294
adv_fibrosis,hdl,beta,2.2452302394089,-0.230252432864964,4.72071291168277,0.0780300388414374,25076,"Age, years, Male sex, Ever smoking (past/current), Ever alcohol (past/current), Body mass index, kg/m2",0.10369057227300181
anemia,hdl,beta,-1.22977878055463,-2.17798807885427,-0.281569482255003,0.0123170175089186,25076,"Age, years, Male sex, Ever smoking (past/current), Ever alcohol (past/current), Body mass index, kg/m2",0.018690495306974295
leukocytosis,hdl,beta,-4.07774896313569,-5.04990433356176,-3.10559359270961,2.98291929150205e-13,25076,"Age, years, Male sex, Ever smoking (past/current), Ever alcohol (past/current), Body mass index, kg/m2",1.1090628493592207e-12
vitd_deficiency,hdl,beta,-0.977411270778596,-1.49255506709883,-0.46226747445836,0.0003077477141273,25076,"Age, years, Male sex, Ever smoking (past/current), Ever alcohol (past/current), Body mass index, kg/m2",0.0005769905009893834
osteoporosis,hdl,beta,-1.17601904364829,-2.84483844671434,0.492800359417748,0.17154478999629,25076,"Age, years, Male sex, Ever smoking (past/current), Ever alcohol (past/current), Body mass index, kg/m2",0.21273704991389444
current_smoking,hdl,beta,-3.063284990354,-3.77489417888384,-2.35167580182415,9.006350678041161e-14,25076,"Age, years, Male sex, Ever alcohol (past/current), Body mass index, kg/m2",3.4591381827505663e-13
age,ldl,beta,1.42562817829483,0.537594795094229,2.31366156149543,0.0020726897712627,12093,unadjusted,0.0035115891799208745
men,ldl,beta,-1.13877561298122,-2.83215714744867,0.554605921486222,0.189928698771667,12093,unadjusted,0.23384934090903037
bmi,ldl,beta,1.29445184872387,0.483197004496702,2.10570669295104,0.0022093343338961,12093,"Age, years, Male sex",0.0037239568065159656
smoking,ldl,beta,-0.215973084869231,-1.87670434772393,1.44475817798546,0.799239171134186,12093,"Age, years, Male sex",0.8263957556212336
alcohol,ldl,beta,0.497485418031896,-1.75271589441173,2.74768673047552,0.665549237712407,12093,"Age, years, Male sex",0.7091065942338493
wc,ldl,beta,1.3121969369789,0.522193158479464,2.10220071547834,0.0014741026556847,12093,"Age, years, Male sex, Ever smoking (past/current), Ever alcohol (past/current)",0.0025532180848899617
height,ldl,beta,-1.01199160013382,-2.25689803809334,0.232914837825711,0.113746729345402,12093,"Age, years, Male sex, Ever smoking (past/current), Ever alcohol (past/current)",0.14666951150274132
weight,ldl,beta,1.03440634758622,0.215638939601362,1.85317375557108,0.0146848646711348,12093,"Age, years, Male sex, Ever smoking (past/current), Ever alcohol (past/current)",0.022005047211745933
whtr,ldl,beta,1.50115701027343,0.661499083161509,2.34081493738536,0.0006464316986577,12093,"Age, years, Male sex, Ever smoking (past/current), Ever alcohol (past/current)",0.0011736043138549155
fat_kg,ldl,beta,2.53740578109329,1.13861403866463,3.93619752352194,0.0006713996727712,12093,"Age, years, Male sex, Ever smoking (past/current), Ever alcohol (past/current)",0.001215586775964699
lean_kg,ldl,beta,0.403531383914177,-1.25763407939308,2.06469684722143,0.635427338594848,12093,"Age, years, Male sex, Ever smoking (past/current), Ever alcohol (past/current)",0.6823427121284524
asmm_kg,ldl,beta,0.437252598734781,-1.24401202117958,2.11851721864914,0.611789571116254,12093,"Age, years, Male sex, Ever smoking (past/current), Ever alcohol (past/current)",0.6605580545708382
asmi,ldl,beta,1.9571882734485,0.504640831544411,3.40973571535259,0.0101329020923428,12093,"Age, years, Male sex, Ever smoking (past/current), Ever alcohol (past/current)",0.01559757224797981
bodyfat_pct,ldl,beta,5.76215724414061,3.93323338080564,7.59108110747557,3.52106961593333e-08,12093,"Age, years, Male sex, Ever smoking (past/current), Ever alcohol (past/current)",9.329773208728905e-08
asm_pct,ldl,beta,-5.55147024220446,-7.67445390007711,-3.42848658433182,2.40142019562484e-06,12093,"Age, years, Male sex, Ever smoking (past/current), Ever alcohol (past/current)",5.4503834158874746e-06
obesity,ldl,beta,1.31592031280079,-0.344313983975963,2.97615460957754,0.122954992454157,12093,"Age, years, Male sex, Ever smoking (past/current), Ever alcohol (past/current)",0.15695401946208484
overweight,ldl,beta,8.1416681984994,6.22245544050912,10.0608809564897,1.73334125081423e-13,12093,"Age, years, Male sex, Ever smoking (past/current), Ever alcohol (past/current)",6.543032431508678e-13
abdominal_obesity,ldl,beta,3.43248213586807,1.66011671255471,5.20484755918143,0.0002329843871772,12093,"Age, years, Male sex, Ever smoking (past/current), Ever alcohol (past/current)",0.00044248018995343404
central_obesity,ldl,beta,12.5108465617041,10.3527545567418,14.6689385666665,1.03753501059139e-20,12093,"Age, years, Male sex, Ever smoking (past/current), Ever alcohol (past/current)",6.089745551779731e-20
high_bodyfat,ldl,beta,7.80221140281863,4.58985380239112,11.0145690032461,9.70113881600653e-06,12093,"Age, years, Male sex, Ever smoking (past/current), Ever alcohol (past/current)",2.106350447646643e-05
sarcopenia,ldl,beta,-9.09724877886576,-16.8399709096676,-1.35452664806394,0.0241773765186462,12093,"Age, years, Male sex, Ever smoking (past/current), Ever alcohol (past/current)",0.03503505549734958
sbp,ldl,beta,2.10747808701541,0.909350095563513,3.30560607846731,0.0007846647356243,12093,"Age, years, Male sex, Ever smoking (past/current), Ever alcohol (past/current), Body mass index, kg/m2",0.0014071322276200048
dbp,ldl,beta,5.61286100097857,4.6864323275103,6.53928967444684,7.067666370470279e-22,12093,"Age, years, Male sex, Ever smoking (past/current), Ever alcohol (past/current), Body mass index, kg/m2",4.459280408545522e-21
glucose,ldl,beta,-2.28249134010245,-3.34857351831073,-1.21640916189417,5.28045982699837e-05,12093,"Age, years, Male sex, Ever smoking (past/current), Ever alcohol (past/current), Body mass index, kg/m2",0.00010657907691635486
hba1c,ldl,beta,-1.32045260616221,-2.43553832360332,-0.205366888721106,0.0220049159368264,12093,"Age, years, Male sex, Ever smoking (past/current), Ever alcohol (past/current), Body mass index, kg/m2",0.032146029337549946
homa_ir,ldl,beta,-1.25155265748815,-2.23698176229985,-0.266123552676458,0.014192543902122,12093,"Age, years, Male sex, Ever smoking (past/current), Ever alcohol (past/current), Body mass index, kg/m2",0.021339232177860663
tg,ldl,beta,6.46929421856778,5.42468231754344,7.51390611959212,1.68577150172674e-22,12093,"Age, years, Male sex, Ever smoking (past/current), Ever alcohol (past/current), Body mass index, kg/m2",1.120825556442182e-21
alt,ldl,beta,3.17144601037926,1.96982686359966,4.37306515715886,9.5417734039235e-07,12093,"Age, years, Male sex, Ever smoking (past/current), Ever alcohol (past/current), Body mass index, kg/m2",2.253567497666947e-06
ast,ldl,beta,-0.298306852328092,-1.37870113015852,0.78208742550234,0.589407798426905,12093,"Age, years, Male sex, Ever smoking (past/current), Ever alcohol (past/current), Body mass index, kg/m2",0.6405761677408891
creatinine,ldl,beta,-2.04068840191413,-3.19165098041169,-0.889725823416565,0.0007485389940885,12093,"Age, years, Male sex, Ever smoking (past/current), Ever alcohol (past/current), Body mass index, kg/m2",0.0013429570342921116
egfr,ldl,beta,2.03447664677159,0.549771303827709,3.51918198971547,0.008436451108731,12093,"Age, years, Male sex, Ever smoking (past/current), Ever alcohol (past/current), Body mass index, kg/m2",0.013155144101750033
hemoglobin,ldl,beta,7.35477531824717,6.32809994578991,8.38145069070442,6.21963761498625e-27,12093,"Age, years, Male sex, Ever smoking (past/current), Ever alcohol (past/current), Body mass index, kg/m2",5.314230325029289e-26
platelet,ldl,beta,3.93687713625402,2.93662445213119,4.93712982037686,4.28796373622017e-12,12093,"Age, years, Male sex, Ever smoking (past/current), Ever alcohol (past/current), Body mass index, kg/m2",1.461083939749095e-11
wbc,ldl,beta,-0.412635710808589,-1.54526310211259,0.719991680495414,0.476599031480831,12093,"Age, years, Male sex, Ever smoking (past/current), Ever alcohol (past/current), Body mass index, kg/m2",0.5345692567445895
fib4,ldl,beta,-4.17737997517594,-8.32932007946865,-0.0254398708832273,0.0509480392050259,12093,"Age, years, Male sex, Ever smoking (past/current), Ever alcohol (past/current), Body mass index, kg/m2",0.07015330424472066
vitd,ldl,beta,0.183734593328698,-0.904673363224098,1.27214254988149,0.741330692430706,12093,"Age, years, Male sex, Ever smoking (past/current), Ever alcohol (past/current), Body mass index, kg/m2",0.7744135778336079
fn_bmd,ldl,beta,-1.60433895273762,-3.30716636557626,0.0984884601010163,0.0689673674841518,12093,"Age, years, Male sex, Ever smoking (past/current), Ever alcohol (past/current), Body mass index, kg/m2",0.09251777069084588
ls_bmd,ldl,beta,-3.10711157393636,-4.63442597228125,-1.57979717559147,0.0001602538450907,12093,"Age, years, Male sex, Ever smoking (past/current), Ever alcohol (past/current), Body mass index, kg/m2",0.00031000694923169155
insulin,ldl,beta,-0.676663719754907,-1.63053992388721,0.27721248437739,0.167027084145944,12093,"Age, years, Male sex, Ever smoking (past/current), Ever alcohol (past/current), Body mass index, kg/m2",0.2074493240323483
ggt,ldl,beta,1.96222749352302,0.712925889270033,3.21152909777601,0.0025877774219749,12093,"Age, years, Male sex, Ever smoking (past/current), Ever alcohol (past/current), Body mass index, kg/m2",0.004317691894277818
uric,ldl,beta,2.74747287790753,1.52854357874881,3.96640217706625,2.22492024278412e-05,12093,"Age, years, Male sex, Ever smoking (past/current), Ever alcohol (past/current), Body mass index, kg/m2",4.6818002555606264e-05
cap,ldl,beta,3.45632861825075,0.0819522039788279,6.83070503252267,0.0756200560521166,12093,"Age, years, Male sex, Ever smoking (past/current), Ever alcohol (past/current), Body mass index, kg/m2",0.10073155148075805
lsm,ldl,beta,-0.90145086008689,-4.16231704157427,2.35941532140049,0.601088540627354,12093,"Age, years, Male sex, Ever smoking (past/current), Ever alcohol (past/current), Body mass index, kg/m2",0.6518383406583915
dm,ldl,beta,-18.6912915423555,-21.6882331692741,-15.694349915437,1.0578215969388199e-22,12093,"Age, years, Male sex, Ever smoking (past/current), Ever alcohol (past/current), Body mass index, kg/m2",7.092783453372833e-22
prediabetes,ldl,beta,10.3064981108405,8.61225515803503,12.0007410636459,5.43276925941703e-22,12093,"Age, years, Male sex, Ever smoking (past/current), Ever alcohol (past/current), Body mass index, kg/m2",3.460875231924923e-21
htn,ldl,beta,-6.65825598868038,-9.16310290004118,-4.15340907731957,8.11966237784991e-07,12093,"Age, years, Male sex, Ever smoking (past/current), Ever alcohol (past/current), Body mass index, kg/m2",1.924588637913376e-06
mets,ldl,beta,-0.966992158150256,-3.22085587314912,1.2868715568486,0.402097153538549,12093,"Age, years, Male sex, Ever smoking (past/current), Ever alcohol (past/current), Body mass index, kg/m2",0.4600047251007808
high_tg,ldl,beta,10.3145849972742,8.11938002910879,12.5097899654397,1.48527234384411e-15,12093,"Age, years, Male sex, Ever smoking (past/current), Ever alcohol (past/current), Body mass index, kg/m2",6.359023151782792e-15
atherogenic_dyslipidemia,ldl,beta,2.16014620646757,-0.506495988413963,4.82678840134911,0.115025231336522,12093,"Age, years, Male sex, Ever smoking (past/current), Ever alcohol (past/current), Body mass index, kg/m2",0.148028567068081
insulin_resistance,ldl,beta,-0.982939615297909,-3.02635526346238,1.06047603286657,0.347702167812357,12093,"Age, years, Male sex, Ever smoking (past/current), Ever alcohol (past/current), Body mass index, kg/m2",0.4038490240357265
ckd,ldl,beta,-10.2041957904949,-12.7487030737978,-7.65968850719191,2.00154305971688e-12,12093,"Age, years, Male sex, Ever smoking (past/current), Ever alcohol (past/current), Body mass index, kg/m2",6.939618180753704e-12
high_alt,ldl,beta,6.02521856029849,2.75282612193919,9.29761099865778,0.0004525054235652,12093,"Age, years, Male sex, Ever smoking (past/current), Ever alcohol (past/current), Body mass index, kg/m2",0.0008372831878502953
high_ast,ldl,beta,-4.50311738722827,-8.64162348494799,-0.364611289508554,0.0350231570770911,12093,"Age, years, Male sex, Ever smoking (past/current), Ever alcohol (past/current), Body mass index, kg/m2",0.04951808770442186
adv_fibrosis,ldl,beta,-22.9424872185425,-27.9168917711181,-17.968082665967,3.72081215622383e-15,12093,"Age, years, Male sex, Ever smoking (past/current), Ever alcohol (past/current), Body mass index, kg/m2",1.5413123445048663e-14
steatosis,ldl,beta,4.32664105856599,-0.543471647332916,9.1967537644649,0.115618888721951,12093,"Age, years, Male sex, Ever smoking (past/current), Ever alcohol (past/current), Body mass index, kg/m2",0.1486958139740046
masld,ldl,beta,3.54541579963897,-2.42713296133114,9.51796456060907,0.27454752003862,12093,"Age, years, Male sex, Ever smoking (past/current), Ever alcohol (past/current), Body mass index, kg/m2",0.3271415630339701
anemia,ldl,beta,-15.2309417341342,-18.7314935714932,-11.7303898967752,5.82824203767844e-14,12093,"Age, years, Male sex, Ever smoking (past/current), Ever alcohol (past/current), Body mass index, kg/m2",2.2626619726257027e-13
leukocytosis,ldl,beta,1.91492450244566,-3.59593101454473,7.42578001943604,0.497164580717383,12093,"Age, years, Male sex, Ever smoking (past/current), Ever alcohol (past/current), Body mass index, kg/m2",0.5549613660603745
vitd_deficiency,ldl,beta,-0.795186088619181,-2.96483594394285,1.37446376670449,0.473962372885708,12093,"Age, years, Male sex, Ever smoking (past/current), Ever alcohol (past/current), Body mass index, kg/m2",0.5320644571895179
osteoporosis,ldl,beta,2.53503391731242,-5.15736912906354,10.2274369636884,0.520414299325958,12093,"Age, years, Male sex, Ever smoking (past/current), Ever alcohol (past/current), Body mass index, kg/m2",0.5776540314628198
current_smoking,ldl,beta,2.73061154564116,0.598927882629285,4.86229520865303,0.0133914849957253,12093,"Age, years, Male sex, Ever alcohol (past/current), Body mass index, kg/m2",0.020204696660217118
age,nonhdl,beta,2.99503111681418,2.25912137870421,3.73094085492416,8.85136339974039e-13,25076,unadjusted,3.1660030388221502e-12
men,nonhdl,beta,3.79094942342013,2.3357084924893,5.24619035435097,1.21710866093736e-06,25076,unadjusted,2.83926938729502e-06
bmi,nonhdl,beta,5.13689041062437,4.43598827878307,5.83779254246567,6.43167357319802e-28,25076,"Age, years, Male sex",5.743499019316336e-27
smoking,nonhdl,beta,2.19500327752005,0.837983107459771,3.55202344758032,0.0019291242356534,25076,"Age, years, Male sex",0.003282415258599935
alcohol,nonhdl,beta,-0.1692555635985,-2.13164993168885,1.79313880449185,0.866040337421577,25076,"Age, years, Male sex",0.886660345455424
wc,nonhdl,beta,6.12137725484829,5.37827139656647,6.86448311313011,9.18163524579281e-32,25076,"Age, years, Male sex, Ever smoking (past/current), Ever alcohol (past/current)",1.0746316281762235e-30
height,nonhdl,beta,-1.09031463766256,-2.02202461054465,-0.158604664780475,0.0235651631025513,25076,"Age, years, Male sex, Ever smoking (past/current), Ever alcohol (past/current)",0.034198013658728155
weight,nonhdl,beta,4.85892489534853,4.15466801692222,5.56318177377485,8.2410836780043e-26,25076,"Age, years, Male sex, Ever smoking (past/current), Ever alcohol (past/current)",6.546531532165665e-25
whtr,nonhdl,beta,6.37943231783238,5.61107311597405,7.14779151969071,4.80647275407863e-32,25076,"Age, years, Male sex, Ever smoking (past/current), Ever alcohol (past/current)",5.761941277313655e-31
fat_kg,nonhdl,beta,6.62769966513576,5.34955777729039,7.90584155298113,1.48207122583198e-15,25076,"Age, years, Male sex, Ever smoking (past/current), Ever alcohol (past/current)",6.352192599557219e-15
lean_kg,nonhdl,beta,5.36997736206484,3.80201256807362,6.93794215605606,3.72822814046849e-09,25076,"Age, years, Male sex, Ever smoking (past/current), Ever alcohol (past/current)",1.059545296242338e-08
asmm_kg,nonhdl,beta,4.17270914162867,2.63632227975772,5.70909600349962,1.10643069475867e-06,25076,"Age, years, Male sex, Ever smoking (past/current), Ever alcohol (past/current)",2.5961090323044475e-06
asmi,nonhdl,beta,5.49010154003018,4.15458913332967,6.8256139467307,1.1986974930284598e-11,25076,"Age, years, Male sex, Ever smoking (past/current), Ever alcohol (past/current)",3.961610093918619e-11
bodyfat_pct,nonhdl,beta,11.6131983477291,9.8951037974866,13.3312928979715,5.47213474522117e-21,25076,"Age, years, Male sex, Ever smoking (past/current), Ever alcohol (past/current)",3.284941586053861e-20
asm_pct,nonhdl,beta,-12.4909709801348,-14.5384831622518,-10.4434587980178,9.0288226211281e-19,25076,"Age, years, Male sex, Ever smoking (past/current), Ever alcohol (past/current)",4.762402971891034e-18
obesity,nonhdl,beta,8.80402405414443,7.34926902696858,10.2587790813203,6.718875682213889e-22,25076,"Age, years, Male sex, Ever smoking (past/current), Ever alcohol (past/current)",4.245985974255295e-21
overweight,nonhdl,beta,17.0985196278872,15.3808922823186,18.8161469734559,6.97537836412856e-39,25076,"Age, years, Male sex, Ever smoking (past/current), Ever alcohol (past/current)",1.1355801155758265e-37
abdominal_obesity,nonhdl,beta,12.8463538458142,11.2458416756907,14.4468660159378,7.590921517327561e-31,25076,"Age, years, Male sex, Ever smoking (past/current), Ever alcohol (past/current)",8.227311102067898e-30
central_obesity,nonhdl,beta,23.3458127896131,21.3967903266933,25.2948352525329,1.74355929020302e-46,25076,"Age, years, Male sex, Ever smoking (past/current), Ever alcohol (past/current)",4.338063240278709e-45
high_bodyfat,nonhdl,beta,17.6436985942308,14.9245042296621,20.3628929587994,4.3540403417588904e-20,25076,"Age, years, Male sex, Ever smoking (past/current), Ever alcohol (past/current)",2.4362918800563187e-19
sarcopenia,nonhdl,beta,-14.279729027663,-19.4401723919427,-9.1192856633834,7.43640330889274e-07,25076,"Age, years, Male sex, Ever smoking (past/current), Ever alcohol (past/current)",1.7689964816584292e-06
sbp,nonhdl,beta,4.05070977238905,3.1208886619742,4.9805308828039,5.5059684679822804e-14,25076,"Age, years, Male sex, Ever smoking (past/current), Ever alcohol (past/current), Body mass index, kg/m2",2.1417513529339136e-13
dbp,nonhdl,beta,7.48029612666277,6.54321061613515,8.41738163719038,1.4799702590462098e-30,25076,"Age, years, Male sex, Ever smoking (past/current), Ever alcohol (past/current), Body mass index, kg/m2",1.5738608453727973e-29
glucose,nonhdl,beta,0.862670042032753,-0.43557922027236,2.16091930433787,0.195317690851803,25076,"Age, years, Male sex, Ever smoking (past/current), Ever alcohol (past/current), Body mass index, kg/m2",0.23973837573991086
hba1c,nonhdl,beta,2.12124781263381,1.22189050537795,3.02060511988967,9.7488905689473e-06,25076,"Age, years, Male sex, Ever smoking (past/current), Ever alcohol (past/current), Body mass index, kg/m2",2.1155573829267973e-05
homa_ir,nonhdl,beta,3.89043997688486,2.69583816663345,5.08504178713628,3.55120631717861e-09,25076,"Age, years, Male sex, Ever smoking (past/current), Ever alcohol (past/current), Body mass index, kg/m2",1.012144970515748e-08
tg,nonhdl,beta,19.5859806876246,17.0074288482441,22.1645325270051,7.35652587580085e-29,25076,"Age, years, Male sex, Ever smoking (past/current), Ever alcohol (past/current), Body mass index, kg/m2",7.063693292395185e-28
alt,nonhdl,beta,4.50222221779301,2.24243225316821,6.76201218241781,0.0001574676530757,25076,"Age, years, Male sex, Ever smoking (past/current), Ever alcohol (past/current), Body mass index, kg/m2",0.0003047661622150045
ast,nonhdl,beta,1.3687434060837,0.212614721369234,2.52487209079816,0.0220344213518104,25076,"Age, years, Male sex, Ever smoking (past/current), Ever alcohol (past/current), Body mass index, kg/m2",0.0321728837957842
creatinine,nonhdl,beta,-2.58411002068971,-3.46733137751331,-1.7008886638661,9.84582227873062e-08,25076,"Age, years, Male sex, Ever smoking (past/current), Ever alcohol (past/current), Body mass index, kg/m2",2.5096696478516966e-07
egfr,nonhdl,beta,2.07897621189331,0.82769210277114,3.33026032101548,0.0015275213615512,25076,"Age, years, Male sex, Ever smoking (past/current), Ever alcohol (past/current), Body mass index, kg/m2",0.0026411164800247146
hemoglobin,nonhdl,beta,10.1667581601411,9.15466597157867,11.1788503487036,4.32219288726132e-39,25076,"Age, years, Male sex, Ever smoking (past/current), Ever alcohol (past/current), Body mass index, kg/m2",7.184283639498227e-38
platelet,nonhdl,beta,5.52158658603909,4.82742089968319,6.215752272395,1.9639100575120897e-30,25076,"Age, years, Male sex, Ever smoking (past/current), Ever alcohol (past/current), Body mass index, kg/m2",2.0773337399780288e-29
wbc,nonhdl,beta,3.70077882750178,1.69393465297008,5.70762300203349,0.0004438143679651,25076,"Age, years, Male sex, Ever smoking (past/current), Ever alcohol (past/current), Body mass index, kg/m2",0.0008231268821706215
fib4,nonhdl,beta,-4.85049105066989,-8.41804169490464,-1.28294040643514,0.0087807249172956,25076,"Age, years, Male sex, Ever smoking (past/current), Ever alcohol (past/current), Body mass index, kg/m2",0.013654303369819732
vitd,nonhdl,beta,-0.416468312836485,-1.18689026773033,0.353953642057359,0.291526745715856,25076,"Age, years, Male sex, Ever smoking (past/current), Ever alcohol (past/current), Body mass index, kg/m2",0.34508671635306
fn_bmd,nonhdl,beta,-2.33405937515074,-3.70620485315054,-0.961913897150934,0.0013629305423276,25076,"Age, years, Male sex, Ever smoking (past/current), Ever alcohol (past/current), Body mass index, kg/m2",0.002370001417779334
ls_bmd,nonhdl,beta,-2.81768808428468,-4.04986127538437,-1.58551489318499,2.77145825111874e-05,25076,"Age, years, Male sex, Ever smoking (past/current), Ever alcohol (past/current), Body mass index, kg/m2",5.764400021780092e-05
insulin,nonhdl,beta,4.09398870059164,2.93915665207527,5.248820749108,2.17091290985665e-10,25076,"Age, years, Male sex, Ever smoking (past/current), Ever alcohol (past/current), Body mass index, kg/m2",6.74637193353724e-10
ggt,nonhdl,beta,4.74591295824174,3.6757190244046,5.81610689207888,2.4226892926471202e-14,25076,"Age, years, Male sex, Ever smoking (past/current), Ever alcohol (past/current), Body mass index, kg/m2",9.622649439469886e-14
uric,nonhdl,beta,5.63554072440225,4.69334896631641,6.57773248248809,1.6138922248724201e-21,25076,"Age, years, Male sex, Ever smoking (past/current), Ever alcohol (past/current), Body mass index, kg/m2",9.960308333221987e-21
cap,nonhdl,beta,7.64198567995829,5.40274386033919,9.88122749957739,8.9653489681915e-05,25076,"Age, years, Male sex, Ever smoking (past/current), Ever alcohol (past/current), Body mass index, kg/m2",0.00017706899909218957
lsm,nonhdl,beta,0.750398757894948,-3.01013914570589,4.51093666149579,0.704814130510564,25076,"Age, years, Male sex, Ever smoking (past/current), Ever alcohol (past/current), Body mass index, kg/m2",0.7439286820437009
dm,nonhdl,beta,-12.2989388555294,-14.5633119222673,-10.0345657887916,5.85453508212493e-19,25076,"Age, years, Male sex, Ever smoking (past/current), Ever alcohol (past/current), Body mass index, kg/m2",3.112975911947073e-18
prediabetes,nonhdl,beta,8.39899002086926,7.04730035901077,9.75067968272775,1.35252887551337e-22,25076,"Age, years, Male sex, Ever smoking (past/current), Ever alcohol (past/current), Body mass index, kg/m2",9.022941368517524e-22
htn,nonhdl,beta,-2.16717272095228,-4.06631167773914,-0.268033764165418,0.0271899752839079,25076,"Age, years, Male sex, Ever smoking (past/current), Ever alcohol (past/current), Body mass index, kg/m2",0.039128243806162116
high_tg,nonhdl,beta,36.9290838463119,34.6246458933171,39.2335217993067,3.82188449377998e-59,25076,"Age, years, Male sex, Ever smoking (past/current), Ever alcohol (past/current), Body mass index, kg/m2",2.2908144026353938e-57
insulin_resistance,nonhdl,beta,7.11811415084408,4.78591376207147,9.45031453961669,2.41795921360039e-08,25076,"Age, years, Male sex, Ever smoking (past/current), Ever alcohol (past/current), Body mass index, kg/m2",6.476267196346068e-08
ckd,nonhdl,beta,-5.83616584248639,-8.06654303355963,-3.60578865141315,1.15740025459733e-06,25076,"Age, years, Male sex, Ever smoking (past/current), Ever alcohol (past/current), Body mass index, kg/m2",2.7108873160677244e-06
high_alt,nonhdl,beta,12.3892023188174,9.55599629794099,15.2224083396938,4.6353715285471103e-14,25076,"Age, years, Male sex, Ever smoking (past/current), Ever alcohol (past/current), Body mass index, kg/m2",1.813801163890442e-13
high_ast,nonhdl,beta,2.7935619931396,-0.829959596988044,6.41708358326725,0.133444935324743,25076,"Age, years, Male sex, Ever smoking (past/current), Ever alcohol (past/current), Body mass index, kg/m2",0.1688225660840049
adv_fibrosis,nonhdl,beta,-23.1984102547391,-28.3878244210421,-18.0089960884361,1.6636953792885502e-14,25076,"Age, years, Male sex, Ever smoking (past/current), Ever alcohol (past/current), Body mass index, kg/m2",6.641351080187189e-14
anemia,nonhdl,beta,-18.0755380329599,-21.3300176393569,-14.8210584265629,1.5711259416542902e-19,25076,"Age, years, Male sex, Ever smoking (past/current), Ever alcohol (past/current), Body mass index, kg/m2",8.561121522292523e-19
leukocytosis,nonhdl,beta,7.17681841354795,3.68112709859596,10.6725097284999,0.0001014190242933,25076,"Age, years, Male sex, Ever smoking (past/current), Ever alcohol (past/current), Body mass index, kg/m2",0.000199509527650072
vitd_deficiency,nonhdl,beta,-1.10737649970525,-2.72562391963918,0.510870920228683,0.182418435540402,25076,"Age, years, Male sex, Ever smoking (past/current), Ever alcohol (past/current), Body mass index, kg/m2",0.22516297379027467
osteoporosis,nonhdl,beta,1.56109953273854,-4.12260847792477,7.24480754340185,0.592027585206127,25076,"Age, years, Male sex, Ever smoking (past/current), Ever alcohol (past/current), Body mass index, kg/m2",0.6432466704409334
current_smoking,nonhdl,beta,6.4544529181965,4.69938339588058,8.20952244051242,5.6534241068767095e-11,25076,"Age, years, Male sex, Ever alcohol (past/current), Body mass index, kg/m2",1.8153365070458003e-10
age,alt,beta,-1.2558452783641,-1.52958654506225,-0.982104011665954,3.61202317041173e-15,24922,unadjusted,1.4978158974998748e-14
men,alt,beta,8.61300679118804,8.03304402938391,9.19296955299217,5.251991280120849e-57,24922,unadjusted,2.8076861492105516e-55
bmi,alt,beta,2.75681355813564,2.44630851762344,3.06731859864784,9.88703825983673e-35,24922,"Age, years, Male sex",1.3675917257312625e-33
smoking,alt,beta,0.811734549428699,0.186344104280002,1.4371249945774,0.0122180360375439,24922,"Age, years, Male sex",0.01854741004010885
alcohol,alt,beta,-0.0905864869840619,-0.81603414443164,0.634861170463516,0.807068631096749,24922,"Age, years, Male sex",0.8336197139996707
wc,alt,beta,2.931817517271,2.5647568331233,3.29887820141871,1.12514736515811e-30,24922,"Age, years, Male sex, Ever smoking (past/current), Ever alcohol (past/current)",1.2128291489279245e-29
height,alt,beta,-0.726005893781663,-1.12121576864331,-0.330796018920015,0.000464244997355,24922,"Age, years, Male sex, Ever smoking (past/current), Ever alcohol (past/current)",0.0008578015924971416
weight,alt,beta,2.61471206819964,2.27579742489284,2.95362671150644,1.77483274707597e-29,24922,"Age, years, Male sex, Ever smoking (past/current), Ever alcohol (past/current)",1.7957131323356873e-28
whtr,alt,beta,3.09318642936395,2.720684425182,3.4656884335459,4.7522888904619003e-32,24922,"Age, years, Male sex, Ever smoking (past/current), Ever alcohol (past/current)",5.714302386221057e-31
fat_kg,alt,beta,2.78171240290465,2.19864827606243,3.36477652974686,4.65684829094615e-14,24922,"Age, years, Male sex, Ever smoking (past/current), Ever alcohol (past/current)",1.8186072891394836e-13
lean_kg,alt,beta,3.63246403141815,2.96417289547852,4.30075516735778,1.89957907378832e-16,24922,"Age, years, Male sex, Ever smoking (past/current), Ever alcohol (past/current)",8.65752858975414e-16
asmm_kg,alt,beta,3.09478710421864,2.39244400400723,3.79713020443005,9.93797667294444e-13,24922,"Age, years, Male sex, Ever smoking (past/current), Ever alcohol (past/current)",3.5354888235762772e-12
asmi,alt,beta,3.38546980400364,2.7949634306574,3.97597617734988,1.69496308899359e-17,24922,"Age, years, Male sex, Ever smoking (past/current), Ever alcohol (past/current)",8.402598972504565e-17
bodyfat_pct,alt,beta,3.27129271234826,2.3368139363841,4.20577148831242,1.98988875383024e-09,24922,"Age, years, Male sex, Ever smoking (past/current), Ever alcohol (past/current)",5.767032901210571e-09
asm_pct,alt,beta,-3.80852014209043,-4.85944052522604,-2.75759975895482,7.13496458449424e-10,24922,"Age, years, Male sex, Ever smoking (past/current), Ever alcohol (past/current)",2.1383272648681223e-09
obesity,alt,beta,5.36994561170192,4.66738386627742,6.07250735712642,3.6841797801512e-29,24922,"Age, years, Male sex, Ever smoking (past/current), Ever alcohol (past/current)",3.6255261717109814e-28
overweight,alt,beta,5.38718559460078,4.80202343875389,5.97234775044766,7.421517232877369e-36,24922,"Age, years, Male sex, Ever smoking (past/current), Ever alcohol (past/current)",1.0793941975464293e-34
abdominal_obesity,alt,beta,5.0045252374294,4.36015683243865,5.64889364242015,1.04975340303863e-29,24922,"Age, years, Male sex, Ever smoking (past/current), Ever alcohol (past/current)",1.0675641291570231e-28
central_obesity,alt,beta,6.67856036808521,5.86380282922675,7.49331790694366,1.3755528775070802e-31,24922,"Age, years, Male sex, Ever smoking (past/current), Ever alcohol (past/current)",1.581885809133142e-30
high_bodyfat,alt,beta,4.95592727207449,3.53883144151266,6.37302310263632,2.0470995056231903e-09,24922,"Age, years, Male sex, Ever smoking (past/current), Ever alcohol (past/current)",5.928496079242562e-09
sarcopenia,alt,beta,-4.74179138807557,-7.04929111252912,-2.43429166362203,0.0001379116342759,24922,"Age, years, Male sex, Ever smoking (past/current), Ever alcohol (past/current)",0.0002684933194859549
sbp,alt,beta,1.274591914013,0.867573870440268,1.68160995758573,1.15606381891236e-08,24922,"Age, years, Male sex, Ever smoking (past/current), Ever alcohol (past/current), Body mass index, kg/m2",3.184810910597003e-08
dbp,alt,beta,1.44254699272901,1.12590796626365,1.75918601919436,6.750595954966501e-15,24922,"Age, years, Male sex, Ever smoking (past/current), Ever alcohol (past/current), Body mass index, kg/m2",2.7645297720339e-14
glucose,alt,beta,1.41379286463593,0.817805641100322,2.00978008817154,8.74519625940055e-06,24922,"Age, years, Male sex, Ever smoking (past/current), Ever alcohol (past/current), Body mass index, kg/m2",1.9092713246240938e-05
hba1c,alt,beta,1.74036351060066,0.704057368502205,2.77666965269911,0.0013143617884017,24922,"Age, years, Male sex, Ever smoking (past/current), Ever alcohol (past/current), Body mass index, kg/m2",0.0022915889091745813
homa_ir,alt,beta,3.24237637120332,2.65450319495408,3.83024954745256,2.37793698601455e-19,24922,"Age, years, Male sex, Ever smoking (past/current), Ever alcohol (past/current), Body mass index, kg/m2",1.2851255077422897e-18
tg,alt,beta,2.28153380504564,1.57089043695889,2.99217717313239,5.5021455143733404e-09,24922,"Age, years, Male sex, Ever smoking (past/current), Ever alcohol (past/current), Body mass index, kg/m2",1.544818144418803e-08
tchol,alt,beta,1.69198081833254,1.32648204572164,2.05747959094345,3.1032417384602902e-15,24922,"Age, years, Male sex, Ever smoking (past/current), Ever alcohol (past/current), Body mass index, kg/m2",1.2949814680747794e-14
hdl,alt,beta,-0.534382051183286,-0.911503438899245,-0.157260663467327,0.0063773147529461,24922,"Age, years, Male sex, Ever smoking (past/current), Ever alcohol (past/current), Body mass index, kg/m2",0.010137403949635351
ldl,alt,beta,1.21892348457111,0.815737771442327,1.62210919769989,3.15456088831764e-08,24922,"Age, years, Male sex, Ever smoking (past/current), Ever alcohol (past/current), Body mass index, kg/m2",8.38672236168319e-08
nonhdl,alt,beta,1.84870237897714,1.49200240659781,2.20540235135648,8.44122333322276e-18,24922,"Age, years, Male sex, Ever smoking (past/current), Ever alcohol (past/current), Body mass index, kg/m2",4.2539464339145533e-17
creatinine,alt,beta,-1.03330985059958,-1.41460871960549,-0.65201098159366,6.30420377962218e-07,24922,"Age, years, Male sex, Ever smoking (past/current), Ever alcohol (past/current), Body mass index, kg/m2",1.5114806152839603e-06
egfr,alt,beta,1.04543608533052,0.503861913008207,1.58701025765283,0.0002598655592468,24922,"Age, years, Male sex, Ever smoking (past/current), Ever alcohol (past/current), Body mass index, kg/m2",0.0004914092506598187
hemoglobin,alt,beta,3.21345061767801,2.80519010835187,3.62171112700415,4.5298199759319694e-30,24922,"Age, years, Male sex, Ever smoking (past/current), Ever alcohol (past/current), Body mass index, kg/m2",4.72822370047147e-29
wbc,alt,beta,-0.32682005841282,-0.627045063509567,-0.0265950533160731,0.0349440497016573,24922,"Age, years, Male sex, Ever smoking (past/current), Ever alcohol (past/current), Body mass index, kg/m2",0.049441581051414975
vitd,alt,beta,0.0716773961310361,-0.289209664742721,0.432564457004793,0.69776742607157,24922,"Age, years, Male sex, Ever smoking (past/current), Ever alcohol (past/current), Body mass index, kg/m2",0.7376718165524134
fn_bmd,alt,beta,-0.479838710997194,-1.03232884770902,0.0726514257146272,0.093080869421693,24922,"Age, years, Male sex, Ever smoking (past/current), Ever alcohol (past/current), Body mass index, kg/m2",0.1217684918757333
ls_bmd,alt,beta,-1.40721701842445,-1.8863836900535,-0.928050346795395,2.02664827947251e-07,24922,"Age, years, Male sex, Ever smoking (past/current), Ever alcohol (past/current), Body mass index, kg/m2",5.045576207421807e-07
insulin,alt,beta,3.03573226151025,2.46804967097157,3.60341485204893,1.44093250183244e-18,24922,"Age, years, Male sex, Ever smoking (past/current), Ever alcohol (past/current), Body mass index, kg/m2",7.530157169417612e-18
ggt,alt,beta,8.66845553127803,6.63719854257834,10.6997125199777,1.39508392760574e-13,24922,"Age, years, Male sex, Ever smoking (past/current), Ever alcohol (past/current), Body mass index, kg/m2",5.291420918128771e-13
uric,alt,beta,1.91953479118844,1.54113856330871,2.29793101906816,2.7426080961017e-17,24922,"Age, years, Male sex, Ever smoking (past/current), Ever alcohol (past/current), Body mass index, kg/m2",1.3361770478052123e-16
cap,alt,beta,3.26961067570963,2.08968208827811,4.44953926314114,0.0004157168269846,24922,"Age, years, Male sex, Ever smoking (past/current), Ever alcohol (past/current), Body mass index, kg/m2",0.0007724639584551796
lsm,alt,beta,1.66881494805033,0.584906929616086,2.75272296648457,0.0145340637631969,24922,"Age, years, Male sex, Ever smoking (past/current), Ever alcohol (past/current), Body mass index, kg/m2",0.02179558614374789
dm,alt,beta,2.32500441477874,0.968554668315004,3.68145416124248,0.0010521532325865,24922,"Age, years, Male sex, Ever smoking (past/current), Ever alcohol (past/current), Body mass index, kg/m2",0.0018556924601481027
prediabetes,alt,beta,0.844034938678423,0.249525337274277,1.43854454008257,0.0062801485582691,24922,"Age, years, Male sex, Ever smoking (past/current), Ever alcohol (past/current), Body mass index, kg/m2",0.010009777476435359
htn,alt,beta,2.41633330813501,1.57223931540521,3.26042730086481,1.35273362056059e-07,24922,"Age, years, Male sex, Ever smoking (past/current), Ever alcohol (past/current), Body mass index, kg/m2",3.408544078304264e-07
mets,alt,beta,4.52361257451875,3.69545435707893,5.35177079195857,4.2082736228960604e-19,24922,"Age, years, Male sex, Ever smoking (past/current), Ever alcohol (past/current), Body mass index, kg/m2",2.2588779446644254e-18
dyslipidemia,alt,beta,2.9688407426023,2.39180548539568,3.54587599980893,1.2658706252498801e-17,24922,"Age, years, Male sex, Ever smoking (past/current), Ever alcohol (past/current), Body mass index, kg/m2",6.314986372621091e-17
low_hdl,alt,beta,2.67578409434689,1.97579791253561,3.37577027615817,1.3562153931608798e-11,24922,"Age, years, Male sex, Ever smoking (past/current), Ever alcohol (past/current), Body mass index, kg/m2",4.4672673566564867e-11
high_tg,alt,beta,4.0189737377047,3.14667347493176,4.89127400047763,3.91397486457434e-15,24922,"Age, years, Male sex, Ever smoking (past/current), Ever alcohol (past/current), Body mass index, kg/m2",1.6179398708731546e-14
high_ldl,alt,beta,3.22988252713624,1.88560232183405,4.57416273243842,6.83969010768891e-06,24922,"Age, years, Male sex, Ever smoking (past/current), Ever alcohol (past/current), Body mass index, kg/m2",1.5015435108777653e-05
high_nonhdl,alt,beta,4.51246984753732,3.6288172138049,5.39612248126973,1.90977189820773e-17,24922,"Age, years, Male sex, Ever smoking (past/current), Ever alcohol (past/current), Body mass index, kg/m2",9.408540011593749e-17
atherogenic_dyslipidemia,alt,beta,4.06998563392612,2.73941382492397,5.40055744292827,2.27238816339501e-08,24922,"Age, years, Male sex, Ever smoking (past/current), Ever alcohol (past/current), Body mass index, kg/m2",6.115352091422218e-08
insulin_resistance,alt,beta,4.56569418851605,3.56311885064546,5.56826952638665,6.8833892216712004e-15,24922,"Age, years, Male sex, Ever smoking (past/current), Ever alcohol (past/current), Body mass index, kg/m2",2.8159966660735543e-14
ckd,alt,beta,0.304658139838147,-0.734261159390622,1.34357743906692,0.566547377955799,24922,"Age, years, Male sex, Ever smoking (past/current), Ever alcohol (past/current), Body mass index, kg/m2",0.6206761083337416
anemia,alt,beta,-4.70175411840036,-5.41063139672444,-3.99287684007628,1.59764766951715e-24,24922,"Age, years, Male sex, Ever smoking (past/current), Ever alcohol (past/current), Body mass index, kg/m2",1.1813633982448309e-23
leukocytosis,alt,beta,-1.17705546575213,-2.31258291125815,-0.0415280202461132,0.0444321249436627,24922,"Age, years, Male sex, Ever smoking (past/current), Ever alcohol (past/current), Body mass index, kg/m2",0.06165327473768139
vitd_deficiency,alt,beta,0.391626913778691,-0.484763363868783,1.26801719142616,0.382889571895323,24922,"Age, years, Male sex, Ever smoking (past/current), Ever alcohol (past/current), Body mass index, kg/m2",0.4396839321967773
osteoporosis,alt,beta,0.256842770218386,-1.29809060839804,1.81177614883481,0.747078009884373,24922,"Age, years, Male sex, Ever smoking (past/current), Ever alcohol (past/current), Body mass index, kg/m2",0.7787722284855282
current_smoking,alt,beta,0.937065779395451,-0.119623130243177,1.99375468903408,0.0847769096496924,24922,"Age, years, Male sex, Ever alcohol (past/current), Body mass index, kg/m2",0.11165628877082534
age,ast,beta,0.313592685655934,0.108355929654009,0.518829441657858,0.0033213425134923,24907,unadjusted,0.005486108970094171
men,ast,beta,3.82718857967242,3.33325076546056,4.32112639388428,5.4956399624104095e-30,24907,unadjusted,5.676436472923128e-29
bmi,ast,beta,0.311078600095346,0.0502566834758493,0.571900516714842,0.0210468443339106,24907,"Age, years, Male sex",0.030780523543419716
smoking,ast,beta,0.65623943399666,0.112254971095231,1.20022389689809,0.0196479424745395,24907,"Age, years, Male sex",0.028830586212640303
alcohol,ast,beta,-0.098086112537872,-0.652156440653542,0.455984215577798,0.729212520247708,24907,"Age, years, Male sex",0.7645811635568335
wc,ast,beta,0.351769486884494,0.0639615253307259,0.639577448438263,0.0181529144674346,24907,"Age, years, Male sex, Ever smoking (past/current), Ever alcohol (past/current)",0.026785874536803908
height,ast,beta,-0.219035904458822,-0.607028445168116,0.168956636250471,0.270745719581816,24907,"Age, years, Male sex, Ever smoking (past/current), Ever alcohol (past/current)",0.32300062324055007
weight,ast,beta,0.294089236854024,0.0303787757575196,0.557799697950529,0.030789276765748,24907,"Age, years, Male sex, Ever smoking (past/current), Ever alcohol (past/current)",0.04392440637767728
whtr,ast,beta,0.403295777922208,0.0993763453089291,0.707215210535487,0.0104774048312019,24907,"Age, years, Male sex, Ever smoking (past/current), Ever alcohol (past/current)",0.01608405646574882
fat_kg,ast,beta,0.14091369153214,-0.395801491483886,0.677628874548165,0.608412287741842,24907,"Age, years, Male sex, Ever smoking (past/current), Ever alcohol (past/current)",0.6577969418712016
lean_kg,ast,beta,0.791440009323674,0.214093308465504,1.36878671018184,0.008952181782512,24907,"Age, years, Male sex, Ever smoking (past/current), Ever alcohol (past/current)",0.013899070302832602
asmm_kg,ast,beta,0.636999181921169,0.037497672493501,1.23650069134884,0.0408414213947349,24907,"Age, years, Male sex, Ever smoking (past/current), Ever alcohol (past/current)",0.0570510815810633
asmi,ast,beta,0.754008533652679,0.154800998525726,1.35321606877963,0.0160315190826254,24907,"Age, years, Male sex, Ever smoking (past/current), Ever alcohol (past/current)",0.023914287138335627
bodyfat_pct,ast,beta,-0.272194771125349,-1.11980935214102,0.575419809890319,0.531069236404116,24907,"Age, years, Male sex, Ever smoking (past/current), Ever alcohol (past/current)",0.5875531420674915
asm_pct,ast,beta,0.0907191727908897,-0.833912824563391,1.01535117014517,0.848046168435484,24907,"Age, years, Male sex, Ever smoking (past/current), Ever alcohol (past/current)",0.8707164916508628
obesity,ast,beta,0.673675162477951,0.0699486674419758,1.27740165751393,0.0306917397396585,24907,"Age, years, Male sex, Ever smoking (past/current), Ever alcohol (past/current)",0.043801054260493875
overweight,ast,beta,0.58127643059089,0.0081503268140774,1.1544025343677,0.0491216926954867,24907,"Age, years, Male sex, Ever smoking (past/current), Ever alcohol (past/current)",0.06773280456721693
abdominal_obesity,ast,beta,0.479376542815113,-0.0272639807754485,0.986017066405674,0.0661394881014023,24907,"Age, years, Male sex, Ever smoking (past/current), Ever alcohol (past/current)",0.08902613641685862
central_obesity,ast,beta,0.538773790277499,-0.196862780151608,1.27441036070661,0.153771697051489,24907,"Age, years, Male sex, Ever smoking (past/current), Ever alcohol (past/current)",0.19226322172430166
high_bodyfat,ast,beta,-0.350674438769006,-1.66453705530302,0.963188177765008,0.602489572846286,24907,"Age, years, Male sex, Ever smoking (past/current), Ever alcohol (past/current)",0.6529249838192291
sarcopenia,ast,beta,-1.06823715406109,-3.3452570788225,1.20878277070033,0.360898763580508,24907,"Age, years, Male sex, Ever smoking (past/current), Ever alcohol (past/current)",0.4169729873611243
sbp,ast,beta,1.00617739991292,0.639064533053989,1.37329026677186,3.97006212832244e-07,24907,"Age, years, Male sex, Ever smoking (past/current), Ever alcohol (past/current), Body mass index, kg/m2",9.676873554925184e-07
dbp,ast,beta,0.644191170692385,0.357058938986114,0.931323402398655,2.4133115593921e-05,24907,"Age, years, Male sex, Ever smoking (past/current), Ever alcohol (past/current), Body mass index, kg/m2",5.064753596262677e-05
glucose,ast,beta,0.270189724419149,-0.180520627098684,0.720900075936981,0.242371613935751,24907,"Age, years, Male sex, Ever smoking (past/current), Ever alcohol (past/current), Body mass index, kg/m2",0.2920566873986692
hba1c,ast,beta,0.453249608643688,-0.128492468922316,1.03499168620969,0.129416100925861,24907,"Age, years, Male sex, Ever smoking (past/current), Ever alcohol (past/current), Body mass index, kg/m2",0.16415654841285315
homa_ir,ast,beta,0.577016128939348,-0.0874557603009424,1.24148801817964,0.0913827950298151,24907,"Age, years, Male sex, Ever smoking (past/current), Ever alcohol (past/current), Body mass index, kg/m2",0.11962619760642156
tg,ast,beta,1.21468721756237,0.580013717191168,1.84936071793358,0.0002743219773946,24907,"Age, years, Male sex, Ever smoking (past/current), Ever alcohol (past/current), Body mass index, kg/m2",0.0005172629850205136
tchol,ast,beta,0.691866254754979,0.346629963977513,1.03710254553245,0.0001447508155682,24907,"Age, years, Male sex, Ever smoking (past/current), Ever alcohol (past/current), Body mass index, kg/m2",0.00028139274023970476
hdl,ast,beta,0.805973134637574,0.407303432403201,1.20464283687195,0.0001274568346936,24907,"Age, years, Male sex, Ever smoking (past/current), Ever alcohol (past/current), Body mass index, kg/m2",0.0002488742537255092
ldl,ast,beta,-0.104777640605743,-0.497960967070945,0.288405685859458,0.602432646168544,24907,"Age, years, Male sex, Ever smoking (past/current), Ever alcohol (past/current), Body mass index, kg/m2",0.6529249838192291
nonhdl,ast,beta,0.435793441248682,0.0902975038246804,0.781289378672684,0.0148520092346203,24907,"Age, years, Male sex, Ever smoking (past/current), Ever alcohol (past/current), Body mass index, kg/m2",0.02224708388192272
creatinine,ast,beta,-0.465941136878254,-0.711593514884224,-0.220288758872284,0.0003273932035987,24907,"Age, years, Male sex, Ever smoking (past/current), Ever alcohol (past/current), Body mass index, kg/m2",0.0006117938183450437
egfr,ast,beta,0.252279833973694,-0.184603148735712,0.689162816683099,0.260342525236429,24907,"Age, years, Male sex, Ever smoking (past/current), Ever alcohol (past/current), Body mass index, kg/m2",0.31168753475717587
hemoglobin,ast,beta,1.32059199794869,0.955341209724069,1.68584278617332,1.0811355239658001e-10,24907,"Age, years, Male sex, Ever smoking (past/current), Ever alcohol (past/current), Body mass index, kg/m2",3.4325619043408546e-10
wbc,ast,beta,-0.76556169433554,-1.2760718171306,-0.255051571540484,0.0039593657576495,24907,"Age, years, Male sex, Ever smoking (past/current), Ever alcohol (past/current), Body mass index, kg/m2",0.006475093401100216
vitd,ast,beta,0.106053163674879,-0.258196966413236,0.470303293762995,0.569312990734464,24907,"Age, years, Male sex, Ever smoking (past/current), Ever alcohol (past/current), Body mass index, kg/m2",0.6230158205658476
fn_bmd,ast,beta,-0.0747934281551805,-0.587074708959195,0.437487852648833,0.775587829490719,24907,"Age, years, Male sex, Ever smoking (past/current), Ever alcohol (past/current), Body mass index, kg/m2",0.8050972063671699
ls_bmd,ast,beta,-0.449141026638886,-0.799531854830607,-0.0987501984471646,0.0142657379072516,24907,"Age, years, Male sex, Ever smoking (past/current), Ever alcohol (past/current), Body mass index, kg/m2",0.02143382421613647
insulin,ast,beta,0.549058573199837,-0.149987482031282,1.24810462843096,0.126368926125662,24907,"Age, years, Male sex, Ever smoking (past/current), Ever alcohol (past/current), Body mass index, kg/m2",0.16079622764654836
ggt,ast,beta,7.85298147848052,6.89370238661431,8.81226057034673,1.9404059003122301e-31,24907,"Age, years, Male sex, Ever smoking (past/current), Ever alcohol (past/current), Body mass index, kg/m2",2.2058177418491903e-30
uric,ast,beta,1.57103405452337,1.27321379048572,1.86885431856102,3.1362996821735897e-18,24907,"Age, years, Male sex, Ever smoking (past/current), Ever alcohol (past/current), Body mass index, kg/m2",1.6134202266162185e-17
cap,ast,beta,1.48241191303575,0.386042106777106,2.5787817192944,0.0264703659785768,24907,"Age, years, Male sex, Ever smoking (past/current), Ever alcohol (past/current), Body mass index, kg/m2",0.03814818499499082
lsm,ast,beta,2.78567682364826,1.03905605679232,4.53229759050419,0.0122001897316032,24907,"Age, years, Male sex, Ever smoking (past/current), Ever alcohol (past/current), Body mass index, kg/m2",0.018527428244998947
dm,ast,beta,1.08524454989832,0.177239145262831,1.99324995453381,0.0208256309460969,24907,"Age, years, Male sex, Ever smoking (past/current), Ever alcohol (past/current), Body mass index, kg/m2",0.030468267759896205
prediabetes,ast,beta,-0.0493415169416604,-0.567524478654089,0.468841444770768,0.852269889972819,24907,"Age, years, Male sex, Ever smoking (past/current), Ever alcohol (past/current), Body mass index, kg/m2",0.8739190473645599
htn,ast,beta,2.17300908254217,1.45517564240543,2.8908425226789,3.04217592518939e-08,24907,"Age, years, Male sex, Ever smoking (past/current), Ever alcohol (past/current), Body mass index, kg/m2",8.10427472057187e-08
mets,ast,beta,1.61881709151598,0.719073449677927,2.51856073335404,0.0006007913204781,24907,"Age, years, Male sex, Ever smoking (past/current), Ever alcohol (past/current), Body mass index, kg/m2",0.0010972901494973979
dyslipidemia,ast,beta,0.766943415298751,0.140922842566917,1.39296398803059,0.0179023642881866,24907,"Age, years, Male sex, Ever smoking (past/current), Ever alcohol (past/current), Body mass index, kg/m2",0.026445762929076248
low_hdl,ast,beta,0.739554610533579,0.0670737298604125,1.41203549120675,0.0331541335609526,24907,"Age, years, Male sex, Ever smoking (past/current), Ever alcohol (past/current), Body mass index, kg/m2",0.047060549826741474
high_tg,ast,beta,1.31831271921465,0.347273597214703,2.2893518412146,0.0088767969332911,24907,"Age, years, Male sex, Ever smoking (past/current), Ever alcohol (past/current), Body mass index, kg/m2",0.01378743960270891
high_ldl,ast,beta,0.195693625772966,-0.780641885611841,1.17202913715777,0.695134457693863,24907,"Age, years, Male sex, Ever smoking (past/current), Ever alcohol (past/current), Body mass index, kg/m2",0.7354779124463551
high_nonhdl,ast,beta,1.52375099356687,0.645329710538652,2.40217227659508,0.0009203155469418,24907,"Age, years, Male sex, Ever smoking (past/current), Ever alcohol (past/current), Body mass index, kg/m2",0.0016355652756971071
atherogenic_dyslipidemia,ast,beta,1.87517886984059,0.322544280996483,3.42781345868471,0.0195520063133817,24907,"Age, years, Male sex, Ever smoking (past/current), Ever alcohol (past/current), Body mass index, kg/m2",0.028700458989142117
insulin_resistance,ast,beta,0.714841139042702,-0.173930932472851,1.60361321055825,0.117603551071209,24907,"Age, years, Male sex, Ever smoking (past/current), Ever alcohol (past/current), Body mass index, kg/m2",0.15100280689312004
ckd,ast,beta,1.41152697925859,0.441572870293651,2.38148108822352,0.0051264119191863,24907,"Age, years, Male sex, Ever smoking (past/current), Ever alcohol (past/current), Body mass index, kg/m2",0.008254003073789581
anemia,ast,beta,-1.38409794944123,-2.08197653794382,-0.686219360938638,0.0001679812537365,24907,"Age, years, Male sex, Ever smoking (past/current), Ever alcohol (past/current), Body mass index, kg/m2",0.00032463792856941577
leukocytosis,ast,beta,-1.22794915022622,-2.04885720830755,-0.407041092144896,0.0040478721490738,24907,"Age, years, Male sex, Ever smoking (past/current), Ever alcohol (past/current), Body mass index, kg/m2",0.006608907231422184
vitd_deficiency,ast,beta,0.563084126446682,-0.144081114444062,1.27024936733743,0.121281893844952,24907,"Age, years, Male sex, Ever smoking (past/current), Ever alcohol (past/current), Body mass index, kg/m2",0.1551216204496056
osteoporosis,ast,beta,1.60587231309511,-2.04983017323864,5.26157479942885,0.392143913238811,24907,"Age, years, Male sex, Ever smoking (past/current), Ever alcohol (past/current), Body mass index, kg/m2",0.4493978333640603
current_smoking,ast,beta,0.616607419136021,-0.184821187470587,1.41803602574263,0.134206059382496,24907,"Age, years, Male sex, Ever alcohol (past/current), Body mass index, kg/m2",0.16962273831218982
age,creatinine,beta,0.0595441813358314,0.0538349741870293,0.0652533884846335,6.46639327890874e-39,22274,unadjusted,1.0570682566678916e-37
men,creatinine,beta,0.21365474636482,0.203614946226295,0.223694546503345,2.00998515214477e-68,22274,unadjusted,2.2718575033956316e-66
bmi,creatinine,beta,0.0055127589485204,-0.0023575785686012,0.0133830964656422,0.172687984802428,22274,"Age, years, Male sex",0.21403088767351416
smoking,creatinine,beta,-0.0151866373201551,-0.0257699171518538,-0.0046033574884564,0.0058582361970651,22274,"Age, years, Male sex",0.009371282812612023
alcohol,creatinine,beta,-0.0187419576193354,-0.0394861778403976,0.0020022626017267,0.0794654408965787,22274,"Age, years, Male sex",0.10545631807677468
wc,creatinine,beta,0.0009167474186332,-0.003908548672205,0.0057420435094715,0.71037059226091,22274,"Age, years, Male sex, Ever smoking (past/current), Ever alcohol (past/current)",0.7477983137264929
height,creatinine,beta,0.026221542654921,0.0192888697695981,0.0331542155402439,3.42516953549452e-11,22274,"Age, years, Male sex, Ever smoking (past/current), Ever alcohol (past/current)",1.1088355713924976e-10
weight,creatinine,beta,0.0112478499639964,0.0035646039258656,0.0189310960021273,0.0049828160111194,22274,"Age, years, Male sex, Ever smoking (past/current), Ever alcohol (past/current)",0.008035882649811801
whtr,creatinine,beta,-0.0036990764476425,-0.0086578828565213,0.0012597299612363,0.146733520859454,22274,"Age, years, Male sex, Ever smoking (past/current), Ever alcohol (past/current)",0.18422018677245316
fat_kg,creatinine,beta,0.0007116285666141,-0.00685210859455,0.0082753657277783,0.854350155053204,22274,"Age, years, Male sex, Ever smoking (past/current), Ever alcohol (past/current)",0.8758251395155416
lean_kg,creatinine,beta,0.0363480285140834,0.0232513708472126,0.0494446861809543,1.16567127336593e-06,22274,"Age, years, Male sex, Ever smoking (past/current), Ever alcohol (past/current)",2.7286364245181178e-06
asmm_kg,creatinine,beta,0.0468301140707145,0.036215413867624,0.057444814273805,5.84836348113781e-12,22274,"Age, years, Male sex, Ever smoking (past/current), Ever alcohol (past/current)",1.975757978768674e-11
asmi,creatinine,beta,0.0301926559185238,0.0212745008434732,0.0391108109935745,1.2846119642158e-08,22274,"Age, years, Male sex, Ever smoking (past/current), Ever alcohol (past/current)",3.5169030660468546e-08
bodyfat_pct,creatinine,beta,-0.0203605279898954,-0.0293392699841352,-0.0113817859956555,4.11781440691261e-05,22274,"Age, years, Male sex, Ever smoking (past/current), Ever alcohol (past/current)",8.440452742873723e-05
asm_pct,creatinine,beta,0.0453132498204282,0.0339623677859655,0.0566641318548909,1.34578882422472e-10,22274,"Age, years, Male sex, Ever smoking (past/current), Ever alcohol (past/current)",4.2354340402808215e-10
obesity,creatinine,beta,0.0102960491518538,0.0005065795427627,0.0200855187609449,0.0417566360452282,22274,"Age, years, Male sex, Ever smoking (past/current), Ever alcohol (past/current)",0.05830894888631231
overweight,creatinine,beta,0.0071846188139856,-0.0017935787959408,0.0161628164239121,0.11981386758083,22274,"Age, years, Male sex, Ever smoking (past/current), Ever alcohol (past/current)",0.1534921179241462
abdominal_obesity,creatinine,beta,-0.0021633281577542,-0.011155172080145,0.0068285157646365,0.638234268301828,22274,"Age, years, Male sex, Ever smoking (past/current), Ever alcohol (past/current)",0.6839764077288977
central_obesity,creatinine,beta,-0.0191296012110007,-0.0278693568037216,-0.0103898456182798,4.01207892969349e-05,22274,"Age, years, Male sex, Ever smoking (past/current), Ever alcohol (past/current)",8.245082725125946e-05
high_bodyfat,creatinine,beta,-0.0245288138811421,-0.0357717240714947,-0.0132859036907895,7.32799568852755e-05,22274,"Age, years, Male sex, Ever smoking (past/current), Ever alcohol (past/current)",0.0001459695415096424
sarcopenia,creatinine,beta,-0.059176814151608,-0.0908589058733539,-0.0274947224298621,0.0005512173861785,22274,"Age, years, Male sex, Ever smoking (past/current), Ever alcohol (past/current)",0.0010100120332200769
sbp,creatinine,beta,0.0052860068622659,-0.0032238092653107,0.0137958229898426,0.226201684202984,22274,"Age, years, Male sex, Ever smoking (past/current), Ever alcohol (past/current), Body mass index, kg/m2",0.2746635551586878
dbp,creatinine,beta,-0.0153498155821357,-0.0214356918229038,-0.0092639393413675,2.98714749725371e-06,22274,"Age, years, Male sex, Ever smoking (past/current), Ever alcohol (past/current), Body mass index, kg/m2",6.7257572561956045e-06
glucose,creatinine,beta,-0.0137517241836659,-0.0237582525528605,-0.0037451958144711,0.008254197652303,22274,"Age, years, Male sex, Ever smoking (past/current), Ever alcohol (past/current), Body mass index, kg/m2",0.01289636884380358
hba1c,creatinine,beta,-0.0049814625634538,-0.0136199421093629,0.0036570169824553,0.260994776102599,22274,"Age, years, Male sex, Ever smoking (past/current), Ever alcohol (past/current), Body mass index, kg/m2",0.3123095384942171
homa_ir,creatinine,beta,-0.0150149312256217,-0.0299390023460758,-9.08601051675985e-05,0.0512988758803314,22274,"Age, years, Male sex, Ever smoking (past/current), Ever alcohol (past/current), Body mass index, kg/m2",0.07056270966014987
tg,creatinine,beta,-0.0060921633426142,-0.0120877737477984,-9.65529374300743e-05,0.0490664895610267,22274,"Age, years, Male sex, Ever smoking (past/current), Ever alcohol (past/current), Body mass index, kg/m2",0.06768027639589318
tchol,creatinine,beta,-0.0181120624284995,-0.0236100566480387,-0.0126140682089603,3.57603983865676e-09,22274,"Age, years, Male sex, Ever smoking (past/current), Ever alcohol (past/current), Body mass index, kg/m2",1.0184891001962666e-08
hdl,creatinine,beta,-0.0102750501457332,-0.015556122501935,-0.0049939777895313,0.0002337729254371,22274,"Age, years, Male sex, Ever smoking (past/current), Ever alcohol (past/current), Body mass index, kg/m2",0.0004437647279410593
ldl,creatinine,beta,-0.015914321558428,-0.0227447605068973,-0.0090838826099587,1.37745814396001e-05,22274,"Age, years, Male sex, Ever smoking (past/current), Ever alcohol (past/current), Body mass index, kg/m2",2.9407579155454932e-05
nonhdl,creatinine,beta,-0.0148118738802929,-0.0206161858988209,-0.0090075618617648,2.34544377874193e-06,22274,"Age, years, Male sex, Ever smoking (past/current), Ever alcohol (past/current), Body mass index, kg/m2",5.3263924160178385e-06
alt,creatinine,beta,-0.014179171707394,-0.0218943442639941,-0.0064639991507939,0.0004876486061301,22274,"Age, years, Male sex, Ever smoking (past/current), Ever alcohol (past/current), Body mass index, kg/m2",0.0008993649817485667
ast,creatinine,beta,-0.00825660244904,-0.0137450464640067,-0.0027681584340734,0.003950783045737,22274,"Age, years, Male sex, Ever smoking (past/current), Ever alcohol (past/current), Body mass index, kg/m2",0.00646372941643324
hemoglobin,creatinine,beta,-0.0434862583008754,-0.0565611826106845,-0.0304113339910664,2.67085457064895e-09,22274,"Age, years, Male sex, Ever smoking (past/current), Ever alcohol (past/current), Body mass index, kg/m2",7.667562178147495e-09
platelet,creatinine,beta,-0.0160467274633071,-0.0213086037606209,-0.0107848511659934,3.29278862163968e-08,22274,"Age, years, Male sex, Ever smoking (past/current), Ever alcohol (past/current), Body mass index, kg/m2",8.742464286715821e-08
wbc,creatinine,beta,0.0041231769784993,-0.0005042889572571,0.0087506429142559,0.083721970028988,22274,"Age, years, Male sex, Ever smoking (past/current), Ever alcohol (past/current), Body mass index, kg/m2",0.11036458295057532
fib4,creatinine,beta,0.0091532376749538,0.0022108360237136,0.0160956393261941,0.0111628250392855,22274,"Age, years, Male sex, Ever smoking (past/current), Ever alcohol (past/current), Body mass index, kg/m2",0.017017393393222904
vitd,creatinine,beta,0.0229578186094734,0.017823021776823,0.0280926154421238,4.1116060031008e-14,22274,"Age, years, Male sex, Ever smoking (past/current), Ever alcohol (past/current), Body mass index, kg/m2",1.6200710506241795e-13
fn_bmd,creatinine,beta,0.0064554844110959,-0.0024726243459444,0.0153835931681364,0.161969695899844,22274,"Age, years, Male sex, Ever smoking (past/current), Ever alcohol (past/current), Body mass index, kg/m2",0.20162118218369504
ls_bmd,creatinine,beta,0.0247207192590704,0.0160744443756792,0.0333669941424615,6.64010451757628e-07,22274,"Age, years, Male sex, Ever smoking (past/current), Ever alcohol (past/current), Body mass index, kg/m2",1.5843337437594552e-06
insulin,creatinine,beta,-0.0106252986809306,-0.0261117819877097,0.0048611846258484,0.181656912548164,22274,"Age, years, Male sex, Ever smoking (past/current), Ever alcohol (past/current), Body mass index, kg/m2",0.22443308745800647
ggt,creatinine,beta,-0.006408639299683,-0.0112342757919084,-0.0015830028074577,0.010605459716148,22274,"Age, years, Male sex, Ever smoking (past/current), Ever alcohol (past/current), Body mass index, kg/m2",0.016242817900534837
uric,creatinine,beta,0.0779795051914789,0.0711775580235911,0.0847814523593667,1.68908153620252e-41,22274,"Age, years, Male sex, Ever smoking (past/current), Ever alcohol (past/current), Body mass index, kg/m2",3.3243813717498353e-40
cap,creatinine,beta,-0.0300024007332031,-0.0402368673899394,-0.0197679340764668,0.000277779372364,22274,"Age, years, Male sex, Ever smoking (past/current), Ever alcohol (past/current), Body mass index, kg/m2",0.0005235327284764097
lsm,creatinine,beta,-0.0033207480285879,-0.0163100947423688,0.0096685986851929,0.628342522548764,22274,"Age, years, Male sex, Ever smoking (past/current), Ever alcohol (past/current), Body mass index, kg/m2",0.6754682117399213
dm,creatinine,beta,0.0233496407535343,-0.0006484209610319,0.0473477024681007,0.0593013827806258,22274,"Age, years, Male sex, Ever smoking (past/current), Ever alcohol (past/current), Body mass index, kg/m2",0.08050661299936708
prediabetes,creatinine,beta,-0.0245594940393445,-0.0348498837286354,-0.0142691043500536,8.83807080051116e-06,22274,"Age, years, Male sex, Ever smoking (past/current), Ever alcohol (past/current), Body mass index, kg/m2",1.9284836231010564e-05
htn,creatinine,beta,0.0466559445232913,0.033685927129113,0.0596259619174695,2.09850057072206e-10,22274,"Age, years, Male sex, Ever smoking (past/current), Ever alcohol (past/current), Body mass index, kg/m2",6.526468756113577e-10
mets,creatinine,beta,0.00420884094497,-0.0074034465428633,0.0158211284328035,0.479063703023273,22274,"Age, years, Male sex, Ever smoking (past/current), Ever alcohol (past/current), Body mass index, kg/m2",0.5370291893341083
dyslipidemia,creatinine,beta,0.0087505319016682,-0.0015121890580889,0.0190132528614253,0.0977182428591986,22274,"Age, years, Male sex, Ever smoking (past/current), Ever alcohol (past/current), Body mass index, kg/m2",0.12717345511163244
low_hdl,creatinine,beta,0.0162937727015457,0.0072220954499887,0.0253654499531027,0.0006433103917503,22274,"Age, years, Male sex, Ever smoking (past/current), Ever alcohol (past/current), Body mass index, kg/m2",0.0011690105235480878
high_tg,creatinine,beta,-4.18272068295328e-05,-0.0160840320583201,0.0160003776446611,0.995932430951131,22274,"Age, years, Male sex, Ever smoking (past/current), Ever alcohol (past/current), Body mass index, kg/m2",0.9964361904002718
high_ldl,creatinine,beta,-0.0188992152228135,-0.0385282834727896,0.0007298530271626,0.0619593635731508,22274,"Age, years, Male sex, Ever smoking (past/current), Ever alcohol (past/current), Body mass index, kg/m2",0.08379871531466139
high_nonhdl,creatinine,beta,-0.0183634087081939,-0.0321012038093316,-0.0046256136070562,0.010123289363089,22274,"Age, years, Male sex, Ever smoking (past/current), Ever alcohol (past/current), Body mass index, kg/m2",0.015588841074495945
atherogenic_dyslipidemia,creatinine,beta,0.0183915082950478,-0.0084600130366013,0.0452430296266969,0.182395070062365,22274,"Age, years, Male sex, Ever smoking (past/current), Ever alcohol (past/current), Body mass index, kg/m2",0.22516297379027467
insulin_resistance,creatinine,beta,-0.0348714519618223,-0.0638665985229254,-0.0058763054007191,0.0203022615162414,22274,"Age, years, Male sex, Ever smoking (past/current), Ever alcohol (past/current), Body mass index, kg/m2",0.029746572799352215
high_alt,creatinine,beta,-0.0374034634462151,-0.0502895616077689,-0.0245173652846612,1.20558188436799e-07,22274,"Age, years, Male sex, Ever smoking (past/current), Ever alcohol (past/current), Body mass index, kg/m2",3.0494130016366803e-07
high_ast,creatinine,beta,-0.0385386627051126,-0.057426967294837,-0.0196503581153882,0.0001198453075025,22274,"Age, years, Male sex, Ever smoking (past/current), Ever alcohol (past/current), Body mass index, kg/m2",0.0002345908146857447
adv_fibrosis,creatinine,beta,0.0205435987600986,-0.0089911079038292,0.0500783054240264,0.175752204584997,22274,"Age, years, Male sex, Ever smoking (past/current), Ever alcohol (past/current), Body mass index, kg/m2",0.21754559491184233
steatosis,creatinine,beta,-0.0422543515823832,-0.0619878889881281,-0.0225208141766382,0.0023175069044505,22274,"Age, years, Male sex, Ever smoking (past/current), Ever alcohol (past/current), Body mass index, kg/m2",0.003894671756162353
masld,creatinine,beta,-0.030788608065236,-0.0559878740214055,-0.0055893421090664,0.0402434963663168,22274,"Age, years, Male sex, Ever smoking (past/current), Ever alcohol (past/current), Body mass index, kg/m2",0.05627545833338609
anemia,creatinine,beta,0.155059521375706,0.11320974583533,0.196909296916082,7.4933263833319e-11,22274,"Age, years, Male sex, Ever smoking (past/current), Ever alcohol (past/current), Body mass index, kg/m2",2.3944748927674473e-10
leukocytosis,creatinine,beta,0.0110241993728364,-0.005563518120674,0.0276119168663468,0.195610775031835,22274,"Age, years, Male sex, Ever smoking (past/current), Ever alcohol (past/current), Body mass index, kg/m2",0.24002364330829382
vitd_deficiency,creatinine,beta,-0.0198223308719527,-0.0349812488989604,-0.0046634128449449,0.0118234772308886,22274,"Age, years, Male sex, Ever smoking (past/current), Ever alcohol (past/current), Body mass index, kg/m2",0.01798987535592127
osteoporosis,creatinine,beta,0.0104118071056216,-0.0326860434648026,0.0535096576760458,0.637692133393604,22274,"Age, years, Male sex, Ever smoking (past/current), Ever alcohol (past/current), Body mass index, kg/m2",0.6836624805427828
current_smoking,creatinine,beta,-0.0218579881765261,-0.0315475455836893,-0.0121684307693629,2.41671009215743e-05,22274,"Age, years, Male sex, Ever alcohol (past/current), Body mass index, kg/m2",5.066510399880654e-05
bmi,egfr,beta,-0.328582456841177,-0.643420551751112,-0.0137443619312427,0.0432755008317071,22274,"Age, years, Male sex",0.06017500221097831
smoking,egfr,beta,1.11348770795856,0.498753378261522,1.72822203765559,0.0005754709732229,22274,"Age, years, Male sex",0.0010525026213914898
alcohol,egfr,beta,-0.0086359885875806,-0.757343460640486,0.740071483465325,0.982005722316796,22274,"Age, years, Male sex",0.9847752606688961
wc,egfr,beta,0.0598490059327499,-0.25378891577314,0.37348692763864,0.709157510729042,22274,"Age, years, Male sex, Ever smoking (past/current), Ever alcohol (past/current)",0.7469391163007502
height,egfr,beta,-2.51912473971083,-2.97016469999748,-2.06808477942418,5.177318692236351e-19,22274,"Age, years, Male sex, Ever smoking (past/current), Ever alcohol (past/current)",2.7565912175621806e-18
weight,egfr,beta,-0.895498779139946,-1.21953420340677,-0.57146335487312,3.93970986244296e-07,22274,"Age, years, Male sex, Ever smoking (past/current), Ever alcohol (past/current)",9.608811477080364e-07
whtr,egfr,beta,0.50296323269219,0.172438024442896,0.833488440941483,0.0035614385119377,22274,"Age, years, Male sex, Ever smoking (past/current), Ever alcohol (past/current)",0.005858233161424341
fat_kg,egfr,beta,0.329387834990869,-0.127222720947877,0.785998390929615,0.162830969846963,22274,"Age, years, Male sex, Ever smoking (past/current), Ever alcohol (past/current)",0.20262954284824963
lean_kg,egfr,beta,-2.66801055566826,-3.35475692405308,-1.98126418728343,3.00789761744556e-10,22274,"Age, years, Male sex, Ever smoking (past/current), Ever alcohol (past/current)",9.303551973897291e-10
asmm_kg,egfr,beta,-3.92560797244847,-4.58804519005332,-3.26317075484362,1.17454946236553e-16,22274,"Age, years, Male sex, Ever smoking (past/current), Ever alcohol (past/current)",5.447265736363465e-16
asmi,egfr,beta,-2.56705627745807,-3.22428542175499,-1.90982713316116,2.57103916183464e-10,22274,"Age, years, Male sex, Ever smoking (past/current), Ever alcohol (past/current)",7.971027370076674e-10
bodyfat_pct,egfr,beta,2.27584374989033,1.59715586881095,2.95453163096971,1.6352845989711e-08,22274,"Age, years, Male sex, Ever smoking (past/current), Ever alcohol (past/current)",4.455362171852391e-08
asm_pct,egfr,beta,-4.7550815172544,-5.5510063505434,-3.9591566839654,8.45949881330573e-17,22274,"Age, years, Male sex, Ever smoking (past/current), Ever alcohol (past/current)",3.979283865093635e-16
obesity,egfr,beta,-0.574233278384215,-1.18485648944565,0.0363899326772231,0.0681484441891438,22274,"Age, years, Male sex, Ever smoking (past/current), Ever alcohol (past/current)",0.09151230319492629
overweight,egfr,beta,-0.73435766293911,-1.30920817734218,-0.159507148536037,0.0138392825249014,22274,"Age, years, Male sex, Ever smoking (past/current), Ever alcohol (past/current)",0.02084851548686593
abdominal_obesity,egfr,beta,0.28744891212475,-0.326832586126959,0.90173041037646,0.361176174283733,22274,"Age, years, Male sex, Ever smoking (past/current), Ever alcohol (past/current)",0.41717166290991176
central_obesity,egfr,beta,1.7516617414619,1.04454025036386,2.45878323255994,4.25313390886738e-06,22274,"Age, years, Male sex, Ever smoking (past/current), Ever alcohol (past/current)",9.484440667124779e-06
high_bodyfat,egfr,beta,2.56571167700251,1.62562022901101,3.50580312499401,1.62656808744851e-06,22274,"Age, years, Male sex, Ever smoking (past/current), Ever alcohol (past/current)",3.743282928415536e-06
sarcopenia,egfr,beta,5.25512499382135,2.56343069522209,7.94681929242062,0.0003249177574971,22274,"Age, years, Male sex, Ever smoking (past/current), Ever alcohol (past/current)",0.0006074549379293608
sbp,egfr,beta,0.207492274428523,-0.225068068856773,0.640052617713819,0.349324616412434,22274,"Age, years, Male sex, Ever smoking (past/current), Ever alcohol (past/current), Body mass index, kg/m2",0.4053764102456993
dbp,egfr,beta,0.430185619621294,0.116447176888104,0.743924062354484,0.0083963472666176,22274,"Age, years, Male sex, Ever smoking (past/current), Ever alcohol (past/current), Body mass index, kg/m2",0.013097771997925561
glucose,egfr,beta,1.00933947856799,0.494493859298718,1.52418509783727,0.0002108310929205,22274,"Age, years, Male sex, Ever smoking (past/current), Ever alcohol (past/current), Body mass index, kg/m2",0.00040195074871975805
hba1c,egfr,beta,0.56191459658456,0.191776977457936,0.932052215711185,0.0036447244871713,22274,"Age, years, Male sex, Ever smoking (past/current), Ever alcohol (past/current), Body mass index, kg/m2",0.005985276077729208
homa_ir,egfr,beta,0.5246318628766,0.0631671605304786,0.986096565222721,0.0280347329045193,22274,"Age, years, Male sex, Ever smoking (past/current), Ever alcohol (past/current), Body mass index, kg/m2",0.040197681540514084
tg,egfr,beta,0.378404558200123,0.0177537321630347,0.739055384237211,0.0422637751195076,22274,"Age, years, Male sex, Ever smoking (past/current), Ever alcohol (past/current), Body mass index, kg/m2",0.05895468771959522
tchol,egfr,beta,0.697483936059075,0.392055205354518,1.00291266676363,1.96928242472021e-05,22274,"Age, years, Male sex, Ever smoking (past/current), Ever alcohol (past/current), Body mass index, kg/m2",4.1638061315837265e-05
hdl,egfr,beta,0.537573259624726,0.186415787780038,0.888730731469413,0.0033810969470627,22274,"Age, years, Male sex, Ever smoking (past/current), Ever alcohol (past/current), Body mass index, kg/m2",0.0055824789326294
ldl,egfr,beta,0.574146896166441,0.145874980951056,1.00241881138183,0.0099125382529426,22274,"Age, years, Male sex, Ever smoking (past/current), Ever alcohol (past/current), Body mass index, kg/m2",0.015288109679782037
nonhdl,egfr,beta,0.525770625724118,0.213287271881217,0.838253979567018,0.0013381110461017,22274,"Age, years, Male sex, Ever smoking (past/current), Ever alcohol (past/current), Body mass index, kg/m2",0.0023309411265426353
alt,egfr,beta,0.632815090817125,0.214729328675285,1.05090085295897,0.0037427960171667,22274,"Age, years, Male sex, Ever smoking (past/current), Ever alcohol (past/current), Body mass index, kg/m2",0.006138682024838916
ast,egfr,beta,0.197199248643992,-0.149987605922754,0.544386103210737,0.268186509615952,22274,"Age, years, Male sex, Ever smoking (past/current), Ever alcohol (past/current), Body mass index, kg/m2",0.32033388648572036
hemoglobin,egfr,beta,0.759506622387061,0.356347732094736,1.16266551267939,0.0003573927791913,22274,"Age, years, Male sex, Ever smoking (past/current), Ever alcohol (past/current), Body mass index, kg/m2",0.0006656524644448131
platelet,egfr,beta,0.938001704569891,0.624427402803516,1.25157600633627,5.52838874893916e-08,22274,"Age, years, Male sex, Ever smoking (past/current), Ever alcohol (past/current), Body mass index, kg/m2",1.4454927885527636e-07
wbc,egfr,beta,-0.068358726340656,-0.407863107849099,0.271145655167787,0.693922199849477,22274,"Age, years, Male sex, Ever smoking (past/current), Ever alcohol (past/current), Body mass index, kg/m2",0.7345882318984563
fib4,egfr,beta,-0.525092315190467,-0.953666317807311,-0.0965183125736225,0.018124659891877,22274,"Age, years, Male sex, Ever smoking (past/current), Ever alcohol (past/current), Body mass index, kg/m2",0.026754162138905007
vitd,egfr,beta,-1.96092833762004,-2.28503073443005,-1.63682594081003,5.6951189854120005e-21,22274,"Age, years, Male sex, Ever smoking (past/current), Ever alcohol (past/current), Body mass index, kg/m2",3.403306753215993e-20
fn_bmd,egfr,beta,-0.857326697616842,-1.37617563676804,-0.338477758465639,0.0020215135324386,22274,"Age, years, Male sex, Ever smoking (past/current), Ever alcohol (past/current), Body mass index, kg/m2",0.0034310706226526504
ls_bmd,egfr,beta,-1.64167820058801,-2.16120140302672,-1.12215499814929,7.34905293656967e-08,22274,"Age, years, Male sex, Ever smoking (past/current), Ever alcohol (past/current), Body mass index, kg/m2",1.8989453570914183e-07
insulin,egfr,beta,0.180038980038961,-0.274485285456817,0.634563245534738,0.439313105428417,22274,"Age, years, Male sex, Ever smoking (past/current), Ever alcohol (past/current), Body mass index, kg/m2",0.4985435011689093
ggt,egfr,beta,0.500834953941334,0.190012443074389,0.811657464808279,0.0020834083029065,22274,"Age, years, Male sex, Ever smoking (past/current), Ever alcohol (past/current), Body mass index, kg/m2",0.0035267279616166517
uric,egfr,beta,-5.83751447152698,-6.20088197335396,-5.4741469697,1.14232581289867e-54,22274,"Age, years, Male sex, Ever smoking (past/current), Ever alcohol (past/current), Body mass index, kg/m2",4.912000995464281e-53
cap,egfr,beta,2.41404624879776,1.60202245237817,3.22607004521735,0.0002509067657082,22274,"Age, years, Male sex, Ever smoking (past/current), Ever alcohol (past/current), Body mass index, kg/m2",0.0004751494328107416
lsm,egfr,beta,0.85196126746898,0.503675217674971,1.20024731726299,0.0009812681191872,22274,"Age, years, Male sex, Ever smoking (past/current), Ever alcohol (past/current), Body mass index, kg/m2",0.0017378488796456891
dm,egfr,beta,0.0248952350498798,-0.951911734771649,1.00170220487141,0.960256402253142,22274,"Age, years, Male sex, Ever smoking (past/current), Ever alcohol (past/current), Body mass index, kg/m2",0.9671014071571867
prediabetes,egfr,beta,1.14987759927583,0.5115208723486,1.78823432620305,0.0006216414897165,22274,"Age, years, Male sex, Ever smoking (past/current), Ever alcohol (past/current), Body mass index, kg/m2",0.0011317136370540607
htn,egfr,beta,-1.95275388646531,-2.60323365177955,-1.30227412115106,5.02857584741817e-08,22274,"Age, years, Male sex, Ever smoking (past/current), Ever alcohol (past/current), Body mass index, kg/m2",1.3174202683699524e-07
mets,egfr,beta,0.0450030197825693,-0.757993029280856,0.847999068845995,0.912745230530723,22274,"Age, years, Male sex, Ever smoking (past/current), Ever alcohol (past/current), Body mass index, kg/m2",0.926326355048625
dyslipidemia,egfr,beta,-0.332031222771791,-0.984596895159718,0.320534449616136,0.3209727932733,22274,"Age, years, Male sex, Ever smoking (past/current), Ever alcohol (past/current), Body mass index, kg/m2",0.37611622339726747
low_hdl,egfr,beta,-0.61572056894496,-1.2475719156959,0.0161307778059836,0.0589197804782551,22274,"Age, years, Male sex, Ever smoking (past/current), Ever alcohol (past/current), Body mass index, kg/m2",0.08009850569483752
high_tg,egfr,beta,0.264380717141679,-0.587404207932116,1.11616564221547,0.544292374988047,22274,"Age, years, Male sex, Ever smoking (past/current), Ever alcohol (past/current), Body mass index, kg/m2",0.6002845373439403
high_ldl,egfr,beta,0.386198995203005,-0.9462463499878,1.71864434039381,0.571209643747541,22274,"Age, years, Male sex, Ever smoking (past/current), Ever alcohol (past/current), Body mass index, kg/m2",0.6244004837428219
high_nonhdl,egfr,beta,0.794545722114037,-0.0182233013295459,1.60731474555762,0.058130590899671,22274,"Age, years, Male sex, Ever smoking (past/current), Ever alcohol (past/current), Body mass index, kg/m2",0.07905280769993073
atherogenic_dyslipidemia,egfr,beta,-0.214564226965737,-1.32503825378311,0.895909799851635,0.70568387950747,22274,"Age, years, Male sex, Ever smoking (past/current), Ever alcohol (past/current), Body mass index, kg/m2",0.7444494472884138
insulin_resistance,egfr,beta,1.42705242935012,0.663247579344686,2.19085727935556,0.0003971299646903,22274,"Age, years, Male sex, Ever smoking (past/current), Ever alcohol (past/current), Body mass index, kg/m2",0.0007382735621780201
high_alt,egfr,beta,2.05728075987247,1.02180045995467,3.09276105979026,0.0001753067937308,22274,"Age, years, Male sex, Ever smoking (past/current), Ever alcohol (past/current), Body mass index, kg/m2",0.00033813441053098234
high_ast,egfr,beta,2.06578191481037,0.594644724625399,3.53691910499533,0.0069956530812108,22274,"Age, years, Male sex, Ever smoking (past/current), Ever alcohol (past/current), Body mass index, kg/m2",0.011052237855139747
leukocytosis,egfr,beta,-0.775415871796212,-1.98773601654856,0.436904272956141,0.212810310814619,22274,"Age, years, Male sex, Ever smoking (past/current), Ever alcohol (past/current), Body mass index, kg/m2",0.25943090152161624
vitd_deficiency,egfr,beta,2.44010765822462,1.71727105387401,3.16294426257523,1.68304089013007e-09,22274,"Age, years, Male sex, Ever smoking (past/current), Ever alcohol (past/current), Body mass index, kg/m2",4.91736319154694e-09
osteoporosis,egfr,beta,0.83660372592291,-1.29387181616413,2.96707926800995,0.444735691720212,22274,"Age, years, Male sex, Ever smoking (past/current), Ever alcohol (past/current), Body mass index, kg/m2",0.5035416131783511
current_smoking,egfr,beta,1.28729794378724,0.552319337769556,2.02227654980493,0.0008583961932064,22274,"Age, years, Male sex, Ever alcohol (past/current), Body mass index, kg/m2",0.0015317164367724485
age,hemoglobin,beta,-0.140908743519607,-0.165119971268418,-0.116697515770796,5.26778440980612e-21,25491,unadjusted,3.1670752469898195e-20
men,hemoglobin,beta,1.69290832853873,1.65635887469596,1.7294577823815,1.43783708814299e-114,25491,unadjusted,2.844041760346834e-111
bmi,hemoglobin,beta,0.0011797808079907,-0.0206301018112326,0.0229896634272141,0.915738904622723,25491,"Age, years, Male sex",0.9291262135643734
smoking,hemoglobin,beta,0.21341665679317,0.170164045556952,0.256669268029389,9.75290509222812e-17,25491,"Age, years, Male sex",4.560578314994615e-16
alcohol,hemoglobin,beta,0.172750534878093,0.117147826581108,0.228353243175078,1.37989224543198e-08,25491,"Age, years, Male sex",3.767324860544453e-08
wc,hemoglobin,beta,0.021903982884214,-0.0002386956962232,0.0440466614646513,0.0548845757796217,25491,"Age, years, Male sex, Ever smoking (past/current), Ever alcohol (past/current)",0.07502535652528798
height,hemoglobin,beta,0.0771289622342013,0.0458203068937441,0.108437617574659,4.13180508395138e-06,25491,"Age, years, Male sex, Ever smoking (past/current), Ever alcohol (past/current)",9.224278167105901e-06
weight,hemoglobin,beta,0.0243558169524839,0.0009032729887679,0.0478083609161999,0.0440226282335153,25491,"Age, years, Male sex, Ever smoking (past/current), Ever alcohol (past/current)",0.06112794569736277
whtr,hemoglobin,beta,0.0087249694890974,-0.0140025030972522,0.0314524420754472,0.453275464855739,25491,"Age, years, Male sex, Ever smoking (past/current), Ever alcohol (past/current)",0.5115999255261922
fat_kg,hemoglobin,beta,0.0266345865182056,-0.0094455858793477,0.062714758915759,0.152269513628496,25491,"Age, years, Male sex, Ever smoking (past/current), Ever alcohol (past/current)",0.19056737836818358
lean_kg,hemoglobin,beta,0.019742712346963,-0.032228404010182,0.0717138287041081,0.458959918148851,25491,"Age, years, Male sex, Ever smoking (past/current), Ever alcohol (past/current)",0.5172779020503859
asmm_kg,hemoglobin,beta,-0.0364821637970859,-0.0920715530443717,0.0191072254501999,0.202456777319934,25491,"Age, years, Male sex, Ever smoking (past/current), Ever alcohol (past/current)",0.24757929245059007
asmi,hemoglobin,beta,-0.0523137980464344,-0.104281421221782,-0.0003461748710871,0.0523285882971311,25491,"Age, years, Male sex, Ever smoking (past/current), Ever alcohol (past/current)",0.07177943665168192
bodyfat_pct,hemoglobin,beta,0.0666035546993593,0.0201576108438424,0.113049498554876,0.0063640367156823,25491,"Age, years, Male sex, Ever smoking (past/current), Ever alcohol (past/current)",0.010127163816266766
asm_pct,hemoglobin,beta,-0.146019526137772,-0.195959446479402,-0.0960796057961417,2.16953209692371e-07,25491,"Age, years, Male sex, Ever smoking (past/current), Ever alcohol (past/current)",5.394512240999494e-07
obesity,hemoglobin,beta,0.0467632596137834,-0.0016800003757113,0.0952065196032781,0.0609174113647825,25491,"Age, years, Male sex, Ever smoking (past/current), Ever alcohol (past/current)",0.08250232090348496
overweight,hemoglobin,beta,0.115904612711678,0.0682629483077582,0.163546277115598,5.3117944040435e-06,25491,"Age, years, Male sex, Ever smoking (past/current), Ever alcohol (past/current)",1.1778844541701842e-05
abdominal_obesity,hemoglobin,beta,0.0813187270788246,0.0376661746102682,0.124971279547381,0.0003891544947188,25491,"Age, years, Male sex, Ever smoking (past/current), Ever alcohol (past/current)",0.0007237871091243877
central_obesity,hemoglobin,beta,0.0708303801906753,0.0161500486364031,0.125510711744947,0.0124105492464739,25491,"Age, years, Male sex, Ever smoking (past/current), Ever alcohol (past/current)",0.018810778857873852
high_bodyfat,hemoglobin,beta,0.117445537441571,0.0472373080378745,0.187653766845267,0.0016077481341313,25491,"Age, years, Male sex, Ever smoking (past/current), Ever alcohol (past/current)",0.002768938449553079
sarcopenia,hemoglobin,beta,-0.0450826111936931,-0.255138093790444,0.164972871403058,0.675256382206806,25491,"Age, years, Male sex, Ever smoking (past/current), Ever alcohol (past/current)",0.7173239119253825
sbp,hemoglobin,beta,0.0360282195230219,0.0069958664796311,0.0650605725664126,0.016505236005434,25491,"Age, years, Male sex, Ever smoking (past/current), Ever alcohol (past/current), Body mass index, kg/m2",0.024556116448851785
dbp,hemoglobin,beta,0.187226997673974,0.163428294844048,0.2110257005039,4.714448534024479e-30,25491,"Age, years, Male sex, Ever smoking (past/current), Ever alcohol (past/current), Body mass index, kg/m2",4.9079890527896944e-29
glucose,hemoglobin,beta,0.0320665412937479,-0.000732499875997,0.0648655824634929,0.0577551107831272,25491,"Age, years, Male sex, Ever smoking (past/current), Ever alcohol (past/current), Body mass index, kg/m2",0.07859622231099112
hba1c,hemoglobin,beta,-0.0900360520196749,-0.119303219388369,-0.0607688846509809,1.93215951746294e-08,25491,"Age, years, Male sex, Ever smoking (past/current), Ever alcohol (past/current), Body mass index, kg/m2",5.228196341370308e-08
homa_ir,hemoglobin,beta,0.110776113596511,0.0689915494461312,0.152560677746891,8.62389265726179e-07,25491,"Age, years, Male sex, Ever smoking (past/current), Ever alcohol (past/current), Body mass index, kg/m2",2.04165884812254e-06
tg,hemoglobin,beta,0.154086313323531,0.120719674123931,0.18745295252313,3.49657726828168e-15,25491,"Age, years, Male sex, Ever smoking (past/current), Ever alcohol (past/current), Body mass index, kg/m2",1.4529894614834377e-14
tchol,hemoglobin,beta,0.218356843646078,0.195826558290429,0.240887129001728,1.08454404168205e-37,25491,"Age, years, Male sex, Ever smoking (past/current), Ever alcohol (past/current), Body mass index, kg/m2",1.6891559956276337e-36
hdl,hemoglobin,beta,-0.0402037191163679,-0.0640007783058388,-0.016406659926897,0.0012326125433803,25491,"Age, years, Male sex, Ever smoking (past/current), Ever alcohol (past/current), Body mass index, kg/m2",0.002155709647043531
ldl,hemoglobin,beta,0.191435812383589,0.161674287455885,0.221197337311293,1.3267269861032402e-23,25491,"Age, years, Male sex, Ever smoking (past/current), Ever alcohol (past/current), Body mass index, kg/m2",9.322436868604651e-23
nonhdl,hemoglobin,beta,0.229641298889311,0.205287599512582,0.25399499826604,1.2315496182596399e-36,25491,"Age, years, Male sex, Ever smoking (past/current), Ever alcohol (past/current), Body mass index, kg/m2",1.859545912150815e-35
alt,hemoglobin,beta,0.176456105739958,0.113189703377707,0.23972250810221,2.59845596039723e-07,25491,"Age, years, Male sex, Ever smoking (past/current), Ever alcohol (past/current), Body mass index, kg/m2",6.416661535163197e-07
ast,hemoglobin,beta,0.0935032784738724,0.0625788715501428,0.124427685397602,3.14365188078988e-08,25491,"Age, years, Male sex, Ever smoking (past/current), Ever alcohol (past/current), Body mass index, kg/m2",8.363340175120892e-08
creatinine,hemoglobin,beta,-0.171527128841203,-0.208614963947498,-0.134439293734908,8.85216018835204e-15,25491,"Age, years, Male sex, Ever smoking (past/current), Ever alcohol (past/current), Body mass index, kg/m2",3.591707251807248e-14
egfr,hemoglobin,beta,0.0679461025411257,0.0329181377004769,0.102974067381775,0.0002434921153419,25491,"Age, years, Male sex, Ever smoking (past/current), Ever alcohol (past/current), Body mass index, kg/m2",0.000461771240792213
platelet,hemoglobin,beta,-0.0860840956124662,-0.111292390105975,-0.0608758011189574,7.75791029283855e-10,25491,"Age, years, Male sex, Ever smoking (past/current), Ever alcohol (past/current), Body mass index, kg/m2",2.319750046747491e-09
wbc,hemoglobin,beta,0.0870456614833149,0.0067896963879836,0.167301626578646,0.0356030178189264,25491,"Age, years, Male sex, Ever smoking (past/current), Ever alcohol (past/current), Body mass index, kg/m2",0.05028401945436374
fib4,hemoglobin,beta,-0.0241355754819415,-0.0721851048009526,0.0239139538370696,0.326874225796299,25491,"Age, years, Male sex, Ever smoking (past/current), Ever alcohol (past/current), Body mass index, kg/m2",0.3820131276957633
vitd,hemoglobin,beta,0.0751933808249691,0.053451468036239,0.0969352936136991,5.07772665791404e-10,25491,"Age, years, Male sex, Ever smoking (past/current), Ever alcohol (past/current), Body mass index, kg/m2",1.5345673536064125e-09
fn_bmd,hemoglobin,beta,-0.100126932755758,-0.139679034698507,-0.0605748308130097,4.6128610817689e-06,25491,"Age, years, Male sex, Ever smoking (past/current), Ever alcohol (past/current), Body mass index, kg/m2",1.0257716941808752e-05
ls_bmd,hemoglobin,beta,-0.122666860475205,-0.156683895029162,-0.0886498259212481,8.81695294961016e-10,25491,"Age, years, Male sex, Ever smoking (past/current), Ever alcohol (past/current), Body mass index, kg/m2",2.6225463059141196e-09
insulin,hemoglobin,beta,0.106229831812647,0.0653445060651576,0.147115157560136,1.35349813325654e-06,25491,"Age, years, Male sex, Ever smoking (past/current), Ever alcohol (past/current), Body mass index, kg/m2",3.14412132422952e-06
ggt,hemoglobin,beta,0.0631831607125886,0.0339809681053764,0.0923853533198008,4.45120455644378e-05,25491,"Age, years, Male sex, Ever smoking (past/current), Ever alcohol (past/current), Body mass index, kg/m2",9.067438324043044e-05
uric,hemoglobin,beta,0.110370023029368,0.0818618311640506,0.138878214894685,8.260294476063459e-12,25491,"Age, years, Male sex, Ever smoking (past/current), Ever alcohol (past/current), Body mass index, kg/m2",2.7599429854144465e-11
cap,hemoglobin,beta,0.190865306933385,0.135929274676051,0.245801339190719,7.81980106290104e-05,25491,"Age, years, Male sex, Ever smoking (past/current), Ever alcohol (past/current), Body mass index, kg/m2",0.00015521893128367544
lsm,hemoglobin,beta,0.0037831358422416,-0.0738535382994851,0.0814198099839684,0.926003875610146,25491,"Age, years, Male sex, Ever smoking (past/current), Ever alcohol (past/current), Body mass index, kg/m2",0.9361797423750926
dm,hemoglobin,beta,-0.276129583401903,-0.342054861993806,-0.21020430481,3.17545604413649e-13,25491,"Age, years, Male sex, Ever smoking (past/current), Ever alcohol (past/current), Body mass index, kg/m2",1.1762269766483102e-12
prediabetes,hemoglobin,beta,0.108804897425007,0.0659694998531995,0.151640294996815,2.20866882157058e-06,25491,"Age, years, Male sex, Ever smoking (past/current), Ever alcohol (past/current), Body mass index, kg/m2",5.033118581873972e-06
htn,hemoglobin,beta,-0.0379431616259497,-0.0818997545571445,0.0060134313052451,0.0933110145821201,25491,"Age, years, Male sex, Ever smoking (past/current), Ever alcohol (past/current), Body mass index, kg/m2",0.12198888753696864
mets,hemoglobin,beta,0.146489109818813,0.0750647372203625,0.217913482417263,0.0001029729783658,25491,"Age, years, Male sex, Ever smoking (past/current), Ever alcohol (past/current), Body mass index, kg/m2",0.00020226469831931718
dyslipidemia,hemoglobin,beta,0.105489301785371,0.0623010826082863,0.148677520962455,4.94636197333169e-06,25491,"Age, years, Male sex, Ever smoking (past/current), Ever alcohol (past/current), Body mass index, kg/m2",1.0980812551346896e-05
low_hdl,hemoglobin,beta,0.0602200085653812,0.0149661243301046,0.105473892800658,0.0102783083300442,25491,"Age, years, Male sex, Ever smoking (past/current), Ever alcohol (past/current), Body mass index, kg/m2",0.015809093216817595
high_tg,hemoglobin,beta,0.262674652860068,0.184858293439067,0.340491012281069,1.13562832241127e-09,25491,"Age, years, Male sex, Ever smoking (past/current), Ever alcohol (past/current), Body mass index, kg/m2",3.3576574315836953e-09
high_ldl,hemoglobin,beta,0.315105217876202,0.228158412923707,0.402052022828697,9.932306002670708e-11,25491,"Age, years, Male sex, Ever smoking (past/current), Ever alcohol (past/current), Body mass index, kg/m2",3.158537182199785e-10
high_nonhdl,hemoglobin,beta,0.379092021637666,0.313483033668045,0.444701009607288,1.4215794486716002e-20,25491,"Age, years, Male sex, Ever smoking (past/current), Ever alcohol (past/current), Body mass index, kg/m2",8.245994573232918e-20
atherogenic_dyslipidemia,hemoglobin,beta,0.263102100773282,0.164698872883802,0.361505328662762,7.10253150160277e-07,25491,"Age, years, Male sex, Ever smoking (past/current), Ever alcohol (past/current), Body mass index, kg/m2",1.6916083455954581e-06
insulin_resistance,hemoglobin,beta,0.144246007298215,0.0832198007137673,0.205272213882663,9.36295783115613e-06,25491,"Age, years, Male sex, Ever smoking (past/current), Ever alcohol (past/current), Body mass index, kg/m2",2.036276040684643e-05
ckd,hemoglobin,beta,-0.342471278708649,-0.41418515039222,-0.270757407025077,6.56137415784896e-16,25491,"Age, years, Male sex, Ever smoking (past/current), Ever alcohol (past/current), Body mass index, kg/m2",2.903444761571643e-15
high_alt,hemoglobin,beta,0.437692795138893,0.367565728830033,0.507819861447753,1.00690954041262e-22,25491,"Age, years, Male sex, Ever smoking (past/current), Ever alcohol (past/current), Body mass index, kg/m2",6.774377792299872e-22
high_ast,hemoglobin,beta,0.134633136840421,0.0320137469019734,0.237252526778868,0.0113692743745947,25491,"Age, years, Male sex, Ever smoking (past/current), Ever alcohol (past/current), Body mass index, kg/m2",0.01732544276806496
adv_fibrosis,hemoglobin,beta,-0.317808388578996,-0.470464349108102,-0.165152428049889,8.20603690434965e-05,25491,"Age, years, Male sex, Ever smoking (past/current), Ever alcohol (past/current), Body mass index, kg/m2",0.00016255924884129802
steatosis,hemoglobin,beta,0.174945915666815,0.040853608791821,0.30903822254181,0.0308310042551099,25491,"Age, years, Male sex, Ever smoking (past/current), Ever alcohol (past/current), Body mass index, kg/m2",0.0439680796082245
masld,hemoglobin,beta,0.0987736815047655,-0.0456154767634412,0.243162839772972,0.21284348548013,25491,"Age, years, Male sex, Ever smoking (past/current), Ever alcohol (past/current), Body mass index, kg/m2",0.25943090152161624
leukocytosis,hemoglobin,beta,0.0908192358539328,-0.0130526992663753,0.194691170974241,0.0892089953454793,25491,"Age, years, Male sex, Ever smoking (past/current), Ever alcohol (past/current), Body mass index, kg/m2",0.11709050616679366
vitd_deficiency,hemoglobin,beta,-0.225529015559078,-0.277085217325123,-0.173972813793033,4.55945899661849e-14,25491,"Age, years, Male sex, Ever smoking (past/current), Ever alcohol (past/current), Body mass index, kg/m2",1.7858633456062127e-13
osteoporosis,hemoglobin,beta,-0.0273146229435294,-0.152522917214091,0.0978936713270319,0.670250427859222,25491,"Age, years, Male sex, Ever smoking (past/current), Ever alcohol (past/current), Body mass index, kg/m2",0.713346971377746
current_smoking,hemoglobin,beta,0.423705050713128,0.361891578811303,0.485518522614954,1.3196470658856e-25,25491,"Age, years, Male sex, Ever alcohol (past/current), Body mass index, kg/m2",1.031724069692378e-24
age,platelet,beta,-8.68595288919089,-9.80853552010843,-7.56337025827335,6.15189789396791e-30,25490,unadjusted,6.337736476181523e-29
men,platelet,beta,-28.0713362382716,-30.035767294603,-26.1069051819402,3.2380749394453597e-55,25490,unadjusted,1.4556618705052094e-53
bmi,platelet,beta,8.22879326856221,7.06531557926923,9.3922709578552,9.50519962215035e-27,25490,"Age, years, Male sex",8.01760548085859e-26
smoking,platelet,beta,6.54288007944834,4.70074104177198,8.3850191171247,1.87344563457118e-10,25490,"Age, years, Male sex",5.854147654315631e-10
alcohol,platelet,beta,-0.168479551126951,-3.09464445635501,2.75768535410111,0.910335891477507,25490,"Age, years, Male sex",0.9245927565301715
wc,platelet,beta,7.78347695425251,6.46015589435554,9.10679801414948,4.17628413734286e-21,25490,"Age, years, Male sex, Ever smoking (past/current), Ever alcohol (past/current)",2.5185030559951757e-20
height,platelet,beta,-6.04313950573489,-7.55531582806477,-4.530963183405,2.22055877812902e-12,25490,"Age, years, Male sex, Ever smoking (past/current), Ever alcohol (past/current)",7.678785425068534e-12
weight,platelet,beta,6.48993162296936,5.22583975612768,7.75402348981105,1.3132055077062999e-17,25490,"Age, years, Male sex, Ever smoking (past/current), Ever alcohol (past/current)",6.542872781468668e-17
whtr,platelet,beta,9.08312001951192,7.76328078145722,10.4029592575666,9.89164459132361e-26,25490,"Age, years, Male sex, Ever smoking (past/current), Ever alcohol (past/current)",7.7950888452741435e-25
fat_kg,platelet,beta,10.5843887183905,8.4485933540387,12.7201840827423,9.955060324710811e-15,25490,"Age, years, Male sex, Ever smoking (past/current), Ever alcohol (past/current)",4.018593739240405e-14
lean_kg,platelet,beta,4.68806955557668,2.06557784303459,7.31056126811877,0.0007928114543282,25490,"Age, years, Male sex, Ever smoking (past/current), Ever alcohol (past/current)",0.0014204538556713583
asmm_kg,platelet,beta,3.08197187826825,0.295303683258717,5.86864007327778,0.0334886134265743,25490,"Age, years, Male sex, Ever smoking (past/current), Ever alcohol (past/current)",0.04748421315968743
asmi,platelet,beta,6.24025433401638,3.73157741674351,8.74893125128926,6.27783273404821e-06,25490,"Age, years, Male sex, Ever smoking (past/current), Ever alcohol (past/current)",1.3812628640653348e-05
bodyfat_pct,platelet,beta,15.9368848416821,13.2466979760723,18.627071707292,3.6664631645024396e-18,25490,"Age, years, Male sex, Ever smoking (past/current), Ever alcohol (past/current)",1.8739700618568028e-17
asm_pct,platelet,beta,-17.3316728982005,-20.4384631975977,-14.2248825988033,5.916051913471481e-17,25490,"Age, years, Male sex, Ever smoking (past/current), Ever alcohol (past/current)",2.8231485367543037e-16
obesity,platelet,beta,13.3216372506027,10.799378402052,15.8438960991534,2.6817237989782e-18,25490,"Age, years, Male sex, Ever smoking (past/current), Ever alcohol (past/current)",1.3831681028367354e-17
overweight,platelet,beta,12.2689883156518,9.86659095450236,14.6713856768012,1.7573964886666202e-17,25490,"Age, years, Male sex, Ever smoking (past/current), Ever alcohol (past/current)",8.679476291092571e-17
abdominal_obesity,platelet,beta,12.293588077328,9.71168825265709,14.8754879019989,7.13857436408508e-16,25490,"Age, years, Male sex, Ever smoking (past/current), Ever alcohol (past/current)",3.1412903430834898e-15
central_obesity,platelet,beta,17.9364332217489,15.0323302128533,20.8405362306446,1.7727593102195e-22,25490,"Age, years, Male sex, Ever smoking (past/current), Ever alcohol (past/current)",1.1747128695524862e-21
high_bodyfat,platelet,beta,17.1619756407784,13.4646707602897,20.8592805212672,1.37368917949767e-13,25490,"Age, years, Male sex, Ever smoking (past/current), Ever alcohol (past/current)",5.215272930991154e-13
sarcopenia,platelet,beta,-9.72813640932696,-20.8094143088232,1.35314149016932,0.0896071009131694,25490,"Age, years, Male sex, Ever smoking (past/current), Ever alcohol (past/current)",0.1175350435054702
sbp,platelet,beta,2.53034598913191,1.31248249671048,3.74820948155334,8.46235313548231e-05,25490,"Age, years, Male sex, Ever smoking (past/current), Ever alcohol (past/current), Body mass index, kg/m2",0.0001673853450198401
dbp,platelet,beta,4.73754492791015,3.56135009014415,5.91373976567615,1.67089806655673e-12,25490,"Age, years, Male sex, Ever smoking (past/current), Ever alcohol (past/current), Body mass index, kg/m2",5.823852644315792e-12
glucose,platelet,beta,-1.26809038418954,-2.85415174874701,0.317970980367928,0.119777944455109,25490,"Age, years, Male sex, Ever smoking (past/current), Ever alcohol (past/current), Body mass index, kg/m2",0.1534921179241462
hba1c,platelet,beta,2.80628800597434,1.44168353976613,4.17089247218255,9.88984699257325e-05,25490,"Age, years, Male sex, Ever smoking (past/current), Ever alcohol (past/current), Body mass index, kg/m2",0.00019493888740717378
homa_ir,platelet,beta,0.827000199590609,-1.11389402968075,2.76789442886197,0.40532603470149,25490,"Age, years, Male sex, Ever smoking (past/current), Ever alcohol (past/current), Body mass index, kg/m2",0.46321935425879945
tg,platelet,beta,3.87062196935683,1.95543916286147,5.78580477585219,0.0001280459203081,25490,"Age, years, Male sex, Ever smoking (past/current), Ever alcohol (past/current), Body mass index, kg/m2",0.00024990116464669143
tchol,platelet,beta,7.18816988730587,6.25751529733077,8.11882447728097,2.00414300484423e-29,25490,"Age, years, Male sex, Ever smoking (past/current), Ever alcohol (past/current), Body mass index, kg/m2",2.0122816566405519e-28
hdl,platelet,beta,-2.32278936724438,-3.6179685384764,-1.02761019601236,0.0006244791262703,25490,"Age, years, Male sex, Ever smoking (past/current), Ever alcohol (past/current), Body mass index, kg/m2",0.001136356680554419
ldl,platelet,beta,6.57496668233366,4.90379533441948,8.24613803024785,4.35576725558917e-12,25490,"Age, years, Male sex, Ever smoking (past/current), Ever alcohol (past/current), Body mass index, kg/m2",1.482910091489738e-11
nonhdl,platelet,beta,7.87181355463367,6.91791377048987,8.82571333877748,1.01004997108054e-31,25490,"Age, years, Male sex, Ever smoking (past/current), Ever alcohol (past/current), Body mass index, kg/m2",1.1717764473884505e-30
creatinine,platelet,beta,-3.82361143119484,-5.19298228174632,-2.45424058064335,3.13185637524568e-07,25490,"Age, years, Male sex, Ever smoking (past/current), Ever alcohol (past/current), Body mass index, kg/m2",7.695418522032242e-07
egfr,platelet,beta,5.06947530205846,3.37217121128953,6.76677939282738,5.75501222810106e-08,25490,"Age, years, Male sex, Ever smoking (past/current), Ever alcohol (past/current), Body mass index, kg/m2",1.50176968168653e-07
hemoglobin,platelet,beta,-5.42207136716322,-7.05126498911486,-3.79287774521158,1.7946504649632402e-09,25490,"Age, years, Male sex, Ever smoking (past/current), Ever alcohol (past/current), Body mass index, kg/m2",5.228009749185993e-09
wbc,platelet,beta,18.8489335444256,7.81936599290351,29.8785010959477,0.0010873389146754,25490,"Age, years, Male sex, Ever smoking (past/current), Ever alcohol (past/current), Body mass index, kg/m2",0.0019134843178184532
vitd,platelet,beta,-2.38468070429197,-3.57948598575598,-1.18987542282797,0.0001535011795585,25490,"Age, years, Male sex, Ever smoking (past/current), Ever alcohol (past/current), Body mass index, kg/m2",0.00029723478528312575
fn_bmd,platelet,beta,-1.47016932709426,-3.40546057399812,0.465121919809601,0.140931910751253,25490,"Age, years, Male sex, Ever smoking (past/current), Ever alcohol (past/current), Body mass index, kg/m2",0.17738677662486696
ls_bmd,platelet,beta,-3.57774916601959,-5.40290007608644,-1.75259825595274,0.0002627728792007,25490,"Age, years, Male sex, Ever smoking (past/current), Ever alcohol (past/current), Body mass index, kg/m2",0.0004966696178298946
insulin,platelet,beta,1.14988870953051,-0.701526573450512,3.00130399251153,0.225907885466119,25490,"Age, years, Male sex, Ever smoking (past/current), Ever alcohol (past/current), Body mass index, kg/m2",0.2743910331298639
ggt,platelet,beta,-0.954335025814331,-2.76324481974867,0.854574768120012,0.303229055626134,25490,"Age, years, Male sex, Ever smoking (past/current), Ever alcohol (past/current), Body mass index, kg/m2",0.3574416400646562
uric,platelet,beta,0.0251209879482579,-1.4286377975382,1.47887977343471,0.973038958522005,25490,"Age, years, Male sex, Ever smoking (past/current), Ever alcohol (past/current), Body mass index, kg/m2",0.977486571841811
cap,platelet,beta,3.41405556996488,-0.517881700255383,7.34599284018515,0.12299228016493,25490,"Age, years, Male sex, Ever smoking (past/current), Ever alcohol (past/current), Body mass index, kg/m2",0.15695401946208484
lsm,platelet,beta,-6.53333402120357,-9.08658910876512,-3.98007893364202,0.0007237107128588,25490,"Age, years, Male sex, Ever smoking (past/current), Ever alcohol (past/current), Body mass index, kg/m2",0.0013037338707055613
dm,platelet,beta,-2.92056866841345,-6.95460667575862,1.11346933893172,0.158534012563745,25490,"Age, years, Male sex, Ever smoking (past/current), Ever alcohol (past/current), Body mass index, kg/m2",0.19771770293258992
prediabetes,platelet,beta,6.8368416016242,4.50546787726149,9.16821532598691,7.21376048508638e-08,25490,"Age, years, Male sex, Ever smoking (past/current), Ever alcohol (past/current), Body mass index, kg/m2",1.8688694485266353e-07
htn,platelet,beta,2.6778233924726,-0.219542213718403,5.57518899866361,0.0726093686287761,25490,"Age, years, Male sex, Ever smoking (past/current), Ever alcohol (past/current), Body mass index, kg/m2",0.09707423531444347
mets,platelet,beta,4.0895615155092,0.101788498612039,8.07733453240636,0.0467089909925478,25490,"Age, years, Male sex, Ever smoking (past/current), Ever alcohol (past/current), Body mass index, kg/m2",0.06463125861018505
dyslipidemia,platelet,beta,5.66925260079699,3.67713566464253,7.66136953695146,1.57142078552098e-07,25490,"Age, years, Male sex, Ever smoking (past/current), Ever alcohol (past/current), Body mass index, kg/m2",3.9345193845069597e-07
low_hdl,platelet,beta,2.86803363102643,0.375720240293243,5.36034702175962,0.0259466621601154,25490,"Age, years, Male sex, Ever smoking (past/current), Ever alcohol (past/current), Body mass index, kg/m2",0.03746167719175785
high_tg,platelet,beta,7.69816940366762,4.00254928412126,11.393789523214,8.13411718166108e-05,25490,"Age, years, Male sex, Ever smoking (past/current), Ever alcohol (past/current), Body mass index, kg/m2",0.00016121526839003625
high_ldl,platelet,beta,13.3608197279758,8.18147627023195,18.5401631857197,1.58407395240102e-06,25490,"Age, years, Male sex, Ever smoking (past/current), Ever alcohol (past/current), Body mass index, kg/m2",3.649735908968221e-06
high_nonhdl,platelet,beta,14.3039542734111,11.2213638166039,17.3865447302182,2.76170492548919e-15,25490,"Age, years, Male sex, Ever smoking (past/current), Ever alcohol (past/current), Body mass index, kg/m2",1.158568895571075e-14
atherogenic_dyslipidemia,platelet,beta,3.90311273469297,-0.967588097100379,8.77381356648632,0.11894474439888,25490,"Age, years, Male sex, Ever smoking (past/current), Ever alcohol (past/current), Body mass index, kg/m2",0.15262582187543602
insulin_resistance,platelet,beta,4.93737685602449,1.44153506816073,8.43321864388825,0.006546857352472,25490,"Age, years, Male sex, Ever smoking (past/current), Ever alcohol (past/current), Body mass index, kg/m2",0.010380508090733159
ckd,platelet,beta,-3.62111200131357,-6.69460465285297,-0.547619349774162,0.0226707285341478,25490,"Age, years, Male sex, Ever smoking (past/current), Ever alcohol (past/current), Body mass index, kg/m2",0.033033297267435986
steatosis,platelet,beta,4.85912117086176,-3.50255200549592,13.2207943472194,0.28411437162993,25490,"Age, years, Male sex, Ever smoking (past/current), Ever alcohol (past/current), Body mass index, kg/m2",0.33732186499639943
masld,platelet,beta,4.24916874212293,-4.37947495393901,12.8778124381849,0.359661759916888,25490,"Age, years, Male sex, Ever smoking (past/current), Ever alcohol (past/current), Body mass index, kg/m2",0.41566518324020124
anemia,platelet,beta,18.6828182696765,14.1866676200306,23.1789689193224,4.48294342324624e-13,25490,"Age, years, Male sex, Ever smoking (past/current), Ever alcohol (past/current), Body mass index, kg/m2",1.6436074311735056e-12
leukocytosis,platelet,beta,41.6949073638216,35.4286577352407,47.9611569924026,1.2778017943350701e-24,25490,"Age, years, Male sex, Ever smoking (past/current), Ever alcohol (past/current), Body mass index, kg/m2",9.501849433063041e-24
vitd_deficiency,platelet,beta,3.31299935334315,0.625538158668477,6.00046054801783,0.0172155834482504,25490,"Age, years, Male sex, Ever smoking (past/current), Ever alcohol (past/current), Body mass index, kg/m2",0.025497883984005463
osteoporosis,platelet,beta,4.34903812377827,-3.68322135281019,12.3812976003667,0.292179750162538,25490,"Age, years, Male sex, Ever smoking (past/current), Ever alcohol (past/current), Body mass index, kg/m2",0.34556851842488495
current_smoking,platelet,beta,10.8480429182524,8.62620175908587,13.0698840774189,1.95680482951563e-16,25490,"Age, years, Male sex, Ever alcohol (past/current), Body mass index, kg/m2",8.90807814219083e-16
age,wbc,beta,-0.154807422860798,-0.193028731844372,-0.116586113877224,1.08573044054504e-12,25491,unadjusted,3.845254810023436e-12
men,wbc,beta,-0.145381358361668,-0.211402815546809,-0.0793599011765271,3.23309838297532e-05,25491,unadjusted,6.685905490355653e-05
bmi,wbc,beta,0.464483963521553,0.431703385196238,0.497264541846868,2.47458666473456e-54,25491,"Age, years, Male sex",1.0304699837568336e-52
smoking,wbc,beta,0.734570277723011,0.660826331220342,0.808314224225679,3.3504723477394e-39,25491,"Age, years, Male sex",5.640199407513645e-38
alcohol,wbc,beta,0.0331885664920357,-0.0607643958321601,0.127141528816232,0.490035737915705,25491,"Age, years, Male sex",0.5477765976814153
wc,wbc,beta,0.543721871001076,0.509752862522792,0.57769087947936,2.20718312907008e-59,25491,"Age, years, Male sex, Ever smoking (past/current), Ever alcohol (past/current)",1.3433256090155746e-57
height,wbc,beta,-0.182982206952245,-0.230243609260083,-0.135720804644407,7.95418906371467e-12,25491,"Age, years, Male sex, Ever smoking (past/current), Ever alcohol (past/current)",2.6599130968770274e-11
weight,wbc,beta,0.420256938733742,0.384832235459202,0.455681642008283,4.47615012001814e-46,25491,"Age, years, Male sex, Ever smoking (past/current), Ever alcohol (past/current)",1.0797347484629124e-44
whtr,wbc,beta,0.58698717253636,0.553215080981028,0.620759264091692,3.23431973854184e-63,25491,"Age, years, Male sex, Ever smoking (past/current), Ever alcohol (past/current)",2.558993777134304e-61
fat_kg,wbc,beta,0.547746394789756,0.488942933902845,0.606549855676667,9.9105037251356e-29,25491,"Age, years, Male sex, Ever smoking (past/current), Ever alcohol (past/current)",9.334750651580102e-28
lean_kg,wbc,beta,0.472952270821476,0.384216431596463,0.561688110046489,4.51039768733992e-16,25491,"Age, years, Male sex, Ever smoking (past/current), Ever alcohol (past/current)",2.0184539876828875e-15
asmm_kg,wbc,beta,0.322658003153031,0.226204643536366,0.419111362769697,7.1837280905763906e-09,25491,"Age, years, Male sex, Ever smoking (past/current), Ever alcohol (past/current)",2.0069794015762854e-08
asmi,wbc,beta,0.392185047546765,0.30620539259039,0.47816470250314,2.6979289207496e-13,25491,"Age, years, Male sex, Ever smoking (past/current), Ever alcohol (past/current)",1.0078382257304454e-12
bodyfat_pct,wbc,beta,0.7054004917654,0.627395248211554,0.783405735319245,5.70193248106953e-28,25491,"Age, years, Male sex, Ever smoking (past/current), Ever alcohol (past/current)",5.114930815217928e-27
asm_pct,wbc,beta,-0.841064877817108,-0.938371895571455,-0.743757860062761,7.9333208428495e-27,25491,"Age, years, Male sex, Ever smoking (past/current), Ever alcohol (past/current)",6.74929403318551e-26
obesity,wbc,beta,0.80308443529013,0.738715572786037,0.867453297794223,3.1225938936461797e-48,25491,"Age, years, Male sex, Ever smoking (past/current), Ever alcohol (past/current)",8.638448561723277e-47
overweight,wbc,beta,0.719900924506138,0.650608232535418,0.789193616476858,1.38117789929203e-40,25491,"Age, years, Male sex, Ever smoking (past/current), Ever alcohol (past/current)",2.517944594285378e-39
abdominal_obesity,wbc,beta,0.868945029961902,0.807618982473315,0.930271077450488,7.80444286985418e-54,25491,"Age, years, Male sex, Ever smoking (past/current), Ever alcohol (past/current)",3.0874375993143135e-52
central_obesity,wbc,beta,0.967029518955605,0.889331923420116,1.04472711449109,3.9735282347792196e-48,25491,"Age, years, Male sex, Ever smoking (past/current), Ever alcohol (past/current)",1.0916165067212911e-46
high_bodyfat,wbc,beta,0.797135542253039,0.701152811312805,0.893118273193272,7.82078043292497e-26,25491,"Age, years, Male sex, Ever smoking (past/current), Ever alcohol (past/current)",6.250304523767915e-25
sarcopenia,wbc,beta,-0.338912623326527,-0.71656559307274,0.0387403464196853,0.0828364845701573,25491,"Age, years, Male sex, Ever smoking (past/current), Ever alcohol (past/current)",0.10937955038703014
sbp,wbc,beta,0.0953045205852342,0.0544731596875405,0.136135881482928,1.18541670255142e-05,25491,"Age, years, Male sex, Ever smoking (past/current), Ever alcohol (past/current), Body mass index, kg/m2",2.547261529219673e-05
dbp,wbc,beta,-0.0450605995468574,-0.0801676785512756,-0.0099535205424391,0.0132239741794695,25491,"Age, years, Male sex, Ever smoking (past/current), Ever alcohol (past/current), Body mass index, kg/m2",0.01996719154732112
glucose,wbc,beta,0.215870984494139,0.157599237669615,0.274142731318662,4.4520689952897695e-11,25491,"Age, years, Male sex, Ever smoking (past/current), Ever alcohol (past/current), Body mass index, kg/m2",1.433066309631109e-10
hba1c,wbc,beta,0.21911112825697,0.177779068653394,0.260443187860545,2.3694816193896697e-18,25491,"Age, years, Male sex, Ever smoking (past/current), Ever alcohol (past/current), Body mass index, kg/m2",1.2253162465758866e-17
homa_ir,wbc,beta,0.421810564445017,0.360071831592172,0.483549297297863,1.96443592461025e-25,25491,"Age, years, Male sex, Ever smoking (past/current), Ever alcohol (past/current), Body mass index, kg/m2",1.5119277271903014e-24
tg,wbc,beta,0.279310711112764,0.219935566854071,0.338685855371457,1.4012818690961301e-15,25491,"Age, years, Male sex, Ever smoking (past/current), Ever alcohol (past/current), Body mass index, kg/m2",6.03206863345407e-15
tchol,wbc,beta,0.0578759364682401,0.020403076043043,0.0953487968934371,0.0030317191450221,25491,"Age, years, Male sex, Ever smoking (past/current), Ever alcohol (past/current), Body mass index, kg/m2",0.005026605589986348
hdl,wbc,beta,-0.360016691636185,-0.402610470875418,-0.317422912396951,1.40891209003422e-32,25491,"Age, years, Male sex, Ever smoking (past/current), Ever alcohol (past/current), Body mass index, kg/m2",1.752722084331879e-31
ldl,wbc,beta,-0.0205253980549448,-0.0770522576819094,0.0360014615720198,0.478059436799243,25491,"Age, years, Male sex, Ever smoking (past/current), Ever alcohol (past/current), Body mass index, kg/m2",0.5360553095175185
nonhdl,wbc,beta,0.170039138203113,0.133564654955984,0.206513621450241,2.19566119019826e-15,25491,"Age, years, Male sex, Ever smoking (past/current), Ever alcohol (past/current), Body mass index, kg/m2",9.270048738980061e-15
alt,wbc,beta,-0.0365502099178498,-0.0675024905878435,-0.0055979292478561,0.0223707926497281,25491,"Age, years, Male sex, Ever smoking (past/current), Ever alcohol (past/current), Body mass index, kg/m2",0.032608274031807064
ast,wbc,beta,-0.11037961169728,-0.147700361572363,-0.0730588618221972,5.74737093468717e-08,25491,"Age, years, Male sex, Ever smoking (past/current), Ever alcohol (past/current), Body mass index, kg/m2",1.500765638126894e-07
creatinine,wbc,beta,0.032392823116037,-0.0042241779693676,0.0690098242014416,0.0859292934174532,25491,"Age, years, Male sex, Ever smoking (past/current), Ever alcohol (past/current), Body mass index, kg/m2",0.11308592307366762
egfr,wbc,beta,-0.0121804404763727,-0.075439791923991,0.0510789109712457,0.706657750059756,25491,"Age, years, Male sex, Ever smoking (past/current), Ever alcohol (past/current), Body mass index, kg/m2",0.7450794400949878
hemoglobin,wbc,beta,0.177590581125028,0.104412850642926,0.250768311607129,5.62237726153923e-06,25491,"Age, years, Male sex, Ever smoking (past/current), Ever alcohol (past/current), Body mass index, kg/m2",1.2439666916470464e-05
platelet,wbc,beta,0.610576509002819,0.561198846542185,0.659954171463452,1.2234425746525602e-47,25491,"Age, years, Male sex, Ever smoking (past/current), Ever alcohol (past/current), Body mass index, kg/m2",3.248281090822502e-46
fib4,wbc,beta,-0.352525079285815,-0.527225265307133,-0.177824893264497,0.000130982850787,25491,"Age, years, Male sex, Ever smoking (past/current), Ever alcohol (past/current), Body mass index, kg/m2",0.0002555069811209921
vitd,wbc,beta,-0.0199876802012332,-0.0697837760319403,0.029808415629474,0.433019822605717,25491,"Age, years, Male sex, Ever smoking (past/current), Ever alcohol (past/current), Body mass index, kg/m2",0.4919662315417048
fn_bmd,wbc,beta,-0.12235758767799,-0.183707719223862,-0.0610074561321183,0.0002094658750105,25491,"Age, years, Male sex, Ever smoking (past/current), Ever alcohol (past/current), Body mass index, kg/m2",0.00039973323759842644
ls_bmd,wbc,beta,0.0194906267944945,-0.0501061600416696,0.0890874136306585,0.584796662772462,25491,"Age, years, Male sex, Ever smoking (past/current), Ever alcohol (past/current), Body mass index, kg/m2",0.6364389540379257
insulin,wbc,beta,0.385608244006521,0.326240339857867,0.444976148155174,6.81739310826766e-24,25491,"Age, years, Male sex, Ever smoking (past/current), Ever alcohol (past/current), Body mass index, kg/m2",4.850648765522817e-23
ggt,wbc,beta,0.008844783043286,-0.03315160934631,0.050841175432882,0.680508092526474,25491,"Age, years, Male sex, Ever smoking (past/current), Ever alcohol (past/current), Body mass index, kg/m2",0.7225147649046514
uric,wbc,beta,0.103387080460115,0.0595129805630373,0.147261180357193,9.92009776150301e-06,25491,"Age, years, Male sex, Ever smoking (past/current), Ever alcohol (past/current), Body mass index, kg/m2",2.151529975027736e-05
cap,wbc,beta,0.276731808672219,0.140888109347132,0.412575507997307,0.0031444934930522,25491,"Age, years, Male sex, Ever smoking (past/current), Ever alcohol (past/current), Body mass index, kg/m2",0.005200508469278638
lsm,wbc,beta,-0.088110403109548,-0.188503071659956,0.0122822654408595,0.119506338522879,25491,"Age, years, Male sex, Ever smoking (past/current), Ever alcohol (past/current), Body mass index, kg/m2",0.153247025995627
dm,wbc,beta,0.415274879003441,0.304285267157974,0.526264490848909,3.0713901344524796e-11,25491,"Age, years, Male sex, Ever smoking (past/current), Ever alcohol (past/current), Body mass index, kg/m2",9.959360140896728e-11
prediabetes,wbc,beta,-0.110875942115846,-0.185369093830647,-0.0363827904010447,0.0042283872328043,25491,"Age, years, Male sex, Ever smoking (past/current), Ever alcohol (past/current), Body mass index, kg/m2",0.006889415112427434
htn,wbc,beta,0.219173430860281,0.12840388233404,0.309942979386523,6.20962249248996e-06,25491,"Age, years, Male sex, Ever smoking (past/current), Ever alcohol (past/current), Body mass index, kg/m2",1.3670153912237218e-05
mets,wbc,beta,0.716839366678753,0.599765226763726,0.83391350659378,3.5568226496922597e-22,25491,"Age, years, Male sex, Ever smoking (past/current), Ever alcohol (past/current), Body mass index, kg/m2",2.306686951177472e-21
dyslipidemia,wbc,beta,0.456031905814766,0.38367971316649,0.528384098463042,5.2349531579804905e-23,25491,"Age, years, Male sex, Ever smoking (past/current), Ever alcohol (past/current), Body mass index, kg/m2",3.6079224203781915e-22
low_hdl,wbc,beta,0.577721216206146,0.481737090284332,0.67370534212796,1.07969394789782e-21,25491,"Age, years, Male sex, Ever smoking (past/current), Ever alcohol (past/current), Body mass index, kg/m2",6.737017756914473e-21
high_tg,wbc,beta,0.624468009172545,0.512588675007504,0.736347343337585,1.16869853054917e-19,25491,"Age, years, Male sex, Ever smoking (past/current), Ever alcohol (past/current), Body mass index, kg/m2",6.421185808923264e-19
high_ldl,wbc,beta,0.133463148141326,-0.0520240736510663,0.318950369933717,0.161089438438653,25491,"Age, years, Male sex, Ever smoking (past/current), Ever alcohol (past/current), Body mass index, kg/m2",0.20058854846185434
high_nonhdl,wbc,beta,0.414962140221826,0.289217628960575,0.540706651483077,2.3479432710003603e-09,25491,"Age, years, Male sex, Ever smoking (past/current), Ever alcohol (past/current), Body mass index, kg/m2",6.7700171866453536e-09
atherogenic_dyslipidemia,wbc,beta,0.680796227344801,0.516765246967938,0.844827207721665,4.71549028074438e-13,25491,"Age, years, Male sex, Ever smoking (past/current), Ever alcohol (past/current), Body mass index, kg/m2",1.7272666250578488e-12
insulin_resistance,wbc,beta,0.634363262607605,0.511420044307866,0.757306480907343,1.079996714716e-17,25491,"Age, years, Male sex, Ever smoking (past/current), Ever alcohol (past/current), Body mass index, kg/m2",5.401348929730084e-17
ckd,wbc,beta,0.438251991703607,0.302819580036202,0.573684403371011,4.3245893795818205e-09,25491,"Age, years, Male sex, Ever smoking (past/current), Ever alcohol (past/current), Body mass index, kg/m2",1.2202621673056835e-08
high_alt,wbc,beta,-0.0927818112177898,-0.199626150317551,0.0140625278819712,0.0913828031260379,25491,"Age, years, Male sex, Ever smoking (past/current), Ever alcohol (past/current), Body mass index, kg/m2",0.11962619760642156
high_ast,wbc,beta,-0.242790490979168,-0.384685945097416,-0.10089503686092,0.0010726504662745,25491,"Age, years, Male sex, Ever smoking (past/current), Ever alcohol (past/current), Body mass index, kg/m2",0.001891000554626525
adv_fibrosis,wbc,beta,-0.549256740220637,-0.956639050384136,-0.141874430057138,0.0093438789387896,25491,"Age, years, Male sex, Ever smoking (past/current), Ever alcohol (past/current), Body mass index, kg/m2",0.014467469699354857
steatosis,wbc,beta,0.218443749843434,-0.15792658402292,0.594814083709788,0.284675340124662,25491,"Age, years, Male sex, Ever smoking (past/current), Ever alcohol (past/current), Body mass index, kg/m2",0.3378864823081797
masld,wbc,beta,0.216426578019837,-0.163476894884951,0.596330050924624,0.29309199921376,25491,"Age, years, Male sex, Ever smoking (past/current), Ever alcohol (past/current), Body mass index, kg/m2",0.3465247904631305
anemia,wbc,beta,-0.0571600044671615,-0.256956523090221,0.142636514155898,0.576038977363446,25491,"Age, years, Male sex, Ever smoking (past/current), Ever alcohol (past/current), Body mass index, kg/m2",0.628540597565612
vitd_deficiency,wbc,beta,-0.0436363272621346,-0.14042532612147,0.0531526715972008,0.378684205020249,25491,"Age, years, Male sex, Ever smoking (past/current), Ever alcohol (past/current), Body mass index, kg/m2",0.43574017308321844
osteoporosis,wbc,beta,0.30788949263243,0.0988114548261311,0.516967530438729,0.0051602208554974,25491,"Age, years, Male sex, Ever smoking (past/current), Ever alcohol (past/current), Body mass index, kg/m2",0.008301681050975077
current_smoking,wbc,beta,1.26246135003977,1.16031243691974,1.3646102631598,7.97206266494308e-48,25491,"Age, years, Male sex, Ever alcohol (past/current), Body mass index, kg/m2",2.1454067960894436e-46
bmi,fib4,beta,-0.0657029813570986,-0.0751120412111857,-0.0562939215030114,2.4508060274913598e-26,24840,"Age, years, Male sex",2.019872634324129e-25
smoking,fib4,beta,-0.0273703452498138,-0.053781126309793,-0.0009595641898345,0.0444244749277628,24840,"Age, years, Male sex",0.06165327473768139
alcohol,fib4,beta,-0.0164628368982471,-0.0416536238105288,0.0087279500140346,0.202674519535256,24840,"Age, years, Male sex",0.24776897381998542
wc,fib4,beta,-0.0637204196254576,-0.0726209199151715,-0.0548199193357437,5.44247632147456e-27,24840,"Age, years, Male sex, Ever smoking (past/current), Ever alcohol (past/current)",4.670376643764286e-26
height,fib4,beta,0.0146218297939898,-0.0010430924235341,0.0302867520115137,0.0698299422549219,24840,"Age, years, Male sex, Ever smoking (past/current), Ever alcohol (past/current)",0.09354800256026786
weight,fib4,beta,-0.0604626143081737,-0.0695891237146513,-0.0513361049016962,1.48991280291424e-24,24840,"Age, years, Male sex, Ever smoking (past/current), Ever alcohol (past/current)",1.1058339677915073e-23
whtr,fib4,beta,-0.0678628388152522,-0.0776924708286097,-0.0580332068018947,7.85734138973131e-26,24840,"Age, years, Male sex, Ever smoking (past/current), Ever alcohol (past/current)",6.266863414874408e-25
fat_kg,fib4,beta,-0.07143822375111,-0.091212059575282,-0.051664387926938,7.83456472281124e-10,24840,"Age, years, Male sex, Ever smoking (past/current), Ever alcohol (past/current)",2.3391349466748124e-09
lean_kg,fib4,beta,-0.0328796794783951,-0.0510142835714798,-0.0147450753853104,0.0006752698170767,24840,"Age, years, Male sex, Ever smoking (past/current), Ever alcohol (past/current)",0.0012214757184981367
asmm_kg,fib4,beta,-0.0296865778079765,-0.0476059507716697,-0.0117672048442832,0.0017717039844618,24840,"Age, years, Male sex, Ever smoking (past/current), Ever alcohol (past/current)",0.003027585728955024
asmi,fib4,beta,-0.0413445999412938,-0.0593666291768578,-0.0233225707057297,2.58815370191934e-05,24840,"Age, years, Male sex, Ever smoking (past/current), Ever alcohol (past/current)",5.408735364391394e-05
bodyfat_pct,fib4,beta,-0.11597906659788,-0.150174881629377,-0.0817832515663821,4.903030441488751e-09,24840,"Age, years, Male sex, Ever smoking (past/current), Ever alcohol (past/current)",1.3775844052932883e-08
asm_pct,fib4,beta,0.12272894868279,0.0907362715636962,0.154721625801883,1.20873611705827e-10,24840,"Age, years, Male sex, Ever smoking (past/current), Ever alcohol (past/current)",3.819297187765588e-10
obesity,fib4,beta,-0.117208460063118,-0.143305132593505,-0.0911117875327304,1.26154642272519e-14,24840,"Age, years, Male sex, Ever smoking (past/current), Ever alcohol (past/current)",5.0615391970596875e-14
overweight,fib4,beta,-0.120351089174676,-0.146337262682916,-0.0943649156664352,2.8561354866639e-15,24840,"Age, years, Male sex, Ever smoking (past/current), Ever alcohol (past/current)",1.1969144052163548e-14
abdominal_obesity,fib4,beta,-0.120750041271391,-0.147415653961457,-0.0940844285813252,8.527910780897e-15,24840,"Age, years, Male sex, Ever smoking (past/current), Ever alcohol (past/current)",3.46369764365796e-14
central_obesity,fib4,beta,-0.144632864534305,-0.167847408519662,-0.121418320548947,9.94543539235536e-23,24840,"Age, years, Male sex, Ever smoking (past/current), Ever alcohol (past/current)",6.702579627284123e-22
high_bodyfat,fib4,beta,-0.158281661923835,-0.21923660856876,-0.0973267152789095,2.75873711846697e-06,24840,"Age, years, Male sex, Ever smoking (past/current), Ever alcohol (past/current)",6.2398879592083085e-06
sarcopenia,fib4,beta,0.0533698326617284,-0.0121456252206336,0.11888529054409,0.114725150491587,24840,"Age, years, Male sex, Ever smoking (past/current), Ever alcohol (past/current)",0.14769043128692425
sbp,fib4,beta,0.0187625631727439,0.0008948578933189,0.0366302684521689,0.0417768475722293,24840,"Age, years, Male sex, Ever smoking (past/current), Ever alcohol (past/current), Body mass index, kg/m2",0.058316587507317955
dbp,fib4,beta,-0.0312949591825644,-0.0553861040568824,-0.0072038143082464,0.0121819973280618,24840,"Age, years, Male sex, Ever smoking (past/current), Ever alcohol (past/current), Body mass index, kg/m2",0.018506905310987896
glucose,fib4,beta,-0.0095507612846645,-0.0276249190644783,0.0085233964951492,0.302457722021419,24840,"Age, years, Male sex, Ever smoking (past/current), Ever alcohol (past/current), Body mass index, kg/m2",0.3566386731197418
hba1c,fib4,beta,-0.0290723591155544,-0.046023806073654,-0.0121209121574549,0.0010453647024435,24840,"Age, years, Male sex, Ever smoking (past/current), Ever alcohol (past/current), Body mass index, kg/m2",0.0018445418210822863
homa_ir,fib4,beta,-0.0171747191748618,-0.0486911724907128,0.0143417341409891,0.287659556594186,24840,"Age, years, Male sex, Ever smoking (past/current), Ever alcohol (past/current), Body mass index, kg/m2",0.3408149763062593
tg,fib4,beta,-0.022442962476061,-0.0514918136207176,0.0066058886685956,0.132627875358065,24840,"Age, years, Male sex, Ever smoking (past/current), Ever alcohol (past/current), Body mass index, kg/m2",0.16784257035076938
tchol,fib4,beta,-0.0494743944460077,-0.0729462254485886,-0.0260025634434268,6.76917517527738e-05,24840,"Age, years, Male sex, Ever smoking (past/current), Ever alcohol (past/current), Body mass index, kg/m2",0.00013517848053204096
hdl,fib4,beta,0.0417986841911236,0.026412298353171,0.0571850700290761,4.90094662949014e-07,24840,"Age, years, Male sex, Ever smoking (past/current), Ever alcohol (past/current), Body mass index, kg/m2",1.1865449734555076e-06
ldl,fib4,beta,-0.0696512203893384,-0.101806079748081,-0.0374963610305956,4.36856663074616e-05,24840,"Age, years, Male sex, Ever smoking (past/current), Ever alcohol (past/current), Body mass index, kg/m2",8.917466249345618e-05
nonhdl,fib4,beta,-0.0622292592018098,-0.0869550138525398,-0.0375035045510798,2.68222181717229e-06,24840,"Age, years, Male sex, Ever smoking (past/current), Ever alcohol (past/current), Body mass index, kg/m2",6.073766175577321e-06
creatinine,fib4,beta,0.0215551574098595,0.0073592111854893,0.0357511036342297,0.0036387553958896,24840,"Age, years, Male sex, Ever smoking (past/current), Ever alcohol (past/current), Body mass index, kg/m2",0.0059779552932472
egfr,fib4,beta,-0.0280539220913513,-0.0469125557869514,-0.0091952883957511,0.0043557084739722,24840,"Age, years, Male sex, Ever smoking (past/current), Ever alcohol (past/current), Body mass index, kg/m2",0.007079368415379632
hemoglobin,fib4,beta,-0.0137245185234323,-0.036888620316316,0.0094395832694513,0.247870958211774,24840,"Age, years, Male sex, Ever smoking (past/current), Ever alcohol (past/current), Body mass index, kg/m2",0.29786680154489004
wbc,fib4,beta,-0.0984364838159843,-0.163800237276597,-0.0330727303553712,0.0038132465824829,24840,"Age, years, Male sex, Ever smoking (past/current), Ever alcohol (past/current), Body mass index, kg/m2",0.0062464610684481794
vitd,fib4,beta,-0.002158464132065,-0.0204291364174544,0.0161122081533243,0.817287937989828,24840,"Age, years, Male sex, Ever smoking (past/current), Ever alcohol (past/current), Body mass index, kg/m2",0.8428548182189155
fn_bmd,fib4,beta,0.0159898654565091,-0.0058983303393301,0.0378780612523484,0.15658065303912,24840,"Age, years, Male sex, Ever smoking (past/current), Ever alcohol (past/current), Body mass index, kg/m2",0.1955281134541536
ls_bmd,fib4,beta,0.0260331603449177,0.0083048189518891,0.0437615017379463,0.0052808564909968,24840,"Age, years, Male sex, Ever smoking (past/current), Ever alcohol (past/current), Body mass index, kg/m2",0.008488853424779903
insulin,fib4,beta,-0.0143166569300285,-0.0460073823861997,0.0173740685261427,0.377713192927828,24840,"Age, years, Male sex, Ever smoking (past/current), Ever alcohol (past/current), Body mass index, kg/m2",0.43474931371035425
ggt,fib4,beta,0.182363689684776,0.0897308401915957,0.274996539177956,0.0001864452877338,24840,"Age, years, Male sex, Ever smoking (past/current), Ever alcohol (past/current), Body mass index, kg/m2",0.000357873633321161
uric,fib4,beta,0.0261954817547797,0.0138767382532008,0.0385142252563586,5.88907471431167e-05,24840,"Age, years, Male sex, Ever smoking (past/current), Ever alcohol (past/current), Body mass index, kg/m2",0.00011837997748890735
cap,fib4,beta,-0.0325563625042828,-0.0701698738847301,0.0050571488761644,0.124028691774827,24840,"Age, years, Male sex, Ever smoking (past/current), Ever alcohol (past/current), Body mass index, kg/m2",0.15822557389913436
lsm,fib4,beta,0.270717516219322,-0.0322399993044275,0.573675031743072,0.113788884072261,24840,"Age, years, Male sex, Ever smoking (past/current), Ever alcohol (past/current), Body mass index, kg/m2",0.1466760591038985
dm,fib4,beta,0.063258572107674,-0.0011660005468204,0.127683144762169,0.0566962749720235,24840,"Age, years, Male sex, Ever smoking (past/current), Ever alcohol (past/current), Body mass index, kg/m2",0.07731487893461736
prediabetes,fib4,beta,-0.0653829559756138,-0.0956289510837312,-0.0351369608674964,4.51700179707997e-05,24840,"Age, years, Male sex, Ever smoking (past/current), Ever alcohol (past/current), Body mass index, kg/m2",9.187279747685532e-05
htn,fib4,beta,0.0600444267288769,0.0230417269751629,0.097047126482591,0.0018785965890256,24840,"Age, years, Male sex, Ever smoking (past/current), Ever alcohol (past/current), Body mass index, kg/m2",0.0032005719664880594
mets,fib4,beta,-0.0604555235373777,-0.118378322051698,-0.0025327250230571,0.0430086582034577,24840,"Age, years, Male sex, Ever smoking (past/current), Ever alcohol (past/current), Body mass index, kg/m2",0.05984602597709415
dyslipidemia,fib4,beta,-0.0311724418408952,-0.0603668925141253,-0.001977991167665,0.0385103967829129,24840,"Age, years, Male sex, Ever smoking (past/current), Ever alcohol (past/current), Body mass index, kg/m2",0.05408133818715068
low_hdl,fib4,beta,-0.0086811223522245,-0.0409449801446538,0.0235827354402047,0.598926632896543,24840,"Age, years, Male sex, Ever smoking (past/current), Ever alcohol (past/current), Body mass index, kg/m2",0.6498501809486352
high_tg,fib4,beta,-0.0872446130878122,-0.136634453603588,-0.0378547725720359,0.0007469264108722,24840,"Age, years, Male sex, Ever smoking (past/current), Ever alcohol (past/current), Body mass index, kg/m2",0.001340671906266072
high_ldl,fib4,beta,-0.067134524632412,-0.206304637739526,0.0720355884747024,0.346341851717568,24840,"Age, years, Male sex, Ever smoking (past/current), Ever alcohol (past/current), Body mass index, kg/m2",0.40250539523933576
high_nonhdl,fib4,beta,-0.0628814685959734,-0.148418696438322,0.0226557592463751,0.15227085010663,24840,"Age, years, Male sex, Ever smoking (past/current), Ever alcohol (past/current), Body mass index, kg/m2",0.19056737836818358
atherogenic_dyslipidemia,fib4,beta,-0.0137310084601701,-0.0926327699778099,0.0651707530574698,0.733640751587065,24840,"Age, years, Male sex, Ever smoking (past/current), Ever alcohol (past/current), Body mass index, kg/m2",0.76861303317755
insulin_resistance,fib4,beta,-0.0598236480112719,-0.112891215151018,-0.006756080871526,0.0290681697978788,24840,"Age, years, Male sex, Ever smoking (past/current), Ever alcohol (past/current), Body mass index, kg/m2",0.041604080940813505
anemia,fib4,beta,0.0663769104357959,0.0216341457482041,0.111119675123388,0.0043508516618448,24840,"Age, years, Male sex, Ever smoking (past/current), Ever alcohol (past/current), Body mass index, kg/m2",0.00707438108272011
leukocytosis,fib4,beta,-0.152732900193773,-0.181741413224723,-0.123724387162822,3.4915539692245e-18,24840,"Age, years, Male sex, Ever smoking (past/current), Ever alcohol (past/current), Body mass index, kg/m2",1.7877469344685795e-17
vitd_deficiency,fib4,beta,0.0347697090720019,-0.0024965935278488,0.0720360116718526,0.0699710930474048,24840,"Age, years, Male sex, Ever smoking (past/current), Ever alcohol (past/current), Body mass index, kg/m2",0.09370536360715417
osteoporosis,fib4,beta,0.0274130815300526,-0.0901866078581551,0.14501277091826,0.649147860994248,24840,"Age, years, Male sex, Ever smoking (past/current), Ever alcohol (past/current), Body mass index, kg/m2",0.6931899164838512
men,fib4,beta,0.0826981048636571,0.0548931346314123,0.110503075095902,4.58023658920577e-08,24840,unadjusted,1.2039479034483738e-07
current_smoking,fib4,beta,-0.0444963315039565,-0.0707795772955289,-0.018213085712384,0.0012024439732798,24840,"Age, years, Male sex, Ever alcohol (past/current), Body mass index, kg/m2",0.0021048090080950837
age,vitd,beta,2.89036320964993,2.64736964116952,3.13335677813034,5.803320696953281e-47,24836,unadjusted,1.510390570864946e-45
men,vitd,beta,-2.4174073972433,-2.84529549505512,-1.98951929943149,3.4024215973842e-20,24836,unadjusted,1.9228542627502707e-19
bmi,vitd,beta,-2.10817208806243,-2.30359937147178,-1.91274480465309,1.90085442784172e-42,24836,"Age, years, Male sex",3.937057652639709e-41
smoking,vitd,beta,-0.0229698230186812,-0.420668713216976,0.374729067179614,0.910056931783342,24836,"Age, years, Male sex",0.9245467956175913
alcohol,vitd,beta,3.36323358117701,2.82526382072676,3.90120334162725,6.09573201272573e-23,24836,"Age, years, Male sex",4.164890473634367e-22
wc,vitd,beta,-1.83914827450972,-2.01620877032191,-1.66208777869752,1.4080300282905699e-40,24836,"Age, years, Male sex, Ever smoking (past/current), Ever alcohol (past/current)",2.55512238161353e-39
height,vitd,beta,1.3650510048725,1.08859939844431,1.64150261130068,1.08179897480014e-16,24836,"Age, years, Male sex, Ever smoking (past/current), Ever alcohol (past/current)",5.034819699187475e-16
weight,vitd,beta,-1.64076390028822,-1.8148917444781,-1.46663605609834,9.61489470842081e-37,24836,"Age, years, Male sex, Ever smoking (past/current), Ever alcohol (past/current)",1.4573380638510622e-35
whtr,vitd,beta,-2.13915743599816,-2.32647234777823,-1.95184252421808,1.80172574812574e-44,24836,"Age, years, Male sex, Ever smoking (past/current), Ever alcohol (past/current)",4.049788102037175e-43
fat_kg,vitd,beta,-2.07536268869204,-2.32204366475351,-1.82868171263057,3.74185898260616e-26,24836,"Age, years, Male sex, Ever smoking (past/current), Ever alcohol (past/current)",3.058428540328506e-25
lean_kg,vitd,beta,-1.27431743145702,-1.59125667734491,-0.957378185569125,2.5615505823591596e-11,24836,"Age, years, Male sex, Ever smoking (past/current), Ever alcohol (past/current)",8.333465545898713e-11
asmm_kg,vitd,beta,-1.20888273145032,-1.53724849730574,-0.880516965594886,4.4141374771033003e-10,24836,"Age, years, Male sex, Ever smoking (past/current), Ever alcohol (past/current)",1.3494843786260167e-09
asmi,vitd,beta,-1.84332572459041,-2.19573621158856,-1.49091523759226,1.0206988139467102e-15,24836,"Age, years, Male sex, Ever smoking (past/current), Ever alcohol (past/current)",4.442117170487553e-15
bodyfat_pct,vitd,beta,-2.93827511253936,-3.29792105173461,-2.57862917334412,1.97934608843e-25,24836,"Age, years, Male sex, Ever smoking (past/current), Ever alcohol (past/current)",1.5204452671512777e-24
asm_pct,vitd,beta,2.76705531956892,2.33497318458722,3.19913745455061,8.38144792622492e-20,24836,"Age, years, Male sex, Ever smoking (past/current), Ever alcohol (past/current)",4.643838654922378e-19
obesity,vitd,beta,-3.46254747836392,-3.82708855806382,-3.09800639866401,4.73357974238414e-37,24836,"Age, years, Male sex, Ever smoking (past/current), Ever alcohol (past/current)",7.20232363879679e-36
overweight,vitd,beta,-3.04167903022638,-3.45611897595838,-2.62723908449438,8.40049642047633e-28,24836,"Age, years, Male sex, Ever smoking (past/current), Ever alcohol (past/current)",7.417938357009902e-27
abdominal_obesity,vitd,beta,-3.1038846508543,-3.5143063943238,-2.6934629073848,8.41595207412518e-29,24836,"Age, years, Male sex, Ever smoking (past/current), Ever alcohol (past/current)",7.984054293822354e-28
central_obesity,vitd,beta,-3.53989280983336,-4.06754985308831,-3.01223576657841,6.1428367920681e-25,24836,"Age, years, Male sex, Ever smoking (past/current), Ever alcohol (past/current)",4.602473929814659e-24
high_bodyfat,vitd,beta,-3.76702740946931,-4.39166978144056,-3.14238503749806,1.5698777815688e-18,24836,"Age, years, Male sex, Ever smoking (past/current), Ever alcohol (past/current)",8.193187999849833e-18
sarcopenia,vitd,beta,0.763668183156903,-1.25253305527943,2.77986942159323,0.460271618420404,24836,"Age, years, Male sex, Ever smoking (past/current), Ever alcohol (past/current)",0.5184608549177443
sbp,vitd,beta,-0.856271475640374,-1.10330278110369,-0.609240170177054,4.70566081021294e-10,24836,"Age, years, Male sex, Ever smoking (past/current), Ever alcohol (past/current), Body mass index, kg/m2",1.433071144357382e-09
dbp,vitd,beta,-0.015423496602761,-0.229746873945554,0.198899880740032,0.888071906571875,24836,"Age, years, Male sex, Ever smoking (past/current), Ever alcohol (past/current), Body mass index, kg/m2",0.9059341058273175
glucose,vitd,beta,-0.881815259760866,-1.19472857399386,-0.568901945527875,2.01114081046769e-07,24836,"Age, years, Male sex, Ever smoking (past/current), Ever alcohol (past/current), Body mass index, kg/m2",5.01012156562354e-07
hba1c,vitd,beta,-1.13280746070395,-1.38261238176598,-0.883002539641917,8.43126829123748e-15,24836,"Age, years, Male sex, Ever smoking (past/current), Ever alcohol (past/current), Body mass index, kg/m2",3.427964785214334e-14
homa_ir,vitd,beta,-1.11173088221502,-1.49483632346801,-0.728625440962028,9.51230402991071e-08,24836,"Age, years, Male sex, Ever smoking (past/current), Ever alcohol (past/current), Body mass index, kg/m2",2.4293527916285845e-07
tg,vitd,beta,-0.126528452111782,-0.392682355761907,0.139625451538344,0.353354921555361,24836,"Age, years, Male sex, Ever smoking (past/current), Ever alcohol (past/current), Body mass index, kg/m2",0.409093377135794
tchol,vitd,beta,0.272039495729125,0.0758658996809171,0.468213091777333,0.0075581622989344,24836,"Age, years, Male sex, Ever smoking (past/current), Ever alcohol (past/current), Body mass index, kg/m2",0.011888703799039557
hdl,vitd,beta,1.19656692194462,0.944702988362839,1.4484308555264,8.53163661843817e-16,24836,"Age, years, Male sex, Ever smoking (past/current), Ever alcohol (past/current), Body mass index, kg/m2",3.733534785679359e-15
ldl,vitd,beta,0.0536305001548469,-0.263884071148489,0.371145071458183,0.741187746258726,24836,"Age, years, Male sex, Ever smoking (past/current), Ever alcohol (past/current), Body mass index, kg/m2",0.7744135778336079
nonhdl,vitd,beta,-0.103967966532076,-0.29637791567435,0.0884419826101973,0.291727218405196,24836,"Age, years, Male sex, Ever smoking (past/current), Ever alcohol (past/current), Body mass index, kg/m2",0.34522072270743503
alt,vitd,beta,0.0434004140621597,-0.184128648246304,0.270929476370624,0.709176774728417,24836,"Age, years, Male sex, Ever smoking (past/current), Ever alcohol (past/current), Body mass index, kg/m2",0.7469391163007502
ast,vitd,beta,0.082895657775455,-0.206504992985075,0.372296308535985,0.575575532749591,24836,"Age, years, Male sex, Ever smoking (past/current), Ever alcohol (past/current), Body mass index, kg/m2",0.6283048585975115
creatinine,vitd,beta,1.00214528419333,0.476721065593219,1.52756950279345,0.0003045703816738,24836,"Age, years, Male sex, Ever smoking (past/current), Ever alcohol (past/current), Body mass index, kg/m2",0.0005718464308977469
egfr,vitd,beta,-1.94684288697239,-2.26329167801743,-1.63039409592735,2.08260566660594e-21,24836,"Age, years, Male sex, Ever smoking (past/current), Ever alcohol (past/current), Body mass index, kg/m2",1.2813045127672004e-20
hemoglobin,vitd,beta,0.82874382943539,0.603551348227297,1.05393631064348,5.682637071636629e-11,24836,"Age, years, Male sex, Ever smoking (past/current), Ever alcohol (past/current), Body mass index, kg/m2",1.8232370036816306e-10
platelet,vitd,beta,-0.41911219237285,-0.634414433303113,-0.203809951442587,0.00021798307021,24836,"Age, years, Male sex, Ever smoking (past/current), Ever alcohol (past/current), Body mass index, kg/m2",0.00041518585736675977
wbc,vitd,beta,-0.108180615285279,-0.358596483258132,0.142235252687574,0.398860982418174,24836,"Age, years, Male sex, Ever smoking (past/current), Ever alcohol (past/current), Body mass index, kg/m2",0.45643449419910226
fib4,vitd,beta,-0.0420251406490902,-0.387468677852968,0.303418396554787,0.811949579140095,24836,"Age, years, Male sex, Ever smoking (past/current), Ever alcohol (past/current), Body mass index, kg/m2",0.8377862637136714
fn_bmd,vitd,beta,-0.0945389242131649,-0.417146921045012,0.228069072618682,0.567532964148666,24836,"Age, years, Male sex, Ever smoking (past/current), Ever alcohol (past/current), Body mass index, kg/m2",0.6214116817525942
ls_bmd,vitd,beta,0.268836994736043,-0.0291913628092752,0.566865352281362,0.0813533876336369,24836,"Age, years, Male sex, Ever smoking (past/current), Ever alcohol (past/current), Body mass index, kg/m2",0.10760080290159398
insulin,vitd,beta,-0.930400856488135,-1.30317093331873,-0.557630779657536,3.18928744365825e-06,24836,"Age, years, Male sex, Ever smoking (past/current), Ever alcohol (past/current), Body mass index, kg/m2",7.1727237789153136e-06
ggt,vitd,beta,-0.466257711738681,-0.647370590309103,-0.28514483316826,1.65553323208062e-06,24836,"Age, years, Male sex, Ever smoking (past/current), Ever alcohol (past/current), Body mass index, kg/m2",3.8077264337854266e-06
uric,vitd,beta,0.0849281947799165,-0.173237325086507,0.34309371464634,0.52032308999404,24836,"Age, years, Male sex, Ever smoking (past/current), Ever alcohol (past/current), Body mass index, kg/m2",0.5776540314628198
cap,vitd,beta,-1.11229085887356,-1.87744064495788,-0.347141072789244,0.0191130809778045,24836,"Age, years, Male sex, Ever smoking (past/current), Ever alcohol (past/current), Body mass index, kg/m2",0.028108307936131824
lsm,vitd,beta,-0.40519675476766,-0.97344384100469,0.163050331469371,0.195723334370263,24836,"Age, years, Male sex, Ever smoking (past/current), Ever alcohol (past/current), Body mass index, kg/m2",0.24008729016085595
dm,vitd,beta,-1.54408217365482,-2.1700552201253,-0.918109127184333,4.05845718481848e-06,24836,"Age, years, Male sex, Ever smoking (past/current), Ever alcohol (past/current), Body mass index, kg/m2",9.081027501777096e-06
prediabetes,vitd,beta,-0.623096200221804,-1.12759536069867,-0.118597039744938,0.017012315144577,24836,"Age, years, Male sex, Ever smoking (past/current), Ever alcohol (past/current), Body mass index, kg/m2",0.025215705774427357
htn,vitd,beta,-0.429897068497713,-0.909451138386325,0.0496570013908991,0.0815038066655868,24836,"Age, years, Male sex, Ever smoking (past/current), Ever alcohol (past/current), Body mass index, kg/m2",0.10772771773105962
mets,vitd,beta,-1.38227836177685,-2.00605811515822,-0.758498608395479,2.98563719339014e-05,24836,"Age, years, Male sex, Ever smoking (past/current), Ever alcohol (past/current), Body mass index, kg/m2",6.193592415863342e-05
dyslipidemia,vitd,beta,-0.0739012419732598,-0.485524138277887,0.337721654331367,0.725547564653536,24836,"Age, years, Male sex, Ever smoking (past/current), Ever alcohol (past/current), Body mass index, kg/m2",0.7623548913066105
low_hdl,vitd,beta,-1.79092609633605,-2.21669409553548,-1.36515809713662,2.63866481894188e-13,24836,"Age, years, Male sex, Ever smoking (past/current), Ever alcohol (past/current), Body mass index, kg/m2",9.866311931695725e-13
high_tg,vitd,beta,-0.051832850517356,-0.68156249669168,0.577896795656968,0.87211175999547,24836,"Age, years, Male sex, Ever smoking (past/current), Ever alcohol (past/current), Body mass index, kg/m2",0.8919529789405582
high_ldl,vitd,beta,0.179541326770221,-0.743435356827768,1.10251801036821,0.703690397422738,24836,"Age, years, Male sex, Ever smoking (past/current), Ever alcohol (past/current), Body mass index, kg/m2",0.7429408092352152
high_nonhdl,vitd,beta,-0.260290351036462,-0.811131190239802,0.290550488166877,0.356250984625966,24836,"Age, years, Male sex, Ever smoking (past/current), Ever alcohol (past/current), Body mass index, kg/m2",0.4120164681470936
atherogenic_dyslipidemia,vitd,beta,-0.885804599631037,-1.70060145782989,-0.0710077414321797,0.0351803824422664,24836,"Age, years, Male sex, Ever smoking (past/current), Ever alcohol (past/current), Body mass index, kg/m2",0.04972261269796566
insulin_resistance,vitd,beta,-1.94421218715841,-2.52932881138302,-1.35909556293381,1.8882226329374e-09,24836,"Age, years, Male sex, Ever smoking (past/current), Ever alcohol (past/current), Body mass index, kg/m2",5.488470783174397e-09
ckd,vitd,beta,-0.160149398412461,-0.749702133086224,0.429403336261302,0.595432578170589,24836,"Age, years, Male sex, Ever smoking (past/current), Ever alcohol (past/current), Body mass index, kg/m2",0.6464136331621434
high_alt,vitd,beta,-0.338130289827004,-1.01305192986756,0.336791350213556,0.328136383609799,24836,"Age, years, Male sex, Ever smoking (past/current), Ever alcohol (past/current), Body mass index, kg/m2",0.38337493607807593
high_ast,vitd,beta,-0.331825604050673,-1.38682380008797,0.723172591986623,0.538769719386548,24836,"Age, years, Male sex, Ever smoking (past/current), Ever alcohol (past/current), Body mass index, kg/m2",0.595023174174535
adv_fibrosis,vitd,beta,-0.10396085199902,-1.66274283352548,1.45482112952744,0.896219766313341,24836,"Age, years, Male sex, Ever smoking (past/current), Ever alcohol (past/current), Body mass index, kg/m2",0.9130686055976248
steatosis,vitd,beta,-1.63450352674897,-3.49715466963412,0.228147616136182,0.119558917521076,24836,"Age, years, Male sex, Ever smoking (past/current), Ever alcohol (past/current), Body mass index, kg/m2",0.15326476918774357
masld,vitd,beta,-1.75003460275624,-3.36866639467265,-0.131402810839823,0.0631282239425938,24836,"Age, years, Male sex, Ever smoking (past/current), Ever alcohol (past/current), Body mass index, kg/m2",0.0852047949221771
anemia,vitd,beta,-3.08311295787524,-3.78787242241406,-2.37835349333641,4.5464655786130504e-14,24836,"Age, years, Male sex, Ever smoking (past/current), Ever alcohol (past/current), Body mass index, kg/m2",1.782538932506762e-13
leukocytosis,vitd,beta,0.572535515740648,-0.252677940992311,1.39774897247361,0.176468806450745,24836,"Age, years, Male sex, Ever smoking (past/current), Ever alcohol (past/current), Body mass index, kg/m2",0.21829599697284155
osteoporosis,vitd,beta,-2.27713996082288,-3.61372452133475,-0.940555400311013,0.0013409483431102,24836,"Age, years, Male sex, Ever smoking (past/current), Ever alcohol (past/current), Body mass index, kg/m2",0.0023338282645595913
current_smoking,vitd,beta,-2.21036832092656,-2.7617316501803,-1.65900499167281,1.95058908104802e-12,24836,"Age, years, Male sex, Ever alcohol (past/current), Body mass index, kg/m2",6.768886319847338e-12
age,fat_kg,beta,1.62080994288704,1.24854011831575,1.99307976745834,1.04538377690275e-12,8785,unadjusted,3.709002889172448e-12
men,fat_kg,beta,-5.81189619169124,-6.35372905117477,-5.2700633322077,2.09005527097305e-33,8785,unadjusted,2.73783399071834e-32
sbp,fat_kg,beta,2.36650829479267,2.0019104978925,2.73110609169285,4.28197466691075e-20,8785,"Age, years, Male sex, Ever smoking (past/current), Ever alcohol (past/current)",2.3993614422519725e-19
dbp,fat_kg,beta,1.97717509784712,1.6293531870346,2.32499700865964,2.51114717118526e-17,8785,"Age, years, Male sex, Ever smoking (past/current), Ever alcohol (past/current)",1.229467600149615e-16
glucose,fat_kg,beta,2.79025342995582,2.03466417266094,3.5458426872507,4.0161780956253103e-10,8785,"Age, years, Male sex, Ever smoking (past/current), Ever alcohol (past/current)",1.2306739385200407e-09
hba1c,fat_kg,beta,2.68311948732031,2.22135079580003,3.14488817884059,9.09767477739759e-18,8785,"Age, years, Male sex, Ever smoking (past/current), Ever alcohol (past/current)",4.57893147829324e-17
homa_ir,fat_kg,beta,6.81971035005411,6.32166669501142,7.31775400509681,3.13292774063516e-39,8785,"Age, years, Male sex, Ever smoking (past/current), Ever alcohol (past/current)",5.296522282885766e-38
tg,fat_kg,beta,2.01469755799983,1.24692091251609,2.78247420348356,2.24000958714032e-06,8785,"Age, years, Male sex, Ever smoking (past/current), Ever alcohol (past/current)",5.0986639394287144e-06
tchol,fat_kg,beta,0.441120927519715,0.0899508650258214,0.792290990013609,0.0162097420806051,8785,"Age, years, Male sex, Ever smoking (past/current), Ever alcohol (past/current)",0.02416192150372034
hdl,fat_kg,beta,-3.80809249512807,-4.12560791531229,-3.49057707494385,1.660834212582e-35,8785,"Age, years, Male sex, Ever smoking (past/current), Ever alcohol (past/current)",2.354931951603725e-34
ldl,fat_kg,beta,0.87078259706072,0.376437565342364,1.36512762877908,0.0009336271938869,8785,"Age, years, Male sex, Ever smoking (past/current), Ever alcohol (past/current)",0.001657733024693257
nonhdl,fat_kg,beta,1.8173233445098,1.45295419266201,2.1816924963576,7.636170528674811e-15,8785,"Age, years, Male sex, Ever smoking (past/current), Ever alcohol (past/current)",3.1110906911882136e-14
alt,fat_kg,beta,1.68849480488134,1.10741583974717,2.26957377001551,2.5042958709242e-07,8785,"Age, years, Male sex, Ever smoking (past/current), Ever alcohol (past/current)",6.195743880785576e-07
ast,fat_kg,beta,0.0931339044635708,-0.26381738865465,0.450085197581792,0.610640561251778,8785,"Age, years, Male sex, Ever smoking (past/current), Ever alcohol (past/current)",0.6596652267373112
creatinine,fat_kg,beta,0.0349588808203472,-0.327650415058196,0.397568176698891,0.850793757622186,8785,"Age, years, Male sex, Ever smoking (past/current), Ever alcohol (past/current)",0.8728579110874917
egfr,fat_kg,beta,0.276328096528366,-0.111331133191754,0.663987326248487,0.167795514818983,8785,"Age, years, Male sex, Ever smoking (past/current), Ever alcohol (past/current)",0.2082833563300586
hemoglobin,fat_kg,beta,0.349990800890486,-0.122888576801334,0.822870178582307,0.151220446174379,8785,"Age, years, Male sex, Ever smoking (past/current), Ever alcohol (past/current)",0.18943257918487755
platelet,fat_kg,beta,1.90532604988062,1.5239810107227,2.28667108903854,7.100814995781991e-15,8785,"Age, years, Male sex, Ever smoking (past/current), Ever alcohol (past/current)",2.901944640838177e-14
wbc,fat_kg,beta,2.66349709642791,2.17104725546833,3.1559469373875,2.3647638196172398e-16,8785,"Age, years, Male sex, Ever smoking (past/current), Ever alcohol (past/current)",1.071592860298488e-15
fib4,fat_kg,beta,-1.16989746578364,-1.86842170630495,-0.47137322526234,0.001588497933255,8785,"Age, years, Male sex, Ever smoking (past/current), Ever alcohol (past/current)",0.0027381689864735426
vitd,fat_kg,beta,-2.21830229154889,-2.48581530637637,-1.95078927672142,8.529543403160629e-26,8785,"Age, years, Male sex, Ever smoking (past/current), Ever alcohol (past/current)",6.7620989384576045e-25
fn_bmd,fat_kg,beta,4.02152094925291,3.47200192312386,4.57103997538196,2.3244684472749302e-17,8785,"Age, years, Male sex, Ever smoking (past/current), Ever alcohol (past/current)",1.1408929500520626e-16
ls_bmd,fat_kg,beta,3.05014492194298,2.52257946783745,3.57771037604851,4.65299632329662e-14,8785,"Age, years, Male sex, Ever smoking (past/current), Ever alcohol (past/current)",1.8186072891394836e-13
insulin,fat_kg,beta,6.72021797709928,6.2038166174741,7.23661933672446,8.66716567381132e-38,8785,"Age, years, Male sex, Ever smoking (past/current), Ever alcohol (past/current)",1.3606074367300629e-36
ggt,fat_kg,beta,0.814375794568179,0.181311884085117,1.44743970505124,0.0139047436623863,8785,"Age, years, Male sex, Ever smoking (past/current), Ever alcohol (past/current)",0.020931189470471918
uric,fat_kg,beta,4.45982049006708,4.18794997538189,4.73169100475228,1.89695647789398e-44,8785,"Age, years, Male sex, Ever smoking (past/current), Ever alcohol (past/current)",4.239751314434229e-43
cap,fat_kg,beta,6.51362915579312,5.57869328585737,7.44856502572888,8.59228216976414e-08,8785,"Age, years, Male sex, Ever smoking (past/current), Ever alcohol (past/current)",2.20292082071205e-07
lsm,fat_kg,beta,2.30540606132262,0.124582684724651,4.48622943792059,0.0650687008190858,8785,"Age, years, Male sex, Ever smoking (past/current), Ever alcohol (past/current)",0.08764446048358987
dm,fat_kg,beta,8.41834926918091,7.04437938789847,9.79231915046335,7.32608893361705e-19,8785,"Age, years, Male sex, Ever smoking (past/current), Ever alcohol (past/current)",3.884987643617835e-18
prediabetes,fat_kg,beta,2.8629968834465,2.19674934112243,3.52924442577058,2.4929592091053698e-12,8785,"Age, years, Male sex, Ever smoking (past/current), Ever alcohol (past/current)",8.597521136179794e-12
htn,fat_kg,beta,5.15441042132124,4.4109832590762,5.89783758356628,1.4707580628439002e-21,8785,"Age, years, Male sex, Ever smoking (past/current), Ever alcohol (past/current)",9.119622095000736e-21
mets,fat_kg,beta,10.9866730739694,9.94985513686887,12.0234910110699,3.98710624206834e-32,8785,"Age, years, Male sex, Ever smoking (past/current), Ever alcohol (past/current)",4.808839113909254e-31
dyslipidemia,fat_kg,beta,5.57060877863882,4.75778206465785,6.3834354926198,2.6849392433309e-21,8785,"Age, years, Male sex, Ever smoking (past/current), Ever alcohol (past/current)",1.6416722792298365e-20
low_hdl,fat_kg,beta,5.93835498008189,5.16573318845795,6.71097677170582,5.92540415322726e-24,8785,"Age, years, Male sex, Ever smoking (past/current), Ever alcohol (past/current)",4.246539643146203e-23
high_tg,fat_kg,beta,5.20928084404187,4.09806194119881,6.32049974688493,9.32847273845307e-14,8785,"Age, years, Male sex, Ever smoking (past/current), Ever alcohol (past/current)",3.572452870602163e-13
high_ldl,fat_kg,beta,1.53410277807397,-0.124906491124212,3.19311204727215,0.0740885254462832,8785,"Age, years, Male sex, Ever smoking (past/current), Ever alcohol (past/current)",0.09891805827387658
high_nonhdl,fat_kg,beta,2.14606025031988,1.18431741736217,3.10780308327759,4.04886391542772e-05,8785,"Age, years, Male sex, Ever smoking (past/current), Ever alcohol (past/current)",8.315090271797459e-05
atherogenic_dyslipidemia,fat_kg,beta,5.48079578109896,3.91345841784743,7.04813314435048,2.05320060530983e-09,8785,"Age, years, Male sex, Ever smoking (past/current), Ever alcohol (past/current)",5.937471925881351e-09
insulin_resistance,fat_kg,beta,11.5032014159108,10.448251236916,12.5581515949055,6.75095520752404e-33,8785,"Age, years, Male sex, Ever smoking (past/current), Ever alcohol (past/current)",8.505343567186339e-32
ckd,fat_kg,beta,1.93226584955281,0.742348198228072,3.12218350087755,0.0021544443499721,8785,"Age, years, Male sex, Ever smoking (past/current), Ever alcohol (past/current)",0.0036438571391576007
high_alt,fat_kg,beta,4.79472554340115,3.61742822846751,5.97202285833478,1.6538020805827597e-11,8785,"Age, years, Male sex, Ever smoking (past/current), Ever alcohol (past/current)",5.429411643805309e-11
high_ast,fat_kg,beta,1.9467541791866,0.423542382243606,3.4699659761296,0.0145090014327347,8785,"Age, years, Male sex, Ever smoking (past/current), Ever alcohol (past/current)",0.021766253192225436
adv_fibrosis,fat_kg,beta,-4.06564485654784,-6.90714063372372,-1.22414907937196,0.0064761628515745,8785,"Age, years, Male sex, Ever smoking (past/current), Ever alcohol (past/current)",0.010276654729574296
steatosis,fat_kg,beta,11.306700931348,9.61411597662866,12.9992858860673,1.28172287768344e-07,8785,"Age, years, Male sex, Ever smoking (past/current), Ever alcohol (past/current)",3.2337345051758217e-07
masld,fat_kg,beta,11.394737056014,9.8004753717949,12.9889987402331,6.73183711783415e-08,8785,"Age, years, Male sex, Ever smoking (past/current), Ever alcohol (past/current)",1.749746888183436e-07
anemia,fat_kg,beta,1.46837729487704,-0.0043043229552117,2.94105891270928,0.0545532651875153,8785,"Age, years, Male sex, Ever smoking (past/current), Ever alcohol (past/current)",0.07462403771846837
leukocytosis,fat_kg,beta,6.72006992697826,5.28499585532187,8.15514399863465,9.741194143451491e-14,8785,"Age, years, Male sex, Ever smoking (past/current), Ever alcohol (past/current)",3.72690174385823e-13
vitd_deficiency,fat_kg,beta,3.76988914380008,3.08348476937974,4.45629351822042,1.19503457424896e-16,8785,"Age, years, Male sex, Ever smoking (past/current), Ever alcohol (past/current)",5.535780767832419e-16
osteoporosis,fat_kg,beta,-7.77528615535677,-10.2301452555002,-5.32042705521332,2.41102939545148e-07,8785,"Age, years, Male sex, Ever smoking (past/current), Ever alcohol (past/current)",5.972468558801537e-07
smoking,fat_kg,beta,-0.502903000027062,-1.24938079686863,0.243574796814505,0.190752885342056,8785,"Age, years, Male sex",0.23471801381436191
alcohol,fat_kg,beta,-1.62157484528709,-2.53667625602225,-0.706473434551927,0.0008630022775709,8785,"Age, years, Male sex",0.0015392412128361049
current_smoking,fat_kg,beta,-1.77657418105689,-2.58269520363499,-0.970453158478795,4.85386084529337e-05,8785,"Age, years, Male sex, Ever alcohol (past/current)",9.842067403372923e-05
age,lean_kg,beta,-0.199942291720271,-0.531364759561308,0.131480176120765,0.240717680460251,8785,unadjusted,0.29041754922255353
men,lean_kg,beta,17.8659468935326,17.4596201531437,18.2722736339214,1.49364541642141e-77,8785,unadjusted,4.220615190973641e-75
sbp,lean_kg,beta,1.94638595867206,1.64885244085163,2.24391947649249,2.88971003346802e-20,8785,"Age, years, Male sex, Ever smoking (past/current), Ever alcohol (past/current)",1.6377783513466315e-19
dbp,lean_kg,beta,1.55430918957776,1.25474594661468,1.85387243254084,1.4438201883916501e-15,8785,"Age, years, Male sex, Ever smoking (past/current), Ever alcohol (past/current)",6.208426810084095e-15
glucose,lean_kg,beta,2.26315162514859,1.61911928528314,2.90718396501404,1.7809169245211e-09,8785,"Age, years, Male sex, Ever smoking (past/current), Ever alcohol (past/current)",5.191825610468292e-09
hba1c,lean_kg,beta,2.26220868270945,1.85877634588004,2.66564101953886,4.68459920455085e-17,8785,"Age, years, Male sex, Ever smoking (past/current), Ever alcohol (past/current)",2.2490624336411604e-16
homa_ir,lean_kg,beta,4.70671332824911,4.23415311709131,5.17927353940691,1.7758060058437798e-30,8785,"Age, years, Male sex, Ever smoking (past/current), Ever alcohol (past/current)",1.8834017584766734e-29
tg,lean_kg,beta,1.53485187341827,0.980282229663268,2.08942151717328,7.40790322861859e-07,8785,"Age, years, Male sex, Ever smoking (past/current), Ever alcohol (past/current)",1.76327708618623e-06
tchol,lean_kg,beta,-0.0539959433859102,-0.33509626810309,0.227104381331269,0.707658317667578,8785,"Age, years, Male sex, Ever smoking (past/current), Ever alcohol (past/current)",0.7459355994385661
hdl,lean_kg,beta,-2.73155415086383,-2.99918936499969,-2.46391893672797,4.00911403453424e-31,8785,"Age, years, Male sex, Ever smoking (past/current), Ever alcohol (past/current)",4.417842651982578e-30
ldl,lean_kg,beta,0.0902554923686724,-0.283668161031058,0.464179145768403,0.637577791309035,8785,"Age, years, Male sex, Ever smoking (past/current), Ever alcohol (past/current)",0.6836624805427828
nonhdl,lean_kg,beta,0.946043455326249,0.68278141501658,1.20930549563592,9.19530298624542e-10,8785,"Age, years, Male sex, Ever smoking (past/current), Ever alcohol (past/current)",2.724840345587032e-09
alt,lean_kg,beta,1.41979913221103,0.985508095318591,1.85409016910346,1.33966724198698e-08,8785,"Age, years, Male sex, Ever smoking (past/current), Ever alcohol (past/current)",3.66003011692023e-08
ast,lean_kg,beta,0.336837107821241,0.0683749531040401,0.605299262538441,0.0163287610467495,8785,"Age, years, Male sex, Ever smoking (past/current), Ever alcohol (past/current)",0.024321001016920567
creatinine,lean_kg,beta,1.18767021881851,0.622659028537624,1.75268140909939,0.0001239908985683,8785,"Age, years, Male sex, Ever smoking (past/current), Ever alcohol (past/current)",0.00024246564247958218
egfr,lean_kg,beta,-1.48872983698348,-1.85400296259382,-1.12345671137314,7.18709222535264e-11,8785,"Age, years, Male sex, Ever smoking (past/current), Ever alcohol (past/current)",2.3003346960756505e-10
hemoglobin,lean_kg,beta,0.165650058927306,-0.2733184523273,0.604618570181912,0.46192953561217,8785,"Age, years, Male sex, Ever smoking (past/current), Ever alcohol (past/current)",0.5201650410020944
platelet,lean_kg,beta,0.538854702158221,0.239353360689519,0.838356043626924,0.0007373262387302,8785,"Age, years, Male sex, Ever smoking (past/current), Ever alcohol (past/current)",0.00132644956817493
wbc,lean_kg,beta,1.46846676326704,1.1309126170623,1.80602090947178,1.59349709487135e-12,8785,"Age, years, Male sex, Ever smoking (past/current), Ever alcohol (past/current)",5.573717513095544e-12
fib4,lean_kg,beta,-0.346042734836332,-0.662728440555457,-0.0293570291172083,0.0356022293499918,8785,"Age, years, Male sex, Ever smoking (past/current), Ever alcohol (past/current)",0.05028401945436374
vitd,lean_kg,beta,-0.876146919808248,-1.101787732757,-0.650506106859496,8.161465782608859e-11,8785,"Age, years, Male sex, Ever smoking (past/current), Ever alcohol (past/current)",2.605872367715952e-10
fn_bmd,lean_kg,beta,4.69300005436818,4.20738774032597,5.17861236841039,1.40098452509197e-21,8785,"Age, years, Male sex, Ever smoking (past/current), Ever alcohol (past/current)",8.700619750806646e-21
ls_bmd,lean_kg,beta,3.60515058033212,3.22347041277746,3.98683074788678,3.1928573180468503e-21,8785,"Age, years, Male sex, Ever smoking (past/current), Ever alcohol (past/current)",1.9432220846451292e-20
insulin,lean_kg,beta,4.57530093200819,4.10394494214178,5.04665692187459,8.433290075003019e-30,8785,"Age, years, Male sex, Ever smoking (past/current), Ever alcohol (past/current)",8.620696521114197e-29
ggt,lean_kg,beta,0.447241631144623,0.145683090888754,0.748800171400493,0.0048488007105459,8785,"Age, years, Male sex, Ever smoking (past/current), Ever alcohol (past/current)",0.007838927507527413
uric,lean_kg,beta,3.06829597620493,2.795605933453,3.34098601895686,9.453944352087089e-34,8785,"Age, years, Male sex, Ever smoking (past/current), Ever alcohol (past/current)",1.2635068870559634e-32
cap,lean_kg,beta,4.22381695630204,3.47026203405821,4.97737187854586,6.66989331810146e-07,8785,"Age, years, Male sex, Ever smoking (past/current), Ever alcohol (past/current)",1.590482095624435e-06
lsm,lean_kg,beta,1.54584996940505,0.41702386363566,2.67467607517443,0.0229313319389814,8785,"Age, years, Male sex, Ever smoking (past/current), Ever alcohol (past/current)",0.03336669180395578
dm,lean_kg,beta,6.87892323035728,5.6454581725187,8.11238828819586,5.999891011054641e-17,8785,"Age, years, Male sex, Ever smoking (past/current), Ever alcohol (past/current)",2.8597070891243564e-16
prediabetes,lean_kg,beta,1.53385331390529,0.93517425022279,2.13253237758779,3.58624145178756e-06,8785,"Age, years, Male sex, Ever smoking (past/current), Ever alcohol (past/current)",8.038057327632628e-06
htn,lean_kg,beta,4.44534081457938,3.78702698147078,5.10365464768799,5.75922026698469e-21,8785,"Age, years, Male sex, Ever smoking (past/current), Ever alcohol (past/current)",3.4364216253682407e-20
mets,lean_kg,beta,8.66574955450823,7.68310858154045,9.64839052747601,2.47467673913805e-27,8785,"Age, years, Male sex, Ever smoking (past/current), Ever alcohol (past/current)",2.1516090505560716e-26
dyslipidemia,lean_kg,beta,3.72279607551644,3.07902040500455,4.36657174602833,1.13715672951299e-17,8785,"Age, years, Male sex, Ever smoking (past/current), Ever alcohol (past/current)",5.680040431759329e-17
low_hdl,lean_kg,beta,4.73387920694759,4.11751824022505,5.35024017367012,6.16771244723128e-24,8785,"Age, years, Male sex, Ever smoking (past/current), Ever alcohol (past/current)",4.412200803118796e-23
high_tg,lean_kg,beta,3.45701797027532,2.55721449574451,4.35682144480614,1.1511810631919e-10,8785,"Age, years, Male sex, Ever smoking (past/current), Ever alcohol (past/current)",3.649096383002529e-10
high_ldl,lean_kg,beta,0.301003557692466,-1.09598545507631,1.69799257046124,0.674054854255686,8785,"Age, years, Male sex, Ever smoking (past/current), Ever alcohol (past/current)",0.7168174740417995
high_nonhdl,lean_kg,beta,0.870583715681867,0.0105018182813995,1.73066561308233,0.0510763218472812,8785,"Age, years, Male sex, Ever smoking (past/current), Ever alcohol (past/current)",0.07030547293940308
atherogenic_dyslipidemia,lean_kg,beta,5.02178404123645,3.77849308646325,6.26507499600965,2.1937850440517798e-11,8785,"Age, years, Male sex, Ever smoking (past/current), Ever alcohol (past/current)",7.154669113164748e-11
insulin_resistance,lean_kg,beta,7.79759838667956,6.96323430648197,8.63196246687716,8.15102808282093e-29,8785,"Age, years, Male sex, Ever smoking (past/current), Ever alcohol (past/current)",7.769992071238457e-28
ckd,lean_kg,beta,2.15720415383202,1.17723522022658,3.13717308743745,5.00946397417067e-05,8785,"Age, years, Male sex, Ever smoking (past/current), Ever alcohol (past/current)",0.00010152376783718836
high_alt,lean_kg,beta,3.71096454622788,2.75330332703226,4.6686257654235,8.72140411785057e-11,8785,"Age, years, Male sex, Ever smoking (past/current), Ever alcohol (past/current)",2.7824092492110367e-10
high_ast,lean_kg,beta,2.16571586192582,0.829269273783373,3.50216245006828,0.0021977610014373,8785,"Age, years, Male sex, Ever smoking (past/current), Ever alcohol (past/current)",0.0037076087512520075
adv_fibrosis,lean_kg,beta,-1.61228721565487,-3.49578147819924,0.271207046889501,0.0977268209149046,8785,"Age, years, Male sex, Ever smoking (past/current), Ever alcohol (past/current)",0.12717345511163244
steatosis,lean_kg,beta,7.38872719587867,6.35937910389982,8.41807528785752,6.4614784400407e-08,8785,"Age, years, Male sex, Ever smoking (past/current), Ever alcohol (past/current)",1.6816847834737506e-07
masld,lean_kg,beta,7.31304153031073,6.26413714340963,8.36194591721183,8.53196269434069e-08,8785,"Age, years, Male sex, Ever smoking (past/current), Ever alcohol (past/current)",2.1888744759281305e-07
anemia,lean_kg,beta,1.48687800071661,0.44974456539788,2.52401143603533,0.0063765859120363,8785,"Age, years, Male sex, Ever smoking (past/current), Ever alcohol (past/current)",0.010137403949635351
leukocytosis,lean_kg,beta,4.14086996219516,2.87741467614803,5.40432524824228,1.25290840085799e-08,8785,"Age, years, Male sex, Ever smoking (past/current), Ever alcohol (past/current)",3.435342361223935e-08
vitd_deficiency,lean_kg,beta,1.39113551880945,0.749216261808184,2.03305477581071,6.36517771857342e-05,8785,"Age, years, Male sex, Ever smoking (past/current), Ever alcohol (past/current)",0.0001274324041228565
osteoporosis,lean_kg,beta,-7.55311776595729,-9.08747392404997,-6.0187616078646,5.36583499307876e-12,8785,"Age, years, Male sex, Ever smoking (past/current), Ever alcohol (past/current)",1.8189582889991065e-11
smoking,lean_kg,beta,-0.29973784678186,-0.889631461822275,0.290155768258555,0.322535074411227,8785,"Age, years, Male sex",0.3776113508052128
alcohol,lean_kg,beta,0.176119324450858,-0.505753819481286,0.857992468383003,0.614190634595263,8785,"Age, years, Male sex",0.6625956232503029
current_smoking,lean_kg,beta,-1.33914361552228,-1.9962090246061,-0.682078206438461,0.0001530182479757,8785,"Age, years, Male sex, Ever alcohol (past/current)",0.00029660300607581085
age,asmm_kg,beta,-0.436220275931014,-0.592320629368828,-0.280119922493201,5.37544075189091e-07,8831,unadjusted,1.2958710307422572e-06
men,asmm_kg,beta,9.37418626030786,9.19152018553284,9.55685233508289,1.3082301374950499e-82,8831,unadjusted,5.7503982488115746e-80
sbp,asmm_kg,beta,0.931462299771029,0.784101446416525,1.07882315312553,1.59957804410063e-19,8831,"Age, years, Male sex, Ever smoking (past/current), Ever alcohol (past/current)",8.7041688341982e-19
dbp,asmm_kg,beta,0.745578329411009,0.60064070531386,0.890515953508157,2.0847056942917803e-15,8831,"Age, years, Male sex, Ever smoking (past/current), Ever alcohol (past/current)",8.820423237024901e-15
glucose,asmm_kg,beta,0.813016026016571,0.515171518819475,1.11086053321367,9.94832385087461e-07,8831,"Age, years, Male sex, Ever smoking (past/current), Ever alcohol (past/current)",2.3453855276555397e-06
hba1c,asmm_kg,beta,0.920879432128591,0.740186489690001,1.10157237456718,3.0954266453851003e-15,8831,"Age, years, Male sex, Ever smoking (past/current), Ever alcohol (past/current)",1.2930842459496787e-14
homa_ir,asmm_kg,beta,1.99148041844759,1.78423037168084,2.19873046521434,1.54829935381849e-29,8831,"Age, years, Male sex, Ever smoking (past/current), Ever alcohol (past/current)",1.5705313445399864e-28
tg,asmm_kg,beta,0.506728271727103,0.285563922697856,0.727892620756349,2.64321931603088e-05,8831,"Age, years, Male sex, Ever smoking (past/current), Ever alcohol (past/current)",5.515071526486372e-05
tchol,asmm_kg,beta,-0.0637226759847443,-0.194334155854592,0.0668888038851039,0.342148762366324,8831,"Age, years, Male sex, Ever smoking (past/current), Ever alcohol (past/current)",0.3981001482121111
hdl,asmm_kg,beta,-1.10479038269571,-1.2375882948551,-0.971992470536334,7.089942180737e-26,8831,"Age, years, Male sex, Ever smoking (past/current), Ever alcohol (past/current)",5.689211210343929e-25
ldl,asmm_kg,beta,0.0461598572996811,-0.132989476385252,0.225309190984614,0.615089781227091,8831,"Age, years, Male sex, Ever smoking (past/current), Ever alcohol (past/current)",0.6632039178343887
nonhdl,asmm_kg,beta,0.3430109630015,0.218993737486965,0.467028188516034,7.51309038503189e-07,8831,"Age, years, Male sex, Ever smoking (past/current), Ever alcohol (past/current)",1.7861649977876296e-06
alt,asmm_kg,beta,0.565615674584571,0.378151190940591,0.753080158228552,1.03150112019682e-07,8831,"Age, years, Male sex, Ever smoking (past/current), Ever alcohol (past/current)",2.627571430456291e-07
ast,asmm_kg,beta,0.127763348188776,-0.0020824139534927,0.257609110331045,0.0577276083016572,8831,"Age, years, Male sex, Ever smoking (past/current), Ever alcohol (past/current)",0.07858582878229727
creatinine,asmm_kg,beta,0.717097680443539,0.347990327333763,1.08620503355332,0.0003451352796918,8831,"Age, years, Male sex, Ever smoking (past/current), Ever alcohol (past/current)",0.0006440354558777174
egfr,asmm_kg,beta,-1.01448065123587,-1.20039891660389,-0.828562385867836,3.0253172881254102e-15,8831,"Age, years, Male sex, Ever smoking (past/current), Ever alcohol (past/current)",1.2651326841251715e-14
hemoglobin,asmm_kg,beta,-0.142419924763561,-0.359165773983797,0.0743259244566758,0.201911036674738,8831,"Age, years, Male sex, Ever smoking (past/current), Ever alcohol (past/current)",0.24698826873384772
platelet,asmm_kg,beta,0.164953566904403,0.0173817005302754,0.312525433278531,0.0316998019406109,8831,"Age, years, Male sex, Ever smoking (past/current), Ever alcohol (past/current)",0.04512573460851268
wbc,asmm_kg,beta,0.467135623106268,0.320804435186083,0.613466811026453,2.50883289268036e-08,8831,"Age, years, Male sex, Ever smoking (past/current), Ever alcohol (past/current)",6.7151169982703e-08
fib4,asmm_kg,beta,-0.181539601049435,-0.314603315213641,-0.0484758868852297,0.0092676685641591,8831,"Age, years, Male sex, Ever smoking (past/current), Ever alcohol (past/current)",0.014360711648967253
vitd,asmm_kg,beta,-0.386640928503169,-0.497045819346929,-0.276236037659408,1.96745726982108e-09,8831,"Age, years, Male sex, Ever smoking (past/current), Ever alcohol (past/current)",5.706203049422429e-09
fn_bmd,asmm_kg,beta,2.24245083881417,2.00134140573388,2.48356027189446,5.55895738512508e-21,8831,"Age, years, Male sex, Ever smoking (past/current), Ever alcohol (past/current)",3.326964510673951e-20
ls_bmd,asmm_kg,beta,1.62556140616774,1.44933031730978,1.80179249502569,7.47037969347261e-21,8831,"Age, years, Male sex, Ever smoking (past/current), Ever alcohol (past/current)",4.4108689652802455e-20
insulin,asmm_kg,beta,1.96356573672038,1.75479822150087,2.17233325193989,5.57084058309537e-29,8831,"Age, years, Male sex, Ever smoking (past/current), Ever alcohol (past/current)",5.388324045654103e-28
ggt,asmm_kg,beta,0.144915308506435,0.0098595283630975,0.279971088649773,0.0389537297759093,8831,"Age, years, Male sex, Ever smoking (past/current), Ever alcohol (past/current)",0.0546457287210983
uric,asmm_kg,beta,1.41369942077614,1.25916028791284,1.56823855363944,2.89224460883352e-28,8831,"Age, years, Male sex, Ever smoking (past/current), Ever alcohol (past/current)",2.642429485576306e-27
cap,asmm_kg,beta,1.87136494743303,1.36759946765803,2.37513042720804,2.66011537166008e-05,8831,"Age, years, Male sex, Ever smoking (past/current), Ever alcohol (past/current)",5.544476507000673e-05
lsm,asmm_kg,beta,1.28204234298942,0.701484993129158,1.86259969284968,0.0014936262521874,8831,"Age, years, Male sex, Ever smoking (past/current), Ever alcohol (past/current)",0.002583640338283058
dm,asmm_kg,beta,2.51302214644461,1.97246592307792,3.05357836981129,1.29312717370674e-13,8831,"Age, years, Male sex, Ever smoking (past/current), Ever alcohol (past/current)",4.91885682613833e-13
prediabetes,asmm_kg,beta,0.789140685710469,0.497680419493327,1.08060095192761,1.18044350478489e-06,8831,"Age, years, Male sex, Ever smoking (past/current), Ever alcohol (past/current)",2.759949470998241e-06
htn,asmm_kg,beta,1.90864391160016,1.54219652912395,2.27509129407637,1.2248969213142101e-15,8831,"Age, years, Male sex, Ever smoking (past/current), Ever alcohol (past/current)",5.307439453142404e-15
mets,asmm_kg,beta,3.68877147706618,3.1743622365738,4.20318071755857,2.50373389453244e-22,8831,"Age, years, Male sex, Ever smoking (past/current), Ever alcohol (past/current)",1.6425823029469872e-21
dyslipidemia,asmm_kg,beta,1.45308085849903,1.15350033270174,1.75266138429632,2.39548271735637e-14,8831,"Age, years, Male sex, Ever smoking (past/current), Ever alcohol (past/current)",9.524150381770654e-14
low_hdl,asmm_kg,beta,1.96184755962403,1.66027729353393,2.26341782571413,3.8225001830750305e-20,8831,"Age, years, Male sex, Ever smoking (past/current), Ever alcohol (past/current)",2.15103993232501e-19
high_tg,asmm_kg,beta,1.11943808832904,0.665156700026211,1.57371947663187,7.46520416593241e-06,8831,"Age, years, Male sex, Ever smoking (past/current), Ever alcohol (past/current)",1.636141145730117e-05
high_ldl,asmm_kg,beta,0.103629763356774,-0.571118449873482,0.778377976587031,0.764265002781524,8831,"Age, years, Male sex, Ever smoking (past/current), Ever alcohol (past/current)",0.7943857990025509
high_nonhdl,asmm_kg,beta,0.183771839254837,-0.224806819899924,0.592350498409599,0.380940146597845,8831,"Age, years, Male sex, Ever smoking (past/current), Ever alcohol (past/current)",0.43795385641995777
atherogenic_dyslipidemia,asmm_kg,beta,1.94709179663401,1.33889308457384,2.55529050869418,2.32999071476196e-08,8831,"Age, years, Male sex, Ever smoking (past/current), Ever alcohol (past/current)",6.261850045922767e-08
insulin_resistance,asmm_kg,beta,3.35445115583753,2.96986068966353,3.73904162201152,4.69501661764782e-27,8831,"Age, years, Male sex, Ever smoking (past/current), Ever alcohol (past/current)",4.0377142911771254e-26
ckd,asmm_kg,beta,0.651826645857507,0.219357542455294,1.08429574925972,0.0042334559151914,8831,"Age, years, Male sex, Ever smoking (past/current), Ever alcohol (past/current)",0.006894833923629963
high_alt,asmm_kg,beta,1.31789547601983,0.885187541145944,1.75060341089372,8.20721363827673e-08,8831,"Age, years, Male sex, Ever smoking (past/current), Ever alcohol (past/current)",2.1124097041654357e-07
high_ast,asmm_kg,beta,0.855576181245626,0.233680708437898,1.47747165405335,0.0087199277485166,8831,"Age, years, Male sex, Ever smoking (past/current), Ever alcohol (past/current)",0.013565094051565738
adv_fibrosis,asmm_kg,beta,-1.03780133213485,-1.91804498550824,-0.15755767876146,0.0237096952893514,8831,"Age, years, Male sex, Ever smoking (past/current), Ever alcohol (past/current)",0.03438253466446999
steatosis,asmm_kg,beta,3.20722884955736,2.60886385608209,3.80559384303264,1.00963920974004e-06,8831,"Age, years, Male sex, Ever smoking (past/current), Ever alcohol (past/current)",2.3788759462368067e-06
masld,asmm_kg,beta,3.26131957288,2.70903468120309,3.81360446455691,4.10080737943331e-07,8831,"Age, years, Male sex, Ever smoking (past/current), Ever alcohol (past/current)",9.977118076899248e-07
anemia,asmm_kg,beta,0.815261204480692,0.269853546472818,1.36066886248857,0.0045413525173176,8831,"Age, years, Male sex, Ever smoking (past/current), Ever alcohol (past/current)",0.00736596578864634
leukocytosis,asmm_kg,beta,1.50116501648869,0.894115216737709,2.10821481623968,6.99816643106331e-06,8831,"Age, years, Male sex, Ever smoking (past/current), Ever alcohol (past/current)",1.5354823295222658e-05
vitd_deficiency,asmm_kg,beta,0.679147186184533,0.391320221345889,0.966974151023177,1.61182910146772e-05,8831,"Age, years, Male sex, Ever smoking (past/current), Ever alcohol (past/current)",3.424487607629592e-05
osteoporosis,asmm_kg,beta,-3.33937279722422,-4.00795845101036,-2.67078714343808,3.55332072042024e-12,8831,"Age, years, Male sex, Ever smoking (past/current), Ever alcohol (past/current)",1.2170508025958848e-11
smoking,asmm_kg,beta,-0.47736324745853,-0.753700876729703,-0.201025618187358,0.0011387422249864,8831,"Age, years, Male sex",0.002002161885353866
alcohol,asmm_kg,beta,0.0161371743138585,-0.298801897492961,0.331076246120678,0.920275731781338,8831,"Age, years, Male sex",0.9320560150862707
current_smoking,asmm_kg,beta,-0.974577413578266,-1.28387026339097,-0.665284563765564,3.36721065721864e-08,8831,"Age, years, Male sex, Ever alcohol (past/current)",8.93406127428366e-08
age,asmi,beta,-0.094687038641418,-0.139100465177952,-0.0502736121048837,7.75869736913144e-05,8809,unadjusted,0.00015408336743114447
men,asmi,beta,1.96964603482871,1.90581467224362,2.0334773974138,4.93877172465773e-66,8809,unadjusted,5.0096874212169176e-64
sbp,asmi,beta,0.0345157984560768,0.0151062555243609,0.0539253413877927,0.0008464325938787,8809,"Age, years, Male sex, Ever smoking (past/current), Ever alcohol (past/current), Body mass index, kg/m2",0.001511050244306921
dbp,asmi,beta,0.0066013862081452,-0.0165921885262926,0.0297949609425832,0.57869627736873,8809,"Age, years, Male sex, Ever smoking (past/current), Ever alcohol (past/current), Body mass index, kg/m2",0.6306673480084561
glucose,asmi,beta,-0.053457083348751,-0.0896972167436362,-0.0172169499538658,0.0050896350884429,8809,"Age, years, Male sex, Ever smoking (past/current), Ever alcohol (past/current), Body mass index, kg/m2",0.008198125574055422
hba1c,asmi,beta,0.0091253981461466,-0.0156227195864794,0.0338735158787726,0.472230347431685,8809,"Age, years, Male sex, Ever smoking (past/current), Ever alcohol (past/current), Body mass index, kg/m2",0.5304211398182129
homa_ir,asmi,beta,-0.117419558934995,-0.152819002264005,-0.0820201156059849,9.51396461004393e-09,8809,"Age, years, Male sex, Ever smoking (past/current), Ever alcohol (past/current), Body mass index, kg/m2",2.639357924076703e-08
tg,asmi,beta,-0.0532889183576545,-0.0894700314279359,-0.017107805287373,0.0051535524399414,8809,"Age, years, Male sex, Ever smoking (past/current), Ever alcohol (past/current), Body mass index, kg/m2",0.008294326058750275
tchol,asmi,beta,-0.0282985767307727,-0.0510340688397035,-0.0055630846218418,0.0172042086349287,8809,"Age, years, Male sex, Ever smoking (past/current), Ever alcohol (past/current), Body mass index, kg/m2",0.025490580284561023
hdl,asmi,beta,0.0509996372321603,0.0263785762641331,0.0756206982001874,0.0001247173667066,8809,"Age, years, Male sex, Ever smoking (past/current), Ever alcohol (past/current), Body mass index, kg/m2",0.00024376576219926365
ldl,asmi,beta,-0.0312357138017722,-0.0604871436827433,-0.001984283920801,0.0399272164067585,8809,"Age, years, Male sex, Ever smoking (past/current), Ever alcohol (past/current), Body mass index, kg/m2",0.055872680617310454
nonhdl,asmi,beta,-0.0447808629031009,-0.069827373418852,-0.0197343523873498,0.0007969997946543,8809,"Age, years, Male sex, Ever smoking (past/current), Ever alcohol (past/current), Body mass index, kg/m2",0.0014273115380952516
alt,asmi,beta,-8.42542097748569e-05,-0.0215082366495065,0.0213397282299568,0.993871502372538,8809,"Age, years, Male sex, Ever smoking (past/current), Ever alcohol (past/current), Body mass index, kg/m2",0.9951292491485093
ast,asmi,beta,0.0199087137352185,-0.0038684928166667,0.0436859202871038,0.105196889831703,8809,"Age, years, Male sex, Ever smoking (past/current), Ever alcohol (past/current), Body mass index, kg/m2",0.13631146288051657
creatinine,asmi,beta,0.146908302406686,0.0526773444490729,0.2411392603643,0.0034362898835094,8809,"Age, years, Male sex, Ever smoking (past/current), Ever alcohol (past/current), Body mass index, kg/m2",0.005664151157984661
egfr,asmi,beta,-0.2321305634333,-0.27116128701428,-0.193099839852321,1.32459038606268e-16,8809,"Age, years, Male sex, Ever smoking (past/current), Ever alcohol (past/current), Body mass index, kg/m2",6.114445236013958e-16
hemoglobin,asmi,beta,-0.080466116930298,-0.112159689450595,-0.0487725444100009,4.36543031167018e-06,8809,"Age, years, Male sex, Ever smoking (past/current), Ever alcohol (past/current), Body mass index, kg/m2",9.718425612249428e-06
platelet,asmi,beta,-0.0847540384620067,-0.107762668678353,-0.0617454082456602,4.63408241108824e-10,8809,"Age, years, Male sex, Ever smoking (past/current), Ever alcohol (past/current), Body mass index, kg/m2",1.4134487292417176e-09
wbc,asmi,beta,-0.0969178355932238,-0.128048418374008,-0.0657872528124396,4.96003087151388e-08,8809,"Age, years, Male sex, Ever smoking (past/current), Ever alcohol (past/current), Body mass index, kg/m2",1.3003235339767336e-07
fib4,asmi,beta,0.0632794261336244,0.0263891055284897,0.100169746738759,0.0012490196949032,8809,"Age, years, Male sex, Ever smoking (past/current), Ever alcohol (past/current), Body mass index, kg/m2",0.002182474343214249
vitd,asmi,beta,0.0459505060874664,0.0254960913093343,0.0664049208655985,3.69242320091231e-05,8809,"Age, years, Male sex, Ever smoking (past/current), Ever alcohol (past/current), Body mass index, kg/m2",7.615863494686704e-05
fn_bmd,asmi,beta,0.210187875292029,0.165582457498395,0.254793293085662,2.3130932109998798e-11,8809,"Age, years, Male sex, Ever smoking (past/current), Ever alcohol (past/current), Body mass index, kg/m2",7.531355343798786e-11
ls_bmd,asmi,beta,0.103365165579458,0.0691866513524112,0.137543679806505,6.52908306250113e-07,8809,"Age, years, Male sex, Ever smoking (past/current), Ever alcohol (past/current), Body mass index, kg/m2",1.5616114023733053e-06
insulin,asmi,beta,-0.108664965898405,-0.144302214273343,-0.0730277175234677,8.29108850352942e-08,8809,"Age, years, Male sex, Ever smoking (past/current), Ever alcohol (past/current), Body mass index, kg/m2",2.1326102808818194e-07
ggt,asmi,beta,-0.0281587775292454,-0.0505868959921282,-0.0057306590663626,0.0162962535161716,8809,"Age, years, Male sex, Ever smoking (past/current), Ever alcohol (past/current), Body mass index, kg/m2",0.024281724636525365
uric,asmi,beta,-0.0212756232868239,-0.046706620997537,0.0041553744238893,0.105482940188618,8809,"Age, years, Male sex, Ever smoking (past/current), Ever alcohol (past/current), Body mass index, kg/m2",0.1365926387516114
cap,asmi,beta,-0.118261149134367,-0.194161989417268,-0.0423603088514661,0.0137066686943418,8809,"Age, years, Male sex, Ever smoking (past/current), Ever alcohol (past/current), Body mass index, kg/m2",0.020656602420882346
lsm,asmi,beta,-0.0105153544720301,-0.0880732479196294,0.0670425389755691,0.796427934085732,8809,"Age, years, Male sex, Ever smoking (past/current), Ever alcohol (past/current), Body mass index, kg/m2",0.8239196933167249
dm,asmi,beta,-0.0989999338876599,-0.175158191735525,-0.0228416760397948,0.0130048961347215,8809,"Age, years, Male sex, Ever smoking (past/current), Ever alcohol (past/current), Body mass index, kg/m2",0.019658910626273694
prediabetes,asmi,beta,0.0050693675148933,-0.0400464292674075,0.0501851642971943,0.826322187559475,8809,"Age, years, Male sex, Ever smoking (past/current), Ever alcohol (past/current), Body mass index, kg/m2",0.8508408573621247
htn,asmi,beta,0.0065651037102276,-0.0498149002128372,0.0629451076332925,0.820123545657819,8809,"Age, years, Male sex, Ever smoking (past/current), Ever alcohol (past/current), Body mass index, kg/m2",0.8452396109858896
mets,asmi,beta,-0.0723750295425739,-0.156562866733965,0.0118128076488177,0.0963829056217147,8809,"Age, years, Male sex, Ever smoking (past/current), Ever alcohol (past/current), Body mass index, kg/m2",0.1256726350163162
dyslipidemia,asmi,beta,-0.107562071718863,-0.147776591525903,-0.0673475519118225,1.55969844898592e-06,8809,"Age, years, Male sex, Ever smoking (past/current), Ever alcohol (past/current), Body mass index, kg/m2",3.5977650520048395e-06
low_hdl,asmi,beta,-0.0338939004817225,-0.0784741807478903,0.0106863797844453,0.140609706178892,8809,"Age, years, Male sex, Ever smoking (past/current), Ever alcohol (past/current), Body mass index, kg/m2",0.1770375549470709
high_tg,asmi,beta,-0.147886624687282,-0.22032836508411,-0.0754448842904551,0.0001527662777694,8809,"Age, years, Male sex, Ever smoking (past/current), Ever alcohol (past/current), Body mass index, kg/m2",0.00029639205240595705
high_ldl,asmi,beta,-0.031043069762968,-0.107571915266293,0.0454857757403566,0.429233036117083,8809,"Age, years, Male sex, Ever smoking (past/current), Ever alcohol (past/current), Body mass index, kg/m2",0.4879442215170059
high_nonhdl,asmi,beta,-0.0830678922644837,-0.145729868658347,-0.0204059158706207,0.0113853308104471,8809,"Age, years, Male sex, Ever smoking (past/current), Ever alcohol (past/current), Body mass index, kg/m2",0.01734323014483201
atherogenic_dyslipidemia,asmi,beta,0.0016794436238034,-0.0897857878265956,0.0931446750742026,0.971392407579467,8809,"Age, years, Male sex, Ever smoking (past/current), Ever alcohol (past/current), Body mass index, kg/m2",0.9768246986233786
insulin_resistance,asmi,beta,-0.172730942515478,-0.227998010891405,-0.117463874139551,4.49925610969387e-08,8809,"Age, years, Male sex, Ever smoking (past/current), Ever alcohol (past/current), Body mass index, kg/m2",1.1842353406486327e-07
ckd,asmi,beta,0.0109679378102067,-0.0506531492089313,0.0725890248293446,0.728226552363076,8809,"Age, years, Male sex, Ever smoking (past/current), Ever alcohol (past/current), Body mass index, kg/m2",0.7637497988198114
high_alt,asmi,beta,-0.0627557255209993,-0.13715052149645,0.0116390704544512,0.102673364823357,8809,"Age, years, Male sex, Ever smoking (past/current), Ever alcohol (past/current), Body mass index, kg/m2",0.13317240368563943
high_ast,asmi,beta,0.0497909218639624,-0.0409973483901886,0.140579192118113,0.286049574029586,8809,"Age, years, Male sex, Ever smoking (past/current), Ever alcohol (past/current), Body mass index, kg/m2",0.3390644328516342
adv_fibrosis,asmi,beta,0.14436847099854,-0.0814246209928831,0.370161562989963,0.214247035473509,8809,"Age, years, Male sex, Ever smoking (past/current), Ever alcohol (past/current), Body mass index, kg/m2",0.26102903367206703
anemia,asmi,beta,0.124687232851617,0.0299228178200514,0.219451647883182,0.0119850054639871,8809,"Age, years, Male sex, Ever smoking (past/current), Ever alcohol (past/current), Body mass index, kg/m2",0.018221630136638342
leukocytosis,asmi,beta,-0.186219238057423,-0.278282228594628,-0.0941562475202182,0.0001732940377259,8809,"Age, years, Male sex, Ever smoking (past/current), Ever alcohol (past/current), Body mass index, kg/m2",0.0003345784349651832
vitd_deficiency,asmi,beta,-0.0465751880193454,-0.0893823424406527,-0.003768033598038,0.0364230444585727,8809,"Age, years, Male sex, Ever smoking (past/current), Ever alcohol (past/current), Body mass index, kg/m2",0.05135052169569266
osteoporosis,asmi,beta,-0.182420629186595,-0.304958868015856,-0.0598823903573334,0.0058228876104379,8809,"Age, years, Male sex, Ever smoking (past/current), Ever alcohol (past/current), Body mass index, kg/m2",0.009322275753497504
smoking,asmi,beta,-0.187775991790042,-0.276335707952365,-0.0992162756277188,8.60627810773614e-05,8809,"Age, years, Male sex",0.0001701471074173122
alcohol,asmi,beta,-0.13363011854269,-0.23314541463614,-0.0341148224492401,0.0103282490788158,8809,"Age, years, Male sex",0.01587356385229033
current_smoking,asmi,beta,-0.118961016882425,-0.168591340774799,-0.069330692990051,1.22650171866601e-05,8809,"Age, years, Male sex, Ever alcohol (past/current), Body mass index, kg/m2",2.6341155260818326e-05
age,bodyfat_pct,beta,1.54258626791548,1.28420412382446,1.8009684120065,1.1250187196864e-18,8785,unadjusted,5.910456912456041e-18
men,bodyfat_pct,beta,-11.7328200032888,-12.0564283085691,-11.4092116980085,2.9047487985704198e-71,8785,unadjusted,4.996167933541122e-69
sbp,bodyfat_pct,beta,0.932564918835086,0.75259317646457,1.1125366612056,1.5279056966498501e-15,8785,"Age, years, Male sex, Ever smoking (past/current), Ever alcohol (past/current)",6.527424336875602e-15
dbp,bodyfat_pct,beta,0.954713693957246,0.766084227991393,1.1433431599231,4.139447725836481e-15,8785,"Age, years, Male sex, Ever smoking (past/current), Ever alcohol (past/current)",1.7075761421698766e-14
glucose,bodyfat_pct,beta,1.07216384040673,0.74333911074602,1.40098857006743,1.43774791304974e-08,8785,"Age, years, Male sex, Ever smoking (past/current), Ever alcohol (past/current)",3.9225729269136354e-08
hba1c,bodyfat_pct,beta,0.939180020734561,0.743792007746212,1.13456803372291,3.44932427026187e-14,8785,"Age, years, Male sex, Ever smoking (past/current), Ever alcohol (past/current)",1.3618290232690578e-13
homa_ir,bodyfat_pct,beta,3.41440729467389,3.18482224266314,3.64399234668463,1.34279677224367e-41,8785,"Age, years, Male sex, Ever smoking (past/current), Ever alcohol (past/current)",2.656052015497979e-40
tg,bodyfat_pct,beta,1.11143218198153,0.674443116541958,1.5484212474211,4.12863566266129e-06,8785,"Age, years, Male sex, Ever smoking (past/current), Ever alcohol (past/current)",9.222406934775869e-06
tchol,bodyfat_pct,beta,0.559142479232522,0.364926027547498,0.753358930917546,3.09570825222544e-07,8785,"Age, years, Male sex, Ever smoking (past/current), Ever alcohol (past/current)",7.611324950779266e-07
hdl,bodyfat_pct,beta,-1.97454084440986,-2.152993033552,-1.79608865526772,2.70611291967607e-33,8785,"Age, years, Male sex, Ever smoking (past/current), Ever alcohol (past/current)",3.5215074704732016e-32
ldl,bodyfat_pct,beta,0.791228277943909,0.526883486383582,1.05557306950424,1.25000799779527e-07,8785,"Age, years, Male sex, Ever smoking (past/current), Ever alcohol (past/current)",3.157746896090733e-07
nonhdl,bodyfat_pct,beta,1.2612250708898,1.03951461494159,1.48293552683801,2.42803600312821e-17,8785,"Age, years, Male sex, Ever smoking (past/current), Ever alcohol (past/current)",1.190249123714399e-16
alt,bodyfat_pct,beta,0.786869623791893,0.471894792734654,1.10184445484913,5.79455545508586e-06,8785,"Age, years, Male sex, Ever smoking (past/current), Ever alcohol (past/current)",1.2806291273921599e-05
ast,bodyfat_pct,beta,-0.0712897671416016,-0.293299926951903,0.150720392668699,0.531094714022037,8785,"Age, years, Male sex, Ever smoking (past/current), Ever alcohol (past/current)",0.5875531420674915
creatinine,bodyfat_pct,beta,-0.402147509873432,-0.729142110191068,-0.0751529095557951,0.0191805769751401,8785,"Age, years, Male sex, Ever smoking (past/current), Ever alcohol (past/current)",0.028197087519009373
egfr,bodyfat_pct,beta,0.767630341435033,0.535720901663377,0.999539781206689,2.26010874275483e-08,8785,"Age, years, Male sex, Ever smoking (past/current), Ever alcohol (past/current)",6.086446689134179e-08
hemoglobin,bodyfat_pct,beta,0.345854700970506,0.11196662996114,0.579742771979872,0.004969082817653,8785,"Age, years, Male sex, Ever smoking (past/current), Ever alcohol (past/current)",0.008020274021475017
platelet,bodyfat_pct,beta,1.13368542334992,0.944912113776258,1.32245873292358,1.91687444148797e-18,8785,"Age, years, Male sex, Ever smoking (past/current), Ever alcohol (past/current)",9.95164736289555e-18
wbc,bodyfat_pct,beta,1.35548295928684,1.08945122418453,1.62151469438915,3.12595830018732e-15,8785,"Age, years, Male sex, Ever smoking (past/current), Ever alcohol (past/current)",1.303086515863123e-14
fib4,bodyfat_pct,beta,-0.754415254955863,-1.18569610035428,-0.323134409557451,0.001007400368552,8785,"Age, years, Male sex, Ever smoking (past/current), Ever alcohol (past/current)",0.0017807309463769938
vitd,bodyfat_pct,beta,-1.24385362202643,-1.40291196823199,-1.08479527582087,2.28354037545972e-24,8785,"Age, years, Male sex, Ever smoking (past/current), Ever alcohol (past/current)",1.6667316836381277e-23
fn_bmd,bodyfat_pct,beta,1.21794692732791,0.897134978676,1.53875887597983,4.5932573590705e-09,8785,"Age, years, Male sex, Ever smoking (past/current), Ever alcohol (past/current)",1.2933043496429107e-08
ls_bmd,bodyfat_pct,beta,0.867476024643655,0.565869669461887,1.16908237982542,1.52800492096471e-06,8785,"Age, years, Male sex, Ever smoking (past/current), Ever alcohol (past/current)",3.530833801014248e-06
insulin,bodyfat_pct,beta,3.4356355746488,3.1998769167477,3.67139423254989,5.17603751856884e-41,8785,"Age, years, Male sex, Ever smoking (past/current), Ever alcohol (past/current)",9.891982813264894e-40
ggt,bodyfat_pct,beta,0.466529745427568,0.0634165999558274,0.869642890899309,0.026308293505019,8785,"Age, years, Male sex, Ever smoking (past/current), Ever alcohol (past/current)",0.037930908899617914
uric,bodyfat_pct,beta,2.17866186358592,2.00321723043678,2.35410649673506,1.7888588191416498e-36,8785,"Age, years, Male sex, Ever smoking (past/current), Ever alcohol (past/current)",2.68057783656226e-35
cap,bodyfat_pct,beta,3.47125706358861,2.96889169557157,3.97362243160566,9.29325763079935e-08,8785,"Age, years, Male sex, Ever smoking (past/current), Ever alcohol (past/current)",2.3764788097894136e-07
lsm,bodyfat_pct,beta,0.762019114401993,0.149727035398568,1.37431119340542,0.0348913736058428,8785,"Age, years, Male sex, Ever smoking (past/current), Ever alcohol (past/current)",0.04938471341134673
dm,bodyfat_pct,beta,2.86632345695396,2.34089831309915,3.39174860080877,1.61594139782528e-16,8785,"Age, years, Male sex, Ever smoking (past/current), Ever alcohol (past/current)",7.390363202077235e-16
prediabetes,bodyfat_pct,beta,1.60901918709827,1.25666559107515,1.96137278312139,2.58432634714743e-13,8785,"Age, years, Male sex, Ever smoking (past/current), Ever alcohol (past/current)",9.672275335208354e-13
htn,bodyfat_pct,beta,1.92236808290246,1.51507551267014,2.32966065313478,7.13596585504475e-14,8785,"Age, years, Male sex, Ever smoking (past/current), Ever alcohol (past/current)",2.7541347241519056e-13
mets,bodyfat_pct,beta,5.01382116730894,4.53819978605705,5.48944254856082,5.49642425999851e-32,8785,"Age, years, Male sex, Ever smoking (past/current), Ever alcohol (past/current)",6.569140293822992e-31
dyslipidemia,bodyfat_pct,beta,2.9935227021598,2.57760499234019,3.40944041197941,2.0585060642065799e-22,8785,"Age, years, Male sex, Ever smoking (past/current), Ever alcohol (past/current)",1.357241665000205e-21
low_hdl,bodyfat_pct,beta,2.80440309890264,2.42241624043013,3.18638995737514,7.13519955173988e-23,8785,"Age, years, Male sex, Ever smoking (past/current), Ever alcohol (past/current)",4.841655133221778e-22
high_tg,bodyfat_pct,beta,2.90089765814495,2.36060584988244,3.44118946640746,3.26894324174373e-16,8785,"Age, years, Male sex, Ever smoking (past/current), Ever alcohol (past/current)",1.471210405499226e-15
high_ldl,bodyfat_pct,beta,1.22828182420775,0.488183078404942,1.96838057001055,0.0017406794660744,8785,"Age, years, Male sex, Ever smoking (past/current), Ever alcohol (past/current)",0.0029861786503860913
high_nonhdl,bodyfat_pct,beta,1.6853983317522,1.22126337974897,2.14953328375543,6.71454136781846e-10,8785,"Age, years, Male sex, Ever smoking (past/current), Ever alcohol (past/current)",2.015381308883902e-09
atherogenic_dyslipidemia,bodyfat_pct,beta,2.50583101470706,1.7778363523389,3.23382567707521,3.23171362082498e-09,8785,"Age, years, Male sex, Ever smoking (past/current), Ever alcohol (past/current)",9.224140753234936e-09
insulin_resistance,bodyfat_pct,beta,5.73053424867427,5.21703949677818,6.24402900057036,1.58361178487404e-33,8785,"Age, years, Male sex, Ever smoking (past/current), Ever alcohol (past/current)",2.0882560736539006e-32
ckd,bodyfat_pct,beta,0.262480242005798,-0.366833198166909,0.891793682178504,0.416342029896853,8785,"Age, years, Male sex, Ever smoking (past/current), Ever alcohol (past/current)",0.474216563360568
high_alt,bodyfat_pct,beta,2.42118644196633,1.76833962357009,3.07403326036258,3.51794006954235e-10,8785,"Age, years, Male sex, Ever smoking (past/current), Ever alcohol (past/current)",1.0813497214537325e-09
high_ast,bodyfat_pct,beta,0.720043812290071,-0.0987182339141999,1.53880585849434,0.0890569786442168,8785,"Age, years, Male sex, Ever smoking (past/current), Ever alcohol (past/current)",0.11696859479300188
adv_fibrosis,bodyfat_pct,beta,-2.54141433737236,-4.89698991254127,-0.18583876220344,0.0379240204158076,8785,"Age, years, Male sex, Ever smoking (past/current), Ever alcohol (past/current)",0.05329571039606922
steatosis,bodyfat_pct,beta,5.99270507428854,4.84582383568281,7.13958631289428,1.27681591027513e-06,8785,"Age, years, Male sex, Ever smoking (past/current), Ever alcohol (past/current)",2.971225730028479e-06
masld,bodyfat_pct,beta,5.98596320437942,4.97784150767479,6.99408490108404,3.89472181604715e-07,8785,"Age, years, Male sex, Ever smoking (past/current), Ever alcohol (past/current)",9.504947257422903e-07
anemia,bodyfat_pct,beta,0.199528221779834,-0.548237386502773,0.94729383006244,0.602585721922145,8785,"Age, years, Male sex, Ever smoking (past/current), Ever alcohol (past/current)",0.6529249838192291
leukocytosis,bodyfat_pct,beta,2.87802380654161,2.21195720552533,3.54409040755788,2.04119500663682e-12,8785,"Age, years, Male sex, Ever smoking (past/current), Ever alcohol (past/current)",7.070899690241034e-12
vitd_deficiency,bodyfat_pct,beta,2.06365042424886,1.74021717951303,2.38708366898469,1.00642370709909e-19,8785,"Age, years, Male sex, Ever smoking (past/current), Ever alcohol (past/current)",5.537430021257302e-19
osteoporosis,bodyfat_pct,beta,-2.54462773072144,-4.33962906966772,-0.749626391775164,0.008276400192523,8785,"Age, years, Male sex, Ever smoking (past/current), Ever alcohol (past/current)",0.01292085207640923
smoking,bodyfat_pct,beta,-0.447189783432951,-0.828992268377132,-0.0653872984887696,0.0245293673965297,8785,"Age, years, Male sex",0.03551909861664403
alcohol,bodyfat_pct,beta,-1.41439158931094,-1.89203687783048,-0.936746300791401,1.50739150856443e-07,8785,"Age, years, Male sex",3.778986570266721e-07
current_smoking,bodyfat_pct,beta,-1.07444850210612,-1.53183950900735,-0.617057495204896,1.71089021062439e-05,8785,"Age, years, Male sex, Ever alcohol (past/current)",3.62910545481506e-05
age,asm_pct,beta,-1.1128601515898,-1.25002630326995,-0.975693999909656,6.909441530224929e-26,8680,unadjusted,5.555640384871915e-25
men,asm_pct,beta,7.15313644997958,6.98749824504857,7.31877465491058,5.7824826009684294e-77,8680,unadjusted,1.3456177158488887e-74
sbp,asm_pct,beta,-0.347628074572935,-0.441078420872104,-0.254177728273766,3.20162226623646e-10,8680,"Age, years, Male sex, Ever smoking (past/current), Ever alcohol (past/current)",9.879576977559623e-10
dbp,asm_pct,beta,-0.406563050783884,-0.503812029698291,-0.309314071869476,6.6576606016484495e-12,8680,"Age, years, Male sex, Ever smoking (past/current), Ever alcohol (past/current)",2.235798415969547e-11
glucose,asm_pct,beta,-0.658723505788893,-0.808396195093109,-0.509050816484677,1.03899155054441e-12,8680,"Age, years, Male sex, Ever smoking (past/current), Ever alcohol (past/current)",3.689632472130777e-12
hba1c,asm_pct,beta,-0.466580031380796,-0.565628422900749,-0.367531639860844,7.71051430294838e-14,8680,"Age, years, Male sex, Ever smoking (past/current), Ever alcohol (past/current)",2.964314342319125e-13
homa_ir,asm_pct,beta,-1.59009456744788,-1.71987956586356,-1.46030956903219,4.2489696298017594e-36,8680,"Age, years, Male sex, Ever smoking (past/current), Ever alcohol (past/current)",6.248670578251212e-35
tg,asm_pct,beta,-0.659223661415504,-0.901722668229137,-0.416724654601872,1.08495262944377e-06,8680,"Age, years, Male sex, Ever smoking (past/current), Ever alcohol (past/current)",2.5487366995721823e-06
tchol,asm_pct,beta,-0.284290128515031,-0.38841114375633,-0.180169113273731,9.89332733436042e-07,8680,"Age, years, Male sex, Ever smoking (past/current), Ever alcohol (past/current)",2.3338105506696375e-06
hdl,asm_pct,beta,0.993595512728527,0.889378748860122,1.09781227659693,2.47855731773651e-29,8680,"Age, years, Male sex, Ever smoking (past/current), Ever alcohol (past/current)",2.4636112434587017e-28
ldl,asm_pct,beta,-0.352782548728667,-0.493150592588917,-0.212414504868418,5.17667748064755e-06,8680,"Age, years, Male sex, Ever smoking (past/current), Ever alcohol (past/current)",1.1485662430421598e-05
nonhdl,asm_pct,beta,-0.6363374102676,-0.754863942854427,-0.517810877680774,3.27960965518162e-16,8680,"Age, years, Male sex, Ever smoking (past/current), Ever alcohol (past/current)",1.4743336131702827e-15
alt,asm_pct,beta,-0.429942538622708,-0.594872193914291,-0.265012883331125,2.55440677124794e-06,8680,"Age, years, Male sex, Ever smoking (past/current), Ever alcohol (past/current)",5.787647873457532e-06
ast,asm_pct,beta,0.0112195315123443,-0.103322499942694,0.125761562967383,0.848294867583977,8680,"Age, years, Male sex, Ever smoking (past/current), Ever alcohol (past/current)",0.8707458474733297
creatinine,asm_pct,beta,0.43591359717273,0.119861906857419,0.751965287488042,0.0090314450884646,8680,"Age, years, Male sex, Ever smoking (past/current), Ever alcohol (past/current)",0.014011135988221943
egfr,asm_pct,beta,-0.776922105842436,-0.92030241727841,-0.633541794406462,3.95254914174625e-15,8680,"Age, years, Male sex, Ever smoking (past/current), Ever alcohol (past/current)",1.6321800004956332e-14
hemoglobin,asm_pct,beta,-0.355069067753244,-0.469851084352323,-0.240287051154165,5.58950028631474e-08,8680,"Age, years, Male sex, Ever smoking (past/current), Ever alcohol (past/current)",1.4605061514307207e-07
platelet,asm_pct,beta,-0.57803836750742,-0.683228063874231,-0.472848671140608,1.16643209962299e-16,8680,"Age, years, Male sex, Ever smoking (past/current), Ever alcohol (past/current)",5.415968763038203e-16
wbc,asm_pct,beta,-0.757149209082574,-0.913999935480727,-0.600298482684421,2.90739473867058e-14,8680,"Age, years, Male sex, Ever smoking (past/current), Ever alcohol (past/current)",1.1490163422758056e-13
fib4,asm_pct,beta,0.464515140934185,0.231371238498495,0.697659043369874,0.0002101965241668,8680,"Age, years, Male sex, Ever smoking (past/current), Ever alcohol (past/current)",0.00040093416085046325
vitd,asm_pct,beta,0.549760569353595,0.46825174166947,0.63126939703772,6.1118090339068604e-21,8680,"Age, years, Male sex, Ever smoking (past/current), Ever alcohol (past/current)",3.635837073403841e-20
fn_bmd,asm_pct,beta,-0.26407368617624,-0.42019760277355,-0.10794976957893,0.0019538914523206,8680,"Age, years, Male sex, Ever smoking (past/current), Ever alcohol (past/current)",0.0033216994350581406
ls_bmd,asm_pct,beta,-0.284193242867361,-0.422615568375385,-0.145770917359336,0.0002473108470263,8680,"Age, years, Male sex, Ever smoking (past/current), Ever alcohol (past/current)",0.0004685640377567255
insulin,asm_pct,beta,-1.56873181217849,-1.70353301690714,-1.43393060744983,1.1286962540019699e-34,8680,"Age, years, Male sex, Ever smoking (past/current), Ever alcohol (past/current)",1.5503897155665947e-33
ggt,asm_pct,beta,-0.285112577542791,-0.473271284423156,-0.0969538706624264,0.0040446128219019,8680,"Age, years, Male sex, Ever smoking (past/current), Ever alcohol (past/current)",0.006606312272272468
uric,asm_pct,beta,-0.910185946476569,-1.01131897159312,-0.80905292136002,7.54784379891182e-28,8680,"Age, years, Male sex, Ever smoking (past/current), Ever alcohol (past/current)",6.709948329998912e-27
cap,asm_pct,beta,-1.67581220241157,-1.91548960710212,-1.43613479772101,8.30352554277926e-08,8680,"Age, years, Male sex, Ever smoking (past/current), Ever alcohol (past/current)",2.1330355225477113e-07
lsm,asm_pct,beta,-0.46583160216449,-0.673442895482905,-0.258220308846075,0.0013396880893772,8680,"Age, years, Male sex, Ever smoking (past/current), Ever alcohol (past/current)",0.0023326611274543147
dm,asm_pct,beta,-1.63865167334191,-1.9341223338132,-1.34318101287062,7.719216195140511e-17,8680,"Age, years, Male sex, Ever smoking (past/current), Ever alcohol (past/current)",3.639716241713452e-16
prediabetes,asm_pct,beta,-0.634368623337066,-0.806983647326748,-0.461753599347384,4.65908149789463e-10,8680,"Age, years, Male sex, Ever smoking (past/current), Ever alcohol (past/current)",1.4199789218544805e-09
htn,asm_pct,beta,-0.961546886698059,-1.18927269687579,-0.733821076520328,4.68290031042696e-12,8680,"Age, years, Male sex, Ever smoking (past/current), Ever alcohol (past/current)",1.592910888052369e-11
mets,asm_pct,beta,-2.42859388853759,-2.71357080463899,-2.1436169724362,1.79091870579309e-26,8680,"Age, years, Male sex, Ever smoking (past/current), Ever alcohol (past/current)",1.4884189916213158e-25
dyslipidemia,asm_pct,beta,-1.59346980164915,-1.79067298484637,-1.39626661845192,3.68141379861333e-25,8680,"Age, years, Male sex, Ever smoking (past/current), Ever alcohol (past/current)",2.78997566806788e-24
low_hdl,asm_pct,beta,-1.44171826865118,-1.63463336586669,-1.24880317143568,2.7357963253176e-23,8680,"Age, years, Male sex, Ever smoking (past/current), Ever alcohol (past/current)",1.9087848788282936e-22
high_tg,asm_pct,beta,-1.66808148071369,-1.96475188656445,-1.37141107486292,4.1392053438474304e-17,8680,"Age, years, Male sex, Ever smoking (past/current), Ever alcohol (past/current)",1.9993524224982215e-16
high_ldl,asm_pct,beta,-0.567905167177677,-0.920739888841975,-0.21507044551338,0.0023445960501721,8680,"Age, years, Male sex, Ever smoking (past/current), Ever alcohol (past/current)",0.003935181151667725
high_nonhdl,asm_pct,beta,-0.9791787078997,-1.24544354102366,-0.712913874775739,4.5661028054248003e-10,8680,"Age, years, Male sex, Ever smoking (past/current), Ever alcohol (past/current)",1.393788788446027e-09
atherogenic_dyslipidemia,asm_pct,beta,-1.38767761814951,-1.78367800771297,-0.991677228586045,1.93178884437049e-09,8680,"Age, years, Male sex, Ever smoking (past/current), Ever alcohol (past/current)",5.6068647603299035e-09
insulin_resistance,asm_pct,beta,-2.6384298935239,-2.90788819888146,-2.36897158816633,4.9872503138440096e-30,8680,"Age, years, Male sex, Ever smoking (past/current), Ever alcohol (past/current)",5.164806869520131e-29
ckd,asm_pct,beta,-0.378832190015939,-0.706172614369011,-0.051491765662868,0.0263100136553467,8680,"Age, years, Male sex, Ever smoking (past/current), Ever alcohol (past/current)",0.037930908899617914
high_alt,asm_pct,beta,-1.43347735838531,-1.80684382936007,-1.06011088741055,1.17696850068526e-10,8680,"Age, years, Male sex, Ever smoking (past/current), Ever alcohol (past/current)",3.7278521927228886e-10
high_ast,asm_pct,beta,-0.412426104451015,-0.874962230667072,0.0501100217650422,0.0847865246379068,8680,"Age, years, Male sex, Ever smoking (past/current), Ever alcohol (past/current)",0.11165628877082534
adv_fibrosis,asm_pct,beta,1.08251439499827,-0.351541651568151,2.51657044156469,0.143361124219352,8680,"Age, years, Male sex, Ever smoking (past/current), Ever alcohol (past/current)",0.18027228461912156
steatosis,asm_pct,beta,-2.72944410884265,-3.27378609071127,-2.18510212697403,1.86336654686815e-06,8680,"Age, years, Male sex, Ever smoking (past/current), Ever alcohol (past/current)",4.2708447621149485e-06
masld,asm_pct,beta,-2.69432665459009,-3.16651737393018,-2.22213593525,5.64988596178919e-07,8680,"Age, years, Male sex, Ever smoking (past/current), Ever alcohol (past/current)",1.3612027323287476e-06
anemia,asm_pct,beta,0.18471154311849,-0.191035350208842,0.560458436445821,0.338518290537753,8680,"Age, years, Male sex, Ever smoking (past/current), Ever alcohol (past/current)",0.3941078155878019
leukocytosis,asm_pct,beta,-1.54195939015648,-1.90596105087608,-1.17795772943687,4.17069132737881e-12,8680,"Age, years, Male sex, Ever smoking (past/current), Ever alcohol (past/current)",1.423734520499589e-11
vitd_deficiency,asm_pct,beta,-0.830049621661198,-1.00140711205465,-0.658692131267741,2.5274086246911e-14,8680,"Age, years, Male sex, Ever smoking (past/current), Ever alcohol (past/current)",1.002851406146238e-13
osteoporosis,asm_pct,beta,0.805112198169281,0.0091957503054613,1.6010286460331,0.0543044244656746,8680,"Age, years, Male sex, Ever smoking (past/current), Ever alcohol (past/current)",0.07433505300560855
smoking,asm_pct,beta,-0.204651954897064,-0.396195247909119,-0.0131086618850093,0.0396726588581817,8680,"Age, years, Male sex",0.05553610702157353
alcohol,asm_pct,beta,0.551509006963903,0.307180760603194,0.795837253324613,3.27373027447131e-05,8680,"Age, years, Male sex",6.766393399064003e-05
current_smoking,asm_pct,beta,0.0749724136962467,-0.153393356580392,0.303338183972886,0.521937209138538,8680,"Age, years, Male sex, Ever alcohol (past/current)",0.5790195174851532
age,fn_bmd,beta,-0.074010997278127,-0.0770487068677836,-0.0709732876884703,1.96088059594763e-58,11316,unadjusted,1.1242382083433079e-56
men,fn_bmd,beta,0.0754069716538088,0.0689423549812259,0.0818715883263918,8.430215723663401e-36,11316,unadjusted,1.2216092821543009e-34
bmi,fn_bmd,beta,0.0506251950079477,0.0477573645040397,0.0534930255118557,1.9282717066787402e-47,11316,"Age, years, Male sex",5.085495247747397e-46
smoking,fn_bmd,beta,-0.0104193133595917,-0.0166264005593911,-0.0042122261597923,0.0015356639544078,11316,"Age, years, Male sex",0.002651718290544416
alcohol,fn_bmd,beta,0.0021828887775811,-0.0053309937224227,0.0096967712775849,0.57080398207417,11316,"Age, years, Male sex",0.6241295061043164
wc,fn_bmd,beta,0.0450402244230699,0.0421678502252706,0.0479125986208692,3.93004370003188e-43,11316,"Age, years, Male sex, Ever smoking (past/current), Ever alcohol (past/current)",8.35873810608931e-42
height,fn_bmd,beta,0.0288404577349787,0.0248745878875686,0.0328063275823889,1.18698946322904e-22,11316,"Age, years, Male sex, Ever smoking (past/current), Ever alcohol (past/current)",7.945398166724337e-22
weight,fn_bmd,beta,0.0573730014097712,0.0545796085811857,0.0601663942383567,4.14373896393631e-51,11316,"Age, years, Male sex, Ever smoking (past/current), Ever alcohol (past/current)",1.3436583066665607e-49
whtr,fn_bmd,beta,0.039513123213045,0.0364497511867018,0.0425764952393882,1.54132035934687e-37,11316,"Age, years, Male sex, Ever smoking (past/current), Ever alcohol (past/current)",2.3818216178032102e-36
fat_kg,fn_bmd,beta,0.0465450801576104,0.0418526429896037,0.0512375173256171,5.45947545798195e-22,11316,"Age, years, Male sex, Ever smoking (past/current), Ever alcohol (past/current)",3.4722966096103846e-21
lean_kg,fn_bmd,beta,0.0881422707914352,0.0811642249036399,0.0951203166792306,7.16274593427879e-26,11316,"Age, years, Male sex, Ever smoking (past/current), Ever alcohol (past/current)",5.7359965417018e-25
asmm_kg,fn_bmd,beta,0.0921125187009348,0.0841822570561506,0.100042780345719,1.6501297059234101e-24,11316,"Age, years, Male sex, Ever smoking (past/current), Ever alcohol (past/current)",1.2178942381778004e-23
asmi,fn_bmd,beta,0.0779429719411257,0.0705438922371349,0.0853420516451166,6.09092335544965e-23,11316,"Age, years, Male sex, Ever smoking (past/current), Ever alcohol (past/current)",4.164890473634367e-22
bodyfat_pct,fn_bmd,beta,0.0333910452526395,0.0252807127747729,0.041501377730506,6.36465144971003e-10,11316,"Age, years, Male sex, Ever smoking (past/current), Ever alcohol (past/current)",1.9147194779507894e-09
asm_pct,fn_bmd,beta,-0.0158602321690105,-0.025025644604623,-0.0066948197333978,0.0015757826534179,11316,"Age, years, Male sex, Ever smoking (past/current), Ever alcohol (past/current)",0.002717435125074635
obesity,fn_bmd,beta,0.0863555524432088,0.080417145535209,0.0922939593512087,5.95483498151072e-41,11316,"Age, years, Male sex, Ever smoking (past/current), Ever alcohol (past/current)",1.1271448414763831e-39
overweight,fn_bmd,beta,0.0846537044974026,0.0783406011063184,0.0909668078884868,1.2330550929192601e-38,11316,"Age, years, Male sex, Ever smoking (past/current), Ever alcohol (past/current)",1.9829129868246314e-37
abdominal_obesity,fn_bmd,beta,0.0728497045710643,0.0677109921602366,0.0779884169818919,3.1977624462952e-40,11316,"Age, years, Male sex, Ever smoking (past/current), Ever alcohol (past/current)",5.672801900243862e-39
central_obesity,fn_bmd,beta,0.0622878893528964,0.0530432037867538,0.0715325749190391,6.4508737015589405e-21,11316,"Age, years, Male sex, Ever smoking (past/current), Ever alcohol (past/current)",3.8317802347398153e-20
high_bodyfat,fn_bmd,beta,0.0397818522357227,0.0275032990602343,0.0520604054112111,1.52105443721284e-07,11316,"Age, years, Male sex, Ever smoking (past/current), Ever alcohol (past/current)",3.8108241631500917e-07
sarcopenia,fn_bmd,beta,-0.121420625722212,-0.143154162489273,-0.0996870889551508,1.3221963725225e-13,11316,"Age, years, Male sex, Ever smoking (past/current), Ever alcohol (past/current)",5.024600239864563e-13
sbp,fn_bmd,beta,0.0036104494071847,0.0004687263413524,0.0067521724730169,0.0273886545167511,11316,"Age, years, Male sex, Ever smoking (past/current), Ever alcohol (past/current), Body mass index, kg/m2",0.03934259886284217
dbp,fn_bmd,beta,-0.001533320840028,-0.0043165117052514,0.0012498700251952,0.283882655535125,11316,"Age, years, Male sex, Ever smoking (past/current), Ever alcohol (past/current), Body mass index, kg/m2",0.3371479391464889
glucose,fn_bmd,beta,0.0030062283507445,-0.0011405146046076,0.0071529713060966,0.159715944861105,11316,"Age, years, Male sex, Ever smoking (past/current), Ever alcohol (past/current), Body mass index, kg/m2",0.1990540115818134
hba1c,fn_bmd,beta,0.0053945576715939,0.0018114114897571,0.0089777038534306,0.0042907243684138,11316,"Age, years, Male sex, Ever smoking (past/current), Ever alcohol (past/current), Body mass index, kg/m2",0.006979484211120473
homa_ir,fn_bmd,beta,-0.0016153546100003,-0.0062509699936221,0.0030202607736214,0.496833617902571,11316,"Age, years, Male sex, Ever smoking (past/current), Ever alcohol (past/current), Body mass index, kg/m2",0.5547484596168701
tg,fn_bmd,beta,-0.0014144948331258,-0.0058097074468962,0.0029807177806446,0.530210000089457,11316,"Age, years, Male sex, Ever smoking (past/current), Ever alcohol (past/current), Body mass index, kg/m2",0.5872090594495778
tchol,fn_bmd,beta,-0.0049408212154737,-0.007851859328095,-0.0020297831028525,0.0013944263763253,11316,"Age, years, Male sex, Ever smoking (past/current), Ever alcohol (past/current), Body mass index, kg/m2",0.002422639764928804
hdl,fn_bmd,beta,0.0004172649509819,-0.002689196212358,0.0035237261143218,0.793104697260397,11316,"Age, years, Male sex, Ever smoking (past/current), Ever alcohol (past/current), Body mass index, kg/m2",0.8213408854351127
ldl,fn_bmd,beta,-0.0040212514181482,-0.0082667803366522,0.0002242775003558,0.0675372322529339,11316,"Age, years, Male sex, Ever smoking (past/current), Ever alcohol (past/current), Body mass index, kg/m2",0.09078399279395397
nonhdl,fn_bmd,beta,-0.0050599328846829,-0.0080316979851329,-0.0020881677842329,0.0013493954414919,11316,"Age, years, Male sex, Ever smoking (past/current), Ever alcohol (past/current), Body mass index, kg/m2",0.00234749708291203
alt,fn_bmd,beta,-0.0030605847909838,-0.0071277348543721,0.0010065652724045,0.144653167499861,11316,"Age, years, Male sex, Ever smoking (past/current), Ever alcohol (past/current), Body mass index, kg/m2",0.18172369978705943
ast,fn_bmd,beta,-0.0006642513594239,-0.0051493544120065,0.0038208516931586,0.772448705657033,11316,"Age, years, Male sex, Ever smoking (past/current), Ever alcohol (past/current), Body mass index, kg/m2",0.8022747924215861
creatinine,fn_bmd,beta,0.0026240938254498,-0.0011169738490668,0.0063651614999664,0.174669311464428,11316,"Age, years, Male sex, Ever smoking (past/current), Ever alcohol (past/current), Body mass index, kg/m2",0.21640832951872133
egfr,fn_bmd,beta,-0.0074570384023273,-0.0119616620038143,-0.0029524148008404,0.0019861273935033,11316,"Age, years, Male sex, Ever smoking (past/current), Ever alcohol (past/current), Body mass index, kg/m2",0.0033750515329463294
hemoglobin,fn_bmd,beta,-0.0097924667746432,-0.0137191402334168,-0.0058657933158696,6.11143641722522e-06,11316,"Age, years, Male sex, Ever smoking (past/current), Ever alcohol (past/current), Body mass index, kg/m2",1.3468993017572686e-05
platelet,fn_bmd,beta,-0.0021526446486988,-0.0049644056360825,0.0006591163386848,0.137906489143459,11316,"Age, years, Male sex, Ever smoking (past/current), Ever alcohol (past/current), Body mass index, kg/m2",0.17402171325407456
wbc,fn_bmd,beta,-0.0056646954676563,-0.0126081339175617,0.001278742982249,0.114253768896181,11316,"Age, years, Male sex, Ever smoking (past/current), Ever alcohol (past/current), Body mass index, kg/m2",0.14719184505471258
fib4,fn_bmd,beta,0.0031101943276731,-0.0015459492049392,0.0077663378602855,0.194676446090923,11316,"Age, years, Male sex, Ever smoking (past/current), Ever alcohol (past/current), Body mass index, kg/m2",0.23909966492880824
vitd,fn_bmd,beta,-0.0008529243582832,-0.003766688974539,0.0020608402579726,0.567959491254578,11316,"Age, years, Male sex, Ever smoking (past/current), Ever alcohol (past/current), Body mass index, kg/m2",0.6217066262875237
ls_bmd,fn_bmd,beta,0.0800930173913154,0.0772707119482124,0.0829153228344185,2.73470037945493e-60,11316,"Age, years, Male sex, Ever smoking (past/current), Ever alcohol (past/current), Body mass index, kg/m2",1.9318704823435183e-58
insulin,fn_bmd,beta,-0.0028157711270526,-0.0075650816133222,0.0019335393592169,0.249108686214235,11316,"Age, years, Male sex, Ever smoking (past/current), Ever alcohol (past/current), Body mass index, kg/m2",0.2990816275154821
ggt,fn_bmd,beta,-0.0018243837231752,-0.0050532517576999,0.0014044843113495,0.271839585681747,11316,"Age, years, Male sex, Ever smoking (past/current), Ever alcohol (past/current), Body mass index, kg/m2",0.3242078386967112
uric,fn_bmd,beta,0.0059985990456017,0.002697939960552,0.0092992581306514,0.0006619513585022,11316,"Age, years, Male sex, Ever smoking (past/current), Ever alcohol (past/current), Body mass index, kg/m2",0.0012006783925881262
cap,fn_bmd,beta,0.0017501733955974,-0.0111112172869391,0.014611564078134,0.79569820942704,11316,"Age, years, Male sex, Ever smoking (past/current), Ever alcohol (past/current), Body mass index, kg/m2",0.8233800984811326
lsm,fn_bmd,beta,-0.0022004684625348,-0.0070500247897974,0.0026490878647278,0.396966982304531,11316,"Age, years, Male sex, Ever smoking (past/current), Ever alcohol (past/current), Body mass index, kg/m2",0.4543985480314596
dm,fn_bmd,beta,0.0139965108237982,0.0051134702105306,0.0228795514370658,0.0028723950348598,11316,"Age, years, Male sex, Ever smoking (past/current), Ever alcohol (past/current), Body mass index, kg/m2",0.004772446349393267
prediabetes,fn_bmd,beta,0.0021680651942392,-0.0048314696499378,0.0091676000384163,0.545722135048606,11316,"Age, years, Male sex, Ever smoking (past/current), Ever alcohol (past/current), Body mass index, kg/m2",0.6016936360792323
htn,fn_bmd,beta,0.007836568342558,0.0012195766196886,0.0144535600654274,0.0231488375958404,11316,"Age, years, Male sex, Ever smoking (past/current), Ever alcohol (past/current), Body mass index, kg/m2",0.03366794173865611
mets,fn_bmd,beta,0.0034174444880411,-0.0058321727141108,0.0126670616901931,0.471347770976287,11316,"Age, years, Male sex, Ever smoking (past/current), Ever alcohol (past/current), Body mass index, kg/m2",0.5295801709690973
dyslipidemia,fn_bmd,beta,-0.0013874935358362,-0.0076701169641637,0.0048951298924912,0.666429607490886,11316,"Age, years, Male sex, Ever smoking (past/current), Ever alcohol (past/current), Body mass index, kg/m2",0.7098533999014391
low_hdl,fn_bmd,beta,0.0030526019669571,-0.0037841592517181,0.0098893631856323,0.384450517512141,11316,"Age, years, Male sex, Ever smoking (past/current), Ever alcohol (past/current), Body mass index, kg/m2",0.4412202632080156
high_tg,fn_bmd,beta,-0.0059784390904129,-0.016070572005098,0.0041136938242721,0.249499516319302,11316,"Age, years, Male sex, Ever smoking (past/current), Ever alcohol (past/current), Body mass index, kg/m2",0.29936914969947187
high_ldl,fn_bmd,beta,-0.0130712994439734,-0.0269712515755949,0.0008286526876481,0.0694806326635413,11316,"Age, years, Male sex, Ever smoking (past/current), Ever alcohol (past/current), Body mass index, kg/m2",0.09311157954504384
high_nonhdl,fn_bmd,beta,-0.0126785153992009,-0.021254607569326,-0.0041024232290758,0.0049975364114167,11316,"Age, years, Male sex, Ever smoking (past/current), Ever alcohol (past/current), Body mass index, kg/m2",0.008053056636889802
atherogenic_dyslipidemia,fn_bmd,beta,8.78092906868091e-05,-0.0128844587206993,0.0130600773020729,0.989451793733605,11316,"Age, years, Male sex, Ever smoking (past/current), Ever alcohol (past/current), Body mass index, kg/m2",0.9914567619073307
insulin_resistance,fn_bmd,beta,-0.0093975786369815,-0.0191242772598659,0.0003291199859028,0.0623421411623031,11316,"Age, years, Male sex, Ever smoking (past/current), Ever alcohol (past/current), Body mass index, kg/m2",0.08420126679346912
ckd,fn_bmd,beta,0.0013515313209725,-0.0066896018077432,0.0093926644496883,0.742799556413843,11316,"Age, years, Male sex, Ever smoking (past/current), Ever alcohol (past/current), Body mass index, kg/m2",0.7757431481449744
high_alt,fn_bmd,beta,-0.0192742278896281,-0.0317556655989274,-0.0067927901803288,0.0034430912663109,11316,"Age, years, Male sex, Ever smoking (past/current), Ever alcohol (past/current), Body mass index, kg/m2",0.005672998354654694
high_ast,fn_bmd,beta,0.0041918532159062,-0.0110804989837413,0.0194642054155539,0.592281754043769,11316,"Age, years, Male sex, Ever smoking (past/current), Ever alcohol (past/current), Body mass index, kg/m2",0.643346133716955
adv_fibrosis,fn_bmd,beta,0.0009539874645584,-0.0182774131874926,0.0201853881166095,0.922819902435319,11316,"Age, years, Male sex, Ever smoking (past/current), Ever alcohol (past/current), Body mass index, kg/m2",0.9339154602287342
steatosis,fn_bmd,beta,0.0083692050193737,-0.0182825081854583,0.0350209182242057,0.553479940402726,11316,"Age, years, Male sex, Ever smoking (past/current), Ever alcohol (past/current), Body mass index, kg/m2",0.6088895006210189
masld,fn_bmd,beta,0.0071904747683776,-0.0234220251917097,0.037802974728465,0.656165704565177,11316,"Age, years, Male sex, Ever smoking (past/current), Ever alcohol (past/current), Body mass index, kg/m2",0.6996742661077736
anemia,fn_bmd,beta,0.024284900509379,0.012828309069959,0.0357414919487991,8.95712373976814e-05,11316,"Age, years, Male sex, Ever smoking (past/current), Ever alcohol (past/current), Body mass index, kg/m2",0.00017699491265995386
leukocytosis,fn_bmd,beta,-0.0198982234789303,-0.0352933307709453,-0.0045031161869153,0.0135092630173194,11316,"Age, years, Male sex, Ever smoking (past/current), Ever alcohol (past/current), Body mass index, kg/m2",0.02037462619005549
vitd_deficiency,fn_bmd,beta,0.0035037701543303,-0.0039820678325318,0.0109896081411926,0.362047149147091,11316,"Age, years, Male sex, Ever smoking (past/current), Ever alcohol (past/current), Body mass index, kg/m2",0.41802119138311655
current_smoking,fn_bmd,beta,-0.0109736468956791,-0.0177759305785669,-0.0041713632127913,0.0022942726689487,11316,"Age, years, Male sex, Ever alcohol (past/current), Body mass index, kg/m2",0.003860545588413891
age,ls_bmd,beta,-0.0280476263617517,-0.0318205825396951,-0.0242746701838083,1.05113320122575e-23,8787,unadjusted,7.425505257230477e-23
men,ls_bmd,beta,0.0428670058202166,0.0348723186055298,0.0508616930349034,1.81898315622128e-16,8787,unadjusted,8.299766281443348e-16
bmi,ls_bmd,beta,0.0438636538761884,0.0400384227646507,0.047688884987726,8.57955913280109e-35,8787,"Age, years, Male sex",1.1950963355408843e-33
smoking,ls_bmd,beta,-0.0031481626329076,-0.0101185837350845,0.0038222584692692,0.378902151269901,8787,"Age, years, Male sex",0.4357443815536395
alcohol,ls_bmd,beta,0.0146739591783655,0.0050366522690193,0.0243112660877116,0.0038490824155497,8787,"Age, years, Male sex",0.00630255382281234
wc,ls_bmd,beta,0.0419658180597906,0.0380348453886295,0.0458967907309517,2.51527142065183e-32,8787,"Age, years, Male sex, Ever smoking (past/current), Ever alcohol (past/current)",3.09981736451671e-31
height,ls_bmd,beta,0.044450568287584,0.0389746161014206,0.0499265204737473,2.84627011661967e-25,8787,"Age, years, Male sex, Ever smoking (past/current), Ever alcohol (past/current)",2.1779196482296743e-24
weight,ls_bmd,beta,0.0548378158321302,0.0509074230316953,0.0587682086325651,9.1443605254261e-40,8787,"Age, years, Male sex, Ever smoking (past/current), Ever alcohol (past/current)",1.6006677096719316e-38
whtr,ls_bmd,beta,0.0331024626472431,0.0288228939939171,0.037382031300569,4.17763234495683e-24,8787,"Age, years, Male sex, Ever smoking (past/current), Ever alcohol (past/current)",3.005779018016185e-23
fat_kg,ls_bmd,beta,0.0419312769127289,0.0349364084843667,0.0489261453410911,1.51695481102014e-14,8787,"Age, years, Male sex, Ever smoking (past/current), Ever alcohol (past/current)",6.06781924408056e-14
lean_kg,ls_bmd,beta,0.0817907133280623,0.072690506697309,0.0908909199588155,1.88348325227328e-20,8787,"Age, years, Male sex, Ever smoking (past/current), Ever alcohol (past/current)",1.0814310226405074e-19
asmm_kg,ls_bmd,beta,0.0802237054190059,0.070735400730047,0.0897120101079647,1.62764349197354e-19,8787,"Age, years, Male sex, Ever smoking (past/current), Ever alcohol (past/current)",8.844722052537534e-19
asmi,ls_bmd,beta,0.057867638122422,0.0486765180063633,0.0670587582384807,3.2256696552427103e-15,8787,"Age, years, Male sex, Ever smoking (past/current), Ever alcohol (past/current)",1.3418243066393442e-14
bodyfat_pct,ls_bmd,beta,0.0282577163379012,0.0184718598530181,0.0380435728227842,1.42137431153545e-06,8787,"Age, years, Male sex, Ever smoking (past/current), Ever alcohol (past/current)",3.295988731790293e-06
asm_pct,ls_bmd,beta,-0.0205178047025422,-0.0303220886574086,-0.0107135207476757,0.0001954615246483,8787,"Age, years, Male sex, Ever smoking (past/current), Ever alcohol (past/current)",0.000374453167800811
obesity,ls_bmd,beta,0.0732437309255404,0.0644749440397967,0.082012517811284,5.64269215754169e-26,8787,"Age, years, Male sex, Ever smoking (past/current), Ever alcohol (past/current)",4.564926416203461e-25
overweight,ls_bmd,beta,0.0759627020806674,0.0683005842642671,0.0836248198970676,2.3511461476389297e-30,8787,"Age, years, Male sex, Ever smoking (past/current), Ever alcohol (past/current)",2.4737058936328737e-29
abdominal_obesity,ls_bmd,beta,0.0682563375391112,0.0602526586147799,0.0762600164634425,1.7194082840896598e-26,8787,"Age, years, Male sex, Ever smoking (past/current), Ever alcohol (past/current)",1.431995615128146e-25
central_obesity,ls_bmd,beta,0.0494321796291636,0.0395164814807624,0.0593478777775648,7.786463275346131e-15,8787,"Age, years, Male sex, Ever smoking (past/current), Ever alcohol (past/current)",3.169058510007129e-14
high_bodyfat,ls_bmd,beta,0.0367512605805423,0.0218041475445078,0.0516983736165768,2.103069061753e-05,8787,"Age, years, Male sex, Ever smoking (past/current), Ever alcohol (past/current)",4.432467345921614e-05
sarcopenia,ls_bmd,beta,-0.105607555023252,-0.148526421274099,-0.0626886887724058,2.07868515024904e-05,8787,"Age, years, Male sex, Ever smoking (past/current), Ever alcohol (past/current)",4.385748509005441e-05
sbp,ls_bmd,beta,0.0013008998906514,-0.0032571501494504,0.0058589499307534,0.577650600934777,8787,"Age, years, Male sex, Ever smoking (past/current), Ever alcohol (past/current), Body mass index, kg/m2",0.6298748007987811
dbp,ls_bmd,beta,0.0014800348905296,-0.0030442590723326,0.0060043288533918,0.523472760642937,8787,"Age, years, Male sex, Ever smoking (past/current), Ever alcohol (past/current), Body mass index, kg/m2",0.5803974890985031
glucose,ls_bmd,beta,0.0023015153915894,-0.0043151342247058,0.0089181650078847,0.497608385886634,8787,"Age, years, Male sex, Ever smoking (past/current), Ever alcohol (past/current), Body mass index, kg/m2",0.5553000774520519
hba1c,ls_bmd,beta,0.0049469695221829,3.65480950868602e-05,0.0098573909492789,0.0522049321381325,8787,"Age, years, Male sex, Ever smoking (past/current), Ever alcohol (past/current), Body mass index, kg/m2",0.07163465540702468
homa_ir,ls_bmd,beta,-0.0014602264675924,-0.0070747262574475,0.0041542733222627,0.611800988864396,8787,"Age, years, Male sex, Ever smoking (past/current), Ever alcohol (past/current), Body mass index, kg/m2",0.6605580545708382
tg,ls_bmd,beta,-0.0023715653914151,-0.0084090850151404,0.0036659542323102,0.443915057536887,8787,"Age, years, Male sex, Ever smoking (past/current), Ever alcohol (past/current), Body mass index, kg/m2",0.5027563606114872
tchol,ls_bmd,beta,-0.0088727001078152,-0.0125067018137872,-0.0052386984018433,8.99978210377275e-06,8787,"Age, years, Male sex, Ever smoking (past/current), Ever alcohol (past/current), Body mass index, kg/m2",1.9626867697092062e-05
hdl,ls_bmd,beta,-0.0010342016738916,-0.0053941182035951,0.0033257148558117,0.643407732097147,8787,"Age, years, Male sex, Ever smoking (past/current), Ever alcohol (past/current), Body mass index, kg/m2",0.6886690985325523
ldl,ls_bmd,beta,-0.010811170997117,-0.0161596981256181,-0.0054626438686159,0.0001749327939132,8787,"Age, years, Male sex, Ever smoking (past/current), Ever alcohol (past/current), Body mass index, kg/m2",0.0003375776257173752
nonhdl,ls_bmd,beta,-0.0085094292611332,-0.0124219968682541,-0.0045968616540123,6.11024733888067e-05,8787,"Age, years, Male sex, Ever smoking (past/current), Ever alcohol (past/current), Body mass index, kg/m2",0.0001225146400031015
alt,ls_bmd,beta,-0.0127204792345501,-0.0186593929541317,-0.0067815655149685,7.68634690611807e-05,8787,"Age, years, Male sex, Ever smoking (past/current), Ever alcohol (past/current), Body mass index, kg/m2",0.00015279994151056825
ast,ls_bmd,beta,-0.0067815216149405,-0.0119661647511905,-0.0015968784786907,0.0124752595908998,8787,"Age, years, Male sex, Ever smoking (past/current), Ever alcohol (past/current), Body mass index, kg/m2",0.018901618897586982
creatinine,ls_bmd,beta,0.0162207250944338,0.0095525228817422,0.0228889273071253,1.36728049581806e-05,8787,"Age, years, Male sex, Ever smoking (past/current), Ever alcohol (past/current), Body mass index, kg/m2",2.922183490792137e-05
egfr,ls_bmd,beta,-0.0196015658129796,-0.0258660842318713,-0.013337047394088,9.23537195246139e-08,8787,"Age, years, Male sex, Ever smoking (past/current), Ever alcohol (past/current), Body mass index, kg/m2",2.3632038450153464e-07
hemoglobin,ls_bmd,beta,-0.0172159800920691,-0.0217642732563399,-0.0126676869277983,1.99041955395627e-10,8787,"Age, years, Male sex, Ever smoking (past/current), Ever alcohol (past/current), Body mass index, kg/m2",6.200078547599217e-10
platelet,ls_bmd,beta,-0.0071377276715233,-0.0107139812277476,-0.003561474115299,0.0002074461131739,8787,"Age, years, Male sex, Ever smoking (past/current), Ever alcohol (past/current), Body mass index, kg/m2",0.00039664418739291854
wbc,ls_bmd,beta,0.0011611998397748,-0.002266549865791,0.0045889495453407,0.508854655403001,8787,"Age, years, Male sex, Ever smoking (past/current), Ever alcohol (past/current), Body mass index, kg/m2",0.5665716343299386
fib4,ls_bmd,beta,0.0099240204172768,0.002625532534248,0.0172225083003058,0.0095213380258399,8787,"Age, years, Male sex, Ever smoking (past/current), Ever alcohol (past/current), Body mass index, kg/m2",0.01471344266805572
vitd,ls_bmd,beta,0.0034451508720867,-0.0003660406725221,0.0072563424166955,0.0807260960379761,8787,"Age, years, Male sex, Ever smoking (past/current), Ever alcohol (past/current), Body mass index, kg/m2",0.10687832527651722
fn_bmd,ls_bmd,beta,0.109164022444697,0.105428370298334,0.112899674591059,3.57306236101759e-61,8787,"Age, years, Male sex, Ever smoking (past/current), Ever alcohol (past/current), Body mass index, kg/m2",2.6669876792802997e-59
insulin,ls_bmd,beta,-0.0023093860333401,-0.0082573451455706,0.0036385730788904,0.449177215400204,8787,"Age, years, Male sex, Ever smoking (past/current), Ever alcohol (past/current), Body mass index, kg/m2",0.507988869103261
ggt,ls_bmd,beta,-0.0049679487529498,-0.0088011676926289,-0.0011347298132707,0.013267706533559,8787,"Age, years, Male sex, Ever smoking (past/current), Ever alcohol (past/current), Body mass index, kg/m2",0.020025580712231743
uric,ls_bmd,beta,0.005365366756545,0.0001362037882375,0.0105945297248526,0.0481178536392347,8787,"Age, years, Male sex, Ever smoking (past/current), Ever alcohol (past/current), Body mass index, kg/m2",0.06641808408821091
cap,ls_bmd,beta,0.0243291545331876,0.0010336937902063,0.0476246152761688,0.0709605623607267,8787,"Age, years, Male sex, Ever smoking (past/current), Ever alcohol (past/current), Body mass index, kg/m2",0.09496924294575472
lsm,ls_bmd,beta,-0.0044833695499226,-0.0214809129538249,0.0125141738539795,0.617633275256097,8787,"Age, years, Male sex, Ever smoking (past/current), Ever alcohol (past/current), Body mass index, kg/m2",0.6654022976342919
dm,ls_bmd,beta,0.0180866018157147,0.0057417839280905,0.0304314197033389,0.0053794193260236,8787,"Age, years, Male sex, Ever smoking (past/current), Ever alcohol (past/current), Body mass index, kg/m2",0.008643778575852707
prediabetes,ls_bmd,beta,-0.0038537559980138,-0.0124301876992655,0.0047226757032377,0.381445564660121,8787,"Age, years, Male sex, Ever smoking (past/current), Ever alcohol (past/current), Body mass index, kg/m2",0.4382801782734355
htn,ls_bmd,beta,0.0201498640045095,0.0109596637045058,0.0293400643045133,5.40107495646071e-05,8787,"Age, years, Male sex, Ever smoking (past/current), Ever alcohol (past/current), Body mass index, kg/m2",0.00010890240839836171
mets,ls_bmd,beta,0.0107343530417348,-0.0036523029992199,0.0251210090826895,0.148038737929453,8787,"Age, years, Male sex, Ever smoking (past/current), Ever alcohol (past/current), Body mass index, kg/m2",0.18574096011700475
dyslipidemia,ls_bmd,beta,-0.0035648342394691,-0.0133873022196003,0.0062576337406621,0.479206613933281,8787,"Age, years, Male sex, Ever smoking (past/current), Ever alcohol (past/current), Body mass index, kg/m2",0.5370372138017167
low_hdl,ls_bmd,beta,0.001677819151473,-0.0083652796316036,0.0117209179345497,0.74429763906323,8787,"Age, years, Male sex, Ever smoking (past/current), Ever alcohol (past/current), Body mass index, kg/m2",0.776692550813542
high_tg,ls_bmd,beta,-0.002041176271816,-0.0169595641734761,0.012877211629844,0.789343936880483,8787,"Age, years, Male sex, Ever smoking (past/current), Ever alcohol (past/current), Body mass index, kg/m2",0.8178744406231511
high_ldl,ls_bmd,beta,-0.0285688236314983,-0.0442673006888188,-0.0128703465741777,0.0006517557352101,8787,"Age, years, Male sex, Ever smoking (past/current), Ever alcohol (past/current), Body mass index, kg/m2",0.0011827273800418146
high_nonhdl,ls_bmd,beta,-0.0231120992507872,-0.0348689522735248,-0.0113552462280496,0.0002532373958072,8787,"Age, years, Male sex, Ever smoking (past/current), Ever alcohol (past/current), Body mass index, kg/m2",0.0004793335587623365
atherogenic_dyslipidemia,ls_bmd,beta,0.0112856664792322,-0.0087870574040153,0.0313583903624797,0.274188392427783,8787,"Age, years, Male sex, Ever smoking (past/current), Ever alcohol (past/current), Body mass index, kg/m2",0.32681207606035234
insulin_resistance,ls_bmd,beta,-0.0060979174314787,-0.0167827319896561,0.0045868971266986,0.267085786999193,8787,"Age, years, Male sex, Ever smoking (past/current), Ever alcohol (past/current), Body mass index, kg/m2",0.3191154857652696
ckd,ls_bmd,beta,0.0133826377361203,0.003480507186203,0.0232847682860376,0.0099448475346999,8787,"Age, years, Male sex, Ever smoking (past/current), Ever alcohol (past/current), Body mass index, kg/m2",0.015331962917877164
high_alt,ls_bmd,beta,-0.0365702412558829,-0.0501733432658409,-0.022967139245925,1.40462630717066e-06,8787,"Age, years, Male sex, Ever smoking (past/current), Ever alcohol (past/current), Body mass index, kg/m2",3.259062563734388e-06
high_ast,ls_bmd,beta,-0.0071677970773686,-0.0263700154500891,0.0120344212953517,0.466803601536285,8787,"Age, years, Male sex, Ever smoking (past/current), Ever alcohol (past/current), Body mass index, kg/m2",0.5250328219893181
adv_fibrosis,ls_bmd,beta,0.0078697573280657,-0.030087000263186,0.0458265149193175,0.685688483572545,8787,"Age, years, Male sex, Ever smoking (past/current), Ever alcohol (past/current), Body mass index, kg/m2",0.7268444911610363
steatosis,ls_bmd,beta,0.0517472815473116,-0.0024309480799879,0.105925511174611,0.0939899809420291,8787,"Age, years, Male sex, Ever smoking (past/current), Ever alcohol (past/current), Body mass index, kg/m2",0.1227953647974462
masld,ls_bmd,beta,0.0452617565120516,-0.0088112770668505,0.0993347900909537,0.135296680968613,8787,"Age, years, Male sex, Ever smoking (past/current), Ever alcohol (past/current), Body mass index, kg/m2",0.17094655698238037
anemia,ls_bmd,beta,0.0403701303028447,0.0266467613338137,0.0540934992718756,1.9495138467748e-07,8787,"Age, years, Male sex, Ever smoking (past/current), Ever alcohol (past/current), Body mass index, kg/m2",4.865789765199438e-07
leukocytosis,ls_bmd,beta,-0.0070052843308286,-0.0211354732129114,0.007124904551254,0.334496792167409,8787,"Age, years, Male sex, Ever smoking (past/current), Ever alcohol (past/current), Body mass index, kg/m2",0.39034492914875224
vitd_deficiency,ls_bmd,beta,-0.0004662808815642,-0.0081382167180217,0.0072056549548932,0.905513649109835,8787,"Age, years, Male sex, Ever smoking (past/current), Ever alcohol (past/current), Body mass index, kg/m2",0.9211139099713312
current_smoking,ls_bmd,beta,-0.0094481332647677,-0.0171779803700281,-0.0017182861595073,0.0191902064686666,8787,"Age, years, Male sex, Ever alcohol (past/current), Body mass index, kg/m2",0.02820076403790679
age,insulin,beta,0.385409813150235,0.0324167212626926,0.738402905037778,0.0343299475000139,12285,unadjusted,0.04862487372361438
men,insulin,beta,1.25676938771347,0.51720165912196,1.99633711630497,0.0011440367385787,12285,unadjusted,0.00201057722692907
bmi,insulin,beta,6.40653740569052,5.8687641886638,6.94431062271724,1.20947405414661e-46,12285,"Age, years, Male sex",3.067102152694865e-45
smoking,insulin,beta,-0.0176386791603917,-0.647566609792083,0.612289251471299,0.956322853178182,12285,"Age, years, Male sex",0.9636304654031809
alcohol,insulin,beta,-2.5724319868057,-3.57617709431807,-1.56868687929333,1.77449696988307e-06,12285,"Age, years, Male sex",4.07423680374778e-06
wc,insulin,beta,6.55952923115597,5.99737268876448,7.12168577354747,2.24731710581456e-45,12285,"Age, years, Male sex, Ever smoking (past/current), Ever alcohol (past/current)",5.199056415556959e-44
height,insulin,beta,0.217783039342967,-0.291899872453642,0.727465951139576,0.403995589695274,12285,"Age, years, Male sex, Ever smoking (past/current), Ever alcohol (past/current)",0.46190940833367167
weight,insulin,beta,6.41090669330296,5.79702382806116,7.02478955854475,8.54284160797373e-41,12285,"Age, years, Male sex, Ever smoking (past/current), Ever alcohol (past/current)",1.5866423193025388e-39
whtr,insulin,beta,6.61263594349323,6.04202702037338,7.18324486661308,4.37190069919329e-45,12285,"Age, years, Male sex, Ever smoking (past/current), Ever alcohol (past/current)",9.939792624142906e-44
fat_kg,insulin,beta,6.31476567813699,5.12161099045119,7.5079203658228,6.13276953420149e-16,12285,"Age, years, Male sex, Ever smoking (past/current), Ever alcohol (past/current)",2.722922141111234e-15
lean_kg,insulin,beta,7.30244561601154,5.60305753698207,9.001833695041,2.49493282718261e-12,12285,"Age, years, Male sex, Ever smoking (past/current), Ever alcohol (past/current)",8.597521136179794e-12
asmm_kg,insulin,beta,6.56758958434891,5.07849535340004,8.05668381529778,9.60201967283519e-13,12285,"Age, years, Male sex, Ever smoking (past/current), Ever alcohol (past/current)",3.4221252095257672e-12
asmi,insulin,beta,6.28211911643705,4.9550276804717,7.60921055240239,6.35280857491883e-14,12285,"Age, years, Male sex, Ever smoking (past/current), Ever alcohol (past/current)",2.461479992397541e-13
bodyfat_pct,insulin,beta,6.92743778572235,5.83739652240132,8.01747904904339,1.22485722158263e-19,12285,"Age, years, Male sex, Ever smoking (past/current), Ever alcohol (past/current)",6.701985018784073e-19
asm_pct,insulin,beta,-7.05354415637699,-8.41325078570758,-5.6938375270464,1.4562227828126202e-15,12285,"Age, years, Male sex, Ever smoking (past/current), Ever alcohol (past/current)",6.254959097510017e-15
obesity,insulin,beta,10.8897454947373,9.98984900306105,11.7896419864136,6.397782874701761e-47,12285,"Age, years, Male sex, Ever smoking (past/current), Ever alcohol (past/current)",1.6542241210666773e-45
overweight,insulin,beta,8.86844288058871,8.25044754073266,9.48643822044476,2.09953147157481e-54,12285,"Age, years, Male sex, Ever smoking (past/current), Ever alcohol (past/current)",8.835900533563775e-53
abdominal_obesity,insulin,beta,9.97459499720877,9.09384671811902,10.8553432762985,4.02328694156054e-44,12285,"Age, years, Male sex, Ever smoking (past/current), Ever alcohol (past/current)",8.793438199344473e-43
central_obesity,insulin,beta,8.80735170609145,8.14363831870494,9.47106509347797,6.39865698772736e-51,12285,"Age, years, Male sex, Ever smoking (past/current), Ever alcohol (past/current)",2.0579745563780026e-49
high_bodyfat,insulin,beta,8.05357180572049,6.85013626554818,9.25700734589279,9.12580976518696e-21,12285,"Age, years, Male sex, Ever smoking (past/current), Ever alcohol (past/current)",5.364294714870671e-20
sarcopenia,insulin,beta,-5.37287520854054,-6.4718870963565,-4.27386332072459,1.7381479414454998e-14,12285,"Age, years, Male sex, Ever smoking (past/current), Ever alcohol (past/current)",6.931565782619352e-14
sbp,insulin,beta,0.183128597058632,-0.27190820384053,0.638165397957795,0.431812108039556,12285,"Age, years, Male sex, Ever smoking (past/current), Ever alcohol (past/current), Body mass index, kg/m2",0.49073504722909606
dbp,insulin,beta,0.155095179989657,-0.168059424963674,0.478249784942989,0.348788258984731,12285,"Age, years, Male sex, Ever smoking (past/current), Ever alcohol (past/current), Body mass index, kg/m2",0.40499159158896264
tg,insulin,beta,2.03357220678668,1.40556061006568,2.66158380350769,4.23659746821914e-09,12285,"Age, years, Male sex, Ever smoking (past/current), Ever alcohol (past/current), Body mass index, kg/m2",1.1962869082280457e-08
tchol,insulin,beta,-0.819531980132238,-1.18657938564995,-0.452484574614529,2.6230144596417e-05,12285,"Age, years, Male sex, Ever smoking (past/current), Ever alcohol (past/current), Body mass index, kg/m2",5.478693348649718e-05
hdl,insulin,beta,-2.20861901428651,-2.52707675411905,-1.89016127445398,6.67947672072779e-26,12285,"Age, years, Male sex, Ever smoking (past/current), Ever alcohol (past/current), Body mass index, kg/m2",5.3816720788592945e-25
ldl,insulin,beta,-0.985865843128554,-1.3305786855713,-0.641153000685811,1.38542923406501e-07,12285,"Age, years, Male sex, Ever smoking (past/current), Ever alcohol (past/current), Body mass index, kg/m2",3.48648730913561e-07
nonhdl,insulin,beta,-0.127910469849636,-0.470129812313988,0.214308872614717,0.465264700173003,12285,"Age, years, Male sex, Ever smoking (past/current), Ever alcohol (past/current), Body mass index, kg/m2",0.5234889516167235
alt,insulin,beta,1.64772305726442,1.12553355731872,2.16991255721011,9.24486440172541e-09,12285,"Age, years, Male sex, Ever smoking (past/current), Ever alcohol (past/current), Body mass index, kg/m2",2.5719186760355642e-08
ast,insulin,beta,0.681696987011615,0.199340369011989,1.16405360501124,0.0065134598037565,12285,"Age, years, Male sex, Ever smoking (past/current), Ever alcohol (past/current), Body mass index, kg/m2",0.010331694861130999
creatinine,insulin,beta,0.0730140893917657,-0.668725790888861,0.814753969672393,0.847389763777824,12285,"Age, years, Male sex, Ever smoking (past/current), Ever alcohol (past/current), Body mass index, kg/m2",0.8702684074519916
egfr,insulin,beta,-0.270133226955735,-1.20280316462463,0.662536710713155,0.571485391742433,12285,"Age, years, Male sex, Ever smoking (past/current), Ever alcohol (past/current), Body mass index, kg/m2",0.6245293397052665
hemoglobin,insulin,beta,0.227074323212664,-0.329966326914695,0.784114973340024,0.42590589809542,12285,"Age, years, Male sex, Ever smoking (past/current), Ever alcohol (past/current), Body mass index, kg/m2",0.4845797333521661
platelet,insulin,beta,0.018352349528495,-0.307402390438965,0.344107089495955,0.912262012516314,12285,"Age, years, Male sex, Ever smoking (past/current), Ever alcohol (past/current), Body mass index, kg/m2",0.9260735236116342
wbc,insulin,beta,1.84167784754257,1.34668592871153,2.33666976637362,3.7900172067145e-11,12285,"Age, years, Male sex, Ever smoking (past/current), Ever alcohol (past/current), Body mass index, kg/m2",1.2229451932922156e-10
fib4,insulin,beta,0.191441389091374,-0.294888641328471,0.677771419511219,0.441926752900102,12285,"Age, years, Male sex, Ever smoking (past/current), Ever alcohol (past/current), Body mass index, kg/m2",0.5009347376712904
vitd,insulin,beta,-0.582914523853548,-0.937761599631866,-0.228067448075229,0.001657634396458,12285,"Age, years, Male sex, Ever smoking (past/current), Ever alcohol (past/current), Body mass index, kg/m2",0.002849892078395414
fn_bmd,insulin,beta,-0.539147258105274,-1.18726324057791,0.10896872436736,0.107432491138858,12285,"Age, years, Male sex, Ever smoking (past/current), Ever alcohol (past/current), Body mass index, kg/m2",0.13902614816660852
ls_bmd,insulin,beta,0.197012598658002,-0.593409395127141,0.987434592443146,0.626680167586518,12285,"Age, years, Male sex, Ever smoking (past/current), Ever alcohol (past/current), Body mass index, kg/m2",0.6738642954531844
ggt,insulin,beta,0.753745152417003,0.368662056824428,1.13882824800958,0.0002020432837932,12285,"Age, years, Male sex, Ever smoking (past/current), Ever alcohol (past/current), Body mass index, kg/m2",0.0003868747486378989
uric,insulin,beta,1.24566859466388,0.682950681202918,1.80838650812485,3.03907368085656e-05,12285,"Age, years, Male sex, Ever smoking (past/current), Ever alcohol (past/current), Body mass index, kg/m2",6.294542136894528e-05
cap,insulin,beta,3.3031111986721,1.87182022500316,4.73440217234105,0.0014400493237169,12285,"Age, years, Male sex, Ever smoking (past/current), Ever alcohol (past/current), Body mass index, kg/m2",0.0025002456847492377
lsm,insulin,beta,0.293588077795467,-1.12153353897929,1.70870969457022,0.693778680813881,12285,"Age, years, Male sex, Ever smoking (past/current), Ever alcohol (past/current), Body mass index, kg/m2",0.7345882318984563
htn,insulin,beta,1.61165829661191,0.66162487288986,2.56169172033396,0.001178641590535,12285,"Age, years, Male sex, Ever smoking (past/current), Ever alcohol (past/current), Body mass index, kg/m2",0.00206680236354453
mets,insulin,beta,5.6391899886156,4.58806783442884,6.69031214280235,1.1962927751874e-18,12285,"Age, years, Male sex, Ever smoking (past/current), Ever alcohol (past/current), Body mass index, kg/m2",6.25996589767375e-18
dyslipidemia,insulin,beta,3.75282132474607,3.0777520585079,4.42789059098424,1.48718289015493e-19,12285,"Age, years, Male sex, Ever smoking (past/current), Ever alcohol (past/current), Body mass index, kg/m2",8.114890363383315e-19
low_hdl,insulin,beta,4.36204772601776,3.49908777921564,5.22500767281988,3.32784502444185e-17,12285,"Age, years, Male sex, Ever smoking (past/current), Ever alcohol (past/current), Body mass index, kg/m2",1.613352318222054e-16
high_tg,insulin,beta,4.37276439565363,3.50282035737548,5.24270843393179,4.50324431125071e-17,12285,"Age, years, Male sex, Ever smoking (past/current), Ever alcohol (past/current), Body mass index, kg/m2",2.167254804781972e-16
high_ldl,insulin,beta,-1.07440085127267,-1.79222384020571,-0.356577862339626,0.0040263623890349,12285,"Age, years, Male sex, Ever smoking (past/current), Ever alcohol (past/current), Body mass index, kg/m2",0.0065792191701867266
high_nonhdl,insulin,beta,0.501101053009476,-0.234500510479884,1.23670261649884,0.184388601085076,12285,"Age, years, Male sex, Ever smoking (past/current), Ever alcohol (past/current), Body mass index, kg/m2",0.22745285497117576
atherogenic_dyslipidemia,insulin,beta,5.42592176277082,4.2605348268858,6.59130869865583,2.3391700343494e-15,12285,"Age, years, Male sex, Ever smoking (past/current), Ever alcohol (past/current), Body mass index, kg/m2",9.865412213098323e-15
ckd,insulin,beta,3.95621654362031,2.22601255260369,5.68642053463694,1.72541966641138e-05,12285,"Age, years, Male sex, Ever smoking (past/current), Ever alcohol (past/current), Body mass index, kg/m2",3.6560043922460736e-05
high_alt,insulin,beta,4.75341548454276,3.46012677686298,6.04670419222253,5.95634252842675e-11,12285,"Age, years, Male sex, Ever smoking (past/current), Ever alcohol (past/current), Body mass index, kg/m2",1.9095049467144428e-10
high_ast,insulin,beta,4.96109021671382,3.22101712476701,6.70116330866063,1.49972827662675e-07,12285,"Age, years, Male sex, Ever smoking (past/current), Ever alcohol (past/current), Body mass index, kg/m2",3.7621592024955125e-07
adv_fibrosis,insulin,beta,1.48608788117803,-0.309956274576362,3.28213203693243,0.107526183123534,12285,"Age, years, Male sex, Ever smoking (past/current), Ever alcohol (past/current), Body mass index, kg/m2",0.13910189026707015
steatosis,insulin,beta,4.35775283063172,2.72523413877913,5.9902715224843,0.0005405489582668,12285,"Age, years, Male sex, Ever smoking (past/current), Ever alcohol (past/current), Body mass index, kg/m2",0.0009909229281294999
masld,insulin,beta,4.32776278922773,1.87885099966952,6.77667457878595,0.0071185901285825,12285,"Age, years, Male sex, Ever smoking (past/current), Ever alcohol (past/current), Body mass index, kg/m2",0.01123300460657055
anemia,insulin,beta,-0.0832718405175558,-1.49046981508066,1.32392613404555,0.907862176953786,12285,"Age, years, Male sex, Ever smoking (past/current), Ever alcohol (past/current), Body mass index, kg/m2",0.9227910513949582
leukocytosis,insulin,beta,5.26784831560418,1.40510217666853,9.13059445453983,0.0085829995106703,12285,"Age, years, Male sex, Ever smoking (past/current), Ever alcohol (past/current), Body mass index, kg/m2",0.013357335194418452
vitd_deficiency,insulin,beta,1.26456393816022,0.324742357894945,2.20438551842549,0.0094836624444551,12285,"Age, years, Male sex, Ever smoking (past/current), Ever alcohol (past/current), Body mass index, kg/m2",0.014671071607891618
osteoporosis,insulin,beta,-0.396216958940998,-1.81511786328527,1.02268394540327,0.585878932272519,12285,"Age, years, Male sex, Ever smoking (past/current), Ever alcohol (past/current), Body mass index, kg/m2",0.6372661688397264
current_smoking,insulin,beta,0.225861791589211,-0.568466026485077,1.0201896096635,0.578360468947152,12285,"Age, years, Male sex, Ever alcohol (past/current), Body mass index, kg/m2",0.6304750661766142
age,ggt,beta,1.79597333515875,1.25366061465415,2.33828605566336,1.88640665132375e-09,24980,unadjusted,5.487224053409379e-09
men,ggt,beta,8.94611546334131,7.66785928210748,10.2243716445751,1.4896323265234e-26,24980,unadjusted,1.2485138736708838e-25
bmi,ggt,beta,3.40393764230447,2.87213151514273,3.9357437694662,1.22483097214569e-23,24980,"Age, years, Male sex",8.621763924925889e-23
smoking,ggt,beta,5.40542551343638,4.09622165156211,6.71462937531066,5.18591720033815e-13,24980,"Age, years, Male sex",1.890828428067993e-12
alcohol,ggt,beta,3.27550156776393,1.89032561092032,4.66067752460754,9.09192993322221e-06,24980,"Age, years, Male sex",1.981690072497359e-05
wc,ggt,beta,3.92509113221823,3.42580609908067,4.4243761653558,4.0096530764345295e-30,24980,"Age, years, Male sex, Ever smoking (past/current), Ever alcohol (past/current)",4.196345918088624e-29
height,ggt,beta,-1.77305423106425,-2.6413808335133,-0.904727628615202,0.0001095279215664,24980,"Age, years, Male sex, Ever smoking (past/current), Ever alcohol (past/current)",0.0002148202566765882
weight,ggt,beta,3.01915043046662,2.52570297053622,3.51259789039702,3.29047985683171e-22,24980,"Age, years, Male sex, Ever smoking (past/current), Ever alcohol (past/current)",2.140976696320106e-21
whtr,ggt,beta,4.2846167815094,3.71986433933755,4.84936922368124,6.5779715549883e-29,24980,"Age, years, Male sex, Ever smoking (past/current), Ever alcohol (past/current)",6.346940358910662e-28
fat_kg,ggt,beta,3.2021722912858,2.0713067177985,4.3330378647731,4.49350884594602e-07,24980,"Age, years, Male sex, Ever smoking (past/current), Ever alcohol (past/current)",1.0905718401572058e-06
lean_kg,ggt,beta,2.73652380169737,1.61044097202476,3.86260663136999,9.60743431731923e-06,24980,"Age, years, Male sex, Ever smoking (past/current), Ever alcohol (past/current)",2.087150475525254e-05
asmm_kg,ggt,beta,1.88909742763713,0.65754486527209,3.12064999000216,0.0036372229823707,24980,"Age, years, Male sex, Ever smoking (past/current), Ever alcohol (past/current)",0.005977920281785828
asmi,ggt,beta,2.79004875184581,1.49396836361798,4.08612914007365,7.0409613002679e-05,24980,"Age, years, Male sex, Ever smoking (past/current), Ever alcohol (past/current)",0.00014032263427637184
bodyfat_pct,ggt,beta,4.62863078514444,2.58829337172756,6.66896819856132,3.10834513237366e-05,24980,"Age, years, Male sex, Ever smoking (past/current), Ever alcohol (past/current)",6.434648531486238e-05
asm_pct,ggt,beta,-6.00628645336441,-7.65758087617931,-4.35499203054952,6.383967601450981e-10,24980,"Age, years, Male sex, Ever smoking (past/current), Ever alcohol (past/current)",1.9190711118039575e-09
obesity,ggt,beta,6.33431903619572,5.01677177148132,7.65186630091012,4.35689086959246e-16,24980,"Age, years, Male sex, Ever smoking (past/current), Ever alcohol (past/current)",1.9541791700802464e-15
overweight,ggt,beta,6.21500028489032,4.72385204489177,7.70614852488887,3.76032296355062e-13,24980,"Age, years, Male sex, Ever smoking (past/current), Ever alcohol (past/current)",1.3850873038925746e-12
abdominal_obesity,ggt,beta,7.1347864324153,5.78263128010808,8.48694158472251,2.83092485148041e-18,24980,"Age, years, Male sex, Ever smoking (past/current), Ever alcohol (past/current)",1.4582211865177736e-17
central_obesity,ggt,beta,8.97520164835477,7.61239591809879,10.3380073786108,2.2552039446482802e-24,24980,"Age, years, Male sex, Ever smoking (past/current), Ever alcohol (past/current)",1.6490918308740474e-23
high_bodyfat,ggt,beta,5.84440100648955,1.9398753798351,9.74892663314399,0.0044891733450336,24980,"Age, years, Male sex, Ever smoking (past/current), Ever alcohol (past/current)",0.007287308064404153
sarcopenia,ggt,beta,-0.318123980245178,-6.63183472764842,5.99558676715807,0.921605662378943,24980,"Age, years, Male sex, Ever smoking (past/current), Ever alcohol (past/current)",0.9329252815688585
sbp,ggt,beta,4.29926614650309,3.10692984447994,5.49160244852623,1.19185632027977e-10,24980,"Age, years, Male sex, Ever smoking (past/current), Ever alcohol (past/current), Body mass index, kg/m2",3.771986882421416e-10
dbp,ggt,beta,3.82434663542274,2.69832281740164,4.95037045344384,9.29001734544539e-10,24980,"Age, years, Male sex, Ever smoking (past/current), Ever alcohol (past/current), Body mass index, kg/m2",2.7508464534866738e-09
glucose,ggt,beta,3.69156695326989,2.56918073794023,4.81395316859954,2.60857489573999e-09,24980,"Age, years, Male sex, Ever smoking (past/current), Ever alcohol (past/current), Body mass index, kg/m2",7.499652825252472e-09
hba1c,ggt,beta,3.05888473538605,1.99989752881917,4.11787194195293,1.072945829408e-07,24980,"Age, years, Male sex, Ever smoking (past/current), Ever alcohol (past/current), Body mass index, kg/m2",2.720880577652595e-07
homa_ir,ggt,beta,4.45052756485444,3.35918712268088,5.54186800702801,9.96597693361382e-13,24980,"Age, years, Male sex, Ever smoking (past/current), Ever alcohol (past/current), Body mass index, kg/m2",3.542264577661839e-12
tg,ggt,beta,7.1647059891972,4.6865854759996,9.6428265023948,1.04737685624561e-07,24980,"Age, years, Male sex, Ever smoking (past/current), Ever alcohol (past/current), Body mass index, kg/m2",2.664580606628703e-07
tchol,ggt,beta,4.60695619405493,3.22987187326701,5.98404051484284,1.5185682796411701e-09,24980,"Age, years, Male sex, Ever smoking (past/current), Ever alcohol (past/current), Body mass index, kg/m2",4.456569817700644e-09
hdl,ggt,beta,1.21022147312349,-0.0552812549620396,2.47572420120902,0.0633507962141114,24980,"Age, years, Male sex, Ever smoking (past/current), Ever alcohol (past/current), Body mass index, kg/m2",0.08547604018520624
ldl,ggt,beta,1.66097161670747,0.622067171389989,2.69987606202496,0.0021786657569673,24980,"Age, years, Male sex, Ever smoking (past/current), Ever alcohol (past/current), Body mass index, kg/m2",0.0036781194039831253
nonhdl,ggt,beta,4.20151536855786,2.66005905359342,5.74297168352229,4.52890781461464e-07,24980,"Age, years, Male sex, Ever smoking (past/current), Ever alcohol (past/current), Body mass index, kg/m2",1.0984892283639189e-06
alt,ggt,beta,18.4901666629135,12.139962584247,24.84037074158,8.70446533299487e-08,24980,"Age, years, Male sex, Ever smoking (past/current), Ever alcohol (past/current), Body mass index, kg/m2",2.2302373612258874e-07
ast,ggt,beta,21.6058826232495,15.5627030764997,27.6490621699994,1.6120395820513101e-10,24980,"Age, years, Male sex, Ever smoking (past/current), Ever alcohol (past/current), Body mass index, kg/m2",5.065312618423338e-10
creatinine,ggt,beta,-0.992930735163396,-1.79257368202787,-0.193287788298923,0.0166641183918477,24980,"Age, years, Male sex, Ever smoking (past/current), Ever alcohol (past/current), Body mass index, kg/m2",0.024761332230801254
egfr,ggt,beta,1.75861246550958,0.597953442856035,2.91927148816313,0.0037081873518941,24980,"Age, years, Male sex, Ever smoking (past/current), Ever alcohol (past/current), Body mass index, kg/m2",0.006086966458129901
hemoglobin,ggt,beta,2.4796389113061,1.58332190721438,3.37595591539781,3.17049055851968e-07,24980,"Age, years, Male sex, Ever smoking (past/current), Ever alcohol (past/current), Body mass index, kg/m2",7.785512507451182e-07
platelet,ggt,beta,-0.593297854585351,-1.82239565121584,0.635799942045141,0.346025001513849,24980,"Age, years, Male sex, Ever smoking (past/current), Ever alcohol (past/current), Body mass index, kg/m2",0.4022553352890939
wbc,ggt,beta,0.170546192904102,-0.60593237478446,0.947024760592663,0.667620503597196,24980,"Age, years, Male sex, Ever smoking (past/current), Ever alcohol (past/current), Body mass index, kg/m2",0.7109304743554529
fib4,ggt,beta,12.4560320651347,3.61232150687123,21.2997426233983,0.0066921510522977,24980,"Age, years, Male sex, Ever smoking (past/current), Ever alcohol (past/current), Body mass index, kg/m2",0.01058965982515588
vitd,ggt,beta,-1.65764745011497,-2.5579194329443,-0.757375467285651,0.0004523618590154,24980,"Age, years, Male sex, Ever smoking (past/current), Ever alcohol (past/current), Body mass index, kg/m2",0.0008372831878502953
fn_bmd,ggt,beta,-0.619426673165727,-1.69873391414528,0.459880567813826,0.264434151256874,24980,"Age, years, Male sex, Ever smoking (past/current), Ever alcohol (past/current), Body mass index, kg/m2",0.31604274996138776
ls_bmd,ggt,beta,-1.24614123823931,-2.231926604498,-0.260355871980619,0.0156059949704912,24980,"Age, years, Male sex, Ever smoking (past/current), Ever alcohol (past/current), Body mass index, kg/m2",0.023332319011059404
insulin,ggt,beta,3.65721431098439,2.54967598494116,4.76475263702761,2.30190248016428e-09,24980,"Age, years, Male sex, Ever smoking (past/current), Ever alcohol (past/current), Body mass index, kg/m2",6.642105187111519e-09
uric,ggt,beta,5.16900457382309,4.07399847496579,6.2640106726804,1.17772828436328e-15,24980,"Age, years, Male sex, Ever smoking (past/current), Ever alcohol (past/current), Body mass index, kg/m2",5.108654707172297e-15
cap,ggt,beta,6.4295421694153,4.08495438557168,8.77412995325891,0.0004474826192884,24980,"Age, years, Male sex, Ever smoking (past/current), Ever alcohol (past/current), Body mass index, kg/m2",0.0008291528065128385
lsm,ggt,beta,3.75615738670285,2.22543298788707,5.28688178551863,0.0009608744108597,24980,"Age, years, Male sex, Ever smoking (past/current), Ever alcohol (past/current), Body mass index, kg/m2",0.0017038185429677154
dm,ggt,beta,6.16496394158589,4.06062648278628,8.2693014003855,7.40499126592425e-08,24980,"Age, years, Male sex, Ever smoking (past/current), Ever alcohol (past/current), Body mass index, kg/m2",1.9121504861616406e-07
prediabetes,ggt,beta,0.923165254833453,-0.372071029192093,2.218401538859,0.165044755511272,24980,"Age, years, Male sex, Ever smoking (past/current), Ever alcohol (past/current), Body mass index, kg/m2",0.2052552822391047
htn,ggt,beta,9.35094369924593,7.03284325175784,11.669044146734,1.5705256927102098e-12,24980,"Age, years, Male sex, Ever smoking (past/current), Ever alcohol (past/current), Body mass index, kg/m2",5.503099770027981e-12
mets,ggt,beta,9.31437643045699,6.94947330373141,11.6792795571826,4.17115346122099e-12,24980,"Age, years, Male sex, Ever smoking (past/current), Ever alcohol (past/current), Body mass index, kg/m2",1.423734520499589e-11
dyslipidemia,ggt,beta,4.61056874462645,3.02392598364854,6.19721150560436,9.17812173438859e-08,24980,"Age, years, Male sex, Ever smoking (past/current), Ever alcohol (past/current), Body mass index, kg/m2",2.3500744065528323e-07
low_hdl,ggt,beta,2.09269991407812,-0.0214523869615766,4.20685221511781,0.0547520469199539,24980,"Age, years, Male sex, Ever smoking (past/current), Ever alcohol (past/current), Body mass index, kg/m2",0.07487006485148208
high_tg,ggt,beta,11.2354833290042,8.91092574458966,13.5600409134188,3.54252690212358e-16,24980,"Age, years, Male sex, Ever smoking (past/current), Ever alcohol (past/current), Body mass index, kg/m2",1.590719230964913e-15
high_ldl,ggt,beta,4.82671312106345,1.85843385410895,7.79499238801795,0.0018392957030131,24980,"Age, years, Male sex, Ever smoking (past/current), Ever alcohol (past/current), Body mass index, kg/m2",0.003136965659752114
high_nonhdl,ggt,beta,11.4504009656277,7.64235197301726,15.2584499582381,3.66478197941411e-08,24980,"Age, years, Male sex, Ever smoking (past/current), Ever alcohol (past/current), Body mass index, kg/m2",9.697576930141952e-08
atherogenic_dyslipidemia,ggt,beta,7.79487780799686,4.80671397014726,10.7830416458465,1.23976940799219e-06,24980,"Age, years, Male sex, Ever smoking (past/current), Ever alcohol (past/current), Body mass index, kg/m2",2.8884144746861627e-06
insulin_resistance,ggt,beta,6.80406848270767,4.73792624214203,8.87021072327331,2.5085026215859102e-09,24980,"Age, years, Male sex, Ever smoking (past/current), Ever alcohol (past/current), Body mass index, kg/m2",7.2224427736490984e-09
ckd,ggt,beta,6.58559374159182,3.29447853789131,9.87670894529232,0.0001479258038042,24980,"Age, years, Male sex, Ever smoking (past/current), Ever alcohol (past/current), Body mass index, kg/m2",0.00028728251342632064
high_alt,ggt,beta,44.5898375036887,39.0346112872386,50.1450637201387,9.516988865113411e-31,24980,"Age, years, Male sex, Ever smoking (past/current), Ever alcohol (past/current), Body mass index, kg/m2",1.0286668838904003e-29
high_ast,ggt,beta,61.9265677965621,52.5336443350642,71.3194912580599,2.4300618351899602e-24,24980,"Age, years, Male sex, Ever smoking (past/current), Ever alcohol (past/current), Body mass index, kg/m2",1.7704096906098494e-23
adv_fibrosis,ggt,beta,45.8043278621248,30.4189413910061,61.1897143332435,4.81077400100257e-08,24980,"Age, years, Male sex, Ever smoking (past/current), Ever alcohol (past/current), Body mass index, kg/m2",1.262030633154255e-07
steatosis,ggt,beta,9.0465999949038,4.25021106183735,13.8429889279702,0.0049449366565447,24980,"Age, years, Male sex, Ever smoking (past/current), Ever alcohol (past/current), Body mass index, kg/m2",0.00798781927859977
masld,ggt,beta,2.02298703677095,-2.60015637981538,6.64613045335728,0.413339321607143,24980,"Age, years, Male sex, Ever smoking (past/current), Ever alcohol (past/current), Body mass index, kg/m2",0.47177448248062825
anemia,ggt,beta,-1.70745245042842,-3.69441199452299,0.279507093666148,0.0947699309377066,24980,"Age, years, Male sex, Ever smoking (past/current), Ever alcohol (past/current), Body mass index, kg/m2",0.12365100487782561
leukocytosis,ggt,beta,1.86924096920997,-0.4010551506538,4.13953708907373,0.109250671417696,24980,"Age, years, Male sex, Ever smoking (past/current), Ever alcohol (past/current), Body mass index, kg/m2",0.14119426858164175
vitd_deficiency,ggt,beta,4.84802413949136,2.61308145277171,7.08296682621101,4.26786138383763e-05,24980,"Age, years, Male sex, Ever smoking (past/current), Ever alcohol (past/current), Body mass index, kg/m2",8.729917080900551e-05
osteoporosis,ggt,beta,5.60571211602216,0.256298850184042,10.9551253818603,0.0436682338127309,24980,"Age, years, Male sex, Ever smoking (past/current), Ever alcohol (past/current), Body mass index, kg/m2",0.060678445016917264
current_smoking,ggt,beta,6.73013540536912,4.65942362987284,8.8008471808654,3.7010158105316503e-09,24980,"Age, years, Male sex, Ever alcohol (past/current), Body mass index, kg/m2",1.0525678322403457e-08
age,uric,beta,0.128525925964582,0.10531135719095,0.151740494738213,1.1758154921459402e-19,24980,unadjusted,6.442556907104348e-19
men,uric,beta,1.28304962937052,1.24548299937011,1.32061625937093,1.2795480623722501e-98,24980,unadjusted,1.687297378248207e-95
bmi,uric,beta,0.414199787396842,0.3934447679024,0.434954806891285,1.6257115635837598e-70,24980,"Age, years, Male sex",2.4735826713605207e-68
smoking,uric,beta,0.0174077275082175,-0.0231924423277115,0.0580078973441465,0.402358739749941,24980,"Age, years, Male sex",0.46017090906353475
alcohol,uric,beta,-0.0324556054858899,-0.0869920068457664,0.0220807958739866,0.245733786539239,24980,"Age, years, Male sex",0.29565780399915736
wc,uric,beta,0.415263763929911,0.394479829387455,0.436047698472367,7.82847063663426e-70,24980,"Age, years, Male sex, Ever smoking (past/current), Ever alcohol (past/current)",9.990138657588752e-68
height,uric,beta,0.0181769491699771,-0.012392432483761,0.0487463308237151,0.246171130652191,24980,"Age, years, Male sex, Ever smoking (past/current), Ever alcohol (past/current)",0.2960939473578801
weight,uric,beta,0.410731663537258,0.388642047478674,0.432821279595842,2.11728103797386e-66,24980,"Age, years, Male sex, Ever smoking (past/current), Ever alcohol (past/current)",2.2042009963748924e-64
whtr,uric,beta,0.420321336031777,0.398991438148885,0.441651233914668,3.60102569745096e-69,24980,"Age, years, Male sex, Ever smoking (past/current), Ever alcohol (past/current)",4.390645146209628e-67
fat_kg,uric,beta,0.408101880178592,0.37701588969638,0.439187870660803,4.90283197891195e-38,24980,"Age, years, Male sex, Ever smoking (past/current), Ever alcohol (past/current)",7.789398919106697e-37
lean_kg,uric,beta,0.437074826299607,0.39526130801534,0.478888344583874,9.25393598149264e-32,24980,"Age, years, Male sex, Ever smoking (past/current), Ever alcohol (past/current)",1.0798988419700557e-30
asmm_kg,uric,beta,0.432182563381576,0.384920609618289,0.479444517144862,2.95701833877583e-28,24980,"Age, years, Male sex, Ever smoking (past/current), Ever alcohol (past/current)",2.695383536450964e-27
asmi,uric,beta,0.414435248319821,0.377958210923022,0.450912285716621,5.137858760051279e-34,24980,"Age, years, Male sex, Ever smoking (past/current), Ever alcohol (past/current)",6.93698609377572e-33
bodyfat_pct,uric,beta,0.503021915252225,0.467895695547141,0.538148134957309,1.6430381036382e-40,24980,"Age, years, Male sex, Ever smoking (past/current), Ever alcohol (past/current)",2.967972026480694e-39
asm_pct,uric,beta,-0.445319648859371,-0.490763648139868,-0.399875649578873,4.7560612550549e-30,24980,"Age, years, Male sex, Ever smoking (past/current), Ever alcohol (past/current)",4.9383145209966367e-29
obesity,uric,beta,0.724019572226671,0.683613622454882,0.76442552199846,1.19181639497058e-64,24980,"Age, years, Male sex, Ever smoking (past/current), Ever alcohol (past/current)",1.0715512860235489e-62
overweight,uric,beta,0.703655881096052,0.669355956798658,0.737955805393446,4.2050449229885e-71,24980,"Age, years, Male sex, Ever smoking (past/current), Ever alcohol (past/current)",6.654063086137002e-69
abdominal_obesity,uric,beta,0.663445015370454,0.626010793495026,0.700879237245882,3.92359395133658e-64,24980,"Age, years, Male sex, Ever smoking (past/current), Ever alcohol (past/current)",3.374290798149458e-62
central_obesity,uric,beta,0.71070458122379,0.664366675312028,0.757042487135552,2.0184653917203997e-57,24980,"Age, years, Male sex, Ever smoking (past/current), Ever alcohol (past/current)",1.109034595784153e-55
high_bodyfat,uric,beta,0.597878696710068,0.53182525914308,0.663932134277057,5.39735811414352e-28,24980,"Age, years, Male sex, Ever smoking (past/current), Ever alcohol (past/current)",4.8527156135344925e-27
sarcopenia,uric,beta,-0.524184552121277,-0.695866637331186,-0.352502466911368,7.72515777241086e-08,24980,"Age, years, Male sex, Ever smoking (past/current), Ever alcohol (past/current)",1.992224520707781e-07
sbp,uric,beta,0.0809736144653536,0.0538248622372907,0.108122366693416,4.57705860821671e-08,24980,"Age, years, Male sex, Ever smoking (past/current), Ever alcohol (past/current), Body mass index, kg/m2",1.203912490299555e-07
dbp,uric,beta,0.0220622532036864,0.0001050846049598,0.044019421802413,0.0512528574932862,24980,"Age, years, Male sex, Ever smoking (past/current), Ever alcohol (past/current), Body mass index, kg/m2",0.07052393191076181
glucose,uric,beta,-0.106919447846789,-0.146554392924092,-0.0672845027694862,5.77865711964923e-07,24980,"Age, years, Male sex, Ever smoking (past/current), Ever alcohol (past/current), Body mass index, kg/m2",1.3905333068936955e-06
hba1c,uric,beta,-0.113003487676095,-0.142442872255866,-0.0835641030963234,1.1546397626555499e-11,24980,"Age, years, Male sex, Ever smoking (past/current), Ever alcohol (past/current), Body mass index, kg/m2",3.8223890385484145e-11
homa_ir,uric,beta,0.135094283168553,0.0943307156674045,0.175857850669702,2.05225166161627e-09,24980,"Age, years, Male sex, Ever smoking (past/current), Ever alcohol (past/current), Body mass index, kg/m2",5.937471925881351e-09
tg,uric,beta,0.169296499417194,0.113829804116255,0.224763194718133,2.41535609585697e-08,24980,"Age, years, Male sex, Ever smoking (past/current), Ever alcohol (past/current), Body mass index, kg/m2",6.473677991334805e-08
tchol,uric,beta,0.102604045020352,0.0791690948639563,0.126038995176747,4.3804273314477905e-14,24980,"Age, years, Male sex, Ever smoking (past/current), Ever alcohol (past/current), Body mass index, kg/m2",1.720851094658139e-13
hdl,uric,beta,-0.104395685129752,-0.130308578099322,-0.0784827921601814,1.65621234641227e-12,24980,"Age, years, Male sex, Ever smoking (past/current), Ever alcohol (past/current), Body mass index, kg/m2",5.777756651152504e-12
ldl,uric,beta,0.0742696632397812,0.0419326420091682,0.106606684470394,1.59284012696417e-05,24980,"Age, years, Male sex, Ever smoking (past/current), Ever alcohol (past/current), Body mass index, kg/m2",3.385962139855055e-05
nonhdl,uric,beta,0.134877161121179,0.111139248285242,0.158615073957116,3.98403131953093e-20,24980,"Age, years, Male sex, Ever smoking (past/current), Ever alcohol (past/current), Body mass index, kg/m2",2.2355784255410437e-19
alt,uric,beta,0.110810475972473,0.068058504914412,0.153562447030533,1.42766546727587e-06,24980,"Age, years, Male sex, Ever smoking (past/current), Ever alcohol (past/current), Body mass index, kg/m2",3.308637720294869e-06
ast,uric,beta,0.116901861022396,0.0840732017044168,0.149730520340375,1.8562827843801101e-10,24980,"Age, years, Male sex, Ever smoking (past/current), Ever alcohol (past/current), Body mass index, kg/m2",5.8051025256978e-10
creatinine,uric,beta,0.326420606936157,0.198916683039229,0.453924530833084,2.19305543871948e-06,24980,"Age, years, Male sex, Ever smoking (past/current), Ever alcohol (past/current), Body mass index, kg/m2",5.000419202060095e-06
egfr,uric,beta,-0.55387148034141,-0.587044626355319,-0.5206983343275,3.08144795013043e-56,24980,"Age, years, Male sex, Ever smoking (past/current), Ever alcohol (past/current), Body mass index, kg/m2",1.5237760113394976e-54
hemoglobin,uric,beta,0.116188502728403,0.0876368979182163,0.14474010753859,1.08920986037828e-12,24980,"Age, years, Male sex, Ever smoking (past/current), Ever alcohol (past/current), Body mass index, kg/m2",3.854127198261606e-12
platelet,uric,beta,0.000418679519064,-0.0238076884063096,0.0246450474444377,0.973035914792715,24980,"Age, years, Male sex, Ever smoking (past/current), Ever alcohol (past/current), Body mass index, kg/m2",0.977486571841811
wbc,uric,beta,0.0534528324145241,0.0210220812999788,0.0858835835290693,0.0016013652021262,24980,"Age, years, Male sex, Ever smoking (past/current), Ever alcohol (past/current), Body mass index, kg/m2",0.002759146663593749
fib4,uric,beta,0.0483965212971298,0.0183516936162424,0.0784413489780172,0.002022562358955,24980,"Age, years, Male sex, Ever smoking (past/current), Ever alcohol (past/current), Body mass index, kg/m2",0.0034310706226526504
vitd,uric,beta,0.0080798096468261,-0.0164686280168715,0.0326282473105238,0.520108636039393,24980,"Age, years, Male sex, Ever smoking (past/current), Ever alcohol (past/current), Body mass index, kg/m2",0.5776389006658726
fn_bmd,uric,beta,0.0641394844500788,0.0293879962317601,0.0988909726683975,0.0005531068961422,24980,"Age, years, Male sex, Ever smoking (past/current), Ever alcohol (past/current), Body mass index, kg/m2",0.0010130050375641404
ls_bmd,uric,beta,0.0405907157266415,0.0014177027331571,0.0797637287201258,0.04600729005344,24980,"Age, years, Male sex, Ever smoking (past/current), Ever alcohol (past/current), Body mass index, kg/m2",0.06372718468186578
insulin,uric,beta,0.173245467653016,0.135530382177215,0.210960553128818,4.52951300510125e-15,24980,"Age, years, Male sex, Ever smoking (past/current), Ever alcohol (past/current), Body mass index, kg/m2",1.8665368175188067e-14
ggt,uric,beta,0.138556460019502,0.0949786821103735,0.18213423792863,7.3709443645566805e-09,24980,"Age, years, Male sex, Ever smoking (past/current), Ever alcohol (past/current), Body mass index, kg/m2",2.056379118912992e-08
cap,uric,beta,0.148587916985426,0.0429505374768862,0.254225296493966,0.0222243386491456,24980,"Age, years, Male sex, Ever smoking (past/current), Ever alcohol (past/current), Body mass index, kg/m2",0.03240673929082934
lsm,uric,beta,-0.008367857770367,-0.0563037789273562,0.039568063386622,0.740096434415915,24980,"Age, years, Male sex, Ever smoking (past/current), Ever alcohol (past/current), Body mass index, kg/m2",0.7737371814348202
dm,uric,beta,-0.133695189273616,-0.214107785140804,-0.0532825934064281,0.0014622143161626,24980,"Age, years, Male sex, Ever smoking (past/current), Ever alcohol (past/current), Body mass index, kg/m2",0.0025348465533476102
prediabetes,uric,beta,0.156306644925914,0.119650642607014,0.192962647244813,1.44521175018784e-13,24980,"Age, years, Male sex, Ever smoking (past/current), Ever alcohol (past/current), Body mass index, kg/m2",5.476300463355455e-13
htn,uric,beta,0.320507736545865,0.27276262461368,0.368252848478051,6.8684195624984e-25,24980,"Age, years, Male sex, Ever smoking (past/current), Ever alcohol (past/current), Body mass index, kg/m2",5.1363833249988034e-24
mets,uric,beta,0.432408592267112,0.36134335954353,0.503473824990695,5.3508002108427e-22,24980,"Age, years, Male sex, Ever smoking (past/current), Ever alcohol (past/current), Body mass index, kg/m2",3.419671346380246e-21
dyslipidemia,uric,beta,0.208771522029094,0.167238072978225,0.250304971079962,4.4985075158868505e-17,24980,"Age, years, Male sex, Ever smoking (past/current), Ever alcohol (past/current), Body mass index, kg/m2",2.167254804781972e-16
low_hdl,uric,beta,0.196750926965824,0.149186121376175,0.244315732555474,5.44752388363724e-13,24980,"Age, years, Male sex, Ever smoking (past/current), Ever alcohol (past/current), Body mass index, kg/m2",1.978916848821756e-12
high_tg,uric,beta,0.367558386000534,0.295057440419072,0.440059331581997,2.83554054512417e-17,24980,"Age, years, Male sex, Ever smoking (past/current), Ever alcohol (past/current), Body mass index, kg/m2",1.3797538003088829e-16
high_ldl,uric,beta,0.183218438204375,0.0808113591621064,0.285625517246644,0.0006426175065967,24980,"Age, years, Male sex, Ever smoking (past/current), Ever alcohol (past/current), Body mass index, kg/m2",0.0011682880772502504
high_nonhdl,uric,beta,0.330805060835117,0.258484555487895,0.403125566182339,5.5603860356983e-15,24980,"Age, years, Male sex, Ever smoking (past/current), Ever alcohol (past/current), Body mass index, kg/m2",2.2865787065719828e-14
atherogenic_dyslipidemia,uric,beta,0.360114519816276,0.274062097045034,0.446166942587518,3.299728810468e-13,24980,"Age, years, Male sex, Ever smoking (past/current), Ever alcohol (past/current), Body mass index, kg/m2",1.2188354037545664e-12
insulin_resistance,uric,beta,0.241749993437716,0.172863085548411,0.31063690132702,3.08469398786172e-10,24980,"Age, years, Male sex, Ever smoking (past/current), Ever alcohol (past/current), Body mass index, kg/m2",9.530703955659292e-10
ckd,uric,beta,0.477059711256005,0.407998375083394,0.546121047428617,8.90999470663018e-26,24980,"Age, years, Male sex, Ever smoking (past/current), Ever alcohol (past/current), Body mass index, kg/m2",7.049587811885798e-25
high_alt,uric,beta,0.29545064534982,0.228054383516487,0.362846907183153,4.1332740942425704e-14,24980,"Age, years, Male sex, Ever smoking (past/current), Ever alcohol (past/current), Body mass index, kg/m2",1.626988290231205e-13
high_ast,uric,beta,0.332696316695554,0.229779413478019,0.43561321991309,4.46111867832535e-09,24980,"Age, years, Male sex, Ever smoking (past/current), Ever alcohol (past/current), Body mass index, kg/m2",1.2569932686221571e-08
adv_fibrosis,uric,beta,0.255765816489609,0.12157503750958,0.389956595469639,0.0002898323649577,24980,"Age, years, Male sex, Ever smoking (past/current), Ever alcohol (past/current), Body mass index, kg/m2",0.0005449509675725575
steatosis,uric,beta,0.19425529636878,0.024591711961887,0.363918880775673,0.0514980616562271,24980,"Age, years, Male sex, Ever smoking (past/current), Ever alcohol (past/current), Body mass index, kg/m2",0.07078746765532815
masld,uric,beta,0.128878037701123,-0.0346063898332139,0.29236246523546,0.156719892180583,24980,"Age, years, Male sex, Ever smoking (past/current), Ever alcohol (past/current), Body mass index, kg/m2",0.1956402314504217
anemia,uric,beta,-0.007969582670752,-0.0896616278885933,0.0737224625470892,0.848689243388474,24980,"Age, years, Male sex, Ever smoking (past/current), Ever alcohol (past/current), Body mass index, kg/m2",0.8709246814124002
leukocytosis,uric,beta,0.101317384871632,0.0026763454862379,0.199958424257027,0.046371696076825,24980,"Age, years, Male sex, Ever smoking (past/current), Ever alcohol (past/current), Body mass index, kg/m2",0.06420946086101495
vitd_deficiency,uric,beta,-0.0303418241070535,-0.0784715652706731,0.0177879170565661,0.219054871068258,24980,"Age, years, Male sex, Ever smoking (past/current), Ever alcohol (past/current), Body mass index, kg/m2",0.26647634377184154
osteoporosis,uric,beta,-0.193119045194353,-0.326311889759069,-0.059926200629636,0.0058508406952139,24980,"Age, years, Male sex, Ever smoking (past/current), Ever alcohol (past/current), Body mass index, kg/m2",0.009363238588295382
current_smoking,uric,beta,-0.0388572920417855,-0.0902878077068903,0.0125732236233193,0.141292475103786,24980,"Age, years, Male sex, Ever alcohol (past/current), Body mass index, kg/m2",0.17778404310132873
age,cap,beta,10.4984061596454,7.74275477206792,13.2540575472229,3.02617784570982e-06,3001,unadjusted,6.809760840516523e-06
men,cap,beta,17.0269097794232,11.6435561311528,22.4102634276935,2.31707765142496e-05,3001,unadjusted,4.865371119446466e-05
bmi,cap,beta,35.2147755303668,32.9890812942612,37.4404697664723,7.94705241832396e-13,3001,"Age, years, Male sex",2.8580490333535986e-12
smoking,cap,beta,6.33670851882047,-0.241772632888693,12.9151896705296,0.0834422256578299,3001,"Age, years, Male sex",0.11007791560753387
alcohol,cap,beta,-4.31523611419356,-18.0175996646157,9.38712743622861,0.548599713321924,3001,"Age, years, Male sex",0.6045293776884488
wc,cap,beta,37.0682457966679,34.9358905801973,39.2006010131385,1.12212537383647e-11,3001,"Age, years, Male sex, Ever smoking (past/current), Ever alcohol (past/current)",3.720979026736861e-11
height,cap,beta,1.02633859372338,-3.26623518021114,5.31891236765791,0.649383678081181,3001,"Age, years, Male sex, Ever smoking (past/current), Ever alcohol (past/current)",0.6931899164838512
weight,cap,beta,35.5072532649615,33.3107919944981,37.7037145354248,2.30607850772453e-11,3001,"Age, years, Male sex, Ever smoking (past/current), Ever alcohol (past/current)",7.51470063966906e-11
whtr,cap,beta,37.2623268563045,35.2583066731737,39.2663470394354,5.75346446192337e-12,3001,"Age, years, Male sex, Ever smoking (past/current), Ever alcohol (past/current)",1.9470235595696197e-11
fat_kg,cap,beta,33.7495693381167,29.3357589552302,38.1633797210031,3.52586107537263e-08,3001,"Age, years, Male sex, Ever smoking (past/current), Ever alcohol (past/current)",9.336215806006777e-08
lean_kg,cap,beta,36.1526660343346,30.9194642781119,41.3858677905574,9.3124855451779e-08,3001,"Age, years, Male sex, Ever smoking (past/current), Ever alcohol (past/current)",2.3798574171010188e-07
asmm_kg,cap,beta,32.1209000165956,26.0388133185786,38.2029867146126,1.15740360890758e-06,3001,"Age, years, Male sex, Ever smoking (past/current), Ever alcohol (past/current)",2.7108873160677244e-06
asmi,cap,beta,31.6731913963064,27.3023567015991,36.0440260910138,5.90108926144373e-08,3001,"Age, years, Male sex, Ever smoking (past/current), Ever alcohol (past/current)",1.5388733762868422e-07
bodyfat_pct,cap,beta,41.9174320618996,37.0605418235966,46.7743223002026,1.09593941383371e-08,3001,"Age, years, Male sex, Ever smoking (past/current), Ever alcohol (past/current)",3.021279666290005e-08
asm_pct,cap,beta,-42.7808205898156,-47.5376784729094,-38.0239627067217,7.348294329511061e-09,3001,"Age, years, Male sex, Ever smoking (past/current), Ever alcohol (past/current)",2.051506871386433e-08
obesity,cap,beta,61.9277936719169,56.8798106202388,66.975776723595,3.52147842328887e-10,3001,"Age, years, Male sex, Ever smoking (past/current), Ever alcohol (past/current)",1.0815969442958673e-09
overweight,cap,beta,60.9387381409306,57.822610623799,64.0548656580623,3.48541251257635e-12,3001,"Age, years, Male sex, Ever smoking (past/current), Ever alcohol (past/current)",1.1948259878467973e-11
abdominal_obesity,cap,beta,62.5749047264018,58.0946649362999,67.0551445165037,9.79856258083364e-11,3001,"Age, years, Male sex, Ever smoking (past/current), Ever alcohol (past/current)",3.118512757021551e-10
central_obesity,cap,beta,67.1740403822378,62.8996074552368,71.4484733092387,3.0509747335017695e-11,3001,"Age, years, Male sex, Ever smoking (past/current), Ever alcohol (past/current)",9.901276493628384e-11
high_bodyfat,cap,beta,59.0853803131753,52.6795639236117,65.4911967027388,5.7475556583228905e-09,3001,"Age, years, Male sex, Ever smoking (past/current), Ever alcohol (past/current)",1.6091528792870032e-08
sarcopenia,cap,beta,-33.8908979527394,-42.1238367138813,-25.6579591915974,1.09286568526538e-05,3001,"Age, years, Male sex, Ever smoking (past/current), Ever alcohol (past/current)",2.3573482284132186e-05
sbp,cap,beta,6.33279516439496,3.98172803482883,8.68386229396108,0.0005074907872733,3001,"Age, years, Male sex, Ever smoking (past/current), Ever alcohol (past/current), Body mass index, kg/m2",0.0009346524927621857
dbp,cap,beta,6.53947427300424,3.35779543799505,9.72115310801342,0.0029797240160177,3001,"Age, years, Male sex, Ever smoking (past/current), Ever alcohol (past/current), Body mass index, kg/m2",0.00494661695651113
glucose,cap,beta,12.0816402283914,8.0594888887075,16.1037915680753,0.0002326796684739,3001,"Age, years, Male sex, Ever smoking (past/current), Ever alcohol (past/current), Body mass index, kg/m2",0.0004421137216535775
hba1c,cap,beta,10.5452883597384,7.22743412485823,13.8631425946185,0.0001533360136167,3001,"Age, years, Male sex, Ever smoking (past/current), Ever alcohol (past/current), Body mass index, kg/m2",0.00029706036722216715
homa_ir,cap,beta,20.2470197130342,15.1464926973849,25.3475467286834,2.76278775073596e-05,3001,"Age, years, Male sex, Ever smoking (past/current), Ever alcohol (past/current), Body mass index, kg/m2",5.749388922625701e-05
tg,cap,beta,11.0949048539249,6.10473380524936,16.0850759026005,0.0018294054402224,3001,"Age, years, Male sex, Ever smoking (past/current), Ever alcohol (past/current), Body mass index, kg/m2",0.003122143193062905
tchol,cap,beta,5.04146882383056,2.72986689470709,7.35307075295404,0.0020661510990476,3001,"Age, years, Male sex, Ever smoking (past/current), Ever alcohol (past/current), Body mass index, kg/m2",0.003502011031633379
hdl,cap,beta,-9.508952994529,-12.2677014596328,-6.75020452942522,8.31013957203611e-05,3001,"Age, years, Male sex, Ever smoking (past/current), Ever alcohol (past/current), Body mass index, kg/m2",0.00016445678912943898
ldl,cap,beta,4.0289454014156,0.0879420497324155,7.96994875309879,0.0760929539547705,3001,"Age, years, Male sex, Ever smoking (past/current), Ever alcohol (past/current), Body mass index, kg/m2",0.10132067514139083
nonhdl,cap,beta,7.55381394442491,5.26789892626748,9.83972896258235,0.0001144989301625,3001,"Age, years, Male sex, Ever smoking (past/current), Ever alcohol (past/current), Body mass index, kg/m2",0.0002244587550658325
alt,cap,beta,8.73772240436471,3.72947168310139,13.745973125628,0.007633432151487,3001,"Age, years, Male sex, Ever smoking (past/current), Ever alcohol (past/current), Body mass index, kg/m2",0.011983276821937528
ast,cap,beta,4.39294503633442,0.995126947942297,7.79076312472655,0.0320229353805492,3001,"Age, years, Male sex, Ever smoking (past/current), Ever alcohol (past/current), Body mass index, kg/m2",0.04556046071181733
creatinine,cap,beta,-4.87791278157153,-8.13381583865842,-1.62200972448465,0.0165828915090621,3001,"Age, years, Male sex, Ever smoking (past/current), Ever alcohol (past/current), Body mass index, kg/m2",0.024662375492424685
egfr,cap,beta,9.36933849607806,6.09269845568186,12.6459785364743,0.0003323564224675,3001,"Age, years, Male sex, Ever smoking (past/current), Ever alcohol (past/current), Body mass index, kg/m2",0.0006207752631168226
hemoglobin,cap,beta,8.46066653367432,5.84382660540976,11.0775064619389,0.0001349342735054,3001,"Age, years, Male sex, Ever smoking (past/current), Ever alcohol (past/current), Body mass index, kg/m2",0.0002629556581218534
platelet,cap,beta,2.53863830882435,-0.448300682023405,5.52557729967211,0.130100249660341,3001,"Age, years, Male sex, Ever smoking (past/current), Ever alcohol (past/current), Body mass index, kg/m2",0.16490758976491798
wbc,cap,beta,4.47067674780508,-3.6327609541279,12.5741144497381,0.307669943520945,3001,"Age, years, Male sex, Ever smoking (past/current), Ever alcohol (past/current), Body mass index, kg/m2",0.3617064774350248
fib4,cap,beta,-2.06747986102123,-5.71664473592023,1.58168501387776,0.295585752481567,3001,"Age, years, Male sex, Ever smoking (past/current), Ever alcohol (past/current), Body mass index, kg/m2",0.3492644076514573
vitd,cap,beta,-4.57625018052262,-7.81526690180596,-1.33723345923929,0.0217823637479492,3001,"Age, years, Male sex, Ever smoking (past/current), Ever alcohol (past/current), Body mass index, kg/m2",0.031832667523785385
fn_bmd,cap,beta,0.768299705680947,-4.83982162156417,6.37642103292607,0.794356013858213,3001,"Age, years, Male sex, Ever smoking (past/current), Ever alcohol (past/current), Body mass index, kg/m2",0.8222062770337756
ls_bmd,cap,beta,7.39318433136993,0.196739444014413,14.5896292187254,0.0748937402461865,3001,"Age, years, Male sex, Ever smoking (past/current), Ever alcohol (past/current), Body mass index, kg/m2",0.09982467534161517
insulin,cap,beta,17.4385708675327,12.8224660927353,22.05467564233,4.08421884128138e-05,3001,"Age, years, Male sex, Ever smoking (past/current), Ever alcohol (past/current), Body mass index, kg/m2",8.37593039715352e-05
ggt,cap,beta,7.9855906889876,5.42252981519462,10.5486515627806,0.0001778010250538,3001,"Age, years, Male sex, Ever smoking (past/current), Ever alcohol (past/current), Body mass index, kg/m2",0.0003426604938142102
uric,cap,beta,6.26703000414717,2.06800392620637,10.466056082088,0.0168858098194364,3001,"Age, years, Male sex, Ever smoking (past/current), Ever alcohol (past/current), Body mass index, kg/m2",0.02504050016179782
lsm,cap,beta,2.16082276151205,0.130502583951166,4.19114293907293,0.0666159238211723,3001,"Age, years, Male sex, Ever smoking (past/current), Ever alcohol (past/current), Body mass index, kg/m2",0.08960645856394343
dm,cap,beta,24.9362973705142,17.0927500582853,32.779844682743,0.0001530249583925,3001,"Age, years, Male sex, Ever smoking (past/current), Ever alcohol (past/current), Body mass index, kg/m2",0.00029660300607581085
prediabetes,cap,beta,3.24030757305833,-0.531681438686649,7.01229658480331,0.126522366029308,3001,"Age, years, Male sex, Ever smoking (past/current), Ever alcohol (past/current), Body mass index, kg/m2",0.16093970418390433
htn,cap,beta,10.2840457411164,1.91803080925495,18.6500606729779,0.0392903265341637,3001,"Age, years, Male sex, Ever smoking (past/current), Ever alcohol (past/current), Body mass index, kg/m2",0.055078856048600855
mets,cap,beta,22.6365876226902,11.3326221353369,33.9405531100435,0.0034845656746637,3001,"Age, years, Male sex, Ever smoking (past/current), Ever alcohol (past/current), Body mass index, kg/m2",0.00573894330098651
dyslipidemia,cap,beta,11.6693522429904,5.91255031873805,17.4261541672427,0.0032397736995377,3001,"Age, years, Male sex, Ever smoking (past/current), Ever alcohol (past/current), Body mass index, kg/m2",0.005355848205336874
low_hdl,cap,beta,13.2196697512237,7.0268370575744,19.4125024448729,0.0023621810002411,3001,"Age, years, Male sex, Ever smoking (past/current), Ever alcohol (past/current), Body mass index, kg/m2",0.003961334479420853
high_tg,cap,beta,23.960921548402,16.6207160604848,31.3011270363192,0.0001255521014425,3001,"Age, years, Male sex, Ever smoking (past/current), Ever alcohol (past/current), Body mass index, kg/m2",0.00024527610533655805
high_ldl,cap,beta,6.77736947521966,-5.47552422622554,19.0302631766649,0.30649667346818,3001,"Age, years, Male sex, Ever smoking (past/current), Ever alcohol (past/current), Body mass index, kg/m2",0.36043425690847797
high_nonhdl,cap,beta,18.3254051048519,10.863278967106,25.7875312425979,0.0009557864802139,3001,"Age, years, Male sex, Ever smoking (past/current), Ever alcohol (past/current), Body mass index, kg/m2",0.001695556643823403
atherogenic_dyslipidemia,cap,beta,22.5029856730626,13.766063700117,31.2399076460082,0.0006920207317211,3001,"Age, years, Male sex, Ever smoking (past/current), Ever alcohol (past/current), Body mass index, kg/m2",0.0012512038458357732
insulin_resistance,cap,beta,27.2151359706076,18.7684122286228,35.6618597125924,0.0001384845426352,3001,"Age, years, Male sex, Ever smoking (past/current), Ever alcohol (past/current), Body mass index, kg/m2",0.0002694760701745456
ckd,cap,beta,0.0134160725210103,-4.80498228752353,4.83181443256555,0.995764768398162,3001,"Age, years, Male sex, Ever smoking (past/current), Ever alcohol (past/current), Body mass index, kg/m2",0.9964361904002718
high_alt,cap,beta,22.5414270983963,12.4583044069657,32.624549789827,0.0017667517363308,3001,"Age, years, Male sex, Ever smoking (past/current), Ever alcohol (past/current), Body mass index, kg/m2",0.0030230406007459533
high_ast,cap,beta,19.2159649930687,6.02546449561597,32.4064654905215,0.0189238202708959,3001,"Age, years, Male sex, Ever smoking (past/current), Ever alcohol (past/current), Body mass index, kg/m2",0.027840324652905982
adv_fibrosis,cap,beta,-7.75016596107133,-17.451685056198,1.9513531340553,0.151844016993798,3001,"Age, years, Male sex, Ever smoking (past/current), Ever alcohol (past/current), Body mass index, kg/m2",0.1901535078276242
anemia,cap,beta,-19.1580769933612,-25.4382874900316,-12.8778664966908,0.0002077698673165,3001,"Age, years, Male sex, Ever smoking (past/current), Ever alcohol (past/current), Body mass index, kg/m2",0.00039707130198264444
leukocytosis,cap,beta,11.3816772747187,-1.37622871898675,24.1395832684242,0.114300644086976,3001,"Age, years, Male sex, Ever smoking (past/current), Ever alcohol (past/current), Body mass index, kg/m2",0.14719184505471258
vitd_deficiency,cap,beta,6.09023073617631,-1.24684635045281,13.4273078228054,0.138196818663283,3001,"Age, years, Male sex, Ever smoking (past/current), Ever alcohol (past/current), Body mass index, kg/m2",0.1743324664004935
osteoporosis,cap,beta,-5.74403447787405,-22.5084573374791,11.0203883817309,0.518728129314567,3001,"Age, years, Male sex, Ever smoking (past/current), Ever alcohol (past/current), Body mass index, kg/m2",0.5764293481933783
current_smoking,cap,beta,5.36351984815658,0.967129609472441,9.75991008684073,0.0378830790759512,3001,"Age, years, Male sex, Ever alcohol (past/current), Body mass index, kg/m2",0.053257093398885194
age,lsm,beta,0.330697032886428,-0.0045592757232795,0.665953341496136,0.073675411048267,3001,unadjusted,0.09843293688177786
men,lsm,beta,1.17005340079776,0.343720306871105,1.99638649472441,0.0148869376905328,3001,unadjusted,0.022290963476058957
bmi,lsm,beta,2.03625799200751,1.59311441842726,2.47940156558776,1.09601375106688e-06,3001,"Age, years, Male sex",2.5731931152644376e-06
smoking,lsm,beta,0.124698194945917,-0.632637880885543,0.882034270777377,0.752459990479995,3001,"Age, years, Male sex",0.7833504532470685
alcohol,lsm,beta,0.0977378455312944,-0.850187385805357,1.04566307686795,0.843231934736,3001,"Age, years, Male sex",0.8666733005496534
wc,lsm,beta,1.95066389469531,1.48593775245636,2.41539003693427,9.20795392916422e-06,3001,"Age, years, Male sex, Ever smoking (past/current), Ever alcohol (past/current)",2.005873664304717e-05
height,lsm,beta,0.3376277719087,-0.270639361691313,0.945894905508713,0.302152249617501,3001,"Age, years, Male sex, Ever smoking (past/current), Ever alcohol (past/current)",0.3563847046770524
weight,lsm,beta,2.16299936706775,1.63663265707684,2.68936607705865,1.10978268584669e-05,3001,"Age, years, Male sex, Ever smoking (past/current), Ever alcohol (past/current)",2.3899293985898233e-05
whtr,lsm,beta,1.87503677692566,1.44953805213577,2.30053550171556,5.98187510523959e-06,3001,"Age, years, Male sex, Ever smoking (past/current), Ever alcohol (past/current)",1.3205523390807936e-05
fat_kg,lsm,beta,1.5837068539981,0.879169521520744,2.28824418647546,0.0013230090578063,3001,"Age, years, Male sex, Ever smoking (past/current), Ever alcohol (past/current)",0.002305649265498556
lean_kg,lsm,beta,1.75422275807398,1.23316496044349,2.27528055570448,6.08851981154441e-05,3001,"Age, years, Male sex, Ever smoking (past/current), Ever alcohol (past/current)",0.0001221408943938625
asmm_kg,lsm,beta,1.97163045855233,0.763315514897755,3.17994540220691,0.009521225769692,3001,"Age, years, Male sex, Ever smoking (past/current), Ever alcohol (past/current)",0.01471344266805572
asmi,lsm,beta,1.76594206333952,0.661082820978125,2.87080130570092,0.0106406134689937,3001,"Age, years, Male sex, Ever smoking (past/current), Ever alcohol (past/current)",0.016284049084463858
bodyfat_pct,lsm,beta,1.21998900626866,0.685500649797434,1.75447736273988,0.0011904478989794,3001,"Age, years, Male sex, Ever smoking (past/current), Ever alcohol (past/current)",0.0020856562835972125
asm_pct,lsm,beta,-0.976216006662595,-1.76116473442202,-0.191267278903175,0.0349929281957025,3001,"Age, years, Male sex, Ever smoking (past/current), Ever alcohol (past/current)",0.0494930368045045
obesity,lsm,beta,2.51336068253693,1.87741128310586,3.14931008196801,1.55993677286307e-05,3001,"Age, years, Male sex, Ever smoking (past/current), Ever alcohol (past/current)",3.317801007229196e-05
overweight,lsm,beta,1.49096623206001,0.92515878823596,2.05677367588405,0.0004222648532451,3001,"Age, years, Male sex, Ever smoking (past/current), Ever alcohol (past/current)",0.0007842627978580355
abdominal_obesity,lsm,beta,2.02406054700527,1.50191810745083,2.54620298655971,1.84451622804127e-05,3001,"Age, years, Male sex, Ever smoking (past/current), Ever alcohol (past/current)",3.902088876006024e-05
central_obesity,lsm,beta,1.10095550125006,0.514001927708141,1.68790907479198,0.0042717450313471,3001,"Age, years, Male sex, Ever smoking (past/current), Ever alcohol (past/current)",0.006951469907037896
high_bodyfat,lsm,beta,0.768251920372024,0.184075684934182,1.35242815580987,0.0275293278733845,3001,"Age, years, Male sex, Ever smoking (past/current), Ever alcohol (past/current)",0.039530316176809105
sarcopenia,lsm,beta,-1.31713059661728,-1.93234408879236,-0.701917104442205,0.0018396765244249,3001,"Age, years, Male sex, Ever smoking (past/current), Ever alcohol (past/current)",0.003136965659752114
sbp,lsm,beta,0.359237248750925,-0.163881441942348,0.882355939444198,0.211231556706706,3001,"Age, years, Male sex, Ever smoking (past/current), Ever alcohol (past/current), Body mass index, kg/m2",0.2577174154753618
dbp,lsm,beta,-0.483411092344622,-0.761559656139926,-0.205262528549318,0.0077938961108249,3001,"Age, years, Male sex, Ever smoking (past/current), Ever alcohol (past/current), Body mass index, kg/m2",0.012220631396917678
glucose,lsm,beta,0.388489124696474,-0.22568769918565,1.0026659485786,0.246411298740638,3001,"Age, years, Male sex, Ever smoking (past/current), Ever alcohol (past/current), Body mass index, kg/m2",0.2962927348990772
hba1c,lsm,beta,0.472729511025819,0.132658760101324,0.812800261950315,0.0234314995255035,3001,"Age, years, Male sex, Ever smoking (past/current), Ever alcohol (past/current), Body mass index, kg/m2",0.034029005918829604
homa_ir,lsm,beta,-0.0372653894075682,-0.773545107458063,0.699014328642926,0.92315261951668,3001,"Age, years, Male sex, Ever smoking (past/current), Ever alcohol (past/current), Body mass index, kg/m2",0.9340132385698174
tg,lsm,beta,-0.17510180661778,-0.433401848807631,0.0831982355720699,0.216653046056504,3001,"Age, years, Male sex, Ever smoking (past/current), Ever alcohol (past/current), Body mass index, kg/m2",0.2637167539075477
tchol,lsm,beta,0.110257747602675,-0.52103520280032,0.74155069800567,0.739967468474374,3001,"Age, years, Male sex, Ever smoking (past/current), Ever alcohol (past/current), Body mass index, kg/m2",0.7737371814348202
hdl,lsm,beta,-0.0427506964304319,-0.285635289469849,0.200133896608985,0.738031415550025,3001,"Age, years, Male sex, Ever smoking (past/current), Ever alcohol (past/current), Body mass index, kg/m2",0.7721904998455169
ldl,lsm,beta,-0.0994173342610467,-0.433931207282984,0.235096538760891,0.574524099009404,3001,"Age, years, Male sex, Ever smoking (past/current), Ever alcohol (past/current), Body mass index, kg/m2",0.6273302058187145
nonhdl,lsm,beta,0.119852717685556,-0.519879024403293,0.759584459774405,0.721953551666125,3001,"Age, years, Male sex, Ever smoking (past/current), Ever alcohol (past/current), Body mass index, kg/m2",0.7591834796361484
alt,lsm,beta,0.722285108347279,0.153365677368459,1.2912045393261,0.0345145123402887,3001,"Age, years, Male sex, Ever smoking (past/current), Ever alcohol (past/current), Body mass index, kg/m2",0.04886879413678672
ast,lsm,beta,1.33644634807608,0.251015395762536,2.42187730038962,0.0390393066898525,3001,"Age, years, Male sex, Ever smoking (past/current), Ever alcohol (past/current), Body mass index, kg/m2",0.05474636556719478
creatinine,lsm,beta,-0.0874404182005198,-0.437452668977258,0.262571832576218,0.636095324458648,3001,"Age, years, Male sex, Ever smoking (past/current), Ever alcohol (past/current), Body mass index, kg/m2",0.6828489561442831
egfr,lsm,beta,0.535527125507219,0.172834125160076,0.898220125854362,0.0177681633979109,3001,"Age, years, Male sex, Ever smoking (past/current), Ever alcohol (past/current), Body mass index, kg/m2",0.026257323273117486
hemoglobin,lsm,beta,0.0271471140637326,-0.538652859981253,0.592947088108719,0.927137002900327,3001,"Age, years, Male sex, Ever smoking (past/current), Ever alcohol (past/current), Body mass index, kg/m2",0.9368464836458987
platelet,lsm,beta,-0.786428519461441,-1.22009949502715,-0.352757543895737,0.0061740843956492,3001,"Age, years, Male sex, Ever smoking (past/current), Ever alcohol (past/current), Body mass index, kg/m2",0.009848660431124288
wbc,lsm,beta,-0.230428145462357,-0.651597444459008,0.190741153534295,0.311475558472926,3001,"Age, years, Male sex, Ever smoking (past/current), Ever alcohol (past/current), Body mass index, kg/m2",0.3657457136595118
fib4,lsm,beta,2.78394517486954,1.41936119920219,4.1485291505369,0.0031166363530338,3001,"Age, years, Male sex, Ever smoking (past/current), Ever alcohol (past/current), Body mass index, kg/m2",0.005158750381841721
vitd,lsm,beta,-0.271383041012877,-0.696261471266466,0.153495389240712,0.242158287586162,3001,"Age, years, Male sex, Ever smoking (past/current), Ever alcohol (past/current), Body mass index, kg/m2",0.2918997113065087
fn_bmd,lsm,beta,-0.18952157859758,-0.647788822459152,0.268745665263991,0.438514651321022,3001,"Age, years, Male sex, Ever smoking (past/current), Ever alcohol (past/current), Body mass index, kg/m2",0.4977801895626867
ls_bmd,lsm,beta,-0.142168693799083,-0.690900567318333,0.406563179720167,0.623798460756621,3001,"Age, years, Male sex, Ever smoking (past/current), Ever alcohol (past/current), Body mass index, kg/m2",0.6714957036063111
insulin,lsm,beta,-0.172638937920856,-0.843150077765632,0.49787220192392,0.625929682115914,3001,"Age, years, Male sex, Ever smoking (past/current), Ever alcohol (past/current), Body mass index, kg/m2",0.6734233947377091
ggt,lsm,beta,0.755560173617904,0.461490838204476,1.04962950903133,0.0007037163113957,3001,"Age, years, Male sex, Ever smoking (past/current), Ever alcohol (past/current), Body mass index, kg/m2",0.0012711880035988078
uric,lsm,beta,-0.0571598194853681,-0.367582268439838,0.253262629469102,0.726496077303308,3001,"Age, years, Male sex, Ever smoking (past/current), Ever alcohol (past/current), Body mass index, kg/m2",0.762743758442645
cap,lsm,beta,0.35209022640405,-0.0121800683825073,0.716360521190608,0.0906871333397531,3001,"Age, years, Male sex, Ever smoking (past/current), Ever alcohol (past/current), Body mass index, kg/m2",0.11883348774165725
dm,lsm,beta,1.24002746543775,-0.642082970255747,3.12213790113124,0.228762501347322,3001,"Age, years, Male sex, Ever smoking (past/current), Ever alcohol (past/current), Body mass index, kg/m2",0.2773188557206159
prediabetes,lsm,beta,-0.0041751205440644,-0.816898703874443,0.808548462786314,0.992185973709347,3001,"Age, years, Male sex, Ever smoking (past/current), Ever alcohol (past/current), Body mass index, kg/m2",0.9936930916440955
htn,lsm,beta,0.719824197583226,-0.284857490989155,1.72450588615561,0.193791460511026,3001,"Age, years, Male sex, Ever smoking (past/current), Ever alcohol (past/current), Body mass index, kg/m2",0.2382346233006895
mets,lsm,beta,0.104639271048212,-0.36039747385214,0.569676015948564,0.669598851707099,3001,"Age, years, Male sex, Ever smoking (past/current), Ever alcohol (past/current), Body mass index, kg/m2",0.71284527915858
dyslipidemia,lsm,beta,0.269953128609203,-0.209868839721508,0.749775096939913,0.298761943983122,3001,"Age, years, Male sex, Ever smoking (past/current), Ever alcohol (past/current), Body mass index, kg/m2",0.3528066419096211
low_hdl,lsm,beta,0.118248836506825,-0.878149612505589,1.11464728551924,0.821271246165203,3001,"Age, years, Male sex, Ever smoking (past/current), Ever alcohol (past/current), Body mass index, kg/m2",0.8460804817264436
high_tg,lsm,beta,-0.250533137128377,-1.22011643661614,0.719050162359382,0.624714487286827,3001,"Age, years, Male sex, Ever smoking (past/current), Ever alcohol (past/current), Body mass index, kg/m2",0.6722988334348987
high_ldl,lsm,beta,-0.680646625554402,-1.32485184280548,-0.0364414083033269,0.0682673855477159,3001,"Age, years, Male sex, Ever smoking (past/current), Ever alcohol (past/current), Body mass index, kg/m2",0.09164091524491487
high_nonhdl,lsm,beta,1.46728651315387,-1.17873005689543,4.11330308320316,0.305343428297971,3001,"Age, years, Male sex, Ever smoking (past/current), Ever alcohol (past/current), Body mass index, kg/m2",0.35949211716926005
atherogenic_dyslipidemia,lsm,beta,-0.552123251882201,-1.3442450257526,0.239998521988197,0.205049805869052,3001,"Age, years, Male sex, Ever smoking (past/current), Ever alcohol (past/current), Body mass index, kg/m2",0.25051792217973123
insulin_resistance,lsm,beta,-0.366391867857887,-1.43005904339782,0.69727530768205,0.51655268104866,3001,"Age, years, Male sex, Ever smoking (past/current), Ever alcohol (past/current), Body mass index, kg/m2",0.5741731964676873
ckd,lsm,beta,0.895404373103313,-0.365872124843945,2.15668087105057,0.197522204430789,3001,"Age, years, Male sex, Ever smoking (past/current), Ever alcohol (past/current), Body mass index, kg/m2",0.2420687238934948
high_alt,lsm,beta,2.64425383171383,-0.38898114729726,5.67748881072492,0.121689815689792,3001,"Age, years, Male sex, Ever smoking (past/current), Ever alcohol (past/current), Body mass index, kg/m2",0.1555930545794496
high_ast,lsm,beta,6.00155776186092,0.644460629555513,11.3586548941663,0.0557219070747709,3001,"Age, years, Male sex, Ever smoking (past/current), Ever alcohol (past/current), Body mass index, kg/m2",0.07606482553063965
adv_fibrosis,lsm,beta,9.15002800397222,0.983736650510288,17.3163193574341,0.0556929348484515,3001,"Age, years, Male sex, Ever smoking (past/current), Ever alcohol (past/current), Body mass index, kg/m2",0.07605151890247641
anemia,lsm,beta,-0.28732481372571,-0.889732630294538,0.315083002843118,0.374271723403189,3001,"Age, years, Male sex, Ever smoking (past/current), Ever alcohol (past/current), Body mass index, kg/m2",0.4310389920765693
leukocytosis,lsm,beta,-0.777915501985837,-1.74180910271901,0.185978098747334,0.148147645955207,3001,"Age, years, Male sex, Ever smoking (past/current), Ever alcohol (past/current), Body mass index, kg/m2",0.1858186707034873
vitd_deficiency,lsm,beta,0.732230947642389,-0.67576903041355,2.14023092569833,0.334677732981581,3001,"Age, years, Male sex, Ever smoking (past/current), Ever alcohol (past/current), Body mass index, kg/m2",0.39041997063324735
osteoporosis,lsm,beta,0.309691147095623,-0.788779259948354,1.4081615541396,0.594005819081113,3001,"Age, years, Male sex, Ever smoking (past/current), Ever alcohol (past/current), Body mass index, kg/m2",0.6450417294221475
current_smoking,lsm,beta,0.245380310254047,-0.459539445100981,0.950300065609074,0.510562333674159,3001,"Age, years, Male sex, Ever alcohol (past/current), Body mass index, kg/m2",0.5683130534651022
