outcome,pmid,year,auc,title
dm,42730002,2026,0.705,Association of estimated glucose disposal rate with erectile dysfunction: mediating role of neutrophil-to-lymphocyte ratio.
dm,42718937,2026,0.606,Association between glycerol triglyceride glucose-related index and cardiovascular disease in individuals with metabolic dysfunction-associated steatotic liver disease: NHANES 1999-2023.
dm,42666900,2026,0.774,Nonlinear Association of Estimated Pulse Wave Velocity With Bone Health Outcomes: Evidence From the NHANES Database.
dm,42597398,2026,0.822,Association of the fibrosis-4 index with prevalent diabetes among adults: a cross-sectional analysis of NHANES 2003-2018 and a Chinese hospital-based health examination population.
dm,42597398,2026,0.756,Association of the fibrosis-4 index with prevalent diabetes among adults: a cross-sectional analysis of NHANES 2003-2018 and a Chinese hospital-based health examination population.
dm,42596890,2026,0.816,A simplified nomogram for predicting deep vein thrombosis: development in NHANES and retrospective single-center external validation.
dm,42596890,2026,0.792,A simplified nomogram for predicting deep vein thrombosis: development in NHANES and retrospective single-center external validation.
dm,42536537,2026,0.68,Association between GLM7 glycolipid metabolism index and female infertility: A cross-sectional analysis of NHANES 2013-2020.
dm,42507980,2026,0.823,Serum albumin-enhanced screening: A triage strategy and predictive model for OGTT in community-managed patients with coronary heart disease.
dm,42480980,2026,0.799,A CVD Classification Model for Individuals With Obesity: Multi-Ethnic Validation Based on Multiple Metabolic Indicators.
dm,42480980,2026,0.821,A CVD Classification Model for Individuals With Obesity: Multi-Ethnic Validation Based on Multiple Metabolic Indicators.
dm,42445131,2026,0.831,The TyG Index and Obesity Indicators Predicting Low Muscle Mass in US Adults Without Diabetes: NHANES 2011-2018.
dm,42434070,2026,0.825,Serum uric acid-to-HDL cholesterol ratio and stroke prevalence: NHANES 1999-2018 with external support from an imaging-confirmed hemorrhagic stroke dataset.
dm,42423124,2026,0.83,Assessment of Diabetes Risk in Patients With Hepatitis B: A Machine Learning Approach Integrating 11 Inflammatory and Immune Indicators.
dm,42317864,2026,0.823,Identification and Optimization of Risk for Stroke With Abdominal Obesity Patients: Insights From NHANES 2005-2018.
dm,42317864,2026,0.741,Identification and Optimization of Risk for Stroke With Abdominal Obesity Patients: Insights From NHANES 2005-2018.
dm,42305345,2026,0.896,Machine learning predicts diabetes risk in high-risk populations: analysis of National Health and Nutrition Examination Survey data.
dm,42170452,2026,0.925,"Association of magnesium depletion score, triglyceride-glucose index, and C-reactive protein-albumin-lymphocyte index with diabetic sarcopenia: a cross-sectional study based on NHANES 2014-2018 data."
dm,42141301,2026,0.7,Development and validation of an explainable machine learning model using routine laboratory biomarkers for identifying prevalent MASLD: Evidence from two observational studies.
dm,42082195,2026,0.653,Higher Appendicular Skeletal Muscle Mass to Visceral Fat Area Ratio Associated With Reduced Risk of Prediabetes.
dm,41934648,2026,0.73,A Comprehensive Report on the Self-Reported Chronic Kidney Disease Patients in the NHANES Cross-Sectional Cohort from 2001 to 2020.
dm,41921307,2026,0.819,Cardiometabolic index as a predictor of sarcopenia in U.S. adults aged 20-59: results from a cross-sectional study.
dm,41889428,2026,0.803,Identifying risk factors and predicting stroke using Bayesian networks: Evidence from NHANES 2011-2020.
dm,41853751,2026,0.818,A Machine Learning-Derived Risk Score Based on Dietary Nutrient Intake for Early Detection and Prognostic Prediction of Preserved Ratio Impaired Spirometry.
dm,41808031,2026,0.779,Association of the atherogenic index of plasma and a novel triglyceride-glucose-body shape index with stroke: insights from NHANES and machine learning approaches.
dm,41808031,2026,0.769,Association of the atherogenic index of plasma and a novel triglyceride-glucose-body shape index with stroke: insights from NHANES and machine learning approaches.
dm,41772566,2026,0.7,Prognostic stratification with composite insulin resistance-inflammation biomarkers in patients with chronic kidney disease and coronary artery disease across glycemic statuses.
dm,41734627,2026,0.956,Environmental toxicant exposure and diabetes risk: An exposome-wide association study integrating mixture effects and molecular mechanisms.
dm,41734627,2026,0.867,Environmental toxicant exposure and diabetes risk: An exposome-wide association study integrating mixture effects and molecular mechanisms.
dm,41731628,2026,0.848,Prediabetes and stroke risk in U.S. adults: a machine learning-based analysis with causal mediation insights.
dm,41731628,2026,0.776,Prediabetes and stroke risk in U.S. adults: a machine learning-based analysis with causal mediation insights.
dm,41647774,2026,0.68,Systemic inflammatory response index and its obesity-related derivatives as predictors of heart failure: A cross-sectional study from NHANES 2017-2020.
dm,41647774,2026,0.73,Systemic inflammatory response index and its obesity-related derivatives as predictors of heart failure: A cross-sectional study from NHANES 2017-2020.
dm,41647774,2026,0.71,Systemic inflammatory response index and its obesity-related derivatives as predictors of heart failure: A cross-sectional study from NHANES 2017-2020.
dm,41600625,2026,0.891,"Evaluating Machine Learning Models for Classifying Diabetes Using Demographic, Clinical, Lifestyle, Anthropometric, and Environmental Exposure Factors."
dm,41585803,2025,0.805,Development and external validation of models to improve prediction of osteoporosis in elderly women: interpretable machine learning.
dm,41580859,2026,0.6,The predictive value of glycated albumin and hemoglobin A1c for all-cause and cardiovascular mortality in chronic kidney disease patients.
dm,41580859,2026,0.62,The predictive value of glycated albumin and hemoglobin A1c for all-cause and cardiovascular mortality in chronic kidney disease patients.
dm,41580859,2026,0.7,The predictive value of glycated albumin and hemoglobin A1c for all-cause and cardiovascular mortality in chronic kidney disease patients.
dm,41580859,2026,0.69,The predictive value of glycated albumin and hemoglobin A1c for all-cause and cardiovascular mortality in chronic kidney disease patients.
dm,41580859,2026,0.68,The predictive value of glycated albumin and hemoglobin A1c for all-cause and cardiovascular mortality in chronic kidney disease patients.
dm,41578528,2026,0.579,Systemic inflammation response index and Parkinson's disease risk: A cross-sectional study.
dm,41546494,2026,0.863,Prediction model for cardiovascular mortality risk in asthma patients based on machine learning.
dm,41546494,2026,0.832,Prediction model for cardiovascular mortality risk in asthma patients based on machine learning.
dm,41492828,2026,0.802,Handgrip Strength in Korean Youth and Young Adults: Reference Values and Their Associations with Metabolic Syndrome.
dm,41469084,2025,0.869,Metal Mixture Inflammatory Index and diabetes risk in US adults: a cross-sectional analysis of NHANES 1999-2020 and development of a LASSO-based prediction model.
dm,41459077,2025,0.775,Establishment and evaluation of a novel practical tool for the screening of metabolic dysfunction-associated steatotic liver disease in patients with type 2 diabetes mellitus.
dm,41451934,2026,0.618,Skeletal Muscle Mass Index and Risk of Lower Extremity Ulcers: Analysis of NHANES Data with External Hospital Validation.
dm,41430716,2025,0.823,Personalized MASLD and&#xa0;liver fibrosis risk assessment for adults: glycemic status determines optimal choice of non-invasive indices.
dm,41430716,2025,0.829,Personalized MASLD and&#xa0;liver fibrosis risk assessment for adults: glycemic status determines optimal choice of non-invasive indices.
dm,41430716,2025,0.761,Personalized MASLD and&#xa0;liver fibrosis risk assessment for adults: glycemic status determines optimal choice of non-invasive indices.
dm,41430716,2025,0.754,Personalized MASLD and&#xa0;liver fibrosis risk assessment for adults: glycemic status determines optimal choice of non-invasive indices.
dm,41403594,2025,0.757,Correlation of age-adjusted visceral adiposity index with osteoarthritis risk: a cross-sectional study from NHANES 1999-2018.
dm,41381073,2025,0.739,The discriminatory ability of the body roundness index and body mass index for metabolic diseases in Korean adults: a comparative study.
dm,41379864,2025,0.5,Comparative prognostic value of hemoglobin glycation index and glycation gap for mortality risk in adults: A population-based study.
dm,41334340,2025,0.965,Multidimensional dietary assessment and interpretable machine learning models predict the risk of prediabetes/diabetes and osteoporosis comorbidity in older adults.
dm,41313331,2026,0.61,Predictive value of novel inflammatory markers for mortality in patients with chronic kidney disease &#x2012; Evidence from NHANES 1999-2018.
dm,41313331,2026,0.599,Predictive value of novel inflammatory markers for mortality in patients with chronic kidney disease &#x2012; Evidence from NHANES 1999-2018.
dm,41287115,2025,0.72,Association between cardiometabolic index and gallstones: a cross-sectional study based on NHANES 2017-2020.
dm,41169086,2025,0.85,Risk Prediction of Low Bone Density in Elderly Patients with Supervised Machine Learning Algorithms.
dm,41158437,2025,0.74,Predicting Mild Cognitive Impairment in Type 2 Diabetes: A Machine Learning Approach.
dm,41103654,2025,0.626,Relative fat mass is associated with vitamin D deficiency in individuals with diabetes: evidence from NHANES and a Chinese cohort.
dm,41099340,2025,0.909,Use of Automated Machine Learning to Detect Undiagnosed Diabetes in US Adults: Development and Validation Study.
dm,41034706,2025,0.858,Lymphocyte-to-monocyte ratio is associated with all&#x2011;cause and cardiovascular mortality among individuals with diabetes mellitus in the National Health and Nutrition Examination Survey 2003-2018 cohort.
dm,41034706,2025,0.864,Lymphocyte-to-monocyte ratio is associated with all&#x2011;cause and cardiovascular mortality among individuals with diabetes mellitus in the National Health and Nutrition Examination Survey 2003-2018 cohort.
dm,40988252,2025,0.64,The association between metabolic score for visceral fat and asthma incidence risk: A machine learning analysis based on the NHANES database.
dm,40988175,2025,0.843,Determining the association of C-reactive-protein-triglyceride-glucose index and diabetes using machine learning and LASSO regression: A cross-sectional analysis of NHANES 2001 to 2010 results.
dm,40972802,2025,0.87,Cognitive function and dietary index for gut microbiota in the aging population: association and machine learning screening models.
dm,40949436,2025,0.879,A female overactive bladder risk model developed by machine learning: based on 2007-2018 NHANES data.
dm,40777182,2025,0.77,The advanced lung cancer inflammation index as a predictor of kidney stone risk in men: a cross-sectional analysis.
dm,40773099,2025,0.824,Association of non-traditional lipid indices with diabetes and insulin resistance in US adults: mediating effects of HOMA-IR and evidence from a national cohort.
dm,40773099,2025,0.837,Association of non-traditional lipid indices with diabetes and insulin resistance in US adults: mediating effects of HOMA-IR and evidence from a national cohort.
dm,40694684,2025,0.702,Relationship of prognostic nutritional index with anemia and all-cause mortality: a NHANES study.
dm,40681985,2025,0.644,Association of triglyceride-glucose related indices with colorectal cancer risk among the US population: a cross-sectional study.
dm,40670519,2025,0.6796,Association between various insulin resistance surrogates and gallstone disease based on national health and nutrition examination survey.
dm,40663410,2025,0.8597,Occupational and Physical Activity Factors as Predictors of Prediabetes: A Machine Learning Study With SHAP-Based Interpretation.
dm,40632204,2025,0.82,The predictive value of multiple urinary metals in evaluating death risk in asthmatic individuals: a prospective cohort study.
dm,40632204,2025,0.86,The predictive value of multiple urinary metals in evaluating death risk in asthmatic individuals: a prospective cohort study.
dm,40607023,2025,0.646,Association between relative fat mass and osteoarthritis in American adults.
dm,40583026,2026,0.828,Development and Validation of a Dynamic Online Nomogram Prediction Model for Assessing the Risk of Erectile Dysfunction.
dm,40520799,2025,0.748,"A machine learning-based prediction of diabetic retinopathy using the Korea national health and nutrition examination survey (2008-2012, 2017-2021)."
dm,40480129,2025,0.998,Association of urinary metal elements with sarcopenia and glucose metabolism abnormalities: Insights from NHANES data using machine learning approaches.
dm,40474897,2025,0.836,Assessment of the diagnostic efficacy of five non-invasive tests for MASLD: external validation utilizing data from two cohorts.
dm,40410700,2025,0.814,Aggregate index of systemic inflammation tied to increased fatty liver disease risk: insights from NHANES data.
dm,40403723,2025,0.835,DiabetesLiver score: A non-invasive algorithm for advanced liver fibrosis and liver-related outcomes in type 2 diabetes mellitus population.
dm,40369422,2025,0.713,The HbA1c/HDL-C ratio as a screening indicator of NAFLD in U.S. adults: a cross-sectional NHANES analysis (2017-2020).
dm,40331893,2026,0.9,Comparison of diagnostic accuracy and utility of non-invasive tests for clinically significant liver disease in a general population with metabolic dysfunction.
dm,40331136,2025,0.67,Association between neutrophil-lymphocyte ratio and all-cause and cardiovascular mortality in patients with diabetes or prediabetes with comorbid obstructive sleep apnea symptoms: evidence from NHANES 2005-2008 and 2015-2018.
dm,40290308,2025,0.648,"The relationship between blood urea nitrogen to serum albumin ratio and cardiovascular diseases, cardiovascular mortality, and all-cause mortality in patients with diabetes mellitus."
dm,40290308,2025,0.618,"The relationship between blood urea nitrogen to serum albumin ratio and cardiovascular diseases, cardiovascular mortality, and all-cause mortality in patients with diabetes mellitus."
dm,40290308,2025,0.674,"The relationship between blood urea nitrogen to serum albumin ratio and cardiovascular diseases, cardiovascular mortality, and all-cause mortality in patients with diabetes mellitus."
dm,40260532,2025,0.585,Prolonged sitting time and all-cause mortality: the mediating and predictive role of kidney function markers.
dm,40140819,2025,0.939,Interpretable machine learning method to predict the risk of pre-diabetes using a national-wide cross-sectional data: evidence from CHNS.
dm,40128326,2025,0.83,Neutrophil percentage to albumin ratio predicts cardiovascular and all-cause mortality in diabetes and pre diabetes patients.
dm,40128326,2025,0.86,Neutrophil percentage to albumin ratio predicts cardiovascular and all-cause mortality in diabetes and pre diabetes patients.
dm,40036490,2026,0.96,Advanced prediction of heart failure risk in elderly diabetic and hypertensive patients using nine machine learning models and novel composite indices: insights from NHANES 2003-2016.
dm,39994225,2025,0.652,Association between METS-IR index and obstructive sleep apnea: evidence from NHANES.
dm,39990568,2025,0.66,Development and validation of a multivariable Prediction Model for Pre-diabetes and Diabetes using Easily Obtainable Clinical Data.
dm,39990106,2025,0.72,Higher systemic immune-inflammation index is associated with increased risk of Parkinson's disease in adults: a nationwide population-based study.
dm,39965947,2025,0.776,"Development of a nomogram for predicting depression risk in patients with chronic kidney disease: an analysis of data from the US National Health and Nutrition Examination Survey, 2007-2014."
dm,39959621,2025,0.809,Correlation between liver fibrosis in non-alcoholic fatty liver disease and insulin resistance indicators: a cross-sectional study from NHANES 2017-2020.
dm,39939537,2025,0.823,Development and validation of a new diagnostic prediction model for NAFLD based on machine learning algorithms in NHANES 2017-2020.3.
dm,39932909,2025,0.791,The Metabolic Score for Visceral Fat (METS-VF) as a predictor of diabetes mellitus: Evidence from the 2011-2018 NHANES study.
dm,39916754,2024,0.797,The potential of the serum uric acid to high-density lipoprotein cholesterol ratio as a predictive biomarker of diabetes risk: a study based on NHANES 2005-2018.
dm,39916754,2024,0.789,The potential of the serum uric acid to high-density lipoprotein cholesterol ratio as a predictive biomarker of diabetes risk: a study based on NHANES 2005-2018.
dm,39891178,2025,0.601,Association of the body roundness index with chronic diarrhea and chronic constipation: findings based on the National Health and Nutrition Examination Survey 2005-2010 data.
dm,39765954,2024,0.8908,Machine Learning-Driven Metabolic Syndrome Prediction: An International Cohort Validation Study.
dm,39765954,2024,0.9101,Machine Learning-Driven Metabolic Syndrome Prediction: An International Cohort Validation Study.
dm,39765954,2024,0.8556,Machine Learning-Driven Metabolic Syndrome Prediction: An International Cohort Validation Study.
dm,39765954,2024,0.9055,Machine Learning-Driven Metabolic Syndrome Prediction: An International Cohort Validation Study.
dm,39722803,2024,0.724,Negative correlation between cardiometabolic index and testosterone in male adults.
dm,39696411,2024,0.787,"Development, validation and recalibration of a prediction model for prediabetes: an EHR and NHANES-based study."
dm,39627414,2024,0.824,Platelet to high density lipoprotein cholesterol ratio is associated with diabetes and prediabetes in NHANES 2005 to 2018.
dm,39624686,2024,0.64,Association of Body Roundness Index and A Body Shape Index with Obstructive Sleep Apnea: insights from NHANES 2015-2018 data.
dm,39593076,2024,0.938,Identification and optimization of relevant factors for chronic kidney disease in abdominal obesity patients by machine learning methods: insights from NHANES 2005-2018.
dm,39557751,2025,0.756,Using Risk Assessment to Improve Screening for Albuminuria among US Adults without Diabetes.
dm,39553265,2024,0.865,Phthalate Metabolites Were Related to the Risk of High-Frequency Hearing Loss: A Cross-Sectional Study of National Health and Nutrition Examination Survey.
dm,39271702,2024,0.698,Using anthropometric parameters to predict insulin resistance among patients without diabetes mellitus.
dm,39271702,2024,0.746,Using anthropometric parameters to predict insulin resistance among patients without diabetes mellitus.
dm,39175030,2024,0.785,Association of non-high-density lipoprotein cholesterol to high-density lipoprotein cholesterol ratio (NHHR) and gallstones among US adults aged&#x2009;&#x2264;&#x2009;50 years: a cross-sectional study from NHANES 2017-2020.
dm,39044983,2024,0.817,A nomogram and online calculator for predicting depression risk in obese Americans.
dm,38827929,2024,0.56,Association Between Triglyceride Glucose Index and Infertility in Reproductive-Aged Women: A Cross-Sectional Study.
dm,38789510,2024,0.86,A digital twin model incorporating generalized metabolic fluxes to identify and predict chronic kidney disease in type 2 diabetes mellitus.
dm,38789510,2024,0.75,A digital twin model incorporating generalized metabolic fluxes to identify and predict chronic kidney disease in type 2 diabetes mellitus.
prediabetes,42082195,2026,0.653,Higher Appendicular Skeletal Muscle Mass to Visceral Fat Area Ratio Associated With Reduced Risk of Prediabetes.
prediabetes,41731628,2026,0.848,Prediabetes and stroke risk in U.S. adults: a machine learning-based analysis with causal mediation insights.
prediabetes,41731628,2026,0.776,Prediabetes and stroke risk in U.S. adults: a machine learning-based analysis with causal mediation insights.
prediabetes,41480125,2026,0.695,A comparative analysis of anthropometric indices for identifying prediabetes in US adults: results from NHANES 2021-2023.
prediabetes,41430716,2025,0.823,Personalized MASLD and&#xa0;liver fibrosis risk assessment for adults: glycemic status determines optimal choice of non-invasive indices.
prediabetes,41430716,2025,0.829,Personalized MASLD and&#xa0;liver fibrosis risk assessment for adults: glycemic status determines optimal choice of non-invasive indices.
prediabetes,41430716,2025,0.761,Personalized MASLD and&#xa0;liver fibrosis risk assessment for adults: glycemic status determines optimal choice of non-invasive indices.
prediabetes,41430716,2025,0.754,Personalized MASLD and&#xa0;liver fibrosis risk assessment for adults: glycemic status determines optimal choice of non-invasive indices.
prediabetes,40663410,2025,0.8597,Occupational and Physical Activity Factors as Predictors of Prediabetes: A Machine Learning Study With SHAP-Based Interpretation.
prediabetes,40480129,2025,0.998,Association of urinary metal elements with sarcopenia and glucose metabolism abnormalities: Insights from NHANES data using machine learning approaches.
prediabetes,40140819,2025,0.939,Interpretable machine learning method to predict the risk of pre-diabetes using a national-wide cross-sectional data: evidence from CHNS.
prediabetes,40128326,2025,0.83,Neutrophil percentage to albumin ratio predicts cardiovascular and all-cause mortality in diabetes and pre diabetes patients.
prediabetes,40128326,2025,0.86,Neutrophil percentage to albumin ratio predicts cardiovascular and all-cause mortality in diabetes and pre diabetes patients.
prediabetes,39990568,2025,0.66,Development and validation of a multivariable Prediction Model for Pre-diabetes and Diabetes using Easily Obtainable Clinical Data.
prediabetes,39696411,2024,0.787,"Development, validation and recalibration of a prediction model for prediabetes: an EHR and NHANES-based study."
prediabetes,39627414,2024,0.824,Platelet to high density lipoprotein cholesterol ratio is associated with diabetes and prediabetes in NHANES 2005 to 2018.
prediabetes,39557751,2025,0.756,Using Risk Assessment to Improve Screening for Albuminuria among US Adults without Diabetes.
prediabetes,36405266,2022,0.6998,Development and validation of a risk assessment model for prediabetes in China national diabetes survey.
prediabetes,36405266,2022,0.7308,Development and validation of a risk assessment model for prediabetes in China national diabetes survey.
prediabetes,27371780,2016,0.77,Comparison of screening scores for diabetes and prediabetes.
prediabetes,26560153,2015,0.699,Evaluation of Major Online Diabetes Risk Calculators and Computerized Predictive Models.
prediabetes,22632741,2012,0.61,Development and validation of a tool for assessing glucose impairment in adolescents.
prediabetes,21195416,2011,0.88,Diagnosis of diabetes using hemoglobin A1c: should recommendations in adults be extrapolated to adolescents?
prediabetes,21195416,2011,0.61,Diagnosis of diabetes using hemoglobin A1c: should recommendations in adults be extrapolated to adolescents?
htn,42671140,2026,0.712,Cross-sectional stroke risk identification in RA: integrating traditional and disease-specific factors.
htn,42671140,2026,0.716,Cross-sectional stroke risk identification in RA: integrating traditional and disease-specific factors.
htn,42666121,2026,0.874,Neutrophil to High-Density Lipoprotein Cholesterol Ratio and All-Cause Mortality Among Asthmatic Individuals: A Cohort Study.
htn,42666121,2026,0.853,Neutrophil to High-Density Lipoprotein Cholesterol Ratio and All-Cause Mortality Among Asthmatic Individuals: A Cohort Study.
htn,42666121,2026,0.877,Neutrophil to High-Density Lipoprotein Cholesterol Ratio and All-Cause Mortality Among Asthmatic Individuals: A Cohort Study.
htn,42617690,2026,0.856,An Integrated Inflammation-Metabolism Model for Stratifying Severity of Peripheral Artery Disease.
htn,42536537,2026,0.68,Association between GLM7 glycolipid metabolism index and female infertility: A cross-sectional analysis of NHANES 2013-2020.
htn,42480980,2026,0.799,A CVD Classification Model for Individuals With Obesity: Multi-Ethnic Validation Based on Multiple Metabolic Indicators.
htn,42480980,2026,0.821,A CVD Classification Model for Individuals With Obesity: Multi-Ethnic Validation Based on Multiple Metabolic Indicators.
htn,42422404,2026,0.64,"Diet Quality, Dietary Inflammatory Potential, and All-Cause Mortality in U.S. Adults With Asthma-COPD Overlap."
htn,42332450,2026,0.952,"Disease burden, machine learning&#x2011;based risk factor identification in uterine cancer: A cross&#x2011;sectional and bibliometric analysis."
htn,42332450,2026,0.964,"Disease burden, machine learning&#x2011;based risk factor identification in uterine cancer: A cross&#x2011;sectional and bibliometric analysis."
htn,42327374,2026,0.832,Machine Learning and SHAP Value Interpretation for Predicting Hepatic Steatosis Using Vibration-Controlled Transient Elastography.
htn,42317864,2026,0.823,Identification and Optimization of Risk for Stroke With Abdominal Obesity Patients: Insights From NHANES 2005-2018.
htn,42317864,2026,0.741,Identification and Optimization of Risk for Stroke With Abdominal Obesity Patients: Insights From NHANES 2005-2018.
htn,42141301,2026,0.7,Development and validation of an explainable machine learning model using routine laboratory biomarkers for identifying prevalent MASLD: Evidence from two observational studies.
htn,42141301,2026,0.879,Development and validation of an explainable machine learning model using routine laboratory biomarkers for identifying prevalent MASLD: Evidence from two observational studies.
htn,42141301,2026,0.822,Development and validation of an explainable machine learning model using routine laboratory biomarkers for identifying prevalent MASLD: Evidence from two observational studies.
htn,41950057,2026,0.64,Association Between Obesity Status and Hypertension Phenotypes: Are Inflammatory Indicators the Missing Link? Evidence From a Large Population Study.
htn,41950057,2026,0.68,Association Between Obesity Status and Hypertension Phenotypes: Are Inflammatory Indicators the Missing Link? Evidence From a Large Population Study.
htn,41934648,2026,0.73,A Comprehensive Report on the Self-Reported Chronic Kidney Disease Patients in the NHANES Cross-Sectional Cohort from 2001 to 2020.
htn,41921307,2026,0.819,Cardiometabolic index as a predictor of sarcopenia in U.S. adults aged 20-59: results from a cross-sectional study.
htn,41916101,2026,0.82,Association between the estimated glucose disposal rate and new-onset chronic obstructive pulmonary disease in United States adults.
htn,41853751,2026,0.818,A Machine Learning-Derived Risk Score Based on Dietary Nutrient Intake for Early Detection and Prognostic Prediction of Preserved Ratio Impaired Spirometry.
htn,41808031,2026,0.779,Association of the atherogenic index of plasma and a novel triglyceride-glucose-body shape index with stroke: insights from NHANES and machine learning approaches.
htn,41808031,2026,0.769,Association of the atherogenic index of plasma and a novel triglyceride-glucose-body shape index with stroke: insights from NHANES and machine learning approaches.
htn,41766947,2026,0.9027,Web-based cardiovascular disease risk prediction using machine learning.
htn,41731628,2026,0.848,Prediabetes and stroke risk in U.S. adults: a machine learning-based analysis with causal mediation insights.
htn,41731628,2026,0.776,Prediabetes and stroke risk in U.S. adults: a machine learning-based analysis with causal mediation insights.
htn,41659341,2025,0.704,Metabolic syndrome and diabetic kidney disease: a consistent dose-response association validated in an independent clinical cohort.
htn,41659341,2025,0.869,Metabolic syndrome and diabetic kidney disease: a consistent dose-response association validated in an independent clinical cohort.
htn,41650107,2026,0.886,Development of an explainable machine learning model for predicting depression in adults with type 2 diabetes mellitus: A cross-sectional SHAP-based analysis of NHANES 2009-2023.
htn,41578528,2026,0.579,Systemic inflammation response index and Parkinson's disease risk: A cross-sectional study.
htn,41546494,2026,0.863,Prediction model for cardiovascular mortality risk in asthma patients based on machine learning.
htn,41546494,2026,0.832,Prediction model for cardiovascular mortality risk in asthma patients based on machine learning.
htn,41496456,2026,0.711,Development and interpretation prediction model for depressive symptoms in patients with chronic kidney disease: a cross-sectional study based on NHANES.
htn,41469084,2025,0.869,Metal Mixture Inflammatory Index and diabetes risk in US adults: a cross-sectional analysis of NHANES 1999-2020 and development of a LASSO-based prediction model.
htn,41423756,2025,0.62,Synergistic Effects of HEI-2015 and DII on Survival Outcomes in Chronic Obstructive Pulmonary Disease.
htn,41381073,2025,0.739,The discriminatory ability of the body roundness index and body mass index for metabolic diseases in Korean adults: a comparative study.
htn,41353986,2026,0.825,Building and validating a machine learning model to predict coronary heart disease risk based on non-invasive indicators.
htn,41353986,2026,0.851,Building and validating a machine learning model to predict coronary heart disease risk based on non-invasive indicators.
htn,41345827,2025,0.831,Machine learning-based prediction of atherosclerotic cardiovascular disease risk in adults with diabetes or prediabetes.
htn,41287115,2025,0.72,Association between cardiometabolic index and gallstones: a cross-sectional study based on NHANES 2017-2020.
htn,41239592,2025,0.804,The non-high-density lipoprotein cholesterol to high-density lipoprotein cholesterol ratio (NHHR) as predictors of hypertensive patients: Analyses of NHANES data with machine learning.
htn,41230170,2025,0.692,Analysis of risk factors for kidney stones in patients with hyperuricemia: a cross-sectional study based on NHANES.
htn,41230156,2025,0.736,Body mass index mediates the association between heavy metal exposure and overactive bladder risk: insights from a nationally representative cross-sectional study using explainable machine learning.
htn,41217963,2025,0.566,"The relationship between cholesterol, high-density lipoprotein, and glucose index and hypertension: A study based on two national cohorts."
htn,41152827,2025,0.723,Association between the stress hyperglycemia ratio and elevated blood pressure among U.S. adolescents aged 12-17.
htn,41087954,2025,0.695,Associations between the atherogenic index of plasma and coronary heart disease in hypertensive patients: results from NHANES 2005-2018.
htn,41062924,2025,0.735,Advanced lung cancer inflammation index as a predictor of all-cause and cardiovascular mortality among patients with hypertension in the US.
htn,40988252,2025,0.64,The association between metabolic score for visceral fat and asthma incidence risk: A machine learning analysis based on the NHANES database.
htn,40988175,2025,0.92,Determining the association of C-reactive-protein-triglyceride-glucose index and diabetes using machine learning and LASSO regression: A cross-sectional analysis of NHANES 2001 to 2010 results.
htn,40988175,2025,0.843,Determining the association of C-reactive-protein-triglyceride-glucose index and diabetes using machine learning and LASSO regression: A cross-sectional analysis of NHANES 2001 to 2010 results.
htn,40949436,2025,0.879,A female overactive bladder risk model developed by machine learning: based on 2007-2018 NHANES data.
htn,40949084,2025,0.716,Hypertension and BMI as Mediators of Type 2 Diabetes-Induced CKD: Insights from an Integrative Multi-Database Study.
htn,40920371,2025,0.62,Association between the uric acid to high-density lipoprotein ratio (UHR) and hypertension in US adults: evidence from NHANES 2005-2020.
htn,40777182,2025,0.77,The advanced lung cancer inflammation index as a predictor of kidney stone risk in men: a cross-sectional analysis.
htn,40747336,2025,0.643,Association between triglyceride-glucose index and its obesity indicators with hypertension in postmenopausal women: a cross-sectional study.
htn,40681985,2025,0.644,Association of triglyceride-glucose related indices with colorectal cancer risk among the US population: a cross-sectional study.
htn,40664953,2025,0.721,Prevalence and risk factors of hypertensive retinopathy in South Korea based on national health survey data.
htn,40654225,2025,0.76,Development and Validation of an Incident Hypertension Risk Prediction Model for Young Adults.
htn,40615783,2025,0.724,Association between novel Immune-Inflammatory markers and hypertension patients with coronary heart disease: A Cross-Sectional study based on NHANES (2005-2016).
htn,40612321,2025,0.6588,"Abdominal obesity and osteoarthritis risk: evaluating the association of lipid accumulation product, body roundness index, and waist triglyceride index with osteoarthritis in U.S. adults."
htn,40604621,2025,0.89,Development and validation of a risk prediction model for depression in patients with chronic obstructive pulmonary disease.
htn,40583026,2026,0.828,Development and Validation of a Dynamic Online Nomogram Prediction Model for Assessing the Risk of Erectile Dysfunction.
htn,40494862,2026,0.551,Comparative analysis of adiposity indices for predicting 2-year hypertension incidence in children and adolescents: a retrospective study.
htn,40474897,2025,0.836,Assessment of the diagnostic efficacy of five non-invasive tests for MASLD: external validation utilizing data from two cohorts.
htn,40469589,2025,0.78,Developing machine learning models for predicting cardiovascular disease survival based on heavy metal serum and urine levels.
htn,40469589,2025,0.798,Developing machine learning models for predicting cardiovascular disease survival based on heavy metal serum and urine levels.
htn,40469589,2025,0.592,Developing machine learning models for predicting cardiovascular disease survival based on heavy metal serum and urine levels.
htn,40469589,2025,0.626,Developing machine learning models for predicting cardiovascular disease survival based on heavy metal serum and urine levels.
htn,40469589,2025,0.705,Developing machine learning models for predicting cardiovascular disease survival based on heavy metal serum and urine levels.
htn,40469589,2025,0.743,Developing machine learning models for predicting cardiovascular disease survival based on heavy metal serum and urine levels.
htn,40437733,2025,0.732,Application value of weight-adjusted waist circumference index and cardiometabolic index in hypertensive patients with albuminuria: results from the National Health and Nutrition Examination Survey 2005-2020.
htn,40419977,2025,0.6946,Association between triglyceride glucose-waist to height ratio (TyG-WHtR) and hypertension in adults aged 18-60: a cross-sectional study.
htn,40418650,2025,0.82,Cardiovascular Disease Detection in Dental Settings-Development and External Validation of a Nomogram (PerioCARD).
htn,40410700,2025,0.814,Aggregate index of systemic inflammation tied to increased fatty liver disease risk: insights from NHANES data.
htn,40394710,2025,0.85,Developing and validating a predictive model for all-cause mortality in patients with metabolic dysfunction-associated steatotic liver disease.
htn,40255373,2025,0.624,"Machine learning based association between inflammation indicators (NLR, PLR, NPAR, SII, SIRI, and AISI) and all-cause mortality in arthritis patients with hypertension: NHANES 1999-2018."
htn,40253411,2025,0.93,Predictive role of the dietary inflammatory index on stroke risk among hypertensive patients.
htn,40140819,2025,0.939,Interpretable machine learning method to predict the risk of pre-diabetes using a national-wide cross-sectional data: evidence from CHNS.
htn,40036490,2026,0.96,Advanced prediction of heart failure risk in elderly diabetic and hypertensive patients using nine machine learning models and novel composite indices: insights from NHANES 2003-2016.
htn,39955533,2025,0.73,DNA methylation-based telomere length is more strongly associated with long-term all-cause mortality than quantitative polymerase chain reaction-based telomere length among middle-aged and older hypertensive adults.
htn,39939537,2025,0.823,Development and validation of a new diagnostic prediction model for NAFLD based on machine learning algorithms in NHANES 2017-2020.3.
htn,39869615,2025,0.652,The link between the atherogenic index of plasma and the risk of hypertension: Analysis from NHANES 2017-2020.
htn,39818118,2025,0.802,A predictive model of cognitive impairment risk in older adults with hypertension.
htn,39818118,2025,0.756,A predictive model of cognitive impairment risk in older adults with hypertension.
htn,39805606,2025,0.784,Application of machine learning algorithms in predicting new onset hypertension: a study based on the China Health and Nutrition Survey.
htn,39805606,2025,0.802,Application of machine learning algorithms in predicting new onset hypertension: a study based on the China Health and Nutrition Survey.
htn,39752763,2025,0.842,Estimating cardiovascular mortality in patients with hypertension using machine learning: The role of depression classification based on lifestyle and physical activity.
htn,39662204,2025,0.67,Elevated neutrophil-percentage-to-albumin ratio predicts increased all-cause and cardiovascular mortality in hypertensive patients: Evidence from NHANES 1999-2018.
htn,39654488,2025,0.701,Association of Visceral Adipose Tissue With Hypertension: Results From the NHANES 2011-2018 and Mendelian Randomization Analyses.
htn,39593076,2024,0.938,Identification and optimization of relevant factors for chronic kidney disease in abdominal obesity patients by machine learning methods: insights from NHANES 2005-2018.
htn,39585569,2025,0.781,Risk prediction model for psoriatic arthritis: NHANES data and multi-algorithm approach.
htn,39585569,2025,0.687,Risk prediction model for psoriatic arthritis: NHANES data and multi-algorithm approach.
htn,39557751,2025,0.756,Using Risk Assessment to Improve Screening for Albuminuria among US Adults without Diabetes.
htn,39537759,2024,0.809,Elevated neutrophil percentage-to-albumin ratio predicts increased all-cause and cardiovascular mortality among individuals with diabetes.
htn,39497907,2024,0.778,Early prediction of cognitive impairment in adults aged 20 years and older using machine learning and biomarkers of heavy metal exposure.
htn,39478121,2024,0.827,Serum neurofilament light chain: a novel biomarker for cardiovascular diseases in individuals without hypertension.
htn,39439560,2024,0.602,Gender differences in the relationship between the systemic immune-inflammation index and all-cause and cardiovascular mortality among adults with hypertension: evidence from NHANES 1999-2018.
htn,39385080,2024,0.751,Environmental chemical exposures and a machine learning-based model for predicting hypertension in NHANES 2003-2016.
htn,39364405,2024,0.683,Association of urinary albumin excretion with all-cause and cardiovascular mortality among patients with rheumatoid arthritis: a national prospective study.
htn,39364405,2024,0.681,Association of urinary albumin excretion with all-cause and cardiovascular mortality among patients with rheumatoid arthritis: a national prospective study.
htn,39234507,2024,0.67,Neutrophil-to-lymphocyte ratio as a predictor of all-cause and cardiovascular mortality in coronary heart disease and hypertensive patients: a retrospective cohort study.
htn,39234507,2024,0.66,Neutrophil-to-lymphocyte ratio as a predictor of all-cause and cardiovascular mortality in coronary heart disease and hypertensive patients: a retrospective cohort study.
htn,39133252,2024,0.959,Assessment of EMR ML Mining Methods for Measuring Association between Metal Mixture and Mortality for Hypertension.
htn,39044983,2024,0.817,A nomogram and online calculator for predicting depression risk in obese Americans.
htn,38994553,2024,0.89,Anthropometry for predicting cardiometabolic disease risk factors in adolescents.
htn,38827929,2024,0.56,Association Between Triglyceride Glucose Index and Infertility in Reproductive-Aged Women: A Cross-Sectional Study.
htn,38214193,2024,0.774,The interpretable machine learning model associated with metal mixtures to identify hypertension via EMR mining method.
htn,37736023,2023,0.871,Development of a convenient and effective hypertension risk prediction model and exploration of the relationship between Serum Ferritin and Hypertension Risk: a study based on NHANES 2017-March 2020.
htn,37567907,2023,0.788,Comparisons of the prediction models for undiagnosed diabetes between machine learning versus traditional statistical methods.
htn,37567907,2023,0.802,Comparisons of the prediction models for undiagnosed diabetes between machine learning versus traditional statistical methods.
htn,37422210,2023,0.84,Effects of heavy metal exposure on hypertension: A machine learning modeling approach.
htn,37162442,2023,0.73,Machine learning algorithms identify hypokalaemia risk in people with hypertension in the United States National Health and Nutrition Examination Survey 1999-2018.
htn,37018322,2023,0.757,"Development and validation of a depression risk prediction nomogram for US Adults with hypertension, based on NHANES 2007-2018."
htn,37018322,2023,0.724,"Development and validation of a depression risk prediction nomogram for US Adults with hypertension, based on NHANES 2007-2018."
htn,36842959,2023,0.7386,Predictive ability of traditional and novel anthropometric measurement indices for cardio-metabolic diseases in Chinese adults: China Health and Nutrition Survey (CHNS) cohort study.
htn,36482400,2022,0.868,Development and validation of a new nomogram to screen for MAFLD.
htn,36482400,2022,0.863,Development and validation of a new nomogram to screen for MAFLD.
htn,36407444,2022,0.71,"Associations between novel anthropometric measures and the prevalence of hypertension among 45,853 adults: A cross-sectional study."
htn,35979042,2022,0.85,Association between HBV Infection and the Prevalence of Coronary Artery Disease in the US Population.
htn,35863116,2022,0.753,"Machine learning algorithms identify demographics, dietary features, and blood biomarkers associated with stroke records."
htn,35379906,2022,0.7,What is the optimal anthropometric index/ratio associated with two key measures of cardio-metabolic risk associated with hypertension and diabetes?
htn,35373440,2022,0.75,Development and validation of a life expectancy calculator for US patients with prostate cancer.
htn,34683109,2021,0.847,Development of the Hypertension Index Model in General Adult Using the Korea National Health and Nutritional Examination Survey and the Korean Genome and Epidemiology Study.
htn,34683109,2021,0.901,Development of the Hypertension Index Model in General Adult Using the Korea National Health and Nutritional Examination Survey and the Korean Genome and Epidemiology Study.
htn,33802324,2021,0.743,Association between Chinese Dietary Guidelines Compliance Index for Pregnant Women and Risks of Pregnancy Complications in the Tongji Maternal and Child Health Cohort.
htn,33802324,2021,0.714,Association between Chinese Dietary Guidelines Compliance Index for Pregnant Women and Risks of Pregnancy Complications in the Tongji Maternal and Child Health Cohort.
htn,33198349,2020,0.71,Diabetic Retinopathy Environment-Wide Association Study (EWAS) in NHANES 2005-2008.
htn,33198349,2020,0.72,Diabetic Retinopathy Environment-Wide Association Study (EWAS) in NHANES 2005-2008.
htn,33198349,2020,0.84,Diabetic Retinopathy Environment-Wide Association Study (EWAS) in NHANES 2005-2008.
htn,33183041,2021,0.842,Derivation and validation of a simple nomogram prediction model for all-cause mortality among middle-aged and elderly general population.
htn,33183041,2021,0.849,Derivation and validation of a simple nomogram prediction model for all-cause mortality among middle-aged and elderly general population.
htn,32750227,2021,0.657,Development of a clinical risk score for incident diabetes: A 10-year prospective cohort study.
htn,32606434,2020,0.77,An artificial neural network approach for predicting hypertension using NHANES data.
htn,32371408,2021,0.709,"Effects of waist to height ratio, waist circumference, body mass index on the risk of chronic diseases, all-cause, cardiovascular and cancer mortality."
htn,31471044,2019,0.665,[Evaluation of the ExSel&#xae; self-questionnaire to screen for an excess salt intake in patients followed in a nephrology consultation].
htn,30707250,2019,0.93,Diagnostic Effect of the Single BP Cut-Offs for Identifying Elevated BP and Hypertension in Adolescents Aged 13-17&#xa0;Years.
htn,30401980,2019,0.96,A simple table based on height to assess elevated and high blood pressure in children.
htn,27898506,2017,0.67,Estimation of populational 24-h urinary sodium and potassium excretion from spot urine samples: evaluation of four formulas in a large national representative population.
htn,27559964,2016,0.668,"Feasibility of body roundness index for identifying a clustering of cardiometabolic abnormalities compared to BMI, waist circumference and other anthropometric indices: the China Health and Nutrition Survey, 2008 to 2009."
htn,27046482,2016,0.728,Development and Validation of the Framingham Steatosis Index to Identify Persons With Hepatic Steatosis.
htn,27046482,2016,0.845,Development and Validation of the Framingham Steatosis Index to Identify Persons With Hepatic Steatosis.
htn,26859664,2016,0.73,Simple Scoring System and Artificial Neural Network for Knee Osteoarthritis Risk Prediction: A Cross-Sectional Study.
htn,26859664,2016,0.88,Simple Scoring System and Artificial Neural Network for Knee Osteoarthritis Risk Prediction: A Cross-Sectional Study.
htn,26381887,2015,0.87,A Risk Score to Guide Cystatin C Testing to Detect Occult-Reduced Estimated Glomerular Filtration Rate.
htn,26098462,2015,0.89,Artificial Neural Network Approach for Differentiating Open-Angle Glaucoma From Glaucoma Suspect Without a Visual Field Test.
htn,22632741,2012,0.61,Development and validation of a tool for assessing glucose impairment in adolescents.
htn,21620547,2011,0.709,Development and validation of a self-assessment tool for albuminuria: results from the Reasons for Geographic and Racial Differences in Stroke (REGARDS) Study.
htn,19001309,2008,0.74,Tool to assess likelihood of fasting glucose impairment (TAG-IT).
htn,19001309,2008,0.644,Tool to assess likelihood of fasting glucose impairment (TAG-IT).
htn,18543044,2008,0.93,Value of risk stratification to increase the predictive validity of HbA1c in screening for undiagnosed diabetes in the US population.
htn,18394930,2009,0.921,Nutritional risk factors for the development of hypertension in diabetic patients.
obesity,42730002,2026,0.705,Association of estimated glucose disposal rate with erectile dysfunction: mediating role of neutrophil-to-lymphocyte ratio.
obesity,42720889,2026,0.852,Leg fat-to-total fat ratio improves waist-to-height ratio for discriminating metabolic syndrome: a nationwide cross-sectional study.
obesity,42720889,2026,0.876,Leg fat-to-total fat ratio improves waist-to-height ratio for discriminating metabolic syndrome: a nationwide cross-sectional study.
obesity,42644538,2026,0.763,"Body roundness index, frailty, and prevalent self-reported stroke: An exploratory cross-sectional decomposition analysis."
obesity,42644538,2026,0.868,"Body roundness index, frailty, and prevalent self-reported stroke: An exploratory cross-sectional decomposition analysis."
obesity,42616688,2026,0.83,construction and evaluation of sarcopenia risk prediction model for non-obese older adults.
obesity,42560361,2026,0.637,"Association between abdominal obesity-related indices (ABSI, AIP, CMI) and osteoarthritis in U.S. adults: A cross-sectional study based on NHANES 2011-2016."
obesity,42256460,2026,0.83,"Association of Total Body Fat Percentiles, Obesity and Cardiometabolic Health Biomarkers in Adults in the United States."
obesity,42256460,2026,0.8,"Association of Total Body Fat Percentiles, Obesity and Cardiometabolic Health Biomarkers in Adults in the United States."
obesity,42256460,2026,0.52,"Association of Total Body Fat Percentiles, Obesity and Cardiometabolic Health Biomarkers in Adults in the United States."
obesity,42256460,2026,0.51,"Association of Total Body Fat Percentiles, Obesity and Cardiometabolic Health Biomarkers in Adults in the United States."
obesity,42234112,2026,0.656,Predictive performance of multiple anthropometric obesity indicators for female infertility risk: a cross-sectional study.
obesity,42116040,2026,0.855,Evaluation of the lipid accumulation product for MASLD risk stratification in type 2 diabetes: establishing sex-specific thresholds and clinical utility.
obesity,42116040,2026,0.711,Evaluation of the lipid accumulation product for MASLD risk stratification in type 2 diabetes: establishing sex-specific thresholds and clinical utility.
obesity,41964732,2026,0.743,The association between CALLY index and obesity in adolescents: a comparative analysis with traditional inflammatory markers.
obesity,41964732,2026,0.774,The association between CALLY index and obesity in adolescents: a comparative analysis with traditional inflammatory markers.
obesity,41950057,2026,0.64,Association Between Obesity Status and Hypertension Phenotypes: Are Inflammatory Indicators the Missing Link? Evidence From a Large Population Study.
obesity,41950057,2026,0.68,Association Between Obesity Status and Hypertension Phenotypes: Are Inflammatory Indicators the Missing Link? Evidence From a Large Population Study.
obesity,41935737,2026,0.756,Central obesity measured by weight-adjusted waist index is associated with lean MASLD.
obesity,41926776,2026,0.625,Evaluating weight-adjusted waist index as a risk factor for chronic obstructive pulmonary disease: A cross-sectional analysis of NHANES data.
obesity,41921307,2026,0.819,Cardiometabolic index as a predictor of sarcopenia in U.S. adults aged 20-59: results from a cross-sectional study.
obesity,41815074,2026,0.861,Association of central adiposity indices with cognitive impairment in elderly populations: Development and validation of a risk prediction nomogram using NHANES and CHARLS cohorts.
obesity,41815074,2026,0.826,Association of central adiposity indices with cognitive impairment in elderly populations: Development and validation of a risk prediction nomogram using NHANES and CHARLS cohorts.
obesity,41815074,2026,0.798,Association of central adiposity indices with cognitive impairment in elderly populations: Development and validation of a risk prediction nomogram using NHANES and CHARLS cohorts.
obesity,41806281,2026,0.677,Association Between Neutrophil-To-HDL Cholesterol Ratio and Insulin Resistance in Individuals With Obesity: Cross-Sectional Study of Chinese and U.S. Cohorts.
obesity,41746489,2026,0.615,Association of anthropometric and biochemical-anthropometric obesity indices with chronic kidney disease in diabetes: a KNHANES-based study.
obesity,41724736,2026,0.876,Diagnostic Performance of BMI and Waist Circumference in Detecting Excess Adiposity.
obesity,41465937,2025,0.793,Body roundness index and rheumatoid arthritis risk: Evidence from NHANES 1999 to 2020.
obesity,41460260,2025,0.72,Total and free testosterone as independent predictors of metabolic syndrome in U.S. Men: evidence from NHANES.
obesity,41460260,2025,0.67,Total and free testosterone as independent predictors of metabolic syndrome in U.S. Men: evidence from NHANES.
obesity,41420910,2026,0.691,Body mass index and a body shape index: Individual and interactive predictors of all-cause and cardiovascular mortality risk in depression.
obesity,41403594,2025,0.757,Correlation of age-adjusted visceral adiposity index with osteoarthritis risk: a cross-sectional study from NHANES 1999-2018.
obesity,41316955,2025,0.809,Development and Validation of a Nomogram Predicting Sarcopenia in Community-Dwelling Older Adults.
obesity,41316020,2025,0.895,Waist-to-arm ratio is a simple and effective index for screening the sarcopenic obesity in older adults.
obesity,41299376,2025,0.616,Anthropometric indices and mortality in postmenopausal women: NHANES 1999-2018 evidence.
obesity,41299376,2025,0.642,Anthropometric indices and mortality in postmenopausal women: NHANES 1999-2018 evidence.
obesity,41231578,2026,0.874,Development and validation of a noninvasive score for at-risk metabolic dysfunction-associated steatohepatitis in individuals with obesity undergoing bariatric surgery.
obesity,41188187,2025,0.7581,Age-adjusted visceral adiposity index as a predictor of chronic kidney disease: insights from NHANES 2007-2018.
obesity,41188187,2025,0.5685,Age-adjusted visceral adiposity index as a predictor of chronic kidney disease: insights from NHANES 2007-2018.
obesity,41124163,2025,0.662,Association between weight-adjusted waist index and chronic obstructive pulmonary disease.
obesity,41107835,2025,0.65,Association of the skeletal muscle mass to visceral fat area ratio with metabolically healthy obesity and metabolically unhealthy non-obesity: a cross-sectional study based on NHANES 2011-2018.
obesity,41103654,2025,0.626,Relative fat mass is associated with vitamin D deficiency in individuals with diabetes: evidence from NHANES and a Chinese cohort.
obesity,41103645,2025,0.712,Sugar-sweetened beverage consumption predicts metabolic associated fatty liver disease in patients with type 2 diabetes mellitus.
obesity,40992765,2025,0.9,A Novel Sarcopenia Screening Approach Using an Osteoporosis-Inspired T-Score Method.
obesity,40777182,2025,0.77,The advanced lung cancer inflammation index as a predictor of kidney stone risk in men: a cross-sectional analysis.
obesity,40761585,2025,0.549,Relative Fat Mass and Psoriasis Risk: Evidence from NHANES 2009-2014.
obesity,40747336,2025,0.643,Association between triglyceride-glucose index and its obesity indicators with hypertension in postmenopausal women: a cross-sectional study.
obesity,40727914,2025,0.972,Cardiometabolic risk assessment by anthropometric and biochemical indices in mexican population.
obesity,40727914,2025,0.934,Cardiometabolic risk assessment by anthropometric and biochemical indices in mexican population.
obesity,40727914,2025,0.976,Cardiometabolic risk assessment by anthropometric and biochemical indices in mexican population.
obesity,40727914,2025,0.963,Cardiometabolic risk assessment by anthropometric and biochemical indices in mexican population.
obesity,40699281,2026,0.82,"A Comparison of the Predictive Value of 12 Body Composition Markers for Metabolic Dysfunction-Associated Steatotic Liver Disease, At-Risk Metabolic Dysfunction-Associated Steatohepatitis, and Increased Liver Stiffness in a General Population Setting."
obesity,40684278,2025,0.79,Metabolic Scarring: The Persistent Impact of Past Obesity on Long-Term Metabolic Health Despite Weight Loss.
obesity,40612321,2025,0.6588,"Abdominal obesity and osteoarthritis risk: evaluating the association of lipid accumulation product, body roundness index, and waist triglyceride index with osteoarthritis in U.S. adults."
obesity,40607023,2025,0.646,Association between relative fat mass and osteoarthritis in American adults.
obesity,40595282,2025,0.7,"Association between novel inflammatory biomarkers SII, SIRI, and obesity in sedentary adults: NHANES 2007-2020."
obesity,40595282,2025,0.55,"Association between novel inflammatory biomarkers SII, SIRI, and obesity in sedentary adults: NHANES 2007-2020."
obesity,40551521,2026,0.749,Assessment of neck to height ratio as a predictive tool for metabolic dysfunction-associated steatotic liver disease in Korean adults: a cross-sectional analysis from the Korea National Health and Nutrition Examination Survey 2019-2021.
obesity,40510471,2025,0.802,Associations between different triglyceride glucose index-related obesity indices and sarcopenia: a cross-sectional study.
obesity,40437733,2025,0.732,Application value of weight-adjusted waist circumference index and cardiometabolic index in hypertensive patients with albuminuria: results from the National Health and Nutrition Examination Survey 2005-2020.
obesity,40421317,2025,0.707,Weight-Adjusted Waist Index as a Novel Predictor of Chronic Obstructive Pulmonary Disease: Evidence from NHANES 2013-2018.
obesity,40421317,2025,0.525,Weight-Adjusted Waist Index as a Novel Predictor of Chronic Obstructive Pulmonary Disease: Evidence from NHANES 2013-2018.
obesity,40421317,2025,0.609,Weight-Adjusted Waist Index as a Novel Predictor of Chronic Obstructive Pulmonary Disease: Evidence from NHANES 2013-2018.
obesity,40376050,2025,0.69,Exploring the nonlinear relationship between serum uric acid to high-density lipoprotein cholesterol ratio and obesity in older adults: a cross-sectional study.
obesity,40376050,2025,0.76,Exploring the nonlinear relationship between serum uric acid to high-density lipoprotein cholesterol ratio and obesity in older adults: a cross-sectional study.
obesity,40376050,2025,0.83,Exploring the nonlinear relationship between serum uric acid to high-density lipoprotein cholesterol ratio and obesity in older adults: a cross-sectional study.
obesity,40331893,2026,0.9,Comparison of diagnostic accuracy and utility of non-invasive tests for clinically significant liver disease in a general population with metabolic dysfunction.
obesity,40312305,2025,0.915,Modified triglyceride-glucose indices as novel predictors of metabolic dysfunction-associated fatty liver disease in US adolescents: a nationally representative study from NHANES 2017-2020.
obesity,40312297,2025,0.869,Visceral adiposity index as a predictor of metabolic dysfunction-associated steatotic liver disease: a cross-sectional study.
obesity,40312297,2025,0.868,Visceral adiposity index as a predictor of metabolic dysfunction-associated steatotic liver disease: a cross-sectional study.
obesity,40312297,2025,0.834,Visceral adiposity index as a predictor of metabolic dysfunction-associated steatotic liver disease: a cross-sectional study.
obesity,40312297,2025,0.833,Visceral adiposity index as a predictor of metabolic dysfunction-associated steatotic liver disease: a cross-sectional study.
obesity,40312297,2025,0.736,Visceral adiposity index as a predictor of metabolic dysfunction-associated steatotic liver disease: a cross-sectional study.
obesity,40240487,2025,0.661,Association of weight-adjusted waist index (WWI) with overactive bladder (OAB): a cross-sectional study from NHANES 2005-2018.
obesity,40211175,2025,0.67,The best anthropometric indices to predict colon cancer.
obesity,40158190,2025,0.822,A negative correlation of low estimated glucose disposal rate with significant liver fibrosis in adults with NAFLD and obesity: results from NHANES 2017-2020.
obesity,40055626,2025,0.637,Association between body roundness index and sleep disorder: the mediating role of depression.
obesity,40016289,2025,0.694,Weight-adjusted waist index shows superior detection of coronary artery disease than body mass index in NHANES 1999-2020.
obesity,39990106,2025,0.72,Higher systemic immune-inflammation index is associated with increased risk of Parkinson's disease in adults: a nationwide population-based study.
obesity,39924150,2025,0.9925,Association between Per and Polyfluoroalkyl Substance and Abdominal Fat Distribution: A Trait Spectrum Exposure Pattern and Structure-Based Investigation.
obesity,39891178,2025,0.601,Association of the body roundness index with chronic diarrhea and chronic constipation: findings based on the National Health and Nutrition Examination Survey 2005-2010 data.
obesity,39891178,2025,0.569,Association of the body roundness index with chronic diarrhea and chronic constipation: findings based on the National Health and Nutrition Examination Survey 2005-2010 data.
obesity,39891178,2025,0.572,Association of the body roundness index with chronic diarrhea and chronic constipation: findings based on the National Health and Nutrition Examination Survey 2005-2010 data.
obesity,39891178,2025,0.537,Association of the body roundness index with chronic diarrhea and chronic constipation: findings based on the National Health and Nutrition Examination Survey 2005-2010 data.
obesity,39875924,2025,0.825,Association between metabolic score for visceral fat index and BMI-adjusted skeletal muscle mass index in American adults.
obesity,39794440,2025,0.633,Associations between surrogate insulin resistance indexes and osteoarthritis: NHANES 2003-2016.
obesity,39753988,2025,0.86,Evaluating the weight-adjusted waist index as a predictive tool for sarcopenia and mortality risk.
obesity,39744532,2024,0.6247,The association between the body roundness index and the risk of chronic kidney disease in US adults.
obesity,39722803,2024,0.724,Negative correlation between cardiometabolic index and testosterone in male adults.
obesity,39696159,2024,0.618,Higher body roundness index (BRI) increases infertility among U.S. women aged 18-45 years.
obesity,39638772,2025,0.781,The fibrosis investigating navigator in diabetes (FIND): A tool to predict liver fibrosis risk in subjects with diabetes.
obesity,39624686,2024,0.64,Association of Body Roundness Index and A Body Shape Index with Obstructive Sleep Apnea: insights from NHANES 2015-2018 data.
obesity,39593076,2024,0.938,Identification and optimization of relevant factors for chronic kidney disease in abdominal obesity patients by machine learning methods: insights from NHANES 2005-2018.
obesity,39567672,2025,0.639,Association of relative fat mass with prevalence of erectile dysfunction in US men: an analysis of NHANES 2001-2004.
obesity,39465722,2024,0.795,Association between serum globulins and diabetes mellitus in American latent tuberculosis infection patients: A cross-sectional study.
obesity,39104753,2024,0.6703,"Associations between novel anthropometric indices and the prevalence of gallstones among 6,848 adults: a cross-sectional study."
obesity,39044117,2024,0.69,Association Between Different Inflammatory Markers and Generalized Abdominal Obesity: A Cross-Sectional Study.
obesity,38987694,2024,0.802,Association between different obesity patterns and the risk of NAFLD detected by transient elastography: a cross-sectional study.
obesity,38524637,2024,0.72,Comparison of seven anthropometric indexes to predict hypertension plus hyperuricemia among U.S. adults.
obesity,38516413,2024,0.588,Associations of weight-adjusted-waist index and depression with secondary infertility.
obesity,38481441,2024,0.814,Development and validation of a cognitive dysfunction risk prediction model for the abdominal obesity population.
obesity,38318985,2024,0.69,Performance of mid-upper arm circumference to identify adolescents with obesity and metabolic syndrome: NHANES 2011-2018 analysis.
obesity,38300811,2024,0.664,Association of weight-adjusted waist index and diabetic kidney disease in type 2 diabetes mellitus.
obesity,38300811,2024,0.555,Association of weight-adjusted waist index and diabetic kidney disease in type 2 diabetes mellitus.
obesity,39944006,2023,0.72,CLivD score modifies FIB-4 performance in liver fibrosis detection in the US general population.
obesity,39944006,2023,0.68,CLivD score modifies FIB-4 performance in liver fibrosis detection in the US general population.
obesity,39944006,2023,0.66,CLivD score modifies FIB-4 performance in liver fibrosis detection in the US general population.
obesity,39944006,2023,0.82,CLivD score modifies FIB-4 performance in liver fibrosis detection in the US general population.
obesity,37843775,2024,0.75,Novel anthropometric measures are positively associated with erectile dysfunction: a cross-sectional study.
obesity,37737216,2023,0.835,Comparison of Obesity-Related Indicators for Nonalcoholic Fatty Liver Disease Diagnosed by Transient Elastography.
obesity,37600830,2023,0.825,Higher systemic immune-inflammation index and systemic inflammation response index levels are associated with stroke prevalence in the asthmatic population: a cross-sectional analysis of the NHANES 1999-2018.
obesity,37321045,2023,0.9,Predictive ability of anthropometric indices in identifying metabolic syndrome among US adolescents 10 to 19 years old: Analysis from the National Health and Nutrition Examination Survey 2011 to 2018 data set.
obesity,37321045,2023,0.88,Predictive ability of anthropometric indices in identifying metabolic syndrome among US adolescents 10 to 19 years old: Analysis from the National Health and Nutrition Examination Survey 2011 to 2018 data set.
obesity,37321045,2023,0.83,Predictive ability of anthropometric indices in identifying metabolic syndrome among US adolescents 10 to 19 years old: Analysis from the National Health and Nutrition Examination Survey 2011 to 2018 data set.
obesity,37321045,2023,0.59,Predictive ability of anthropometric indices in identifying metabolic syndrome among US adolescents 10 to 19 years old: Analysis from the National Health and Nutrition Examination Survey 2011 to 2018 data set.
obesity,37181040,2023,0.745,Relationship between weight-adjusted-waist index and erectile dysfunction in the United State: results from NHANES 2001-2004.
obesity,37181040,2023,0.528,Relationship between weight-adjusted-waist index and erectile dysfunction in the United State: results from NHANES 2001-2004.
obesity,37181040,2023,0.609,Relationship between weight-adjusted-waist index and erectile dysfunction in the United State: results from NHANES 2001-2004.
obesity,37174876,2023,0.85,Sarcopenia Prediction for Elderly People Using Machine Learning: A Case Study on Physical Activity.
obesity,36695773,2023,0.84,Validation of nonalcoholic fatty liver disease (NAFLD) related steatosis indices in metabolic associated fatty liver disease (MAFLD) and comparison of the diagnostic accuracy between NAFLD and MAFLD.
obesity,36686472,2022,0.634,Association of obesity with headache among US children and adolescents: Evidence from NHANES 1999-2004.
obesity,36407444,2022,0.71,"Associations between novel anthropometric measures and the prevalence of hypertension among 45,853 adults: A cross-sectional study."
obesity,35841213,2022,0.714,Comparison of six anthropometric measures in discriminating diabetes: A cross-sectional study from the National Health and Nutrition Examination Survey.
obesity,35657782,2022,0.82,Assessing the use of prescription drugs and dietary supplements in obese respondents in the National Health and Nutrition Examination Survey.
obesity,35657782,2022,0.71,Assessing the use of prescription drugs and dietary supplements in obese respondents in the National Health and Nutrition Examination Survey.
obesity,35546386,2023,0.859,The serum uric acid/creatinine ratio is associated with nonalcoholic fatty liver disease in the general population.
obesity,34819918,2021,0.7658,Tri-Ponderal Mass Index Reference Values for Screening Metabolic Syndrome in Children and Adolescents: Results From Two National-Representative Cross-Sectional Studies in China and America.
obesity,34558489,2021,0.81,"Discriminatory ability of mid-upper arm circumference in identifying overweight and obese adolescents: Findings from the comprehensive national nutrition survey, India."
obesity,34144440,2021,0.69,Classifying depression using blood biomarkers: A large population study.
obesity,33849253,2021,0.82,Artificial neural network to predict the effect of obesity on the risk of tuberculosis infection.
obesity,33232343,2020,0.816,Z-score of the log-transformed A Body Shape Index predicts low muscle mass in population with abdominal obesity: The U.S. and Korea National Health and Nutrition Examination Survey.
obesity,33051154,2020,0.975,Validity of the pediatric simple metabolic syndrome score.
obesity,33051154,2020,0.958,Validity of the pediatric simple metabolic syndrome score.
obesity,32371408,2021,0.709,"Effects of waist to height ratio, waist circumference, body mass index on the risk of chronic diseases, all-cause, cardiovascular and cancer mortality."
overweight,42536544,2026,0.654,The modified cardiometabolic index is associated with gallstones in US adults: a cross-sectional analysis.
overweight,42480980,2026,0.799,A CVD Classification Model for Individuals With Obesity: Multi-Ethnic Validation Based on Multiple Metabolic Indicators.
overweight,42480980,2026,0.821,A CVD Classification Model for Individuals With Obesity: Multi-Ethnic Validation Based on Multiple Metabolic Indicators.
overweight,42417925,2026,0.809,A Simple Clinical Prediction Model for Metabolic Dysfunction-Associated Steatotic Liver Disease in Adolescents with Obesity.
overweight,42417925,2026,0.725,A Simple Clinical Prediction Model for Metabolic Dysfunction-Associated Steatotic Liver Disease in Adolescents with Obesity.
overweight,42363501,2026,0.895,Machine learning-based early kidney stone risk classification in diabetic-hypertensive patients using obesity composite indices.
overweight,42292917,2026,0.783,Development and external validation of an interpretable machine learning model for obesity-depression comorbidity in Korean and US adults.
overweight,42292917,2026,0.886,Development and external validation of an interpretable machine learning model for obesity-depression comorbidity in Korean and US adults.
overweight,42260876,2026,0.672,Association between triglyceride-glucose index-related indices and gallstone disease in US adults: A cross-sectional analysis of NHANES.
overweight,42260806,2026,0.8833,Relationship between triglyceride-glucose-derived obesity indices and NAFLD in adolescents: A cross-sectional study.
overweight,42234112,2026,0.656,Predictive performance of multiple anthropometric obesity indicators for female infertility risk: a cross-sectional study.
overweight,41964732,2026,0.743,The association between CALLY index and obesity in adolescents: a comparative analysis with traditional inflammatory markers.
overweight,41964732,2026,0.774,The association between CALLY index and obesity in adolescents: a comparative analysis with traditional inflammatory markers.
overweight,41950057,2026,0.64,Association Between Obesity Status and Hypertension Phenotypes: Are Inflammatory Indicators the Missing Link? Evidence From a Large Population Study.
overweight,41950057,2026,0.68,Association Between Obesity Status and Hypertension Phenotypes: Are Inflammatory Indicators the Missing Link? Evidence From a Large Population Study.
overweight,41935737,2026,0.756,Central obesity measured by weight-adjusted waist index is associated with lean MASLD.
overweight,41877553,2026,0.66,Stage-specific utility of obesity indices across the chronic kidney disease continuum.
overweight,41877553,2026,0.64,Stage-specific utility of obesity indices across the chronic kidney disease continuum.
overweight,41877553,2026,0.59,Stage-specific utility of obesity indices across the chronic kidney disease continuum.
overweight,41837785,2026,0.635,Associations between total and regional fat-to-muscle mass ratio with the risk of osteoarthritis: Mediating role of systemic immune-inflammation index.
overweight,41815074,2026,0.861,Association of central adiposity indices with cognitive impairment in elderly populations: Development and validation of a risk prediction nomogram using NHANES and CHARLS cohorts.
overweight,41815074,2026,0.826,Association of central adiposity indices with cognitive impairment in elderly populations: Development and validation of a risk prediction nomogram using NHANES and CHARLS cohorts.
overweight,41815074,2026,0.798,Association of central adiposity indices with cognitive impairment in elderly populations: Development and validation of a risk prediction nomogram using NHANES and CHARLS cohorts.
overweight,41806281,2026,0.677,Association Between Neutrophil-To-HDL Cholesterol Ratio and Insulin Resistance in Individuals With Obesity: Cross-Sectional Study of Chinese and U.S. Cohorts.
overweight,41746489,2026,0.615,Association of anthropometric and biochemical-anthropometric obesity indices with chronic kidney disease in diabetes: a KNHANES-based study.
overweight,41724736,2026,0.876,Diagnostic Performance of BMI and Waist Circumference in Detecting Excess Adiposity.
overweight,41654856,2026,0.82,Explainable machine learning for depression risk prediction in adults with obesity: development of an online tool.
overweight,41621625,2026,0.809,Prognostic value of abdominal obesity indicators for all-cause mortality in familial hypercholesterolemia.
overweight,41604091,2026,0.59,Association Between Chronic Diarrhea and Relative Fat Mass: A Cross-Sectional Study Based on NHANES.
overweight,41420910,2026,0.678,Body mass index and a body shape index: Individual and interactive predictors of all-cause and cardiovascular mortality risk in depression.
overweight,41420910,2026,0.706,Body mass index and a body shape index: Individual and interactive predictors of all-cause and cardiovascular mortality risk in depression.
overweight,41420910,2026,0.691,Body mass index and a body shape index: Individual and interactive predictors of all-cause and cardiovascular mortality risk in depression.
overweight,41337770,2025,0.647,The Association Between the Triglyceride-Glucose Index and Its Combination with Obesity Metrics and Adult Spinal Pain: A Cross-Sectional Study.
overweight,41316020,2025,0.895,Waist-to-arm ratio is a simple and effective index for screening the sarcopenic obesity in older adults.
overweight,41193036,2025,0.84,Cross-sectional analysis of visceral adipose tissue associations with obesity-related disease.
overweight,41193036,2025,0.8,Cross-sectional analysis of visceral adipose tissue associations with obesity-related disease.
overweight,41193036,2025,0.79,Cross-sectional analysis of visceral adipose tissue associations with obesity-related disease.
overweight,41188187,2025,0.7581,Age-adjusted visceral adiposity index as a predictor of chronic kidney disease: insights from NHANES 2007-2018.
overweight,41188187,2025,0.5685,Age-adjusted visceral adiposity index as a predictor of chronic kidney disease: insights from NHANES 2007-2018.
overweight,41124163,2025,0.662,Association between weight-adjusted waist index and chronic obstructive pulmonary disease.
overweight,41107835,2025,0.65,Association of the skeletal muscle mass to visceral fat area ratio with metabolically healthy obesity and metabolically unhealthy non-obesity: a cross-sectional study based on NHANES 2011-2018.
overweight,41103654,2025,0.626,Relative fat mass is associated with vitamin D deficiency in individuals with diabetes: evidence from NHANES and a Chinese cohort.
overweight,41088654,2025,0.5976,Association between eight anthropometric indices and chronic low back pain: A cross-sectional study from the NHANES 2009-2010.
overweight,41029792,2025,0.62,Both body roundness index and the body mass index increase the prevalence of stroke but reduce the risk of all-cause mortality.
overweight,41013763,2025,0.6724,Association of eight anthropometric indexes related to obesity with the prevalence of clinical osteoarthritis among American adults: a national cross-sectional study.
overweight,41005262,2026,0.67,"Association of a body shape index (ABSI) with chronic kidney disease prevalence, all-cause and cardiovascular mortality: A 20-year prospective cohort study of 29,189 U.S. adults."
overweight,41005262,2026,0.64,"Association of a body shape index (ABSI) with chronic kidney disease prevalence, all-cause and cardiovascular mortality: A 20-year prospective cohort study of 29,189 U.S. adults."
overweight,41005262,2026,0.51,"Association of a body shape index (ABSI) with chronic kidney disease prevalence, all-cause and cardiovascular mortality: A 20-year prospective cohort study of 29,189 U.S. adults."
overweight,40944813,2025,0.706,Evaluating anthropometric indices of obesity for early osteoarthritis detection: focus on body fat percentage and relative fat mass.
overweight,40777182,2025,0.77,The advanced lung cancer inflammation index as a predictor of kidney stone risk in men: a cross-sectional analysis.
overweight,40748974,2025,0.68,Non-linear association of cardiometabolic index with gallstone disease in US adults: A cross-sectional study.
overweight,40745581,2025,0.712,METS-VF as a novel predictor of gallstones in U.S. adults: a cross-sectional analysis (NHANES 2017-2020).
overweight,40739633,2025,0.694,Triglyceride glucose-weight-adjusted waist index as a cardiovascular mortality predictor: incremental value beyond the establishment of TyG-related indices.
overweight,40739633,2025,0.706,Triglyceride glucose-weight-adjusted waist index as a cardiovascular mortality predictor: incremental value beyond the establishment of TyG-related indices.
overweight,40727914,2025,0.972,Cardiometabolic risk assessment by anthropometric and biochemical indices in mexican population.
overweight,40727914,2025,0.934,Cardiometabolic risk assessment by anthropometric and biochemical indices in mexican population.
overweight,40727914,2025,0.976,Cardiometabolic risk assessment by anthropometric and biochemical indices in mexican population.
overweight,40727914,2025,0.963,Cardiometabolic risk assessment by anthropometric and biochemical indices in mexican population.
overweight,40684278,2025,0.79,Metabolic Scarring: The Persistent Impact of Past Obesity on Long-Term Metabolic Health Despite Weight Loss.
overweight,40616082,2025,0.81,Triglyceride glucose-weight-adjusted waist index (TyG-WWI): the best predictor of diabetes mellitus and mortality risks among TyG and TyG-derived indices.
overweight,40616082,2025,0.69,Triglyceride glucose-weight-adjusted waist index (TyG-WWI): the best predictor of diabetes mellitus and mortality risks among TyG and TyG-derived indices.
overweight,40616082,2025,0.71,Triglyceride glucose-weight-adjusted waist index (TyG-WWI): the best predictor of diabetes mellitus and mortality risks among TyG and TyG-derived indices.
overweight,40616082,2025,0.85,Triglyceride glucose-weight-adjusted waist index (TyG-WWI): the best predictor of diabetes mellitus and mortality risks among TyG and TyG-derived indices.
overweight,40611268,2025,0.929,The value of triglyceride-glucose index-related indices in evaluating migraine: perspectives from multi-centre cross-sectional studies and machine learning models.
overweight,40595282,2025,0.7,"Association between novel inflammatory biomarkers SII, SIRI, and obesity in sedentary adults: NHANES 2007-2020."
overweight,40595282,2025,0.55,"Association between novel inflammatory biomarkers SII, SIRI, and obesity in sedentary adults: NHANES 2007-2020."
overweight,40510471,2025,0.668,Associations between different triglyceride glucose index-related obesity indices and sarcopenia: a cross-sectional study.
overweight,40510471,2025,0.714,Associations between different triglyceride glucose index-related obesity indices and sarcopenia: a cross-sectional study.
overweight,40510471,2025,0.715,Associations between different triglyceride glucose index-related obesity indices and sarcopenia: a cross-sectional study.
overweight,40510471,2025,0.737,Associations between different triglyceride glucose index-related obesity indices and sarcopenia: a cross-sectional study.
overweight,40510471,2025,0.802,Associations between different triglyceride glucose index-related obesity indices and sarcopenia: a cross-sectional study.
overweight,40494862,2026,0.551,Comparative analysis of adiposity indices for predicting 2-year hypertension incidence in children and adolescents: a retrospective study.
overweight,40489567,2025,0.776,Prediction of testosterone deficiency using different screening indexes in adult American men: An NHANES cross-sectional study.
overweight,40474897,2025,0.836,Assessment of the diagnostic efficacy of five non-invasive tests for MASLD: external validation utilizing data from two cohorts.
overweight,40421317,2025,0.707,Weight-Adjusted Waist Index as a Novel Predictor of Chronic Obstructive Pulmonary Disease: Evidence from NHANES 2013-2018.
overweight,40421317,2025,0.525,Weight-Adjusted Waist Index as a Novel Predictor of Chronic Obstructive Pulmonary Disease: Evidence from NHANES 2013-2018.
overweight,40421317,2025,0.609,Weight-Adjusted Waist Index as a Novel Predictor of Chronic Obstructive Pulmonary Disease: Evidence from NHANES 2013-2018.
overweight,40411391,2025,0.701,An optimized anthropometric index-a body shape index-cm-demonstrates superior performance in cardiovascular risk stratification.
overweight,40411391,2025,0.728,An optimized anthropometric index-a body shape index-cm-demonstrates superior performance in cardiovascular risk stratification.
overweight,40376050,2025,0.69,Exploring the nonlinear relationship between serum uric acid to high-density lipoprotein cholesterol ratio and obesity in older adults: a cross-sectional study.
overweight,40376050,2025,0.76,Exploring the nonlinear relationship between serum uric acid to high-density lipoprotein cholesterol ratio and obesity in older adults: a cross-sectional study.
overweight,40376050,2025,0.83,Exploring the nonlinear relationship between serum uric acid to high-density lipoprotein cholesterol ratio and obesity in older adults: a cross-sectional study.
overweight,40349028,2025,0.823,Inflammatory markers mediate the association between alternative adiposity indices and mortality in patients with rheumatoid arthritis: data from NHANES 1999-2018.
overweight,40346342,2025,0.752,Predictive value of six anthropometric indicators for prevalence and mortality of obstructive sleep apnoea asthma and COPD using NHANES data.
overweight,40312297,2025,0.869,Visceral adiposity index as a predictor of metabolic dysfunction-associated steatotic liver disease: a cross-sectional study.
overweight,40312297,2025,0.868,Visceral adiposity index as a predictor of metabolic dysfunction-associated steatotic liver disease: a cross-sectional study.
overweight,40312297,2025,0.834,Visceral adiposity index as a predictor of metabolic dysfunction-associated steatotic liver disease: a cross-sectional study.
overweight,40312297,2025,0.833,Visceral adiposity index as a predictor of metabolic dysfunction-associated steatotic liver disease: a cross-sectional study.
overweight,40312297,2025,0.736,Visceral adiposity index as a predictor of metabolic dysfunction-associated steatotic liver disease: a cross-sectional study.
overweight,40240487,2025,0.661,Association of weight-adjusted waist index (WWI) with overactive bladder (OAB): a cross-sectional study from NHANES 2005-2018.
overweight,40211175,2025,0.68,The best anthropometric indices to predict colon cancer.
overweight,40211175,2025,0.67,The best anthropometric indices to predict colon cancer.
overweight,40166678,2025,0.566,Association between pan-immune-inflammation value and dyslipidemia in the United States population.
overweight,40122262,2025,0.67,Synergistic effects of a body shape index and depression on mortality in individuals with low sexual frequency.
overweight,40122262,2025,0.78,Synergistic effects of a body shape index and depression on mortality in individuals with low sexual frequency.
overweight,40055626,2025,0.637,Association between body roundness index and sleep disorder: the mediating role of depression.
overweight,39959618,2025,0.5773,Association between the body roundness index and female infertility: a cross-sectional study from NHANES.
overweight,39959618,2025,0.5681,Association between the body roundness index and female infertility: a cross-sectional study from NHANES.
overweight,39924150,2025,0.9925,Association between Per and Polyfluoroalkyl Substance and Abdominal Fat Distribution: A Trait Spectrum Exposure Pattern and Structure-Based Investigation.
overweight,39897962,2024,0.794,Lipid metabolism indicators provide tools for the diagnosis of non-alcoholic fatty liver disease: results of a nationwide survey.
overweight,39885516,2025,0.628,The association of body roundness index and body mass index with frailty and all-cause mortality: a study from the population aged 40 and above in the United States.
overweight,39885516,2025,0.603,The association of body roundness index and body mass index with frailty and all-cause mortality: a study from the population aged 40 and above in the United States.
overweight,39881275,2025,0.778,Cardiometabolic index as a predictor of gallstone incidence in U.S. adults: insights from NHANES 2017-2020.
overweight,39875924,2025,0.825,Association between metabolic score for visceral fat index and BMI-adjusted skeletal muscle mass index in American adults.
overweight,39788418,2025,0.5447,Association Between Weight-Adjusted Waist Index and the Prevalence of Low Back Pain: A Cross-Sectional Observational Study from National Health and Nutrition Examination Survey.
overweight,39788418,2025,0.5466,Association Between Weight-Adjusted Waist Index and the Prevalence of Low Back Pain: A Cross-Sectional Observational Study from National Health and Nutrition Examination Survey.
overweight,39788418,2025,0.5501,Association Between Weight-Adjusted Waist Index and the Prevalence of Low Back Pain: A Cross-Sectional Observational Study from National Health and Nutrition Examination Survey.
overweight,39744532,2024,0.6247,The association between the body roundness index and the risk of chronic kidney disease in US adults.
overweight,39738342,2024,0.87,Correlation and predictive value of novel anthropometric indicators with adult sarcopenia and sarcopenia obesity.
overweight,39696159,2024,0.618,Higher body roundness index (BRI) increases infertility among U.S. women aged 18-45 years.
overweight,39627686,2024,0.668,"Association of ""a body shape index"" with the risk of developing colorectal cancer in U.S. patients with metabolic syndrome: evidence from the NHANES 1999-2018."
overweight,39609575,2024,0.651,A comparative analysis of anthropometric indices for diagnosing obstructive sleep apnea among American Adults.
overweight,39609575,2024,0.616,A comparative analysis of anthropometric indices for diagnosing obstructive sleep apnea among American Adults.
overweight,39593076,2024,0.938,Identification and optimization of relevant factors for chronic kidney disease in abdominal obesity patients by machine learning methods: insights from NHANES 2005-2018.
overweight,39567672,2025,0.639,Association of relative fat mass with prevalence of erectile dysfunction in US men: an analysis of NHANES 2001-2004.
overweight,39506722,2024,0.554,Association between cardiometabolic index (CMI) and periodontitis in US adults: analysis of NHANES data (2009-2014).
overweight,39456058,2024,0.725,Association between visceral lipid accumulation indicators and gallstones: a cross-sectional study based on NHANES 2017-2020.
overweight,39427119,2024,0.709,Construction and verification of the prediction model for risk of sleep disturbance in elderly patients with hypertension: a cross-sectional survey based on NHANES database from 2005 to 2018.
overweight,39296717,2024,0.6,The relationship between cardiometabolic index and infertility in American adults: a population-based study.
overweight,39296717,2024,0.722,The relationship between cardiometabolic index and infertility in American adults: a population-based study.
overweight,39044117,2024,0.69,Association Between Different Inflammatory Markers and Generalized Abdominal Obesity: A Cross-Sectional Study.
overweight,38566030,2024,0.6,Abdominal obesity as assessed by anthropometric measures associates with urinary incontinence in females: findings from the National Health and Nutrition Examination Survey 2005-2018.
overweight,38524637,2024,0.72,Comparison of seven anthropometric indexes to predict hypertension plus hyperuricemia among U.S. adults.
overweight,38516413,2024,0.588,Associations of weight-adjusted-waist index and depression with secondary infertility.
overweight,38481441,2024,0.814,Development and validation of a cognitive dysfunction risk prediction model for the abdominal obesity population.
overweight,38318985,2024,0.69,Performance of mid-upper arm circumference to identify adolescents with obesity and metabolic syndrome: NHANES 2011-2018 analysis.
overweight,37843775,2024,0.75,Novel anthropometric measures are positively associated with erectile dysfunction: a cross-sectional study.
overweight,37783845,2023,0.612,Relationship between the weight-adjusted-waist index and kidney stone: a population-based study.
overweight,37737216,2023,0.835,Comparison of Obesity-Related Indicators for Nonalcoholic Fatty Liver Disease Diagnosed by Transient Elastography.
overweight,37737216,2023,0.8501,Comparison of Obesity-Related Indicators for Nonalcoholic Fatty Liver Disease Diagnosed by Transient Elastography.
overweight,37737216,2023,0.8517,Comparison of Obesity-Related Indicators for Nonalcoholic Fatty Liver Disease Diagnosed by Transient Elastography.
overweight,37321045,2023,0.9,Predictive ability of anthropometric indices in identifying metabolic syndrome among US adolescents 10 to 19 years old: Analysis from the National Health and Nutrition Examination Survey 2011 to 2018 data set.
overweight,37321045,2023,0.88,Predictive ability of anthropometric indices in identifying metabolic syndrome among US adolescents 10 to 19 years old: Analysis from the National Health and Nutrition Examination Survey 2011 to 2018 data set.
overweight,37321045,2023,0.83,Predictive ability of anthropometric indices in identifying metabolic syndrome among US adolescents 10 to 19 years old: Analysis from the National Health and Nutrition Examination Survey 2011 to 2018 data set.
overweight,37321045,2023,0.59,Predictive ability of anthropometric indices in identifying metabolic syndrome among US adolescents 10 to 19 years old: Analysis from the National Health and Nutrition Examination Survey 2011 to 2018 data set.
overweight,37181040,2023,0.745,Relationship between weight-adjusted-waist index and erectile dysfunction in the United State: results from NHANES 2001-2004.
overweight,37181040,2023,0.528,Relationship between weight-adjusted-waist index and erectile dysfunction in the United State: results from NHANES 2001-2004.
overweight,37181040,2023,0.609,Relationship between weight-adjusted-waist index and erectile dysfunction in the United State: results from NHANES 2001-2004.
overweight,36842959,2023,0.7386,Predictive ability of traditional and novel anthropometric measurement indices for cardio-metabolic diseases in Chinese adults: China Health and Nutrition Survey (CHNS) cohort study.
overweight,35841213,2022,0.714,Comparison of six anthropometric measures in discriminating diabetes: A cross-sectional study from the National Health and Nutrition Examination Survey.
overweight,35657782,2022,0.82,Assessing the use of prescription drugs and dietary supplements in obese respondents in the National Health and Nutrition Examination Survey.
overweight,35657782,2022,0.71,Assessing the use of prescription drugs and dietary supplements in obese respondents in the National Health and Nutrition Examination Survey.
overweight,34819918,2021,0.7658,Tri-Ponderal Mass Index Reference Values for Screening Metabolic Syndrome in Children and Adolescents: Results From Two National-Representative Cross-Sectional Studies in China and America.
overweight,34558489,2021,0.81,"Discriminatory ability of mid-upper arm circumference in identifying overweight and obese adolescents: Findings from the comprehensive national nutrition survey, India."
overweight,34144440,2021,0.69,Classifying depression using blood biomarkers: A large population study.
overweight,34135867,2021,0.637,Quotient of Waist Circumference and Body Mass Index: A Valuable Indicator for the High-Risk Phenotype of Obesity.
overweight,33232343,2020,0.816,Z-score of the log-transformed A Body Shape Index predicts low muscle mass in population with abdominal obesity: The U.S. and Korea National Health and Nutrition Examination Survey.
overweight,32371408,2021,0.709,"Effects of waist to height ratio, waist circumference, body mass index on the risk of chronic diseases, all-cause, cardiovascular and cancer mortality."
overweight,31243316,2019,0.735,Utility of the Z-score of log-transformed A Body Shape Index (LBSIZ) in the assessment for sarcopenic obesity and cardiovascular disease risk in the United States.
overweight,31142689,2019,0.79,Usefulness of relative fat mass in estimating body adiposity in Korean adult population.
overweight,31142689,2019,0.8,Usefulness of relative fat mass in estimating body adiposity in Korean adult population.
overweight,30926953,2019,0.816,Alternative waist-to-height ratios associated with risk biomarkers in youth with diabetes: comparative models in the SEARCH for Diabetes in Youth Study.
overweight,30212516,2018,0.892,Derivation and validation of a new visceral adiposity index for predicting visceral obesity and cardiometabolic risk in a Korean population.
overweight,29976960,2019,0.928,Obesity cutoff values in Korean men with motor complete spinal cord injury: body mass index and waist circumference.
overweight,29976960,2019,0.964,Obesity cutoff values in Korean men with motor complete spinal cord injury: body mass index and waist circumference.
overweight,28816984,2017,0.7,"Age threshold for moderate and severe periodontitis among Korean adults without diabetes mellitus, hypertension, metabolic syndrome, and/or obesity."
overweight,28816984,2017,0.72,"Age threshold for moderate and severe periodontitis among Korean adults without diabetes mellitus, hypertension, metabolic syndrome, and/or obesity."
overweight,28287410,2017,0.691,"Usefulness of the Waist Circumference-to-Height Ratio in Screening for Obesity and Metabolic Syndrome among Korean Children and Adolescents: Korea National Health and Nutrition Examination Survey, 2010-2014."
overweight,27559964,2016,0.668,"Feasibility of body roundness index for identifying a clustering of cardiometabolic abnormalities compared to BMI, waist circumference and other anthropometric indices: the China Health and Nutrition Survey, 2008 to 2009."
overweight,27036488,2016,0.798,A novel cutoff for the waist-to-height ratio predicting metabolic syndrome in young American adults.
overweight,26750428,2016,0.6869,Differences in the associations of anthropometric measures with insulin resistance and type 2 diabetes mellitus between Korean and US populations: Comparisons of representative nationwide sample data.
overweight,26620887,2016,0.66,Diagnostic accuracy of body mass index to identify obesity in older adults: NHANES 1999-2004.
overweight,26381887,2015,0.87,A Risk Score to Guide Cystatin C Testing to Detect Occult-Reduced Estimated Glomerular Filtration Rate.
overweight,25690647,2015,0.606,Lipid accumulation product and visceral adiposity index are effective markers for identifying the metabolically obese normal-weight phenotype.
overweight,25690647,2015,0.611,Lipid accumulation product and visceral adiposity index are effective markers for identifying the metabolically obese normal-weight phenotype.
overweight,24926951,2014,0.867,A comparison of fat and lean body mass index to BMI for the identification of metabolic syndrome in children and adolescents.
overweight,24913450,2014,0.98,"Increased waist circumference is independently associated with hypothyroidism in Mexican Americans: replicative evidence from two large, population-based studies."
overweight,24415710,2014,0.97,Adiposity assessments: agreement between dual-energy X-ray absorptiometry and anthropometric measures in U.S. children.
overweight,22632741,2012,0.61,Development and validation of a tool for assessing glucose impairment in adolescents.
abdominal_obesity,42560361,2026,0.637,"Association between abdominal obesity-related indices (ABSI, AIP, CMI) and osteoarthritis in U.S. adults: A cross-sectional study based on NHANES 2011-2016."
abdominal_obesity,41935737,2026,0.756,Central obesity measured by weight-adjusted waist index is associated with lean MASLD.
abdominal_obesity,41815074,2026,0.861,Association of central adiposity indices with cognitive impairment in elderly populations: Development and validation of a risk prediction nomogram using NHANES and CHARLS cohorts.
abdominal_obesity,41815074,2026,0.826,Association of central adiposity indices with cognitive impairment in elderly populations: Development and validation of a risk prediction nomogram using NHANES and CHARLS cohorts.
abdominal_obesity,41815074,2026,0.798,Association of central adiposity indices with cognitive impairment in elderly populations: Development and validation of a risk prediction nomogram using NHANES and CHARLS cohorts.
abdominal_obesity,41514246,2026,0.616,The association between life's crucial 9 and osteoarthritis in US adults: the mediating role of central adiposity.
abdominal_obesity,41480125,2026,0.695,A comparative analysis of anthropometric indices for identifying prediabetes in US adults: results from NHANES 2021-2023.
abdominal_obesity,41420910,2026,0.678,Body mass index and a body shape index: Individual and interactive predictors of all-cause and cardiovascular mortality risk in depression.
abdominal_obesity,41420910,2026,0.706,Body mass index and a body shape index: Individual and interactive predictors of all-cause and cardiovascular mortality risk in depression.
abdominal_obesity,41420910,2026,0.691,Body mass index and a body shape index: Individual and interactive predictors of all-cause and cardiovascular mortality risk in depression.
abdominal_obesity,41188187,2025,0.7581,Age-adjusted visceral adiposity index as a predictor of chronic kidney disease: insights from NHANES 2007-2018.
abdominal_obesity,41188187,2025,0.5685,Age-adjusted visceral adiposity index as a predictor of chronic kidney disease: insights from NHANES 2007-2018.
abdominal_obesity,41173106,2026,0.766,Beyond BMI: Finding critical body adiposity indices for dual-threat prediction of depression and mortality in stroke survivors.
abdominal_obesity,41018132,2025,0.608,Body Roundness Index and Risk of Gestational Diabetes Mellitus in Women of Reproductive Age: NHANES 2007-2018.
abdominal_obesity,41018132,2025,0.573,Body Roundness Index and Risk of Gestational Diabetes Mellitus in Women of Reproductive Age: NHANES 2007-2018.
abdominal_obesity,40739633,2025,0.694,Triglyceride glucose-weight-adjusted waist index as a cardiovascular mortality predictor: incremental value beyond the establishment of TyG-related indices.
abdominal_obesity,40739633,2025,0.706,Triglyceride glucose-weight-adjusted waist index as a cardiovascular mortality predictor: incremental value beyond the establishment of TyG-related indices.
abdominal_obesity,40612321,2025,0.6588,"Abdominal obesity and osteoarthritis risk: evaluating the association of lipid accumulation product, body roundness index, and waist triglyceride index with osteoarthritis in U.S. adults."
abdominal_obesity,40489567,2025,0.776,Prediction of testosterone deficiency using different screening indexes in adult American men: An NHANES cross-sectional study.
abdominal_obesity,40411391,2025,0.701,An optimized anthropometric index-a body shape index-cm-demonstrates superior performance in cardiovascular risk stratification.
abdominal_obesity,40411391,2025,0.728,An optimized anthropometric index-a body shape index-cm-demonstrates superior performance in cardiovascular risk stratification.
abdominal_obesity,40312297,2025,0.869,Visceral adiposity index as a predictor of metabolic dysfunction-associated steatotic liver disease: a cross-sectional study.
abdominal_obesity,40312297,2025,0.868,Visceral adiposity index as a predictor of metabolic dysfunction-associated steatotic liver disease: a cross-sectional study.
abdominal_obesity,40312297,2025,0.834,Visceral adiposity index as a predictor of metabolic dysfunction-associated steatotic liver disease: a cross-sectional study.
abdominal_obesity,40312297,2025,0.833,Visceral adiposity index as a predictor of metabolic dysfunction-associated steatotic liver disease: a cross-sectional study.
abdominal_obesity,40312297,2025,0.736,Visceral adiposity index as a predictor of metabolic dysfunction-associated steatotic liver disease: a cross-sectional study.
abdominal_obesity,40211175,2025,0.67,The best anthropometric indices to predict colon cancer.
abdominal_obesity,39897962,2024,0.794,Lipid metabolism indicators provide tools for the diagnosis of non-alcoholic fatty liver disease: results of a nationwide survey.
abdominal_obesity,39593076,2024,0.938,Identification and optimization of relevant factors for chronic kidney disease in abdominal obesity patients by machine learning methods: insights from NHANES 2005-2018.
abdominal_obesity,39104753,2024,0.6703,"Associations between novel anthropometric indices and the prevalence of gallstones among 6,848 adults: a cross-sectional study."
abdominal_obesity,39044117,2024,0.69,Association Between Different Inflammatory Markers and Generalized Abdominal Obesity: A Cross-Sectional Study.
abdominal_obesity,38524637,2024,0.72,Comparison of seven anthropometric indexes to predict hypertension plus hyperuricemia among U.S. adults.
abdominal_obesity,38481441,2024,0.814,Development and validation of a cognitive dysfunction risk prediction model for the abdominal obesity population.
abdominal_obesity,37843775,2024,0.75,Novel anthropometric measures are positively associated with erectile dysfunction: a cross-sectional study.
abdominal_obesity,36695773,2023,0.84,Validation of nonalcoholic fatty liver disease (NAFLD) related steatosis indices in metabolic associated fatty liver disease (MAFLD) and comparison of the diagnostic accuracy between NAFLD and MAFLD.
abdominal_obesity,36407444,2022,0.71,"Associations between novel anthropometric measures and the prevalence of hypertension among 45,853 adults: A cross-sectional study."
abdominal_obesity,34135867,2021,0.637,Quotient of Waist Circumference and Body Mass Index: A Valuable Indicator for the High-Risk Phenotype of Obesity.
abdominal_obesity,33232343,2020,0.816,Z-score of the log-transformed A Body Shape Index predicts low muscle mass in population with abdominal obesity: The U.S. and Korea National Health and Nutrition Examination Survey.
abdominal_obesity,30514064,2019,0.985,Secular change in waist circumference and waist-height ratio and optimal cutoff of waist-height ratio for abdominal obesity among Korean children and adolescents over 10 years.
abdominal_obesity,30212516,2018,0.892,Derivation and validation of a new visceral adiposity index for predicting visceral obesity and cardiometabolic risk in a Korean population.
abdominal_obesity,25690647,2015,0.606,Lipid accumulation product and visceral adiposity index are effective markers for identifying the metabolically obese normal-weight phenotype.
abdominal_obesity,25690647,2015,0.611,Lipid accumulation product and visceral adiposity index are effective markers for identifying the metabolically obese normal-weight phenotype.
central_obesity,42359866,2026,0.87,Development and validation of a non-invasive risk prediction nomogram for metabolic syndrome in young adults: A crosssectional study based on NHANES 2011-2018.
central_obesity,41935737,2026,0.756,Central obesity measured by weight-adjusted waist index is associated with lean MASLD.
central_obesity,41926776,2026,0.625,Evaluating weight-adjusted waist index as a risk factor for chronic obstructive pulmonary disease: A cross-sectional analysis of NHANES data.
central_obesity,41724736,2026,0.876,Diagnostic Performance of BMI and Waist Circumference in Detecting Excess Adiposity.
central_obesity,41103645,2025,0.712,Sugar-sweetened beverage consumption predicts metabolic associated fatty liver disease in patients with type 2 diabetes mellitus.
central_obesity,41062606,2025,0.767,Evaluating the liver fibrosis and waist-to-height ratio(LFWHR) as a gallstone disease predictor: a nomogram model and SHAP analysis.
central_obesity,40699281,2026,0.82,"A Comparison of the Predictive Value of 12 Body Composition Markers for Metabolic Dysfunction-Associated Steatotic Liver Disease, At-Risk Metabolic Dysfunction-Associated Steatohepatitis, and Increased Liver Stiffness in a General Population Setting."
central_obesity,40670519,2025,0.6796,Association between various insulin resistance surrogates and gallstone disease based on national health and nutrition examination survey.
central_obesity,40612321,2025,0.6588,"Abdominal obesity and osteoarthritis risk: evaluating the association of lipid accumulation product, body roundness index, and waist triglyceride index with osteoarthritis in U.S. adults."
central_obesity,40489567,2025,0.776,Prediction of testosterone deficiency using different screening indexes in adult American men: An NHANES cross-sectional study.
central_obesity,40411391,2025,0.701,An optimized anthropometric index-a body shape index-cm-demonstrates superior performance in cardiovascular risk stratification.
central_obesity,40411391,2025,0.728,An optimized anthropometric index-a body shape index-cm-demonstrates superior performance in cardiovascular risk stratification.
central_obesity,40211175,2025,0.68,The best anthropometric indices to predict colon cancer.
central_obesity,40211175,2025,0.67,The best anthropometric indices to predict colon cancer.
central_obesity,38824550,2024,0.561,Prognostic effect of triglyceride glucose-related parameters on all-cause and cardiovascular mortality in the United States adults with metabolic dysfunction-associated steatotic liver disease.
central_obesity,38773587,2024,0.654,Association of the triglyceride-glucose index and its related parameters with frailty.
central_obesity,38773587,2024,0.604,Association of the triglyceride-glucose index and its related parameters with frailty.
central_obesity,38773587,2024,0.621,Association of the triglyceride-glucose index and its related parameters with frailty.
central_obesity,38773587,2024,0.629,Association of the triglyceride-glucose index and its related parameters with frailty.
central_obesity,35546386,2023,0.859,The serum uric acid/creatinine ratio is associated with nonalcoholic fatty liver disease in the general population.
central_obesity,35379906,2022,0.7,What is the optimal anthropometric index/ratio associated with two key measures of cardio-metabolic risk associated with hypertension and diabetes?
central_obesity,34135867,2021,0.637,Quotient of Waist Circumference and Body Mass Index: A Valuable Indicator for the High-Risk Phenotype of Obesity.
central_obesity,33232343,2020,0.816,Z-score of the log-transformed A Body Shape Index predicts low muscle mass in population with abdominal obesity: The U.S. and Korea National Health and Nutrition Examination Survey.
central_obesity,32371408,2021,0.709,"Effects of waist to height ratio, waist circumference, body mass index on the risk of chronic diseases, all-cause, cardiovascular and cancer mortality."
central_obesity,31339947,2019,0.662,"Association of type 2 diabetes with anthropometrics, bone mineral density, and body composition in a large-scale screening study of Korean adults."
central_obesity,31339947,2019,0.68,"Association of type 2 diabetes with anthropometrics, bone mineral density, and body composition in a large-scale screening study of Korean adults."
central_obesity,31243316,2019,0.735,Utility of the Z-score of log-transformed A Body Shape Index (LBSIZ) in the assessment for sarcopenic obesity and cardiovascular disease risk in the United States.
central_obesity,26643250,2015,0.823,Comparison of waist to height ratio and body indices for prediction of metabolic disturbances in the Korean population: the Korean National Health and Nutrition Examination Survey 2008-2011.
central_obesity,26643250,2015,0.87,Comparison of waist to height ratio and body indices for prediction of metabolic disturbances in the Korean population: the Korean National Health and Nutrition Examination Survey 2008-2011.
central_obesity,25690647,2015,0.611,Lipid accumulation product and visceral adiposity index are effective markers for identifying the metabolically obese normal-weight phenotype.
high_bodyfat,41815074,2026,0.861,Association of central adiposity indices with cognitive impairment in elderly populations: Development and validation of a risk prediction nomogram using NHANES and CHARLS cohorts.
high_bodyfat,41815074,2026,0.826,Association of central adiposity indices with cognitive impairment in elderly populations: Development and validation of a risk prediction nomogram using NHANES and CHARLS cohorts.
high_bodyfat,41815074,2026,0.798,Association of central adiposity indices with cognitive impairment in elderly populations: Development and validation of a risk prediction nomogram using NHANES and CHARLS cohorts.
high_bodyfat,41746489,2026,0.615,Association of anthropometric and biochemical-anthropometric obesity indices with chronic kidney disease in diabetes: a KNHANES-based study.
high_bodyfat,41604091,2026,0.59,Association Between Chronic Diarrhea and Relative Fat Mass: A Cross-Sectional Study Based on NHANES.
high_bodyfat,41188187,2025,0.7581,Age-adjusted visceral adiposity index as a predictor of chronic kidney disease: insights from NHANES 2007-2018.
high_bodyfat,41188187,2025,0.5685,Age-adjusted visceral adiposity index as a predictor of chronic kidney disease: insights from NHANES 2007-2018.
high_bodyfat,41173106,2026,0.766,Beyond BMI: Finding critical body adiposity indices for dual-threat prediction of depression and mortality in stroke survivors.
high_bodyfat,40494862,2026,0.551,Comparative analysis of adiposity indices for predicting 2-year hypertension incidence in children and adolescents: a retrospective study.
high_bodyfat,40421317,2025,0.707,Weight-Adjusted Waist Index as a Novel Predictor of Chronic Obstructive Pulmonary Disease: Evidence from NHANES 2013-2018.
high_bodyfat,40421317,2025,0.525,Weight-Adjusted Waist Index as a Novel Predictor of Chronic Obstructive Pulmonary Disease: Evidence from NHANES 2013-2018.
high_bodyfat,40421317,2025,0.609,Weight-Adjusted Waist Index as a Novel Predictor of Chronic Obstructive Pulmonary Disease: Evidence from NHANES 2013-2018.
high_bodyfat,40349028,2025,0.823,Inflammatory markers mediate the association between alternative adiposity indices and mortality in patients with rheumatoid arthritis: data from NHANES 1999-2018.
high_bodyfat,40312297,2025,0.869,Visceral adiposity index as a predictor of metabolic dysfunction-associated steatotic liver disease: a cross-sectional study.
high_bodyfat,40312297,2025,0.868,Visceral adiposity index as a predictor of metabolic dysfunction-associated steatotic liver disease: a cross-sectional study.
high_bodyfat,40312297,2025,0.834,Visceral adiposity index as a predictor of metabolic dysfunction-associated steatotic liver disease: a cross-sectional study.
high_bodyfat,40312297,2025,0.833,Visceral adiposity index as a predictor of metabolic dysfunction-associated steatotic liver disease: a cross-sectional study.
high_bodyfat,40312297,2025,0.736,Visceral adiposity index as a predictor of metabolic dysfunction-associated steatotic liver disease: a cross-sectional study.
high_bodyfat,40195950,2025,0.887,A Comparative Evaluation of Adiposity Indices for Predicting Visceral Adipose Tissue Magnitude: Insights from NHANES 2011-2018.
high_bodyfat,40195950,2025,0.904,A Comparative Evaluation of Adiposity Indices for Predicting Visceral Adipose Tissue Magnitude: Insights from NHANES 2011-2018.
high_bodyfat,40195950,2025,0.866,A Comparative Evaluation of Adiposity Indices for Predicting Visceral Adipose Tissue Magnitude: Insights from NHANES 2011-2018.
high_bodyfat,40195950,2025,0.883,A Comparative Evaluation of Adiposity Indices for Predicting Visceral Adipose Tissue Magnitude: Insights from NHANES 2011-2018.
high_bodyfat,39500652,2024,0.875,Can adiposity measures enhance the predictive power of the triglyceride-glucose index for metabolic syndrome in adults in the United States?
high_bodyfat,37783845,2023,0.612,Relationship between the weight-adjusted-waist index and kidney stone: a population-based study.
high_bodyfat,37181040,2023,0.745,Relationship between weight-adjusted-waist index and erectile dysfunction in the United State: results from NHANES 2001-2004.
high_bodyfat,37181040,2023,0.528,Relationship between weight-adjusted-waist index and erectile dysfunction in the United State: results from NHANES 2001-2004.
high_bodyfat,37181040,2023,0.609,Relationship between weight-adjusted-waist index and erectile dysfunction in the United State: results from NHANES 2001-2004.
high_bodyfat,31142689,2019,0.79,Usefulness of relative fat mass in estimating body adiposity in Korean adult population.
high_bodyfat,31142689,2019,0.8,Usefulness of relative fat mass in estimating body adiposity in Korean adult population.
high_bodyfat,30212516,2018,0.892,Derivation and validation of a new visceral adiposity index for predicting visceral obesity and cardiometabolic risk in a Korean population.
high_bodyfat,26620887,2016,0.66,Diagnostic accuracy of body mass index to identify obesity in older adults: NHANES 1999-2004.
high_bodyfat,25690647,2015,0.606,Lipid accumulation product and visceral adiposity index are effective markers for identifying the metabolically obese normal-weight phenotype.
high_bodyfat,25690647,2015,0.611,Lipid accumulation product and visceral adiposity index are effective markers for identifying the metabolically obese normal-weight phenotype.
high_bodyfat,24415710,2014,0.97,Adiposity assessments: agreement between dual-energy X-ray absorptiometry and anthropometric measures in U.S. children.
sarcopenia,42732258,2026,0.81,Association between the ratio of uric acid to high-density lipoprotein cholesterol (UHR) and the abnormal risk of sarcopenia: Evidence from two large population-based surveys and interpretable machine learning-driven sarcopenia screening.
sarcopenia,42732258,2026,0.823,Association between the ratio of uric acid to high-density lipoprotein cholesterol (UHR) and the abnormal risk of sarcopenia: Evidence from two large population-based surveys and interpretable machine learning-driven sarcopenia screening.
sarcopenia,42703029,2026,0.79,Population-Based Prediction Equations for Appendicular Skeletal Muscle Mass: A Three-Phase Validation Study in 13&#x2009;582 Asian Adults.
sarcopenia,42666448,2026,0.873,"Development, validation, and visualization of a machine learning-based predictive model for sarcopenia risk in patients with diabetes mellitus."
sarcopenia,42616688,2026,0.83,construction and evaluation of sarcopenia risk prediction model for non-obese older adults.
sarcopenia,42445131,2026,0.831,The TyG Index and Obesity Indicators Predicting Low Muscle Mass in US Adults Without Diabetes: NHANES 2011-2018.
sarcopenia,42326999,2026,0.89,"Predictive model of sarcopenia in chronic kidney disease: an integrated approach of bioinformatics, machine learning, and clinical validation."
sarcopenia,42170452,2026,0.925,"Association of magnesium depletion score, triglyceride-glucose index, and C-reactive protein-albumin-lymphocyte index with diabetic sarcopenia: a cross-sectional study based on NHANES 2014-2018 data."
sarcopenia,41921307,2026,0.819,Cardiometabolic index as a predictor of sarcopenia in U.S. adults aged 20-59: results from a cross-sectional study.
sarcopenia,41855358,2026,0.766,The Relationship between Sarcopenia and All-Cause and Cardiovascular Mortality Risk among Middle-Aged and Older Adults across Stages 0-3 of Cardiovascular-Kidney-Metabolic Syndrome: Evidence from NHANES and CHARLS.
sarcopenia,41446845,2025,0.587,Association between neutrophil percentage-to-albumin ratio (NPAR) and sarcopenia in individuals with arthritis: a cross-sectional study.
sarcopenia,41446845,2025,0.571,Association between neutrophil percentage-to-albumin ratio (NPAR) and sarcopenia in individuals with arthritis: a cross-sectional study.
sarcopenia,41446845,2025,0.549,Association between neutrophil percentage-to-albumin ratio (NPAR) and sarcopenia in individuals with arthritis: a cross-sectional study.
sarcopenia,41419119,2026,0.73,Association between C-reactive protein-triglyceride glucose index and risk of sarcopenia in older adults: findings from CHARLS and NHANES.
sarcopenia,41346979,2025,0.848,Development and validation of an interpretable machine learning model for predicting low muscle mass in patients with rheumatoid arthritis: a multicenter study.
sarcopenia,41316955,2025,0.809,Development and Validation of a Nomogram Predicting Sarcopenia in Community-Dwelling Older Adults.
sarcopenia,41316020,2025,0.895,Waist-to-arm ratio is a simple and effective index for screening the sarcopenic obesity in older adults.
sarcopenia,41163166,2025,0.66,Body roundness index as a novel anthropometric predictor of sarcopenia in patients with cancer: a bicontinental cohort study across Chinese and American populations.
sarcopenia,41161154,2026,0.784,Novel inflammatory-related indices for screening sarcopenia: Insights from a population-based study.
sarcopenia,40992765,2025,0.9,A Novel Sarcopenia Screening Approach Using an Osteoporosis-Inspired T-Score Method.
sarcopenia,40895818,2025,0.69,Association between cardiometabolic index and sarcopenia: 2011-2018 National Health and Nutrition Examination survey (NHANES).
sarcopenia,40749983,2025,0.878,Association between visceral fat accumulation and sarcopenia: A cross-sectional study.
sarcopenia,40672942,2025,0.685,Hs-CRP/HDL-C ratio as a predictive inflammatory-lipid marker for sarcopenia: evidence from NHANES 2015-2018.
sarcopenia,40595326,2025,0.78,Lipid accumulation product and cardiometabolic index as indicators for sarcopenia: A cross-sectional study from NHANES 2011-2018.
sarcopenia,40510471,2025,0.668,Associations between different triglyceride glucose index-related obesity indices and sarcopenia: a cross-sectional study.
sarcopenia,40510471,2025,0.714,Associations between different triglyceride glucose index-related obesity indices and sarcopenia: a cross-sectional study.
sarcopenia,40510471,2025,0.715,Associations between different triglyceride glucose index-related obesity indices and sarcopenia: a cross-sectional study.
sarcopenia,40510471,2025,0.737,Associations between different triglyceride glucose index-related obesity indices and sarcopenia: a cross-sectional study.
sarcopenia,40510471,2025,0.802,Associations between different triglyceride glucose index-related obesity indices and sarcopenia: a cross-sectional study.
sarcopenia,40480129,2025,0.998,Association of urinary metal elements with sarcopenia and glucose metabolism abnormalities: Insights from NHANES data using machine learning approaches.
sarcopenia,40255379,2025,0.744,The association between body roundness index and sarcopenia in older adults: a population-based study.
sarcopenia,39963665,2025,0.699,The association between eight complete blood count-derived inflammatory markers and muscle health.
sarcopenia,39963665,2025,0.857,The association between eight complete blood count-derived inflammatory markers and muscle health.
sarcopenia,39875924,2025,0.825,Association between metabolic score for visceral fat index and BMI-adjusted skeletal muscle mass index in American adults.
sarcopenia,39753988,2025,0.86,Evaluating the weight-adjusted waist index as a predictive tool for sarcopenia and mortality risk.
sarcopenia,39593075,2024,0.749,The ZJU index is associated with the risk of sarcopenia in American adults aged 20-59: a cross-sectional study.
sarcopenia,39374737,2025,0.819,Development and external validation of a machine-learning based model to predict pre-sarcopenia in MASLD population: Results from NHANES 2017-2018.
sarcopenia,39224122,2024,0.738,Association of atherogenic index of plasma and triglyceride glucose-body mass index and sarcopenia in adults from 20 to 59: a cross-sectional study.
sarcopenia,39224122,2024,0.648,Association of atherogenic index of plasma and triglyceride glucose-body mass index and sarcopenia in adults from 20 to 59: a cross-sectional study.
sarcopenia,39071671,2024,0.685,Association between triglyceride-glucose index and sarcopenia in patients with chronic inflammatory airway disease.
sarcopenia,37958025,2023,0.831,"Machine Learning for Sarcopenia Prediction in the Elderly Using Socioeconomic, Infrastructure, and Quality-of-Life Data."
sarcopenia,37754213,2023,0.75,The Role of Sarcopenia in Overactive Bladder in Adults in the United States: Retrospective Analysis of NHANES 2011-2018.
sarcopenia,36796503,2023,0.95,Cystatin C and Creatinine Concentrations Are Uninformative Biomarkers of Sarcopenia: A Cross-Sectional NHANES Study.
sarcopenia,36796503,2023,0.943,Cystatin C and Creatinine Concentrations Are Uninformative Biomarkers of Sarcopenia: A Cross-Sectional NHANES Study.
sarcopenia,33232343,2020,0.816,Z-score of the log-transformed A Body Shape Index predicts low muscle mass in population with abdominal obesity: The U.S. and Korea National Health and Nutrition Examination Survey.
mets,42477581,2026,0.88,Advanced prediction of cardiovascular-kidney-metabolic syndrome using eight machine learning models and 24 composite indices.
mets,42477581,2026,0.84,Advanced prediction of cardiovascular-kidney-metabolic syndrome using eight machine learning models and 24 composite indices.
mets,42298605,2026,0.9,Development and validation of continuous cardiovascular-kidney-metabolic syndrome severity score (cCKMS-S) complementing CKM staging.
mets,42173730,2026,0.883,Estimated glucose disposal rate and triglyceride-glucose index jointly predict mortality in advanced cardiovascular-kidney-metabolic syndrome.
mets,41855358,2026,0.766,The Relationship between Sarcopenia and All-Cause and Cardiovascular Mortality Risk among Middle-Aged and Older Adults across Stages 0-3 of Cardiovascular-Kidney-Metabolic Syndrome: Evidence from NHANES and CHARLS.
mets,41820961,2026,0.877,Association of the estimated glucose disposal rate combined with a body shape index with all-cause and cardiovascular-specific mortality among individuals with cardiovascular-kidney-metabolic syndrome.
mets,41789343,2026,0.73,The Associations of Anthropometric Indices With Stages and Mortality in Cardiovascular-Kidney-Metabolic Syndrome: Insights From NHANES.
mets,41789343,2026,0.7,The Associations of Anthropometric Indices With Stages and Mortality in Cardiovascular-Kidney-Metabolic Syndrome: Insights From NHANES.
mets,41789343,2026,0.69,The Associations of Anthropometric Indices With Stages and Mortality in Cardiovascular-Kidney-Metabolic Syndrome: Insights From NHANES.
mets,41572549,2026,0.866,The C-reactive protein-triglyceride glucose index (CTI) predicts mortality in cardiovascular-kidney-metabolic syndrome: a dual-cohort study with machine learning validation.
mets,41410725,2025,0.63,Myeloid inflammation thresholds stratify mortality risk in early-stage cardiovascular-kidney-metabolic syndrome: MLR-driven findings from NHANES.
mets,41410725,2025,0.667,Myeloid inflammation thresholds stratify mortality risk in early-stage cardiovascular-kidney-metabolic syndrome: MLR-driven findings from NHANES.
mets,41410725,2025,0.611,Myeloid inflammation thresholds stratify mortality risk in early-stage cardiovascular-kidney-metabolic syndrome: MLR-driven findings from NHANES.
mets,41410725,2025,0.602,Myeloid inflammation thresholds stratify mortality risk in early-stage cardiovascular-kidney-metabolic syndrome: MLR-driven findings from NHANES.
mets,41389336,2025,0.749,Association between the single-point insulin sensitivity estimator (SPISE) index and periodontitis in Korean adults: Analysis from the Korea national health and nutrition examination survey (KNHANES) 2016-2018.
mets,41381073,2025,0.739,The discriminatory ability of the body roundness index and body mass index for metabolic diseases in Korean adults: a comparative study.
mets,41289206,2025,0.852,Cardiometabolic-Kidney Indices and Machine Learning Model for Predicting All-Cause Mortality in Patients with Cardiovascular-Kidney-Metabolic Syndrome: A Longitudinal Cohort Study.
mets,41254810,2025,0.63,Body roundness index vs. Relative fat mass: associations with cardiovascular-kidney-metabolic syndrome in a cross-sectional study.
mets,41220129,2025,0.65,Prevalence and Correlates of Depression and Suicidal Ideation Across Stages 0-4 of Cardiovascular-Kidney-Metabolic Syndrome.
mets,41196834,2026,0.901,Development of an Explainable Machine Learning Model for Cardiovascular-Kidney-Metabolic Syndrome Prediction Based on Dietary Antioxidants in a National Population.
mets,41137362,2025,0.829,Elevated METS-IR is associated with an increased risk of osteoarthritis: A cross-sectional NHANES-based study.
mets,41126270,2025,0.926,Association of estimated glucose disposition rate with aging acceleration and mortality risk in individuals with cardiovascular-kidney-metabolic syndrome: evidence from two large national population-based studies.
mets,40775283,2025,0.715,Prognostic value of ALBI score for all-cause mortality in metabolic associated fatty liver disease patients: a cohort study from NHANES 2003-2018.
mets,40745581,2025,0.712,METS-VF as a novel predictor of gallstones in U.S. adults: a cross-sectional analysis (NHANES 2017-2020).
mets,40702572,2025,0.823,The association of the metabolic score for insulin resistance and metabolic dysfunction-related steatosis liver disease: a population-based observational study.
mets,40690909,2025,0.79,Association between visceral lipid accumulation indicators and advanced cardiovascular-kidney-metabolic syndrome: a cross-sectional study based on NHANES 1999-2018.
mets,40690909,2025,0.73,Association between visceral lipid accumulation indicators and advanced cardiovascular-kidney-metabolic syndrome: a cross-sectional study based on NHANES 1999-2018.
mets,40670519,2025,0.6796,Association between various insulin resistance surrogates and gallstone disease based on national health and nutrition examination survey.
mets,40660147,2025,0.861,"Non-linear association between metabolic score for insulin resistance and nonalcoholic fatty liver disease: analysis of US National health and nutrition examination survey data, 2017-2020."
mets,40640908,2025,0.867,Linking metabolic score for visceral fat to heart failure: insights from national health and nutrition examination survey 2003-2018.
mets,40624524,2025,0.896,"Association of dietary quality, biological aging, progression and mortality of cardiovascular-kidney-metabolic syndrome: insights from mediation and machine learning approaches."
mets,40624524,2025,0.857,"Association of dietary quality, biological aging, progression and mortality of cardiovascular-kidney-metabolic syndrome: insights from mediation and machine learning approaches."
mets,40595326,2025,0.78,Lipid accumulation product and cardiometabolic index as indicators for sarcopenia: A cross-sectional study from NHANES 2011-2018.
mets,40480390,2025,0.615,Depression severity as a predictor of cardiovascular-kidney-metabolic syndrome progression and mortality: Results from two nationally representative cohort studies.
mets,40376050,2025,0.69,Exploring the nonlinear relationship between serum uric acid to high-density lipoprotein cholesterol ratio and obesity in older adults: a cross-sectional study.
mets,40376050,2025,0.76,Exploring the nonlinear relationship between serum uric acid to high-density lipoprotein cholesterol ratio and obesity in older adults: a cross-sectional study.
mets,40376050,2025,0.83,Exploring the nonlinear relationship between serum uric acid to high-density lipoprotein cholesterol ratio and obesity in older adults: a cross-sectional study.
mets,40280435,2025,0.768,Development and validation of a predictive model for depression in patients with advanced stage of cardiovascular-kidney-metabolic syndrome.
mets,39994225,2025,0.652,Association between METS-IR index and obstructive sleep apnea: evidence from NHANES.
mets,38808115,2024,0.732,Elevated AIP is associated with the prevalence of MAFLD in the US adults: evidence from NHANES 2017-2018.
mets,38318985,2024,0.69,Performance of mid-upper arm circumference to identify adolescents with obesity and metabolic syndrome: NHANES 2011-2018 analysis.
mets,37321045,2023,0.59,Predictive ability of anthropometric indices in identifying metabolic syndrome among US adolescents 10 to 19 years old: Analysis from the National Health and Nutrition Examination Survey 2011 to 2018 data set.
mets,34144440,2021,0.69,Classifying depression using blood biomarkers: A large population study.
mets,33839084,2021,0.8,Association of Triglyceride-Glucose Index and Lung Health: A Population-Based Study.
mets,30926953,2019,0.816,Alternative waist-to-height ratios associated with risk biomarkers in youth with diabetes: comparative models in the SEARCH for Diabetes in Youth Study.
mets,28422582,2017,0.71,Combining Activity-Related Behaviors and Attributes Improves Prediction of Health Status in NHANES.
mets,28422582,2017,0.69,Combining Activity-Related Behaviors and Attributes Improves Prediction of Health Status in NHANES.
mets,26643250,2015,0.823,Comparison of waist to height ratio and body indices for prediction of metabolic disturbances in the Korean population: the Korean National Health and Nutrition Examination Survey 2008-2011.
mets,26643250,2015,0.87,Comparison of waist to height ratio and body indices for prediction of metabolic disturbances in the Korean population: the Korean National Health and Nutrition Examination Survey 2008-2011.
mets,26620887,2016,0.66,Diagnostic accuracy of body mass index to identify obesity in older adults: NHANES 1999-2004.
mets,25915739,2015,0.855,A novel criterion for identifying metabolically obese but normal weight individuals using the product of triglycerides and glucose.
dyslipidemia,41621625,2026,0.809,Prognostic value of abdominal obesity indicators for all-cause mortality in familial hypercholesterolemia.
dyslipidemia,41353986,2026,0.851,Building and validating a machine learning model to predict coronary heart disease risk based on non-invasive indicators.
dyslipidemia,41168766,2025,0.8001,Predictive value of systemic inflammation response index for atherosclerotic cardiovascular disease risk in patients with hypercholesterolemia: a machine learning study with dual-cohort validation.
dyslipidemia,40612321,2025,0.6588,"Abdominal obesity and osteoarthritis risk: evaluating the association of lipid accumulation product, body roundness index, and waist triglyceride index with osteoarthritis in U.S. adults."
dyslipidemia,40404075,2025,0.799,Associations of the Hs-CRP/HDL-C ratio with stroke among US adults: Evidence from NHANES 2015-2018.
dyslipidemia,40377126,2025,0.89,Predicting overactive bladder from inflammatory markers: A machine learning approach using NHANES 2005-2020.
dyslipidemia,40166678,2025,0.566,Association between pan-immune-inflammation value and dyslipidemia in the United States population.
dyslipidemia,39990568,2025,0.66,Development and validation of a multivariable Prediction Model for Pre-diabetes and Diabetes using Easily Obtainable Clinical Data.
dyslipidemia,39364405,2024,0.683,Association of urinary albumin excretion with all-cause and cardiovascular mortality among patients with rheumatoid arthritis: a national prospective study.
dyslipidemia,39364405,2024,0.681,Association of urinary albumin excretion with all-cause and cardiovascular mortality among patients with rheumatoid arthritis: a national prospective study.
dyslipidemia,38994553,2024,0.89,Anthropometry for predicting cardiometabolic disease risk factors in adolescents.
dyslipidemia,33839084,2021,0.8,Association of Triglyceride-Glucose Index and Lung Health: A Population-Based Study.
dyslipidemia,32371408,2021,0.709,"Effects of waist to height ratio, waist circumference, body mass index on the risk of chronic diseases, all-cause, cardiovascular and cancer mortality."
dyslipidemia,27559964,2016,0.668,"Feasibility of body roundness index for identifying a clustering of cardiometabolic abnormalities compared to BMI, waist circumference and other anthropometric indices: the China Health and Nutrition Survey, 2008 to 2009."
dyslipidemia,19652103,2009,0.6,Poor performance of body mass index as a marker for hypercholesterolemia in children and adolescents.
dyslipidemia,9466637,1998,0.9,Improving the prediction of coronary heart disease to aid in the management of high cholesterol levels: what a difference a decade makes.
dyslipidemia,9466637,1998,0.81,Improving the prediction of coronary heart disease to aid in the management of high cholesterol levels: what a difference a decade makes.
dyslipidemia,9466637,1998,0.94,Improving the prediction of coronary heart disease to aid in the management of high cholesterol levels: what a difference a decade makes.
low_hdl,42666121,2026,0.874,Neutrophil to High-Density Lipoprotein Cholesterol Ratio and All-Cause Mortality Among Asthmatic Individuals: A Cohort Study.
low_hdl,42666121,2026,0.853,Neutrophil to High-Density Lipoprotein Cholesterol Ratio and All-Cause Mortality Among Asthmatic Individuals: A Cohort Study.
low_hdl,42666121,2026,0.877,Neutrophil to High-Density Lipoprotein Cholesterol Ratio and All-Cause Mortality Among Asthmatic Individuals: A Cohort Study.
low_hdl,42536537,2026,0.68,Association between GLM7 glycolipid metabolism index and female infertility: A cross-sectional analysis of NHANES 2013-2020.
low_hdl,42265931,2026,0.706,Comparative discriminative performance of triglyceride-glucose derived composite indices and cholesterol-high-density lipoprotein cholesterol-glucose derived composite indices for identifying frailty: A cross-sectional study.
low_hdl,42265931,2026,0.7,Comparative discriminative performance of triglyceride-glucose derived composite indices and cholesterol-high-density lipoprotein cholesterol-glucose derived composite indices for identifying frailty: A cross-sectional study.
low_hdl,42265931,2026,0.63,Comparative discriminative performance of triglyceride-glucose derived composite indices and cholesterol-high-density lipoprotein cholesterol-glucose derived composite indices for identifying frailty: A cross-sectional study.
low_hdl,42265931,2026,0.588,Comparative discriminative performance of triglyceride-glucose derived composite indices and cholesterol-high-density lipoprotein cholesterol-glucose derived composite indices for identifying frailty: A cross-sectional study.
low_hdl,41894259,2026,0.8892,High-density lipoprotein-related inflammatory ratios and coronary heart disease: A cross-sectional machine learning analysis of NHANES 2009 to 2020.
low_hdl,41824825,2026,0.699,Exploring the association between 5 different alternative indicators of insulin resistance and the risk of multiple cardiovascular and metabolic diseases: A cross-sectional NHANES study from 2005 to 2018.
low_hdl,41806281,2026,0.677,Association Between Neutrophil-To-HDL Cholesterol Ratio and Insulin Resistance in Individuals With Obesity: Cross-Sectional Study of Chinese and U.S. Cohorts.
low_hdl,41659341,2025,0.704,Metabolic syndrome and diabetic kidney disease: a consistent dose-response association validated in an independent clinical cohort.
low_hdl,41659341,2025,0.869,Metabolic syndrome and diabetic kidney disease: a consistent dose-response association validated in an independent clinical cohort.
low_hdl,41506780,2026,0.611,The association between the uric acid to high-density lipoprotein cholesterol ratio with gestational diabetes mellitus: a cross-sectional study based on NHANES 1999-2020.
low_hdl,41327698,2025,0.695,Mediation effect of body mass index on the association between serum uric acid to high-density lipoprotein cholesterol ratio and osteoporosis: A cross-sectional study.
low_hdl,41239592,2025,0.804,The non-high-density lipoprotein cholesterol to high-density lipoprotein cholesterol ratio (NHHR) as predictors of hypertensive patients: Analyses of NHANES data with machine learning.
low_hdl,41217559,2025,0.617,Serum uric acid to high&#x2011;density lipoprotein cholesterol ratio as a novel predictor of diabetic nephropathy: a cross&#x2011;sectional analysis of NHANES 2011-2018.
low_hdl,41146462,2025,0.707,Association between uric acid to high-density lipoprotein cholesterol ratio and chronic kidney disease in middle-aged and older adults: results from two nationally representative population-based study.
low_hdl,41146462,2025,0.645,Association between uric acid to high-density lipoprotein cholesterol ratio and chronic kidney disease in middle-aged and older adults: results from two nationally representative population-based study.
low_hdl,41131568,2025,0.841,"Evaluation of a new TyG indicator, TyHGB, in predicting non-alcoholic fatty liver disease: evidence from two independent populations."
low_hdl,41013668,2025,0.64,Machine learning and nomogram prediction model to explore the relationship between monocyte-to-high-density lipoprotein cholesterol ratio and asthma: results from the NHANES 2001-2018.
low_hdl,40814084,2025,0.64,Association between circulatory immune cell to high-density lipoprotein cholesterol ratios and testosterone level in adult men: findings from NHANES 2011-2016.
low_hdl,40773099,2025,0.824,Association of non-traditional lipid indices with diabetes and insulin resistance in US adults: mediating effects of HOMA-IR and evidence from a national cohort.
low_hdl,40773099,2025,0.837,Association of non-traditional lipid indices with diabetes and insulin resistance in US adults: mediating effects of HOMA-IR and evidence from a national cohort.
low_hdl,40672942,2025,0.685,Hs-CRP/HDL-C ratio as a predictive inflammatory-lipid marker for sarcopenia: evidence from NHANES 2015-2018.
low_hdl,40533393,2025,0.549,Non-HDL/HDL cholesterol ratio (NHHR) as a novel predictor of gestational diabetes mellitus: a NHANES-based cross-sectional study.
low_hdl,40474075,2025,0.865,Association of the total cholesterol to high-density lipoprotein cholesterol ratio with all-cause mortality risk in the migraine population.
low_hdl,40404075,2025,0.799,Associations of the Hs-CRP/HDL-C ratio with stroke among US adults: Evidence from NHANES 2015-2018.
low_hdl,40376050,2025,0.69,Exploring the nonlinear relationship between serum uric acid to high-density lipoprotein cholesterol ratio and obesity in older adults: a cross-sectional study.
low_hdl,40376050,2025,0.76,Exploring the nonlinear relationship between serum uric acid to high-density lipoprotein cholesterol ratio and obesity in older adults: a cross-sectional study.
low_hdl,40376050,2025,0.83,Exploring the nonlinear relationship between serum uric acid to high-density lipoprotein cholesterol ratio and obesity in older adults: a cross-sectional study.
low_hdl,40369422,2025,0.713,The HbA1c/HDL-C ratio as a screening indicator of NAFLD in U.S. adults: a cross-sectional NHANES analysis (2017-2020).
low_hdl,40303633,2025,0.732,Triglycerides/high-density lipoprotein-cholesterol ratio outperforms traditional lipid indicators in predicting metabolic dysfunction-associated steatotic liver disease among U.S. adults.
low_hdl,40303633,2025,0.713,Triglycerides/high-density lipoprotein-cholesterol ratio outperforms traditional lipid indicators in predicting metabolic dysfunction-associated steatotic liver disease among U.S. adults.
low_hdl,40182639,2025,0.97,Non-high density lipoprotein cholesterol/high density lipoprotein cholesterol is L-shaped associated with all-cause mortality and U-shaped with cardiovascular mortality in hypertensive patients.
low_hdl,40171052,2025,0.85,Association Between the Non-High-Density Lipoprotein Cholesterol-to-High-Density Lipoprotein Cholesterol Ratio (NHHR) and Mortality in Patients with COPD: Evidence From the NHANES 1999-2018.
low_hdl,40100868,2025,0.828,Machine learning for predicting metabolic-associated fatty liver disease including NHHR: a cross-sectional NHANES study.
low_hdl,40066565,2025,0.79,The triglyceride glucose-waist circumference is the best indicator for screening non-alcoholic fatty liver disease in middle-aged and elderly people.
low_hdl,40066565,2025,0.75,The triglyceride glucose-waist circumference is the best indicator for screening non-alcoholic fatty liver disease in middle-aged and elderly people.
low_hdl,39994225,2025,0.652,Association between METS-IR index and obstructive sleep apnea: evidence from NHANES.
low_hdl,39966719,2025,0.638,Relationship between novel inflammatory markers derived from high-sensitivity C-reactive protein and heart failure: a cross-sectional study.
low_hdl,39966719,2025,0.62,Relationship between novel inflammatory markers derived from high-sensitivity C-reactive protein and heart failure: a cross-sectional study.
low_hdl,39916754,2024,0.797,The potential of the serum uric acid to high-density lipoprotein cholesterol ratio as a predictive biomarker of diabetes risk: a study based on NHANES 2005-2018.
low_hdl,39916754,2024,0.789,The potential of the serum uric acid to high-density lipoprotein cholesterol ratio as a predictive biomarker of diabetes risk: a study based on NHANES 2005-2018.
low_hdl,39810139,2025,0.55,The association between neutrophil to high-density lipoprotein cholesterol ratio and gallstones: a cross-sectional study.
low_hdl,39722803,2024,0.724,Negative correlation between cardiometabolic index and testosterone in male adults.
low_hdl,39627414,2024,0.824,Platelet to high density lipoprotein cholesterol ratio is associated with diabetes and prediabetes in NHANES 2005 to 2018.
low_hdl,39557751,2025,0.756,Using Risk Assessment to Improve Screening for Albuminuria among US Adults without Diabetes.
low_hdl,39506722,2024,0.554,Association between cardiometabolic index (CMI) and periodontitis in US adults: analysis of NHANES data (2009-2014).
low_hdl,39462375,2024,0.831,Association between the non-high-density lipoprotein cholesterol to high-density lipoprotein cholesterol ratio (NHHR) and angina pectoris in US adults: a cross-sectional retrospective study based on NHANES 2009-2018.
low_hdl,39175030,2024,0.785,Association of non-high-density lipoprotein cholesterol to high-density lipoprotein cholesterol ratio (NHHR) and gallstones among US adults aged&#x2009;&#x2264;&#x2009;50 years: a cross-sectional study from NHANES 2017-2020.
low_hdl,39149124,2024,0.556,The value of the platelet/high-density lipoprotein cholesterol ratio in predicting depression and its cardiovascular disease mortality: a population-based observational study.
low_hdl,38994553,2024,0.89,Anthropometry for predicting cardiometabolic disease risk factors in adolescents.
low_hdl,38637329,2024,0.875,Value of the monocyte-to-high-density lipoprotein cholesterol ratio in refining the detection of prevalent heart failure: Insights from the NHANES 1999-2018.
low_hdl,36589794,2022,0.66,Comparison of different insulin resistance surrogates to predict hyperuricemia among U.S. non-diabetic adults.
low_hdl,35082184,2022,0.906,"Comparison of Lipid-Derived Markers for Metabolic Syndrome in Youth: Triglyceride/HDL Cholesterol Ratio, Triglyceride-Glucose Index, and non-HDL Cholesterol."
low_hdl,33051154,2020,0.975,Validity of the pediatric simple metabolic syndrome score.
low_hdl,33051154,2020,0.958,Validity of the pediatric simple metabolic syndrome score.
low_hdl,28287410,2017,0.691,"Usefulness of the Waist Circumference-to-Height Ratio in Screening for Obesity and Metabolic Syndrome among Korean Children and Adolescents: Korea National Health and Nutrition Examination Survey, 2010-2014."
low_hdl,20227781,2010,0.83,Waist-to-thigh ratio and diabetes among US adults: the Third National Health and Nutrition Examination Survey.
low_hdl,20227781,2010,0.8,Waist-to-thigh ratio and diabetes among US adults: the Third National Health and Nutrition Examination Survey.
low_hdl,18543044,2008,0.93,Value of risk stratification to increase the predictive validity of HbA1c in screening for undiagnosed diabetes in the US population.
high_tg,38994553,2024,0.89,Anthropometry for predicting cardiometabolic disease risk factors in adolescents.
high_tg,18543044,2008,0.93,Value of risk stratification to increase the predictive validity of HbA1c in screening for undiagnosed diabetes in the US population.
high_ldl,42390513,2026,0.806,Construction and Validation of an Osteoporosis Risk Prediction Model for Elderly Population based on National Health and Nutrition Examination Survey Data.
high_ldl,41381073,2025,0.739,The discriminatory ability of the body roundness index and body mass index for metabolic diseases in Korean adults: a comparative study.
high_ldl,41168766,2025,0.8001,Predictive value of systemic inflammation response index for atherosclerotic cardiovascular disease risk in patients with hypercholesterolemia: a machine learning study with dual-cohort validation.
high_ldl,33198349,2020,0.71,Diabetic Retinopathy Environment-Wide Association Study (EWAS) in NHANES 2005-2008.
high_ldl,33198349,2020,0.72,Diabetic Retinopathy Environment-Wide Association Study (EWAS) in NHANES 2005-2008.
high_ldl,33198349,2020,0.84,Diabetic Retinopathy Environment-Wide Association Study (EWAS) in NHANES 2005-2008.
high_nonhdl,41621625,2026,0.809,Prognostic value of abdominal obesity indicators for all-cause mortality in familial hypercholesterolemia.
high_nonhdl,41168766,2025,0.8001,Predictive value of systemic inflammation response index for atherosclerotic cardiovascular disease risk in patients with hypercholesterolemia: a machine learning study with dual-cohort validation.
high_nonhdl,41029580,2025,0.759,Long-term body mass index trajectories and dyslipidemia and related gut microbial features: results from the China health and nutrition survey 1991-2018.
high_nonhdl,40404075,2025,0.799,Associations of the Hs-CRP/HDL-C ratio with stroke among US adults: Evidence from NHANES 2015-2018.
high_nonhdl,40166678,2025,0.566,Association between pan-immune-inflammation value and dyslipidemia in the United States population.
high_nonhdl,38994553,2024,0.89,Anthropometry for predicting cardiometabolic disease risk factors in adolescents.
high_nonhdl,38341157,2024,0.748,Association between cardiometabolic index and depression: National Health and Nutrition Examination Survey (NHANES) 2011-2014.
high_nonhdl,19652103,2009,0.6,Poor performance of body mass index as a marker for hypercholesterolemia in children and adolescents.
high_nonhdl,9466637,1998,0.9,Improving the prediction of coronary heart disease to aid in the management of high cholesterol levels: what a difference a decade makes.
high_nonhdl,9466637,1998,0.81,Improving the prediction of coronary heart disease to aid in the management of high cholesterol levels: what a difference a decade makes.
high_nonhdl,9466637,1998,0.94,Improving the prediction of coronary heart disease to aid in the management of high cholesterol levels: what a difference a decade makes.
atherogenic_dyslipidemia,41621625,2026,0.809,Prognostic value of abdominal obesity indicators for all-cause mortality in familial hypercholesterolemia.
atherogenic_dyslipidemia,41168766,2025,0.8001,Predictive value of systemic inflammation response index for atherosclerotic cardiovascular disease risk in patients with hypercholesterolemia: a machine learning study with dual-cohort validation.
atherogenic_dyslipidemia,41029580,2025,0.759,Long-term body mass index trajectories and dyslipidemia and related gut microbial features: results from the China health and nutrition survey 1991-2018.
atherogenic_dyslipidemia,40773099,2025,0.824,Association of non-traditional lipid indices with diabetes and insulin resistance in US adults: mediating effects of HOMA-IR and evidence from a national cohort.
atherogenic_dyslipidemia,40773099,2025,0.837,Association of non-traditional lipid indices with diabetes and insulin resistance in US adults: mediating effects of HOMA-IR and evidence from a national cohort.
atherogenic_dyslipidemia,40404075,2025,0.799,Associations of the Hs-CRP/HDL-C ratio with stroke among US adults: Evidence from NHANES 2015-2018.
atherogenic_dyslipidemia,40166678,2025,0.566,Association between pan-immune-inflammation value and dyslipidemia in the United States population.
atherogenic_dyslipidemia,38994553,2024,0.89,Anthropometry for predicting cardiometabolic disease risk factors in adolescents.
atherogenic_dyslipidemia,38341157,2024,0.748,Association between cardiometabolic index and depression: National Health and Nutrition Examination Survey (NHANES) 2011-2014.
atherogenic_dyslipidemia,19652103,2009,0.6,Poor performance of body mass index as a marker for hypercholesterolemia in children and adolescents.
atherogenic_dyslipidemia,9466637,1998,0.9,Improving the prediction of coronary heart disease to aid in the management of high cholesterol levels: what a difference a decade makes.
atherogenic_dyslipidemia,9466637,1998,0.81,Improving the prediction of coronary heart disease to aid in the management of high cholesterol levels: what a difference a decade makes.
atherogenic_dyslipidemia,9466637,1998,0.94,Improving the prediction of coronary heart disease to aid in the management of high cholesterol levels: what a difference a decade makes.
insulin_resistance,42417925,2026,0.809,A Simple Clinical Prediction Model for Metabolic Dysfunction-Associated Steatotic Liver Disease in Adolescents with Obesity.
insulin_resistance,42417925,2026,0.725,A Simple Clinical Prediction Model for Metabolic Dysfunction-Associated Steatotic Liver Disease in Adolescents with Obesity.
insulin_resistance,42359866,2026,0.87,Development and validation of a non-invasive risk prediction nomogram for metabolic syndrome in young adults: A crosssectional study based on NHANES 2011-2018.
insulin_resistance,42298605,2026,0.9,Development and validation of continuous cardiovascular-kidney-metabolic syndrome severity score (cCKMS-S) complementing CKM staging.
insulin_resistance,42250232,2026,0.854,A body roundness index (BRI)-based predictive model for metabolic syndrome in perimenopausal and postmenopausal women-from a cross-sectional machine learning study to a longitudinal dynamic assessment.
insulin_resistance,42250232,2026,0.878,A body roundness index (BRI)-based predictive model for metabolic syndrome in perimenopausal and postmenopausal women-from a cross-sectional machine learning study to a longitudinal dynamic assessment.
insulin_resistance,42250232,2026,0.847,A body roundness index (BRI)-based predictive model for metabolic syndrome in perimenopausal and postmenopausal women-from a cross-sectional machine learning study to a longitudinal dynamic assessment.
insulin_resistance,42163348,2026,0.817,"Association between oxidative balance score and cardiometabolic multimorbidity: differential mortality, mediation mechanisms, and machine learning insights."
insulin_resistance,42026580,2026,0.81,"Chewing function, diet quality, and risk of metabolic syndrome and mortality: analysis of NHANES 1999-2018."
insulin_resistance,41916101,2026,0.82,Association between the estimated glucose disposal rate and new-onset chronic obstructive pulmonary disease in United States adults.
insulin_resistance,41855358,2026,0.766,The Relationship between Sarcopenia and All-Cause and Cardiovascular Mortality Risk among Middle-Aged and Older Adults across Stages 0-3 of Cardiovascular-Kidney-Metabolic Syndrome: Evidence from NHANES and CHARLS.
insulin_resistance,41824825,2026,0.699,Exploring the association between 5 different alternative indicators of insulin resistance and the risk of multiple cardiovascular and metabolic diseases: A cross-sectional NHANES study from 2005 to 2018.
insulin_resistance,41806281,2026,0.677,Association Between Neutrophil-To-HDL Cholesterol Ratio and Insulin Resistance in Individuals With Obesity: Cross-Sectional Study of Chinese and U.S. Cohorts.
insulin_resistance,41794688,2026,0.914,Association between the oxidative balance score and depressive symptoms in adults with metabolic syndrome: a cross-sectional study from NHANES.
insulin_resistance,41772530,2026,0.792,Predicting metabolic syndrome risk in Chinese adults using integrated features of movement behaviors and dietary intake: a machine learning approach.
insulin_resistance,41772530,2026,0.714,Predicting metabolic syndrome risk in Chinese adults using integrated features of movement behaviors and dietary intake: a machine learning approach.
insulin_resistance,41659341,2025,0.704,Metabolic syndrome and diabetic kidney disease: a consistent dose-response association validated in an independent clinical cohort.
insulin_resistance,41659341,2025,0.869,Metabolic syndrome and diabetic kidney disease: a consistent dose-response association validated in an independent clinical cohort.
insulin_resistance,41618756,2026,0.978,Development and validation of a machine learning-based sarcopenia prediction model using the triglyceride glucose-frailty index.
insulin_resistance,41572549,2026,0.866,The C-reactive protein-triglyceride glucose index (CTI) predicts mortality in cardiovascular-kidney-metabolic syndrome: a dual-cohort study with machine learning validation.
insulin_resistance,41549307,2026,0.69,Association between the newly proposed triglyceride glucose-a body shape index (TyG-ABSI) and atherosclerotic cardiovascular disease in the general population: modest diagnostic improvement compared with traditional TyG-related parameters.
insulin_resistance,41492828,2026,0.802,Handgrip Strength in Korean Youth and Young Adults: Reference Values and Their Associations with Metabolic Syndrome.
insulin_resistance,41485164,2026,0.743,The dietary index for gut microbiota and risk of advanced cardio-kidney-metabolic syndrome.
insulin_resistance,41460783,2025,0.944,Lymphocytes and related inflammatory factors as predictors of metabolic syndrome risk in shift workers: A machine learning approach based on large-scale population data.
insulin_resistance,41460783,2025,0.818,Lymphocytes and related inflammatory factors as predictors of metabolic syndrome risk in shift workers: A machine learning approach based on large-scale population data.
insulin_resistance,41460783,2025,0.763,Lymphocytes and related inflammatory factors as predictors of metabolic syndrome risk in shift workers: A machine learning approach based on large-scale population data.
insulin_resistance,41460783,2025,0.741,Lymphocytes and related inflammatory factors as predictors of metabolic syndrome risk in shift workers: A machine learning approach based on large-scale population data.
insulin_resistance,41460260,2025,0.72,Total and free testosterone as independent predictors of metabolic syndrome in U.S. Men: evidence from NHANES.
insulin_resistance,41460260,2025,0.67,Total and free testosterone as independent predictors of metabolic syndrome in U.S. Men: evidence from NHANES.
insulin_resistance,41410725,2025,0.63,Myeloid inflammation thresholds stratify mortality risk in early-stage cardiovascular-kidney-metabolic syndrome: MLR-driven findings from NHANES.
insulin_resistance,41410725,2025,0.667,Myeloid inflammation thresholds stratify mortality risk in early-stage cardiovascular-kidney-metabolic syndrome: MLR-driven findings from NHANES.
insulin_resistance,41410725,2025,0.611,Myeloid inflammation thresholds stratify mortality risk in early-stage cardiovascular-kidney-metabolic syndrome: MLR-driven findings from NHANES.
insulin_resistance,41410725,2025,0.602,Myeloid inflammation thresholds stratify mortality risk in early-stage cardiovascular-kidney-metabolic syndrome: MLR-driven findings from NHANES.
insulin_resistance,41393278,2025,0.691,Composite cardiovascular health indices (Life's essential 8 and Life's crucial 9) and female infertility: an NHANES 2013-2018 cross-sectional analysis.
insulin_resistance,41389336,2025,0.749,Association between the single-point insulin sensitivity estimator (SPISE) index and periodontitis in Korean adults: Analysis from the Korea national health and nutrition examination survey (KNHANES) 2016-2018.
insulin_resistance,41381073,2025,0.739,The discriminatory ability of the body roundness index and body mass index for metabolic diseases in Korean adults: a comparative study.
insulin_resistance,41260490,2026,0.728,"Association between ""urological age"" with metabolic syndrome in non-pregnant adult women: potential mediating role of depression."
insulin_resistance,41260490,2026,0.64,"Association between ""urological age"" with metabolic syndrome in non-pregnant adult women: potential mediating role of depression."
insulin_resistance,41228441,2025,0.834,Interpretable Machine Learning Identification of Dietary and Metabolic Factors for Metabolic Syndrome in Southern China: A Cross-Sectional Study.
insulin_resistance,41220129,2025,0.65,Prevalence and Correlates of Depression and Suicidal Ideation Across Stages 0-4 of Cardiovascular-Kidney-Metabolic Syndrome.
insulin_resistance,41199862,2025,0.692,TyG &#xd7; waist circumference composite indicator and cardiovascular disease risk in older adults across multiple regions: a cross-sectional study.
insulin_resistance,41196834,2026,0.901,Development of an Explainable Machine Learning Model for Cardiovascular-Kidney-Metabolic Syndrome Prediction Based on Dietary Antioxidants in a National Population.
insulin_resistance,41193036,2025,0.84,Cross-sectional analysis of visceral adipose tissue associations with obesity-related disease.
insulin_resistance,41193036,2025,0.8,Cross-sectional analysis of visceral adipose tissue associations with obesity-related disease.
insulin_resistance,41193036,2025,0.79,Cross-sectional analysis of visceral adipose tissue associations with obesity-related disease.
insulin_resistance,41131568,2025,0.841,"Evaluation of a new TyG indicator, TyHGB, in predicting non-alcoholic fatty liver disease: evidence from two independent populations."
insulin_resistance,41126270,2025,0.926,Association of estimated glucose disposition rate with aging acceleration and mortality risk in individuals with cardiovascular-kidney-metabolic syndrome: evidence from two large national population-based studies.
insulin_resistance,41107835,2025,0.65,Association of the skeletal muscle mass to visceral fat area ratio with metabolically healthy obesity and metabolically unhealthy non-obesity: a cross-sectional study based on NHANES 2011-2018.
insulin_resistance,40924725,2025,0.925,Construct prediction models for low muscle mass with metabolic syndrome using machine learning.
insulin_resistance,40870518,2025,0.601,Relative Grip Strength as a Screening Indicator for Metabolic Syndrome in Korean Adults: A Cross-Sectional Study Using Data from KNHANES.
insulin_resistance,40826139,2025,0.7442,AI-driven prediction of insulin resistance in non-diabetic populations using minimal invasive tests: comparing models and criteria.
insulin_resistance,40826139,2025,0.9731,AI-driven prediction of insulin resistance in non-diabetic populations using minimal invasive tests: comparing models and criteria.
insulin_resistance,40773099,2025,0.837,Association of non-traditional lipid indices with diabetes and insulin resistance in US adults: mediating effects of HOMA-IR and evidence from a national cohort.
insulin_resistance,40745581,2025,0.712,METS-VF as a novel predictor of gallstones in U.S. adults: a cross-sectional analysis (NHANES 2017-2020).
insulin_resistance,40702572,2025,0.823,The association of the metabolic score for insulin resistance and metabolic dysfunction-related steatosis liver disease: a population-based observational study.
insulin_resistance,40687590,2025,0.75,Association of estimated glucose disposal rate with chronic kidney disease: comparative analysis against traditional insulin resistance indices.
insulin_resistance,40687590,2025,0.68,Association of estimated glucose disposal rate with chronic kidney disease: comparative analysis against traditional insulin resistance indices.
insulin_resistance,40640908,2025,0.867,Linking metabolic score for visceral fat to heart failure: insights from national health and nutrition examination survey 2003-2018.
insulin_resistance,40624524,2025,0.896,"Association of dietary quality, biological aging, progression and mortality of cardiovascular-kidney-metabolic syndrome: insights from mediation and machine learning approaches."
insulin_resistance,40624524,2025,0.857,"Association of dietary quality, biological aging, progression and mortality of cardiovascular-kidney-metabolic syndrome: insights from mediation and machine learning approaches."
insulin_resistance,40609416,2025,0.9,Assessing the effect of perfluoroalkyl and polyfluoroalkyl substances on cardiovascular-kidney-metabolic syndrome: Insights from an interpretable machine learning model.
insulin_resistance,40596460,2025,0.599,Combined association of triglyceride-glucose index and systemic inflammation index on all-cause and cardiovascular mortality.
insulin_resistance,40551521,2026,0.749,Assessment of neck to height ratio as a predictive tool for metabolic dysfunction-associated steatotic liver disease in Korean adults: a cross-sectional analysis from the Korea National Health and Nutrition Examination Survey 2019-2021.
insulin_resistance,40533393,2025,0.549,Non-HDL/HDL cholesterol ratio (NHHR) as a novel predictor of gestational diabetes mellitus: a NHANES-based cross-sectional study.
insulin_resistance,40498469,2025,0.85,Continual learning across population cohorts with distribution shift: insights from multi-cohort metabolic syndrome identification.
insulin_resistance,40498469,2025,0.79,Continual learning across population cohorts with distribution shift: insights from multi-cohort metabolic syndrome identification.
insulin_resistance,40491585,2025,0.656,Evaluating the role of insulin resistance in chronic intestinal health issues: NHANES study findings.
insulin_resistance,40491585,2025,0.652,Evaluating the role of insulin resistance in chronic intestinal health issues: NHANES study findings.
insulin_resistance,40486823,2025,0.902,The association between insulin resistance-related markers and ASCVD with hyperuricemia: results from the 2005 to 2018 National Health and Nutrition Examination Survey.
insulin_resistance,40480390,2025,0.615,Depression severity as a predictor of cardiovascular-kidney-metabolic syndrome progression and mortality: Results from two nationally representative cohort studies.
insulin_resistance,40280435,2025,0.768,Development and validation of a predictive model for depression in patients with advanced stage of cardiovascular-kidney-metabolic syndrome.
insulin_resistance,40127871,2025,0.625,Association between different triglyceride glucose index-related indicators and overactive bladder.
insulin_resistance,39994225,2025,0.652,Association between METS-IR index and obstructive sleep apnea: evidence from NHANES.
insulin_resistance,39627686,2024,0.668,"Association of ""a body shape index"" with the risk of developing colorectal cancer in U.S. patients with metabolic syndrome: evidence from the NHANES 1999-2018."
insulin_resistance,39500652,2024,0.875,Can adiposity measures enhance the predictive power of the triglyceride-glucose index for metabolic syndrome in adults in the United States?
insulin_resistance,39071671,2024,0.685,Association between triglyceride-glucose index and sarcopenia in patients with chronic inflammatory airway disease.
insulin_resistance,39014458,2024,0.63,The U-shape relationship between insulin resistance-related indexes and chronic kidney disease: a retrospective cohort study from National Health and Nutrition Examination Survey 2007-2016.
insulin_resistance,38971408,2024,0.696,The nutritional metabolic risk index as a predictor of all-cause and cardiovascular mortality: A national cohort study.
insulin_resistance,38971408,2024,0.713,The nutritional metabolic risk index as a predictor of all-cause and cardiovascular mortality: A national cohort study.
insulin_resistance,38969755,2024,0.827,Superiority of the triglyceride glucose index over the homeostasis model in predicting metabolic syndrome based on NHANES data analysis.
insulin_resistance,38941283,2024,0.814,Exploring the diagnostic performance of machine learning in prediction of metabolic phenotypes focusing on thyroid function.
insulin_resistance,38941283,2024,0.811,Exploring the diagnostic performance of machine learning in prediction of metabolic phenotypes focusing on thyroid function.
insulin_resistance,38783379,2024,0.732,Negative correlation between metabolic score for insulin resistance index and testosterone in male adults.
insulin_resistance,38686033,2024,0.807,The relationship between heavy metals and metabolic syndrome using machine learning.
insulin_resistance,38597157,2024,0.773,"Cystatin C Is a Predictor for Long-Term, All-Cause, and Cardiovascular Mortality in US Adults With Metabolic Syndrome."
insulin_resistance,38597157,2024,0.726,"Cystatin C Is a Predictor for Long-Term, All-Cause, and Cardiovascular Mortality in US Adults With Metabolic Syndrome."
insulin_resistance,38318985,2024,0.69,Performance of mid-upper arm circumference to identify adolescents with obesity and metabolic syndrome: NHANES 2011-2018 analysis.
insulin_resistance,37881497,2023,0.57,Association of triglyceride-glucose index levels with gestational diabetes mellitus in the US pregnant women: a cross-sectional study.
insulin_resistance,37649143,2023,0.625,Neck Circumference as a Predictor of Insulin Resistance in People with Non-alcoholic Fatty Liver Disease.
insulin_resistance,37649143,2023,0.573,Neck Circumference as a Predictor of Insulin Resistance in People with Non-alcoholic Fatty Liver Disease.
insulin_resistance,37361537,2023,0.73,A negative association between triglyceride glucose-body mass index and testosterone in adult males: a cross-sectional study.
insulin_resistance,37321045,2023,0.9,Predictive ability of anthropometric indices in identifying metabolic syndrome among US adolescents 10 to 19 years old: Analysis from the National Health and Nutrition Examination Survey 2011 to 2018 data set.
insulin_resistance,37321045,2023,0.88,Predictive ability of anthropometric indices in identifying metabolic syndrome among US adolescents 10 to 19 years old: Analysis from the National Health and Nutrition Examination Survey 2011 to 2018 data set.
insulin_resistance,37321045,2023,0.83,Predictive ability of anthropometric indices in identifying metabolic syndrome among US adolescents 10 to 19 years old: Analysis from the National Health and Nutrition Examination Survey 2011 to 2018 data set.
insulin_resistance,37321045,2023,0.59,Predictive ability of anthropometric indices in identifying metabolic syndrome among US adolescents 10 to 19 years old: Analysis from the National Health and Nutrition Examination Survey 2011 to 2018 data set.
insulin_resistance,36435978,2023,0.718,Association of lipid accumulation products with testosterone deficiency in adult American men: A cross-sectional study.
insulin_resistance,35685216,2022,0.87,Association Between Four Anthropometric Indexes and Metabolic Syndrome in US Adults.
insulin_resistance,35685216,2022,0.85,Association Between Four Anthropometric Indexes and Metabolic Syndrome in US Adults.
insulin_resistance,35546386,2023,0.859,The serum uric acid/creatinine ratio is associated with nonalcoholic fatty liver disease in the general population.
insulin_resistance,35082184,2022,0.906,"Comparison of Lipid-Derived Markers for Metabolic Syndrome in Youth: Triglyceride/HDL Cholesterol Ratio, Triglyceride-Glucose Index, and non-HDL Cholesterol."
insulin_resistance,34819918,2021,0.7658,Tri-Ponderal Mass Index Reference Values for Screening Metabolic Syndrome in Children and Adolescents: Results From Two National-Representative Cross-Sectional Studies in China and America.
insulin_resistance,34578907,2021,0.759,Neck Circumference as a Predictor of Metabolic Syndrome in Koreans: A Cross-Sectional Study.
insulin_resistance,34578907,2021,0.811,Neck Circumference as a Predictor of Metabolic Syndrome in Koreans: A Cross-Sectional Study.
insulin_resistance,33839084,2021,0.8,Association of Triglyceride-Glucose Index and Lung Health: A Population-Based Study.
insulin_resistance,33051154,2020,0.975,Validity of the pediatric simple metabolic syndrome score.
insulin_resistance,33051154,2020,0.958,Validity of the pediatric simple metabolic syndrome score.
insulin_resistance,30926953,2019,0.816,Alternative waist-to-height ratios associated with risk biomarkers in youth with diabetes: comparative models in the SEARCH for Diabetes in Youth Study.
insulin_resistance,28816984,2017,0.7,"Age threshold for moderate and severe periodontitis among Korean adults without diabetes mellitus, hypertension, metabolic syndrome, and/or obesity."
insulin_resistance,28816984,2017,0.72,"Age threshold for moderate and severe periodontitis among Korean adults without diabetes mellitus, hypertension, metabolic syndrome, and/or obesity."
insulin_resistance,28287410,2017,0.691,"Usefulness of the Waist Circumference-to-Height Ratio in Screening for Obesity and Metabolic Syndrome among Korean Children and Adolescents: Korea National Health and Nutrition Examination Survey, 2010-2014."
insulin_resistance,28244698,2017,0.78,Development of a self-assessment score for metabolic syndrome risk in non-obese Korean adults.
insulin_resistance,27036488,2016,0.798,A novel cutoff for the waist-to-height ratio predicting metabolic syndrome in young American adults.
insulin_resistance,26750428,2016,0.6869,Differences in the associations of anthropometric measures with insulin resistance and type 2 diabetes mellitus between Korean and US populations: Comparisons of representative nationwide sample data.
insulin_resistance,26620887,2016,0.66,Diagnostic accuracy of body mass index to identify obesity in older adults: NHANES 1999-2004.
insulin_resistance,24913450,2014,0.98,"Increased waist circumference is independently associated with hypothyroidism in Mexican Americans: replicative evidence from two large, population-based studies."
ckd,42700547,2026,0.65,Association of blood urea nitrogen to high-density lipoprotein ratio with all-cause and cardiovascular mortality in individuals with mildly reduced eGFR.
ckd,42700547,2026,0.682,Association of blood urea nitrogen to high-density lipoprotein ratio with all-cause and cardiovascular mortality in individuals with mildly reduced eGFR.
ckd,42538753,2026,0.758,Ability of the DHAM Score to Predict 5-Year All-Cause Mortality in Patients With Diabetes and Comorbid Hypertension: Validation and Risk Stratification in Two Prospective Cohorts.
ckd,42106959,2026,0.601,Association of Neutrophil Percentage-To-Albumin Ratio With All-Cause and Cardiovascular Mortality in Chronic Kidney Disease.
ckd,41877553,2026,0.66,Stage-specific utility of obesity indices across the chronic kidney disease continuum.
ckd,41877553,2026,0.64,Stage-specific utility of obesity indices across the chronic kidney disease continuum.
ckd,41877553,2026,0.59,Stage-specific utility of obesity indices across the chronic kidney disease continuum.
ckd,40971761,2025,0.801,Evaluating the impact of environmental metal mixtures on chronic kidney disease risk: Insights from the National Health and Nutrition Examination Survey 2011-2016.
ckd,40454506,2026,0.717,Association Between Blood Lead Levels and Diabetic Kidney Disease: A Cross-sectional Analysis of NHANES Data (1999-2018).
ckd,38789510,2024,0.8,A digital twin model incorporating generalized metabolic fluxes to identify and predict chronic kidney disease in type 2 diabetes mellitus.
ckd,38789510,2024,0.86,A digital twin model incorporating generalized metabolic fluxes to identify and predict chronic kidney disease in type 2 diabetes mellitus.
ckd,38789510,2024,0.75,A digital twin model incorporating generalized metabolic fluxes to identify and predict chronic kidney disease in type 2 diabetes mellitus.
ckd,36438912,2022,0.951,Identification of Novel Phenotypes Correlated with CKD: A Phenotype-Wide Association Study.
ckd,31327793,2019,0.78,"Novel ""Predictor Patch"" Method for Adding Predictors Using Estimates From Outside Datasets&#x3000;- A Proof-of-Concept Study Adding Kidney Measures to Cardiovascular Mortality Prediction."
ckd,28318630,2017,0.63,"Sarcopenia and its individual criteria are associated, in part, with mortality among patients&#xa0;on hemodialysis."
ckd,26381887,2015,0.87,A Risk Score to Guide Cystatin C Testing to Detect Occult-Reduced Estimated Glomerular Filtration Rate.
high_alt,42558337,2026,0.92,Optimal cutoff values of alanine aminotransferase and its derived markers for pediatric MASLD.
high_alt,42417925,2026,0.809,A Simple Clinical Prediction Model for Metabolic Dysfunction-Associated Steatotic Liver Disease in Adolescents with Obesity.
high_alt,42417925,2026,0.725,A Simple Clinical Prediction Model for Metabolic Dysfunction-Associated Steatotic Liver Disease in Adolescents with Obesity.
high_alt,42332457,2026,0.644,The association between AST/ALT (De Ritis) ratio and osteoporosis or bone mineral density in middle-aged and older adults: A cross-sectional analysis of NHANES data.
high_alt,40403723,2025,0.835,DiabetesLiver score: A non-invasive algorithm for advanced liver fibrosis and liver-related outcomes in type 2 diabetes mellitus population.
high_alt,39686669,2024,0.715,Association of liver fibrosis scores with all-cause and cardiovascular mortality in patients with heart failure.
high_alt,39686669,2024,0.658,Association of liver fibrosis scores with all-cause and cardiovascular mortality in patients with heart failure.
high_alt,39593075,2024,0.749,The ZJU index is associated with the risk of sarcopenia in American adults aged 20-59: a cross-sectional study.
high_alt,36482400,2022,0.868,Development and validation of a new nomogram to screen for MAFLD.
high_alt,36482400,2022,0.863,Development and validation of a new nomogram to screen for MAFLD.
high_alt,27046482,2016,0.728,Development and Validation of the Framingham Steatosis Index to Identify Persons With Hepatic Steatosis.
high_alt,27046482,2016,0.845,Development and Validation of the Framingham Steatosis Index to Identify Persons With Hepatic Steatosis.
high_alt,27046482,2016,0.76,Development and Validation of the Framingham Steatosis Index to Identify Persons With Hepatic Steatosis.
high_alt,21987480,2012,0.929,Upper limits of normal for alanine aminotransferase activity in the United States population.
high_ast,42558337,2026,0.92,Optimal cutoff values of alanine aminotransferase and its derived markers for pediatric MASLD.
high_ast,42415805,2026,0.848,Integrative and interpretable machine learning framework for early non-invasive detection of clinically significant liver fibrosis.
high_ast,42332457,2026,0.644,The association between AST/ALT (De Ritis) ratio and osteoporosis or bone mineral density in middle-aged and older adults: A cross-sectional analysis of NHANES data.
high_ast,40403723,2025,0.835,DiabetesLiver score: A non-invasive algorithm for advanced liver fibrosis and liver-related outcomes in type 2 diabetes mellitus population.
high_ast,39686669,2024,0.715,Association of liver fibrosis scores with all-cause and cardiovascular mortality in patients with heart failure.
high_ast,39686669,2024,0.658,Association of liver fibrosis scores with all-cause and cardiovascular mortality in patients with heart failure.
high_ast,39593075,2024,0.749,The ZJU index is associated with the risk of sarcopenia in American adults aged 20-59: a cross-sectional study.
high_ast,38513745,2024,0.86,Metabolic Dysfunction-Associated Fibrosis 5 (MAF-5) Score Predicts Liver Fibrosis Risk and Outcome in the General Population With Metabolic Dysfunction.
high_ast,38513745,2024,0.51,Metabolic Dysfunction-Associated Fibrosis 5 (MAF-5) Score Predicts Liver Fibrosis Risk and Outcome in the General Population With Metabolic Dysfunction.
high_ast,38513745,2024,0.75,Metabolic Dysfunction-Associated Fibrosis 5 (MAF-5) Score Predicts Liver Fibrosis Risk and Outcome in the General Population With Metabolic Dysfunction.
high_ast,38513745,2024,0.55,Metabolic Dysfunction-Associated Fibrosis 5 (MAF-5) Score Predicts Liver Fibrosis Risk and Outcome in the General Population With Metabolic Dysfunction.
high_ast,38513745,2024,0.85,Metabolic Dysfunction-Associated Fibrosis 5 (MAF-5) Score Predicts Liver Fibrosis Risk and Outcome in the General Population With Metabolic Dysfunction.
high_ast,27046482,2016,0.728,Development and Validation of the Framingham Steatosis Index to Identify Persons With Hepatic Steatosis.
high_ast,27046482,2016,0.845,Development and Validation of the Framingham Steatosis Index to Identify Persons With Hepatic Steatosis.
high_ast,27046482,2016,0.76,Development and Validation of the Framingham Steatosis Index to Identify Persons With Hepatic Steatosis.
adv_fibrosis,42593097,2026,0.65,Volatomic profiling of blood identifies environmental chemicals associated with metabolic dysfunction-associated steatotic liver disease in lean US adults.
adv_fibrosis,42450082,2026,0.824,Transcriptomic Identification of Diagnostic Biomarkers for Alcohol-Associated Liver Cirrhosis: Integration of Population-Level Epidemiology with Multi-Cohort Transcriptomic Analysis.
adv_fibrosis,42291159,2026,0.97,FibroX: a machine learning model for detecting and prognosticating advanced fibrosis in metabolic dysfunction-associated steatotic liver disease.
adv_fibrosis,42291159,2026,0.84,FibroX: a machine learning model for detecting and prognosticating advanced fibrosis in metabolic dysfunction-associated steatotic liver disease.
adv_fibrosis,42149120,2026,0.646,Association of Endothelial Activation and Stress Index with mortality in hepatitis B patients: insights from NHANES.
adv_fibrosis,42007774,2026,0.873,Enhancing Heart Failure Detection in the General Population Using the Steatosis-Associated Fibrosis Estimator.
adv_fibrosis,41508788,2026,0.71,Agile 3+ Index Is Independently Associated With Cardiovascular Diseases in Patients With Metabolic Dysfunction-Associated Steatotic Liver Disease: Analysis of NHANES 2017-2020.
adv_fibrosis,41430716,2025,0.83,Personalized MASLD and&#xa0;liver fibrosis risk assessment for adults: glycemic status determines optimal choice of non-invasive indices.
adv_fibrosis,41430716,2025,0.823,Personalized MASLD and&#xa0;liver fibrosis risk assessment for adults: glycemic status determines optimal choice of non-invasive indices.
adv_fibrosis,41430716,2025,0.829,Personalized MASLD and&#xa0;liver fibrosis risk assessment for adults: glycemic status determines optimal choice of non-invasive indices.
adv_fibrosis,41430716,2025,0.761,Personalized MASLD and&#xa0;liver fibrosis risk assessment for adults: glycemic status determines optimal choice of non-invasive indices.
adv_fibrosis,41430716,2025,0.754,Personalized MASLD and&#xa0;liver fibrosis risk assessment for adults: glycemic status determines optimal choice of non-invasive indices.
adv_fibrosis,40699281,2026,0.82,"A Comparison of the Predictive Value of 12 Body Composition Markers for Metabolic Dysfunction-Associated Steatotic Liver Disease, At-Risk Metabolic Dysfunction-Associated Steatohepatitis, and Increased Liver Stiffness in a General Population Setting."
adv_fibrosis,40664273,2025,0.836,"Steatosis non-invasive tests accurately predict metabolic dysfunction-associated steatotic liver disease, while fibrosis non-invasive tests fall short: Validation in U.S. adult population."
adv_fibrosis,40664273,2025,0.564,"Steatosis non-invasive tests accurately predict metabolic dysfunction-associated steatotic liver disease, while fibrosis non-invasive tests fall short: Validation in U.S. adult population."
adv_fibrosis,40403723,2025,0.835,DiabetesLiver score: A non-invasive algorithm for advanced liver fibrosis and liver-related outcomes in type 2 diabetes mellitus population.
adv_fibrosis,40331893,2026,0.9,Comparison of diagnostic accuracy and utility of non-invasive tests for clinically significant liver disease in a general population with metabolic dysfunction.
adv_fibrosis,40331893,2026,0.93,Comparison of diagnostic accuracy and utility of non-invasive tests for clinically significant liver disease in a general population with metabolic dysfunction.
adv_fibrosis,40331893,2026,0.92,Comparison of diagnostic accuracy and utility of non-invasive tests for clinically significant liver disease in a general population with metabolic dysfunction.
adv_fibrosis,40290661,2025,0.66,Association of the non-high-density lipoprotein cholesterol to high-density lipoprotein cholesterol ratio with non-alcoholic fatty liver disease and hepatic steatosis in United States adults: insights from NHANES 2017-2020.
adv_fibrosis,40247201,2025,0.821,The association between modified cardiometabolic index with non-alcoholic fatty liver disease and liver fibrosis: a cross-sectional study.
adv_fibrosis,40066565,2025,0.79,The triglyceride glucose-waist circumference is the best indicator for screening non-alcoholic fatty liver disease in middle-aged and elderly people.
adv_fibrosis,40066565,2025,0.75,The triglyceride glucose-waist circumference is the best indicator for screening non-alcoholic fatty liver disease in middle-aged and elderly people.
adv_fibrosis,39529110,2024,0.85,Explainable machine learning model for predicting the risk of significant liver fibrosis in patients with diabetic retinopathy.
adv_fibrosis,39057121,2024,0.79,An Alternative Non-Invasive Screening Model for Liver Fibrosis among US Adults at Risk of MASLD.
adv_fibrosis,38987694,2024,0.802,Association between different obesity patterns and the risk of NAFLD detected by transient elastography: a cross-sectional study.
adv_fibrosis,38722965,2024,0.687,Socioeconomic status and health disparities drive differences in accelerometer-derived physical activity in fatty liver disease and significant fibrosis.
adv_fibrosis,38722965,2024,0.755,Socioeconomic status and health disparities drive differences in accelerometer-derived physical activity in fatty liver disease and significant fibrosis.
adv_fibrosis,38554711,2024,0.76,"LiverRisk score: An accurate, cost-effective tool to predict fibrosis, liver-related, and diabetes-related mortality in the general population."
adv_fibrosis,38513745,2024,0.75,Metabolic Dysfunction-Associated Fibrosis 5 (MAF-5) Score Predicts Liver Fibrosis Risk and Outcome in the General Population With Metabolic Dysfunction.
adv_fibrosis,38513745,2024,0.55,Metabolic Dysfunction-Associated Fibrosis 5 (MAF-5) Score Predicts Liver Fibrosis Risk and Outcome in the General Population With Metabolic Dysfunction.
adv_fibrosis,38513745,2024,0.86,Metabolic Dysfunction-Associated Fibrosis 5 (MAF-5) Score Predicts Liver Fibrosis Risk and Outcome in the General Population With Metabolic Dysfunction.
adv_fibrosis,38513745,2024,0.85,Metabolic Dysfunction-Associated Fibrosis 5 (MAF-5) Score Predicts Liver Fibrosis Risk and Outcome in the General Population With Metabolic Dysfunction.
adv_fibrosis,38354949,2024,0.72,Retinopathy as a predictive indicator for significant hepatic fibrosis according to T2DM status: A cross-sectional study based on the national health and nutrition examination survey data.
adv_fibrosis,39944006,2023,0.72,CLivD score modifies FIB-4 performance in liver fibrosis detection in the US general population.
adv_fibrosis,39944006,2023,0.68,CLivD score modifies FIB-4 performance in liver fibrosis detection in the US general population.
adv_fibrosis,39944006,2023,0.66,CLivD score modifies FIB-4 performance in liver fibrosis detection in the US general population.
adv_fibrosis,39944006,2023,0.82,CLivD score modifies FIB-4 performance in liver fibrosis detection in the US general population.
adv_fibrosis,37094749,2023,0.93,Noninvasive identification of probable fibrotic nonalcoholic steatohepatitis across the spectrum of glucose tolerance in the United States.
adv_fibrosis,37094749,2023,0.89,Noninvasive identification of probable fibrotic nonalcoholic steatohepatitis across the spectrum of glucose tolerance in the United States.
adv_fibrosis,37026734,2023,0.748,The Steatosis-associated fibrosis estimator (SAFE) score: validation in the general US population.
adv_fibrosis,35365931,2022,0.79,Predicting NAFLD prevalence in the United States using National Health and Nutrition Examination Survey 2017-2018 transient elastography data and application of machine learning.
adv_fibrosis,35334881,2022,0.6829,The Association between Non-Alcoholic Fatty Liver Disease (NAFLD) and Advanced Fibrosis with Serological Vitamin B12 Markers: Results from the NHANES 1999-2004.
adv_fibrosis,35334881,2022,0.6819,The Association between Non-Alcoholic Fatty Liver Disease (NAFLD) and Advanced Fibrosis with Serological Vitamin B12 Markers: Results from the NHANES 1999-2004.
steatosis,42558337,2026,0.92,Optimal cutoff values of alanine aminotransferase and its derived markers for pediatric MASLD.
steatosis,42432957,2026,0.73,Nonlinear association of remnant cholesterol inflammatory index with metabolic dysfunction-associated steatotic liver disease in US adults: A cross-sectional NHANES study.
steatosis,42417925,2026,0.809,A Simple Clinical Prediction Model for Metabolic Dysfunction-Associated Steatotic Liver Disease in Adolescents with Obesity.
steatosis,42417925,2026,0.725,A Simple Clinical Prediction Model for Metabolic Dysfunction-Associated Steatotic Liver Disease in Adolescents with Obesity.
steatosis,42410805,2026,0.85,"Association of high-sensitivity troponin with advanced fibrosis in metabolic dysfunction-associated steatotic liver disease and the potential mediating role of inflammation: A cross-sectional study of NHANES, 1999 to 2004."
steatosis,42260806,2026,0.8833,Relationship between triglyceride-glucose-derived obesity indices and NAFLD in adolescents: A cross-sectional study.
steatosis,42157919,2026,0.56,"Association of Body Roundness Index, Lipid Accumulation Product, and Triglyceride-Glucose Index With Psoriasis: A Systematic Review of Observational Studies."
steatosis,42141301,2026,0.7,Development and validation of an explainable machine learning model using routine laboratory biomarkers for identifying prevalent MASLD: Evidence from two observational studies.
steatosis,42141301,2026,0.879,Development and validation of an explainable machine learning model using routine laboratory biomarkers for identifying prevalent MASLD: Evidence from two observational studies.
steatosis,42141301,2026,0.822,Development and validation of an explainable machine learning model using routine laboratory biomarkers for identifying prevalent MASLD: Evidence from two observational studies.
steatosis,42046117,2026,0.686,Joint association of estimated glucose disposal rate and systemic inflammation response index with mortality in metabolic-dysfunction associated steatotic liver disease: evidence from two cohort studies.
steatosis,41784418,2026,0.719,SAFE vs. FIB-4: diagnostic accuracy for clinically significant fibrosis in U.S. adults with cardiometabolic risk factors - a NHANES 2017-2020 analysis.
steatosis,41648778,2025,0.7641,The association between triglyceride glucose-waist-to-height ratio and non-alcoholic fatty liver disease in adults aged over 60 in the United States: a cross-sectional study.
steatosis,41560026,2026,0.774,Association between serum insulin levels and ultrasound-defined nonalcoholic fatty liver disease: A cross-sectional study based on NHANES 2017-2020.
steatosis,41536862,2026,0.867,Association Between Nonalcoholic Fatty Liver Disease and the Dietary Index for Gut Microbiota: A Cross-Sectional Study.
steatosis,41508788,2026,0.71,Agile 3+ Index Is Independently Associated With Cardiovascular Diseases in Patients With Metabolic Dysfunction-Associated Steatotic Liver Disease: Analysis of NHANES 2017-2020.
steatosis,41234233,2025,0.784,From traditional metabolic markers to ensemble learning: comparative application of machine learning models for predicting NAFLD risk in adolescents.
steatosis,41231578,2026,0.874,Development and validation of a noninvasive score for at-risk metabolic dysfunction-associated steatohepatitis in individuals with obesity undergoing bariatric surgery.
steatosis,41231578,2026,0.703,Development and validation of a noninvasive score for at-risk metabolic dysfunction-associated steatohepatitis in individuals with obesity undergoing bariatric surgery.
steatosis,41223197,2025,0.874,Machine learning-based prediction of metabolic dysfunction-associated steatotic liver disease using National Health and Nutrition Examination Survey (NHANES) data.
steatosis,41140759,2026,0.922,Development of a Neural Network to Detect Hepatic Steatosis in Metabolic Dysfunction-Associated Steatotic Liver Disease.
steatosis,41131568,2025,0.841,"Evaluation of a new TyG indicator, TyHGB, in predicting non-alcoholic fatty liver disease: evidence from two independent populations."
steatosis,40699281,2026,0.82,"A Comparison of the Predictive Value of 12 Body Composition Markers for Metabolic Dysfunction-Associated Steatotic Liver Disease, At-Risk Metabolic Dysfunction-Associated Steatohepatitis, and Increased Liver Stiffness in a General Population Setting."
steatosis,40664273,2025,0.836,"Steatosis non-invasive tests accurately predict metabolic dysfunction-associated steatotic liver disease, while fibrosis non-invasive tests fall short: Validation in U.S. adult population."
steatosis,40664273,2025,0.564,"Steatosis non-invasive tests accurately predict metabolic dysfunction-associated steatotic liver disease, while fibrosis non-invasive tests fall short: Validation in U.S. adult population."
steatosis,40660147,2025,0.861,"Non-linear association between metabolic score for insulin resistance and nonalcoholic fatty liver disease: analysis of US National health and nutrition examination survey data, 2017-2020."
steatosis,40642596,2025,0.88,Prevalence and long-term outcomes of NAFLD and cardiovascular-kidney-metabolic health in the United States.
steatosis,40551780,2025,0.8454,Nine anthropometric indices predict hepatic steatosis and assess liver health in adolescents: a population-based study.
steatosis,40551521,2026,0.749,Assessment of neck to height ratio as a predictive tool for metabolic dysfunction-associated steatotic liver disease in Korean adults: a cross-sectional analysis from the Korea National Health and Nutrition Examination Survey 2019-2021.
steatosis,40456852,2025,0.832,Dietary vitamin K intake associates with reduced all-cause mortality in non-alcoholic fatty liver disease patients.
steatosis,40369422,2025,0.713,The HbA1c/HDL-C ratio as a screening indicator of NAFLD in U.S. adults: a cross-sectional NHANES analysis (2017-2020).
steatosis,40312297,2025,0.869,Visceral adiposity index as a predictor of metabolic dysfunction-associated steatotic liver disease: a cross-sectional study.
steatosis,40312297,2025,0.868,Visceral adiposity index as a predictor of metabolic dysfunction-associated steatotic liver disease: a cross-sectional study.
steatosis,40312297,2025,0.834,Visceral adiposity index as a predictor of metabolic dysfunction-associated steatotic liver disease: a cross-sectional study.
steatosis,40312297,2025,0.833,Visceral adiposity index as a predictor of metabolic dysfunction-associated steatotic liver disease: a cross-sectional study.
steatosis,40312297,2025,0.736,Visceral adiposity index as a predictor of metabolic dysfunction-associated steatotic liver disease: a cross-sectional study.
steatosis,40303633,2025,0.732,Triglycerides/high-density lipoprotein-cholesterol ratio outperforms traditional lipid indicators in predicting metabolic dysfunction-associated steatotic liver disease among U.S. adults.
steatosis,40303633,2025,0.713,Triglycerides/high-density lipoprotein-cholesterol ratio outperforms traditional lipid indicators in predicting metabolic dysfunction-associated steatotic liver disease among U.S. adults.
steatosis,40290661,2025,0.66,Association of the non-high-density lipoprotein cholesterol to high-density lipoprotein cholesterol ratio with non-alcoholic fatty liver disease and hepatic steatosis in United States adults: insights from NHANES 2017-2020.
steatosis,40281626,2025,0.71,NPR is an independent risk factor for predicting all-cause mortality in patients with metabolic dysfunction-associated steatotic liver disease: evidence from NHANES 2007-2020.
steatosis,40281626,2025,0.73,NPR is an independent risk factor for predicting all-cause mortality in patients with metabolic dysfunction-associated steatotic liver disease: evidence from NHANES 2007-2020.
steatosis,40247201,2025,0.821,The association between modified cardiometabolic index with non-alcoholic fatty liver disease and liver fibrosis: a cross-sectional study.
steatosis,40216893,2025,0.928,Predicting metabolic dysfunction associated steatotic liver disease using explainable machine learning methods.
steatosis,40186129,2025,0.865,The role of Triglyceride Glucose-Waist Circumference (TyG_WC) in predicting metabolic dysfunction-associated steatotic liver disease among individuals with hyperuricemia.
steatosis,40155991,2025,0.798,Machine learning models for predicting metabolic dysfunction-associated steatotic liver disease prevalence using basic demographic and clinical characteristics.
steatosis,40155991,2025,0.831,Machine learning models for predicting metabolic dysfunction-associated steatotic liver disease prevalence using basic demographic and clinical characteristics.
steatosis,40066565,2025,0.79,The triglyceride glucose-waist circumference is the best indicator for screening non-alcoholic fatty liver disease in middle-aged and elderly people.
steatosis,40066565,2025,0.75,The triglyceride glucose-waist circumference is the best indicator for screening non-alcoholic fatty liver disease in middle-aged and elderly people.
steatosis,39959621,2025,0.809,Correlation between liver fibrosis in non-alcoholic fatty liver disease and insulin resistance indicators: a cross-sectional study from NHANES 2017-2020.
steatosis,39897962,2024,0.794,Lipid metabolism indicators provide tools for the diagnosis of non-alcoholic fatty liver disease: results of a nationwide survey.
steatosis,39833665,2025,0.978,Association between neutrophil-albumin ratio and ultrasound-defined metabolic dysfunction-associated fatty liver disease in U.S. adults: evidence from NHANES 2017-2018.
steatosis,39638772,2025,0.781,The fibrosis investigating navigator in diabetes (FIND): A tool to predict liver fibrosis risk in subjects with diabetes.
steatosis,39374737,2025,0.819,Development and external validation of a machine-learning based model to predict pre-sarcopenia in MASLD population: Results from NHANES 2017-2018.
steatosis,39374737,2025,0.824,Development and external validation of a machine-learning based model to predict pre-sarcopenia in MASLD population: Results from NHANES 2017-2018.
steatosis,39135721,2024,0.7139,Association between RC/HDL-C ratio and risk of non-alcoholic fatty liver disease in the United States.
steatosis,39119551,2024,0.859,Automated machine learning models for nonalcoholic fatty liver disease assessed by controlled attenuation parameter from the NHANES 2017-2020.
steatosis,38987694,2024,0.802,Association between different obesity patterns and the risk of NAFLD detected by transient elastography: a cross-sectional study.
steatosis,38824550,2024,0.561,Prognostic effect of triglyceride glucose-related parameters on all-cause and cardiovascular mortality in the United States adults with metabolic dysfunction-associated steatotic liver disease.
steatosis,38722965,2024,0.687,Socioeconomic status and health disparities drive differences in accelerometer-derived physical activity in fatty liver disease and significant fibrosis.
steatosis,38722965,2024,0.755,Socioeconomic status and health disparities drive differences in accelerometer-derived physical activity in fatty liver disease and significant fibrosis.
steatosis,38615137,2024,0.95,An explainable machine learning model for prediction of high-risk nonalcoholic steatohepatitis.
steatosis,37737216,2023,0.835,Comparison of Obesity-Related Indicators for Nonalcoholic Fatty Liver Disease Diagnosed by Transient Elastography.
steatosis,37737216,2023,0.8517,Comparison of Obesity-Related Indicators for Nonalcoholic Fatty Liver Disease Diagnosed by Transient Elastography.
steatosis,37094749,2023,0.93,Noninvasive identification of probable fibrotic nonalcoholic steatohepatitis across the spectrum of glucose tolerance in the United States.
steatosis,37094749,2023,0.89,Noninvasive identification of probable fibrotic nonalcoholic steatohepatitis across the spectrum of glucose tolerance in the United States.
steatosis,37026734,2023,0.748,The Steatosis-associated fibrosis estimator (SAFE) score: validation in the general US population.
steatosis,36991386,2023,0.863,Development and validation of an online dynamic nomogram based on the atherogenic index of plasma to screen nonalcoholic fatty liver disease.
steatosis,36991386,2023,0.835,Development and validation of an online dynamic nomogram based on the atherogenic index of plasma to screen nonalcoholic fatty liver disease.
steatosis,36991386,2023,0.782,Development and validation of an online dynamic nomogram based on the atherogenic index of plasma to screen nonalcoholic fatty liver disease.
steatosis,36742412,2023,0.845,Prediction of MAFLD and NAFLD using different screening indexes: A cross-sectional study in U.S. adults.
steatosis,36742412,2023,0.9,Prediction of MAFLD and NAFLD using different screening indexes: A cross-sectional study in U.S. adults.
steatosis,36695773,2023,0.84,Validation of nonalcoholic fatty liver disease (NAFLD) related steatosis indices in metabolic associated fatty liver disease (MAFLD) and comparison of the diagnostic accuracy between NAFLD and MAFLD.
steatosis,36467364,2022,0.903,Development and validation of a nonalcoholic fatty liver disease-based self-diagnosis tool for diabetes.
steatosis,35624410,2022,0.833,Population-specific cut-off points of fatty liver index: a study based on the National Health and Nutrition Examination Survey data.
steatosis,35546386,2023,0.859,The serum uric acid/creatinine ratio is associated with nonalcoholic fatty liver disease in the general population.
steatosis,35365931,2022,0.79,Predicting NAFLD prevalence in the United States using National Health and Nutrition Examination Survey 2017-2018 transient elastography data and application of machine learning.
steatosis,35334881,2022,0.6829,The Association between Non-Alcoholic Fatty Liver Disease (NAFLD) and Advanced Fibrosis with Serological Vitamin B12 Markers: Results from the NHANES 1999-2004.
steatosis,35334881,2022,0.6819,The Association between Non-Alcoholic Fatty Liver Disease (NAFLD) and Advanced Fibrosis with Serological Vitamin B12 Markers: Results from the NHANES 1999-2004.
steatosis,30774403,2019,0.849,"The fatty liver index, a simple and useful predictor of metabolic syndrome: analysis of the Korea National Health and Nutrition Examination Survey 2010-2011."
steatosis,27046482,2016,0.728,Development and Validation of the Framingham Steatosis Index to Identify Persons With Hepatic Steatosis.
steatosis,27046482,2016,0.845,Development and Validation of the Framingham Steatosis Index to Identify Persons With Hepatic Steatosis.
steatosis,27046482,2016,0.76,Development and Validation of the Framingham Steatosis Index to Identify Persons With Hepatic Steatosis.
steatosis,25376360,2015,0.8,Fatty liver indices in the multiethnic United States National Health and Nutrition Examination Survey.
masld,42718937,2026,0.606,Association between glycerol triglyceride glucose-related index and cardiovascular disease in individuals with metabolic dysfunction-associated steatotic liver disease: NHANES 1999-2023.
masld,42703413,2026,0.989,A Shared EGR1-IL-32-Macrophage Polarisation Signature in Rheumatoid Arthritis and Metabolic Dysfunction-Associated Steatotic Liver Disease.
masld,42674352,2026,0.762,Waist-to-Height Ratio Reveals Hidden Metabolic Risk in Lean Individuals with MASLD.
masld,42593097,2026,0.65,Volatomic profiling of blood identifies environmental chemicals associated with metabolic dysfunction-associated steatotic liver disease in lean US adults.
masld,42558337,2026,0.92,Optimal cutoff values of alanine aminotransferase and its derived markers for pediatric MASLD.
masld,42440637,2026,0.8876,Association between Helicobacter pylori infection and MASLD: a cross-sectional study with interpretable machine learning for MASLD risk prediction.
masld,42432957,2026,0.73,Nonlinear association of remnant cholesterol inflammatory index with metabolic dysfunction-associated steatotic liver disease in US adults: A cross-sectional NHANES study.
masld,42291159,2026,0.97,FibroX: a machine learning model for detecting and prognosticating advanced fibrosis in metabolic dysfunction-associated steatotic liver disease.
masld,42291159,2026,0.84,FibroX: a machine learning model for detecting and prognosticating advanced fibrosis in metabolic dysfunction-associated steatotic liver disease.
masld,42291159,2026,0.8,FibroX: a machine learning model for detecting and prognosticating advanced fibrosis in metabolic dysfunction-associated steatotic liver disease.
masld,42163959,2026,0.819,The fatty liver index exhibits a dual association with chronic obstructive pulmonary disease: a machine learning-based analysis of two independent cohorts.
masld,42141301,2026,0.822,Development and validation of an explainable machine learning model using routine laboratory biomarkers for identifying prevalent MASLD: Evidence from two observational studies.
masld,42116040,2026,0.855,Evaluation of the lipid accumulation product for MASLD risk stratification in type 2 diabetes: establishing sex-specific thresholds and clinical utility.
masld,42116040,2026,0.711,Evaluation of the lipid accumulation product for MASLD risk stratification in type 2 diabetes: establishing sex-specific thresholds and clinical utility.
masld,42082889,2026,0.752,Association of AGAHR with metabolic dysfunction-associated steatotic liver disease (MASLD).
masld,42082889,2026,0.756,Association of AGAHR with metabolic dysfunction-associated steatotic liver disease (MASLD).
masld,42040096,2026,0.65,The C-reactive protein-albumin-lymphocyte index: a novel biomarker for metabolic dysfunction-associated fatty liver disease across three ethnic cohorts.
masld,41935737,2026,0.756,Central obesity measured by weight-adjusted waist index is associated with lean MASLD.
masld,41551325,2026,0.747,Remnant cholesterol inflammatory index and MASLD in U.S. adults: mediation role of triglyceride-glucose index.
masld,41430716,2025,0.83,Personalized MASLD and&#xa0;liver fibrosis risk assessment for adults: glycemic status determines optimal choice of non-invasive indices.
masld,41430716,2025,0.823,Personalized MASLD and&#xa0;liver fibrosis risk assessment for adults: glycemic status determines optimal choice of non-invasive indices.
masld,41430716,2025,0.829,Personalized MASLD and&#xa0;liver fibrosis risk assessment for adults: glycemic status determines optimal choice of non-invasive indices.
masld,41430716,2025,0.761,Personalized MASLD and&#xa0;liver fibrosis risk assessment for adults: glycemic status determines optimal choice of non-invasive indices.
masld,41430716,2025,0.754,Personalized MASLD and&#xa0;liver fibrosis risk assessment for adults: glycemic status determines optimal choice of non-invasive indices.
masld,41377331,2025,0.825,Association between serum vitamin D levels and metabolic dysfunction-associated steatotic liver disease: a cross-sectional study based on NHANES 2021-2023.
masld,41236416,2025,0.6,Machine Learning Models for Screening Steatosis in MASLD: An International Validation Study.
masld,41223197,2025,0.874,Machine learning-based prediction of metabolic dysfunction-associated steatotic liver disease using National Health and Nutrition Examination Survey (NHANES) data.
masld,41103645,2025,0.712,Sugar-sweetened beverage consumption predicts metabolic associated fatty liver disease in patients with type 2 diabetes mellitus.
masld,40991182,2026,0.797,Combining body roundness index and triglyceride-glucose index to enhance MASLD prediction: insights from NHANES and machine learning.
masld,40991182,2026,0.918,Combining body roundness index and triglyceride-glucose index to enhance MASLD prediction: insights from NHANES and machine learning.
masld,40775283,2025,0.715,Prognostic value of ALBI score for all-cause mortality in metabolic associated fatty liver disease patients: a cohort study from NHANES 2003-2018.
masld,40702572,2025,0.823,The association of the metabolic score for insulin resistance and metabolic dysfunction-related steatosis liver disease: a population-based observational study.
masld,40699281,2026,0.82,"A Comparison of the Predictive Value of 12 Body Composition Markers for Metabolic Dysfunction-Associated Steatotic Liver Disease, At-Risk Metabolic Dysfunction-Associated Steatohepatitis, and Increased Liver Stiffness in a General Population Setting."
masld,40693200,2025,0.8,The advanced lung cancer inflammation index has an L-shaped association with prognosis in American adults with metabolic dysfunction-associated fatty liver disease: a cohort study.
masld,40664273,2025,0.836,"Steatosis non-invasive tests accurately predict metabolic dysfunction-associated steatotic liver disease, while fibrosis non-invasive tests fall short: Validation in U.S. adult population."
masld,40664273,2025,0.564,"Steatosis non-invasive tests accurately predict metabolic dysfunction-associated steatotic liver disease, while fibrosis non-invasive tests fall short: Validation in U.S. adult population."
masld,40551521,2026,0.749,Assessment of neck to height ratio as a predictive tool for metabolic dysfunction-associated steatotic liver disease in Korean adults: a cross-sectional analysis from the Korea National Health and Nutrition Examination Survey 2019-2021.
masld,40474897,2025,0.836,Assessment of the diagnostic efficacy of five non-invasive tests for MASLD: external validation utilizing data from two cohorts.
masld,40474897,2025,0.815,Assessment of the diagnostic efficacy of five non-invasive tests for MASLD: external validation utilizing data from two cohorts.
masld,40331893,2026,0.9,Comparison of diagnostic accuracy and utility of non-invasive tests for clinically significant liver disease in a general population with metabolic dysfunction.
masld,40331893,2026,0.93,Comparison of diagnostic accuracy and utility of non-invasive tests for clinically significant liver disease in a general population with metabolic dysfunction.
masld,40331893,2026,0.92,Comparison of diagnostic accuracy and utility of non-invasive tests for clinically significant liver disease in a general population with metabolic dysfunction.
masld,40312305,2025,0.915,Modified triglyceride-glucose indices as novel predictors of metabolic dysfunction-associated fatty liver disease in US adolescents: a nationally representative study from NHANES 2017-2020.
masld,40312297,2025,0.869,Visceral adiposity index as a predictor of metabolic dysfunction-associated steatotic liver disease: a cross-sectional study.
masld,40312297,2025,0.868,Visceral adiposity index as a predictor of metabolic dysfunction-associated steatotic liver disease: a cross-sectional study.
masld,40312297,2025,0.833,Visceral adiposity index as a predictor of metabolic dysfunction-associated steatotic liver disease: a cross-sectional study.
masld,40312297,2025,0.736,Visceral adiposity index as a predictor of metabolic dysfunction-associated steatotic liver disease: a cross-sectional study.
masld,40303633,2025,0.732,Triglycerides/high-density lipoprotein-cholesterol ratio outperforms traditional lipid indicators in predicting metabolic dysfunction-associated steatotic liver disease among U.S. adults.
masld,40303633,2025,0.713,Triglycerides/high-density lipoprotein-cholesterol ratio outperforms traditional lipid indicators in predicting metabolic dysfunction-associated steatotic liver disease among U.S. adults.
masld,40281626,2025,0.71,NPR is an independent risk factor for predicting all-cause mortality in patients with metabolic dysfunction-associated steatotic liver disease: evidence from NHANES 2007-2020.
masld,40281626,2025,0.73,NPR is an independent risk factor for predicting all-cause mortality in patients with metabolic dysfunction-associated steatotic liver disease: evidence from NHANES 2007-2020.
masld,40216893,2025,0.928,Predicting metabolic dysfunction associated steatotic liver disease using explainable machine learning methods.
masld,40186129,2025,0.865,The role of Triglyceride Glucose-Waist Circumference (TyG_WC) in predicting metabolic dysfunction-associated steatotic liver disease among individuals with hyperuricemia.
masld,40155991,2025,0.831,Machine learning models for predicting metabolic dysfunction-associated steatotic liver disease prevalence using basic demographic and clinical characteristics.
masld,40114971,2025,0.82,The Value of TyG-Related Indices in Evaluating MASLD and Significant Liver Fibrosis in MASLD.
masld,40114971,2025,0.729,The Value of TyG-Related Indices in Evaluating MASLD and Significant Liver Fibrosis in MASLD.
masld,40100868,2025,0.828,Machine learning for predicting metabolic-associated fatty liver disease including NHHR: a cross-sectional NHANES study.
masld,40093506,2025,0.73,Diagnostic Accuracy of the LiverRisk Score to Detect Increased Liver Stiffness Among a United States General Population and Subgroups.
masld,39991098,2025,0.8544,"Association of prebiotic/probiotic intake with MASLD: evidence from NHANES and randomized controlled trials in the context of prediction, prevention, and a personalized medicine framework."
masld,39833665,2025,0.978,Association between neutrophil-albumin ratio and ultrasound-defined metabolic dysfunction-associated fatty liver disease in U.S. adults: evidence from NHANES 2017-2018.
masld,38824550,2024,0.561,Prognostic effect of triglyceride glucose-related parameters on all-cause and cardiovascular mortality in the United States adults with metabolic dysfunction-associated steatotic liver disease.
masld,38808115,2024,0.732,Elevated AIP is associated with the prevalence of MAFLD in the US adults: evidence from NHANES 2017-2018.
masld,38615137,2024,0.95,An explainable machine learning model for prediction of high-risk nonalcoholic steatohepatitis.
masld,38513745,2024,0.86,Metabolic Dysfunction-Associated Fibrosis 5 (MAF-5) Score Predicts Liver Fibrosis Risk and Outcome in the General Population With Metabolic Dysfunction.
masld,38513745,2024,0.51,Metabolic Dysfunction-Associated Fibrosis 5 (MAF-5) Score Predicts Liver Fibrosis Risk and Outcome in the General Population With Metabolic Dysfunction.
masld,38513745,2024,0.75,Metabolic Dysfunction-Associated Fibrosis 5 (MAF-5) Score Predicts Liver Fibrosis Risk and Outcome in the General Population With Metabolic Dysfunction.
masld,38513745,2024,0.55,Metabolic Dysfunction-Associated Fibrosis 5 (MAF-5) Score Predicts Liver Fibrosis Risk and Outcome in the General Population With Metabolic Dysfunction.
masld,38513745,2024,0.85,Metabolic Dysfunction-Associated Fibrosis 5 (MAF-5) Score Predicts Liver Fibrosis Risk and Outcome in the General Population With Metabolic Dysfunction.
masld,37674196,2023,0.863,Comparison of the diagnostic performance of twelve noninvasive scores of metabolic dysfunction-associated fatty liver disease.
masld,37674196,2023,0.903,Comparison of the diagnostic performance of twelve noninvasive scores of metabolic dysfunction-associated fatty liver disease.
masld,36742412,2023,0.845,Prediction of MAFLD and NAFLD using different screening indexes: A cross-sectional study in U.S. adults.
masld,36742412,2023,0.9,Prediction of MAFLD and NAFLD using different screening indexes: A cross-sectional study in U.S. adults.
masld,36695773,2023,0.84,Validation of nonalcoholic fatty liver disease (NAFLD) related steatosis indices in metabolic associated fatty liver disease (MAFLD) and comparison of the diagnostic accuracy between NAFLD and MAFLD.
masld,36482400,2022,0.868,Development and validation of a new nomogram to screen for MAFLD.
masld,36482400,2022,0.863,Development and validation of a new nomogram to screen for MAFLD.
masld,36407325,2022,0.813,The lipid accumulation product is a powerful tool to diagnose metabolic dysfunction-associated fatty liver disease in the United States adults.
masld,35872790,2022,0.85,Appendicular Skeletal Muscle Index and HbA1c Evaluate Liver Steatosis in Patients With Metabolic Associated Fatty Liver Disease.
masld,35624410,2022,0.833,Population-specific cut-off points of fatty liver index: a study based on the National Health and Nutrition Examination Survey data.
masld,35624410,2022,0.681,Population-specific cut-off points of fatty liver index: a study based on the National Health and Nutrition Examination Survey data.
masld,35174539,2022,0.793,Validation of five hepatic steatosis algorithms in metabolic-associated fatty liver disease: A population based study.
anemia,40694684,2025,0.702,Relationship of prognostic nutritional index with anemia and all-cause mortality: a NHANES study.
anemia,38905423,2024,0.707,Prevalence of anemia in patients with rheumatoid arthritis and its association with dietary inflammatory index: A population-based study from NHANES 1999 to 2018.
anemia,35497994,2022,0.79,A Novel Nomogram Based on a Competing Risk Model Predicting Cardiovascular Death Risk in Patients With Chronic Kidney Disease.
anemia,28561801,2017,0.8,Is Erythrocyte Protoporphyrin a Better Single Screening Test for Iron Deficiency Compared to Hemoglobin or Mean Cell Volume in Children and Women?
anemia,28561801,2017,0.62,Is Erythrocyte Protoporphyrin a Better Single Screening Test for Iron Deficiency Compared to Hemoglobin or Mean Cell Volume in Children and Women?
anemia,28561801,2017,0.73,Is Erythrocyte Protoporphyrin a Better Single Screening Test for Iron Deficiency Compared to Hemoglobin or Mean Cell Volume in Children and Women?
anemia,28561801,2017,0.86,Is Erythrocyte Protoporphyrin a Better Single Screening Test for Iron Deficiency Compared to Hemoglobin or Mean Cell Volume in Children and Women?
vitd_deficiency,41103654,2025,0.626,Relative fat mass is associated with vitamin D deficiency in individuals with diabetes: evidence from NHANES and a Chinese cohort.
vitd_deficiency,40776958,2025,0.597,Vitamin D as a Key Mediator Between C-reactive Protein to Albumin Ratio and Congestive Heart Failure in an Elderly Population: An Innovative Exploration Using the NHANES Database.
osteoporosis,42666900,2026,0.774,Nonlinear Association of Estimated Pulse Wave Velocity With Bone Health Outcomes: Evidence From the NHANES Database.
osteoporosis,42390513,2026,0.806,Construction and Validation of an Osteoporosis Risk Prediction Model for Elderly Population based on National Health and Nutrition Examination Survey Data.
osteoporosis,42363539,2026,0.615,Joint association of low bone mass and reduced relative handgrip strength with fragility fracture risk in adults aged 50-59 years: A cross-sectional study from NHANES 2013-2014.
osteoporosis,42118555,2026,0.591,Femoral bone mineral density and mortality risk in postmenopausal women: a National Health and Nutrition Examination Survey cohort study.
osteoporosis,42087181,2026,0.95,An intelligent auxiliary diagnostic system for early osteoporosis screening using stacking ensemble learning.
osteoporosis,41643231,2026,0.834,Association of urinary heavy metals with osteoporosis in US adults using interpretable machine learning.
osteoporosis,41580731,2026,0.845,An online non-radiographic osteoporosis prediction calculator constructed using interpretable machine learning.
osteoporosis,41580731,2026,0.876,An online non-radiographic osteoporosis prediction calculator constructed using interpretable machine learning.
osteoporosis,41451124,2025,0.9574,The critical role of inflammation in osteoporosis prediction unveiled by a machine learning framework integrating multi-source data.
osteoporosis,41334340,2025,0.965,Multidimensional dietary assessment and interpretable machine learning models predict the risk of prediabetes/diabetes and osteoporosis comorbidity in older adults.
osteoporosis,41327698,2025,0.695,Mediation effect of body mass index on the association between serum uric acid to high-density lipoprotein cholesterol ratio and osteoporosis: A cross-sectional study.
osteoporosis,41137276,2025,0.87,Association between anxiety disorder and osteoporosis risk: A population-based analysis using NHANES data.
osteoporosis,40922250,2025,0.872,A multivariate analysis of the impact of HIV infection on the risk of osteoporosis based on the NHANES database.
osteoporosis,40656854,2025,0.845,Development and validation of machine learning models for osteoporosis prediction in chronic kidney disease patients: Data from National Health and Nutrition Examination survey.
osteoporosis,40132236,2025,0.805,Development and validation of explainable machine learning models for female hip osteoporosis using electronic health records.
osteoporosis,40132236,2025,0.811,Development and validation of explainable machine learning models for female hip osteoporosis using electronic health records.
osteoporosis,40069865,2025,0.97,PrOsteoporosis: predicting osteoporosis risk using NHANES data and machine learning approach.
osteoporosis,40069865,2025,0.972,PrOsteoporosis: predicting osteoporosis risk using NHANES data and machine learning approach.
osteoporosis,39866818,2025,0.656,Association Between Allometric Body Shape Indices and Osteoporosis in Postmenopausal Women: A Cross-Sectional Study from NHANES.
osteoporosis,39490102,2024,0.88,Trends in the prevalence of osteoporosis and effects of heavy metal exposure using interpretable machine learning.
osteoporosis,38192805,2024,0.81,Development of a diverse osteoporosis screening tool for older US adults from the health and retirement study.
osteoporosis,37450217,2023,0.75,A novel primary osteoporosis screening tool (POST) for adults aged 50 years and over.
osteoporosis,34195852,2021,0.73,Application of Machine Learning to Identify Clinically Meaningful Risk Group for Osteoporosis in Individuals Under the Recommended Age for Dual-Energy X-Ray Absorptiometry.
osteoporosis,34195852,2021,0.86,Application of Machine Learning to Identify Clinically Meaningful Risk Group for Osteoporosis in Individuals Under the Recommended Age for Dual-Energy X-Ray Absorptiometry.
osteoporosis,27900073,2016,0.743,Evaluation of the Predictive Index for Osteoporosis as a Clinical Tool to Identify the Risk of Osteoporosis in Korean Men by Using the Korea National Health and Nutrition Examination Survey Data.
osteoporosis,27900073,2016,0.737,Evaluation of the Predictive Index for Osteoporosis as a Clinical Tool to Identify the Risk of Osteoporosis in Korean Men by Using the Korea National Health and Nutrition Examination Survey Data.
osteoporosis,27401426,2016,0.96,Comparison of the Male Osteoporosis Risk Estimation Score (MORES) With FRAX in Identifying Men at Risk for Osteoporosis.
osteoporosis,26632400,2016,0.666,Development and Validation of Osteoporosis Risk-Assessment Model for Korean Men.
osteoporosis,24582084,2014,0.664,Simplified criteria for selecting patients for vertebral fracture assessment.
osteoporosis,24582084,2014,0.648,Simplified criteria for selecting patients for vertebral fracture assessment.
osteoporosis,24109656,2013,0.827,Osteoporosis risk prediction using machine learning and conventional methods.
osteoporosis,23420298,2013,0.709,Development and validation of osteoporosis risk-assessment model for Korean postmenopausal women.
osteoporosis,21800355,2011,0.72,IRon Overload screeNing tool (IRON): development of a tool to guide screening in primary care.
osteoporosis,21800355,2011,0.685,IRon Overload screeNing tool (IRON): development of a tool to guide screening in primary care.
